params_id,minRecentCount,diffThresholdDays,maxRecentStd,alpha,frequencyDiffThreshold,frequencyRecentWindowDays,change_type_accuracy,interval_change_precision,interval_change_recall,interval_change_f1,frequency_change_precision,frequency_change_recall,frequency_change_f1,overall_change_precision,overall_change_recall,overall_change_f1,cycle_mae,daily_frequency_mae,score
params_0386,2,0.5,2.0,0.9,0.3,14,1.0,1.0,1.0,1.0,1.0,1.0,1.0,1.0,1.0,1.0,0.08,0.04,0.98312
params_0390,2,0.5,2.0,0.9,0.5,14,1.0,1.0,1.0,1.0,1.0,1.0,1.0,1.0,1.0,1.0,0.08,0.04,0.98312
params_0394,2,0.5,2.0,0.9,0.7,14,1.0,1.0,1.0,1.0,1.0,1.0,1.0,1.0,1.0,1.0,0.08,0.04,0.98312
params_0786,2,0.75,2.0,0.9,0.3,14,1.0,1.0,1.0,1.0,1.0,1.0,1.0,1.0,1.0,1.0,0.08,0.04,0.98312
params_0790,2,0.75,2.0,0.9,0.5,14,1.0,1.0,1.0,1.0,1.0,1.0,1.0,1.0,1.0,1.0,0.08,0.04,0.98312
params_0794,2,0.75,2.0,0.9,0.7,14,1.0,1.0,1.0,1.0,1.0,1.0,1.0,1.0,1.0,1.0,0.08,0.04,0.98312
params_1186,2,1.0,2.0,0.9,0.3,14,1.0,1.0,1.0,1.0,1.0,1.0,1.0,1.0,1.0,1.0,0.08,0.04,0.98312
params_1190,2,1.0,2.0,0.9,0.5,14,1.0,1.0,1.0,1.0,1.0,1.0,1.0,1.0,1.0,1.0,0.08,0.04,0.98312
params_1194,2,1.0,2.0,0.9,0.7,14,1.0,1.0,1.0,1.0,1.0,1.0,1.0,1.0,1.0,1.0,0.08,0.04,0.98312
params_2386,3,0.5,2.0,0.9,0.3,14,1.0,1.0,1.0,1.0,1.0,1.0,1.0,1.0,1.0,1.0,0.08,0.04,0.98312
params_2390,3,0.5,2.0,0.9,0.5,14,1.0,1.0,1.0,1.0,1.0,1.0,1.0,1.0,1.0,1.0,0.08,0.04,0.98312
params_2394,3,0.5,2.0,0.9,0.7,14,1.0,1.0,1.0,1.0,1.0,1.0,1.0,1.0,1.0,1.0,0.08,0.04,0.98312
params_2786,3,0.75,2.0,0.9,0.3,14,1.0,1.0,1.0,1.0,1.0,1.0,1.0,1.0,1.0,1.0,0.08,0.04,0.98312
params_2790,3,0.75,2.0,0.9,0.5,14,1.0,1.0,1.0,1.0,1.0,1.0,1.0,1.0,1.0,1.0,0.08,0.04,0.98312
params_2794,3,0.75,2.0,0.9,0.7,14,1.0,1.0,1.0,1.0,1.0,1.0,1.0,1.0,1.0,1.0,0.08,0.04,0.98312
params_3186,3,1.0,2.0,0.9,0.3,14,1.0,1.0,1.0,1.0,1.0,1.0,1.0,1.0,1.0,1.0,0.08,0.04,0.98312
params_3190,3,1.0,2.0,0.9,0.5,14,1.0,1.0,1.0,1.0,1.0,1.0,1.0,1.0,1.0,1.0,0.08,0.04,0.98312
params_3194,3,1.0,2.0,0.9,0.7,14,1.0,1.0,1.0,1.0,1.0,1.0,1.0,1.0,1.0,1.0,0.08,0.04,0.98312
params_4386,4,0.5,2.0,0.9,0.3,14,1.0,1.0,1.0,1.0,1.0,1.0,1.0,1.0,1.0,1.0,0.08,0.04,0.98312
params_4390,4,0.5,2.0,0.9,0.5,14,1.0,1.0,1.0,1.0,1.0,1.0,1.0,1.0,1.0,1.0,0.08,0.04,0.98312
params_4394,4,0.5,2.0,0.9,0.7,14,1.0,1.0,1.0,1.0,1.0,1.0,1.0,1.0,1.0,1.0,0.08,0.04,0.98312
params_4786,4,0.75,2.0,0.9,0.3,14,1.0,1.0,1.0,1.0,1.0,1.0,1.0,1.0,1.0,1.0,0.08,0.04,0.98312
params_4790,4,0.75,2.0,0.9,0.5,14,1.0,1.0,1.0,1.0,1.0,1.0,1.0,1.0,1.0,1.0,0.08,0.04,0.98312
params_4794,4,0.75,2.0,0.9,0.7,14,1.0,1.0,1.0,1.0,1.0,1.0,1.0,1.0,1.0,1.0,0.08,0.04,0.98312
params_5186,4,1.0,2.0,0.9,0.3,14,1.0,1.0,1.0,1.0,1.0,1.0,1.0,1.0,1.0,1.0,0.08,0.04,0.98312
params_5190,4,1.0,2.0,0.9,0.5,14,1.0,1.0,1.0,1.0,1.0,1.0,1.0,1.0,1.0,1.0,0.08,0.04,0.98312
params_5194,4,1.0,2.0,0.9,0.7,14,1.0,1.0,1.0,1.0,1.0,1.0,1.0,1.0,1.0,1.0,0.08,0.04,0.98312
params_6386,5,0.5,2.0,0.9,0.3,14,1.0,1.0,1.0,1.0,1.0,1.0,1.0,1.0,1.0,1.0,0.08,0.04,0.98312
params_6390,5,0.5,2.0,0.9,0.5,14,1.0,1.0,1.0,1.0,1.0,1.0,1.0,1.0,1.0,1.0,0.08,0.04,0.98312
params_6394,5,0.5,2.0,0.9,0.7,14,1.0,1.0,1.0,1.0,1.0,1.0,1.0,1.0,1.0,1.0,0.08,0.04,0.98312
params_6786,5,0.75,2.0,0.9,0.3,14,1.0,1.0,1.0,1.0,1.0,1.0,1.0,1.0,1.0,1.0,0.08,0.04,0.98312
params_6790,5,0.75,2.0,0.9,0.5,14,1.0,1.0,1.0,1.0,1.0,1.0,1.0,1.0,1.0,1.0,0.08,0.04,0.98312
params_6794,5,0.75,2.0,0.9,0.7,14,1.0,1.0,1.0,1.0,1.0,1.0,1.0,1.0,1.0,1.0,0.08,0.04,0.98312
params_7186,5,1.0,2.0,0.9,0.3,14,1.0,1.0,1.0,1.0,1.0,1.0,1.0,1.0,1.0,1.0,0.08,0.04,0.98312
params_7190,5,1.0,2.0,0.9,0.5,14,1.0,1.0,1.0,1.0,1.0,1.0,1.0,1.0,1.0,1.0,0.08,0.04,0.98312
params_7194,5,1.0,2.0,0.9,0.7,14,1.0,1.0,1.0,1.0,1.0,1.0,1.0,1.0,1.0,1.0,0.08,0.04,0.98312
params_0387,2,0.5,2.0,0.9,0.3,21,1.0,1.0,1.0,1.0,1.0,1.0,1.0,1.0,1.0,1.0,0.08,0.05,0.981746
params_0388,2,0.5,2.0,0.9,0.3,30,1.0,1.0,1.0,1.0,1.0,1.0,1.0,1.0,1.0,1.0,0.08,0.05,0.981746
params_0391,2,0.5,2.0,0.9,0.5,21,1.0,1.0,1.0,1.0,1.0,1.0,1.0,1.0,1.0,1.0,0.08,0.05,0.981746
params_0392,2,0.5,2.0,0.9,0.5,30,1.0,1.0,1.0,1.0,1.0,1.0,1.0,1.0,1.0,1.0,0.08,0.05,0.981746
params_0395,2,0.5,2.0,0.9,0.7,21,1.0,1.0,1.0,1.0,1.0,1.0,1.0,1.0,1.0,1.0,0.08,0.05,0.981746
params_0396,2,0.5,2.0,0.9,0.7,30,1.0,1.0,1.0,1.0,1.0,1.0,1.0,1.0,1.0,1.0,0.08,0.05,0.981746
params_0787,2,0.75,2.0,0.9,0.3,21,1.0,1.0,1.0,1.0,1.0,1.0,1.0,1.0,1.0,1.0,0.08,0.05,0.981746
params_0788,2,0.75,2.0,0.9,0.3,30,1.0,1.0,1.0,1.0,1.0,1.0,1.0,1.0,1.0,1.0,0.08,0.05,0.981746
params_0791,2,0.75,2.0,0.9,0.5,21,1.0,1.0,1.0,1.0,1.0,1.0,1.0,1.0,1.0,1.0,0.08,0.05,0.981746
params_0792,2,0.75,2.0,0.9,0.5,30,1.0,1.0,1.0,1.0,1.0,1.0,1.0,1.0,1.0,1.0,0.08,0.05,0.981746
params_0795,2,0.75,2.0,0.9,0.7,21,1.0,1.0,1.0,1.0,1.0,1.0,1.0,1.0,1.0,1.0,0.08,0.05,0.981746
params_0796,2,0.75,2.0,0.9,0.7,30,1.0,1.0,1.0,1.0,1.0,1.0,1.0,1.0,1.0,1.0,0.08,0.05,0.981746
params_1187,2,1.0,2.0,0.9,0.3,21,1.0,1.0,1.0,1.0,1.0,1.0,1.0,1.0,1.0,1.0,0.08,0.05,0.981746
params_1188,2,1.0,2.0,0.9,0.3,30,1.0,1.0,1.0,1.0,1.0,1.0,1.0,1.0,1.0,1.0,0.08,0.05,0.981746
params_1191,2,1.0,2.0,0.9,0.5,21,1.0,1.0,1.0,1.0,1.0,1.0,1.0,1.0,1.0,1.0,0.08,0.05,0.981746
params_1192,2,1.0,2.0,0.9,0.5,30,1.0,1.0,1.0,1.0,1.0,1.0,1.0,1.0,1.0,1.0,0.08,0.05,0.981746
params_1195,2,1.0,2.0,0.9,0.7,21,1.0,1.0,1.0,1.0,1.0,1.0,1.0,1.0,1.0,1.0,0.08,0.05,0.981746
params_1196,2,1.0,2.0,0.9,0.7,30,1.0,1.0,1.0,1.0,1.0,1.0,1.0,1.0,1.0,1.0,0.08,0.05,0.981746
params_2387,3,0.5,2.0,0.9,0.3,21,1.0,1.0,1.0,1.0,1.0,1.0,1.0,1.0,1.0,1.0,0.08,0.05,0.981746
params_2388,3,0.5,2.0,0.9,0.3,30,1.0,1.0,1.0,1.0,1.0,1.0,1.0,1.0,1.0,1.0,0.08,0.05,0.981746
params_2391,3,0.5,2.0,0.9,0.5,21,1.0,1.0,1.0,1.0,1.0,1.0,1.0,1.0,1.0,1.0,0.08,0.05,0.981746
params_2392,3,0.5,2.0,0.9,0.5,30,1.0,1.0,1.0,1.0,1.0,1.0,1.0,1.0,1.0,1.0,0.08,0.05,0.981746
params_2395,3,0.5,2.0,0.9,0.7,21,1.0,1.0,1.0,1.0,1.0,1.0,1.0,1.0,1.0,1.0,0.08,0.05,0.981746
params_2396,3,0.5,2.0,0.9,0.7,30,1.0,1.0,1.0,1.0,1.0,1.0,1.0,1.0,1.0,1.0,0.08,0.05,0.981746
params_2787,3,0.75,2.0,0.9,0.3,21,1.0,1.0,1.0,1.0,1.0,1.0,1.0,1.0,1.0,1.0,0.08,0.05,0.981746
params_2788,3,0.75,2.0,0.9,0.3,30,1.0,1.0,1.0,1.0,1.0,1.0,1.0,1.0,1.0,1.0,0.08,0.05,0.981746
params_2791,3,0.75,2.0,0.9,0.5,21,1.0,1.0,1.0,1.0,1.0,1.0,1.0,1.0,1.0,1.0,0.08,0.05,0.981746
params_2792,3,0.75,2.0,0.9,0.5,30,1.0,1.0,1.0,1.0,1.0,1.0,1.0,1.0,1.0,1.0,0.08,0.05,0.981746
params_2795,3,0.75,2.0,0.9,0.7,21,1.0,1.0,1.0,1.0,1.0,1.0,1.0,1.0,1.0,1.0,0.08,0.05,0.981746
params_2796,3,0.75,2.0,0.9,0.7,30,1.0,1.0,1.0,1.0,1.0,1.0,1.0,1.0,1.0,1.0,0.08,0.05,0.981746
params_3187,3,1.0,2.0,0.9,0.3,21,1.0,1.0,1.0,1.0,1.0,1.0,1.0,1.0,1.0,1.0,0.08,0.05,0.981746
params_3188,3,1.0,2.0,0.9,0.3,30,1.0,1.0,1.0,1.0,1.0,1.0,1.0,1.0,1.0,1.0,0.08,0.05,0.981746
params_3191,3,1.0,2.0,0.9,0.5,21,1.0,1.0,1.0,1.0,1.0,1.0,1.0,1.0,1.0,1.0,0.08,0.05,0.981746
params_3192,3,1.0,2.0,0.9,0.5,30,1.0,1.0,1.0,1.0,1.0,1.0,1.0,1.0,1.0,1.0,0.08,0.05,0.981746
params_3195,3,1.0,2.0,0.9,0.7,21,1.0,1.0,1.0,1.0,1.0,1.0,1.0,1.0,1.0,1.0,0.08,0.05,0.981746
params_3196,3,1.0,2.0,0.9,0.7,30,1.0,1.0,1.0,1.0,1.0,1.0,1.0,1.0,1.0,1.0,0.08,0.05,0.981746
params_4387,4,0.5,2.0,0.9,0.3,21,1.0,1.0,1.0,1.0,1.0,1.0,1.0,1.0,1.0,1.0,0.08,0.05,0.981746
params_4388,4,0.5,2.0,0.9,0.3,30,1.0,1.0,1.0,1.0,1.0,1.0,1.0,1.0,1.0,1.0,0.08,0.05,0.981746
params_4391,4,0.5,2.0,0.9,0.5,21,1.0,1.0,1.0,1.0,1.0,1.0,1.0,1.0,1.0,1.0,0.08,0.05,0.981746
params_4392,4,0.5,2.0,0.9,0.5,30,1.0,1.0,1.0,1.0,1.0,1.0,1.0,1.0,1.0,1.0,0.08,0.05,0.981746
params_4395,4,0.5,2.0,0.9,0.7,21,1.0,1.0,1.0,1.0,1.0,1.0,1.0,1.0,1.0,1.0,0.08,0.05,0.981746
params_4396,4,0.5,2.0,0.9,0.7,30,1.0,1.0,1.0,1.0,1.0,1.0,1.0,1.0,1.0,1.0,0.08,0.05,0.981746
params_4787,4,0.75,2.0,0.9,0.3,21,1.0,1.0,1.0,1.0,1.0,1.0,1.0,1.0,1.0,1.0,0.08,0.05,0.981746
params_4788,4,0.75,2.0,0.9,0.3,30,1.0,1.0,1.0,1.0,1.0,1.0,1.0,1.0,1.0,1.0,0.08,0.05,0.981746
params_4791,4,0.75,2.0,0.9,0.5,21,1.0,1.0,1.0,1.0,1.0,1.0,1.0,1.0,1.0,1.0,0.08,0.05,0.981746
params_4792,4,0.75,2.0,0.9,0.5,30,1.0,1.0,1.0,1.0,1.0,1.0,1.0,1.0,1.0,1.0,0.08,0.05,0.981746
params_4795,4,0.75,2.0,0.9,0.7,21,1.0,1.0,1.0,1.0,1.0,1.0,1.0,1.0,1.0,1.0,0.08,0.05,0.981746
params_4796,4,0.75,2.0,0.9,0.7,30,1.0,1.0,1.0,1.0,1.0,1.0,1.0,1.0,1.0,1.0,0.08,0.05,0.981746
params_5187,4,1.0,2.0,0.9,0.3,21,1.0,1.0,1.0,1.0,1.0,1.0,1.0,1.0,1.0,1.0,0.08,0.05,0.981746
params_5188,4,1.0,2.0,0.9,0.3,30,1.0,1.0,1.0,1.0,1.0,1.0,1.0,1.0,1.0,1.0,0.08,0.05,0.981746
params_5191,4,1.0,2.0,0.9,0.5,21,1.0,1.0,1.0,1.0,1.0,1.0,1.0,1.0,1.0,1.0,0.08,0.05,0.981746
params_5192,4,1.0,2.0,0.9,0.5,30,1.0,1.0,1.0,1.0,1.0,1.0,1.0,1.0,1.0,1.0,0.08,0.05,0.981746
params_5195,4,1.0,2.0,0.9,0.7,21,1.0,1.0,1.0,1.0,1.0,1.0,1.0,1.0,1.0,1.0,0.08,0.05,0.981746
params_5196,4,1.0,2.0,0.9,0.7,30,1.0,1.0,1.0,1.0,1.0,1.0,1.0,1.0,1.0,1.0,0.08,0.05,0.981746
params_6387,5,0.5,2.0,0.9,0.3,21,1.0,1.0,1.0,1.0,1.0,1.0,1.0,1.0,1.0,1.0,0.08,0.05,0.981746
params_6388,5,0.5,2.0,0.9,0.3,30,1.0,1.0,1.0,1.0,1.0,1.0,1.0,1.0,1.0,1.0,0.08,0.05,0.981746
params_6391,5,0.5,2.0,0.9,0.5,21,1.0,1.0,1.0,1.0,1.0,1.0,1.0,1.0,1.0,1.0,0.08,0.05,0.981746
params_6392,5,0.5,2.0,0.9,0.5,30,1.0,1.0,1.0,1.0,1.0,1.0,1.0,1.0,1.0,1.0,0.08,0.05,0.981746
params_6395,5,0.5,2.0,0.9,0.7,21,1.0,1.0,1.0,1.0,1.0,1.0,1.0,1.0,1.0,1.0,0.08,0.05,0.981746
params_6396,5,0.5,2.0,0.9,0.7,30,1.0,1.0,1.0,1.0,1.0,1.0,1.0,1.0,1.0,1.0,0.08,0.05,0.981746
params_6787,5,0.75,2.0,0.9,0.3,21,1.0,1.0,1.0,1.0,1.0,1.0,1.0,1.0,1.0,1.0,0.08,0.05,0.981746
params_6788,5,0.75,2.0,0.9,0.3,30,1.0,1.0,1.0,1.0,1.0,1.0,1.0,1.0,1.0,1.0,0.08,0.05,0.981746
params_6791,5,0.75,2.0,0.9,0.5,21,1.0,1.0,1.0,1.0,1.0,1.0,1.0,1.0,1.0,1.0,0.08,0.05,0.981746
params_6792,5,0.75,2.0,0.9,0.5,30,1.0,1.0,1.0,1.0,1.0,1.0,1.0,1.0,1.0,1.0,0.08,0.05,0.981746
params_6795,5,0.75,2.0,0.9,0.7,21,1.0,1.0,1.0,1.0,1.0,1.0,1.0,1.0,1.0,1.0,0.08,0.05,0.981746
params_6796,5,0.75,2.0,0.9,0.7,30,1.0,1.0,1.0,1.0,1.0,1.0,1.0,1.0,1.0,1.0,0.08,0.05,0.981746
params_7187,5,1.0,2.0,0.9,0.3,21,1.0,1.0,1.0,1.0,1.0,1.0,1.0,1.0,1.0,1.0,0.08,0.05,0.981746
params_7188,5,1.0,2.0,0.9,0.3,30,1.0,1.0,1.0,1.0,1.0,1.0,1.0,1.0,1.0,1.0,0.08,0.05,0.981746
params_7191,5,1.0,2.0,0.9,0.5,21,1.0,1.0,1.0,1.0,1.0,1.0,1.0,1.0,1.0,1.0,0.08,0.05,0.981746
params_7192,5,1.0,2.0,0.9,0.5,30,1.0,1.0,1.0,1.0,1.0,1.0,1.0,1.0,1.0,1.0,0.08,0.05,0.981746
params_7195,5,1.0,2.0,0.9,0.7,21,1.0,1.0,1.0,1.0,1.0,1.0,1.0,1.0,1.0,1.0,0.08,0.05,0.981746
params_7196,5,1.0,2.0,0.9,0.7,30,1.0,1.0,1.0,1.0,1.0,1.0,1.0,1.0,1.0,1.0,0.08,0.05,0.981746
params_0385,2,0.5,2.0,0.9,0.3,7,1.0,1.0,1.0,1.0,1.0,1.0,1.0,1.0,1.0,1.0,0.08,0.06,0.980398
params_0389,2,0.5,2.0,0.9,0.5,7,1.0,1.0,1.0,1.0,1.0,1.0,1.0,1.0,1.0,1.0,0.08,0.06,0.980398
params_0393,2,0.5,2.0,0.9,0.7,7,1.0,1.0,1.0,1.0,1.0,1.0,1.0,1.0,1.0,1.0,0.08,0.06,0.980398
params_0785,2,0.75,2.0,0.9,0.3,7,1.0,1.0,1.0,1.0,1.0,1.0,1.0,1.0,1.0,1.0,0.08,0.06,0.980398
params_0789,2,0.75,2.0,0.9,0.5,7,1.0,1.0,1.0,1.0,1.0,1.0,1.0,1.0,1.0,1.0,0.08,0.06,0.980398
params_0793,2,0.75,2.0,0.9,0.7,7,1.0,1.0,1.0,1.0,1.0,1.0,1.0,1.0,1.0,1.0,0.08,0.06,0.980398
params_1185,2,1.0,2.0,0.9,0.3,7,1.0,1.0,1.0,1.0,1.0,1.0,1.0,1.0,1.0,1.0,0.08,0.06,0.980398
params_1189,2,1.0,2.0,0.9,0.5,7,1.0,1.0,1.0,1.0,1.0,1.0,1.0,1.0,1.0,1.0,0.08,0.06,0.980398
params_1193,2,1.0,2.0,0.9,0.7,7,1.0,1.0,1.0,1.0,1.0,1.0,1.0,1.0,1.0,1.0,0.08,0.06,0.980398
params_2385,3,0.5,2.0,0.9,0.3,7,1.0,1.0,1.0,1.0,1.0,1.0,1.0,1.0,1.0,1.0,0.08,0.06,0.980398
params_2389,3,0.5,2.0,0.9,0.5,7,1.0,1.0,1.0,1.0,1.0,1.0,1.0,1.0,1.0,1.0,0.08,0.06,0.980398
params_2393,3,0.5,2.0,0.9,0.7,7,1.0,1.0,1.0,1.0,1.0,1.0,1.0,1.0,1.0,1.0,0.08,0.06,0.980398
params_2785,3,0.75,2.0,0.9,0.3,7,1.0,1.0,1.0,1.0,1.0,1.0,1.0,1.0,1.0,1.0,0.08,0.06,0.980398
params_2789,3,0.75,2.0,0.9,0.5,7,1.0,1.0,1.0,1.0,1.0,1.0,1.0,1.0,1.0,1.0,0.08,0.06,0.980398
params_2793,3,0.75,2.0,0.9,0.7,7,1.0,1.0,1.0,1.0,1.0,1.0,1.0,1.0,1.0,1.0,0.08,0.06,0.980398
params_3185,3,1.0,2.0,0.9,0.3,7,1.0,1.0,1.0,1.0,1.0,1.0,1.0,1.0,1.0,1.0,0.08,0.06,0.980398
params_3189,3,1.0,2.0,0.9,0.5,7,1.0,1.0,1.0,1.0,1.0,1.0,1.0,1.0,1.0,1.0,0.08,0.06,0.980398
params_3193,3,1.0,2.0,0.9,0.7,7,1.0,1.0,1.0,1.0,1.0,1.0,1.0,1.0,1.0,1.0,0.08,0.06,0.980398
params_4385,4,0.5,2.0,0.9,0.3,7,1.0,1.0,1.0,1.0,1.0,1.0,1.0,1.0,1.0,1.0,0.08,0.06,0.980398
params_4389,4,0.5,2.0,0.9,0.5,7,1.0,1.0,1.0,1.0,1.0,1.0,1.0,1.0,1.0,1.0,0.08,0.06,0.980398
params_4393,4,0.5,2.0,0.9,0.7,7,1.0,1.0,1.0,1.0,1.0,1.0,1.0,1.0,1.0,1.0,0.08,0.06,0.980398
params_4785,4,0.75,2.0,0.9,0.3,7,1.0,1.0,1.0,1.0,1.0,1.0,1.0,1.0,1.0,1.0,0.08,0.06,0.980398
params_4789,4,0.75,2.0,0.9,0.5,7,1.0,1.0,1.0,1.0,1.0,1.0,1.0,1.0,1.0,1.0,0.08,0.06,0.980398
params_4793,4,0.75,2.0,0.9,0.7,7,1.0,1.0,1.0,1.0,1.0,1.0,1.0,1.0,1.0,1.0,0.08,0.06,0.980398
params_5185,4,1.0,2.0,0.9,0.3,7,1.0,1.0,1.0,1.0,1.0,1.0,1.0,1.0,1.0,1.0,0.08,0.06,0.980398
params_5189,4,1.0,2.0,0.9,0.5,7,1.0,1.0,1.0,1.0,1.0,1.0,1.0,1.0,1.0,1.0,0.08,0.06,0.980398
params_5193,4,1.0,2.0,0.9,0.7,7,1.0,1.0,1.0,1.0,1.0,1.0,1.0,1.0,1.0,1.0,0.08,0.06,0.980398
params_6385,5,0.5,2.0,0.9,0.3,7,1.0,1.0,1.0,1.0,1.0,1.0,1.0,1.0,1.0,1.0,0.08,0.06,0.980398
params_6389,5,0.5,2.0,0.9,0.5,7,1.0,1.0,1.0,1.0,1.0,1.0,1.0,1.0,1.0,1.0,0.08,0.06,0.980398
params_6393,5,0.5,2.0,0.9,0.7,7,1.0,1.0,1.0,1.0,1.0,1.0,1.0,1.0,1.0,1.0,0.08,0.06,0.980398
params_6785,5,0.75,2.0,0.9,0.3,7,1.0,1.0,1.0,1.0,1.0,1.0,1.0,1.0,1.0,1.0,0.08,0.06,0.980398
params_6789,5,0.75,2.0,0.9,0.5,7,1.0,1.0,1.0,1.0,1.0,1.0,1.0,1.0,1.0,1.0,0.08,0.06,0.980398
params_6793,5,0.75,2.0,0.9,0.7,7,1.0,1.0,1.0,1.0,1.0,1.0,1.0,1.0,1.0,1.0,0.08,0.06,0.980398
params_7185,5,1.0,2.0,0.9,0.3,7,1.0,1.0,1.0,1.0,1.0,1.0,1.0,1.0,1.0,1.0,0.08,0.06,0.980398
params_7189,5,1.0,2.0,0.9,0.5,7,1.0,1.0,1.0,1.0,1.0,1.0,1.0,1.0,1.0,1.0,0.08,0.06,0.980398
params_7193,5,1.0,2.0,0.9,0.7,7,1.0,1.0,1.0,1.0,1.0,1.0,1.0,1.0,1.0,1.0,0.08,0.06,0.980398
params_0370,2,0.5,2.0,0.7,0.3,14,1.0,1.0,1.0,1.0,1.0,1.0,1.0,1.0,1.0,1.0,0.22,0.09,0.960565
params_0371,2,0.5,2.0,0.7,0.3,21,1.0,1.0,1.0,1.0,1.0,1.0,1.0,1.0,1.0,1.0,0.22,0.09,0.960565
params_0372,2,0.5,2.0,0.7,0.3,30,1.0,1.0,1.0,1.0,1.0,1.0,1.0,1.0,1.0,1.0,0.22,0.09,0.960565
params_0374,2,0.5,2.0,0.7,0.5,14,1.0,1.0,1.0,1.0,1.0,1.0,1.0,1.0,1.0,1.0,0.22,0.09,0.960565
params_0375,2,0.5,2.0,0.7,0.5,21,1.0,1.0,1.0,1.0,1.0,1.0,1.0,1.0,1.0,1.0,0.22,0.09,0.960565
params_0376,2,0.5,2.0,0.7,0.5,30,1.0,1.0,1.0,1.0,1.0,1.0,1.0,1.0,1.0,1.0,0.22,0.09,0.960565
params_0378,2,0.5,2.0,0.7,0.7,14,1.0,1.0,1.0,1.0,1.0,1.0,1.0,1.0,1.0,1.0,0.22,0.09,0.960565
params_0379,2,0.5,2.0,0.7,0.7,21,1.0,1.0,1.0,1.0,1.0,1.0,1.0,1.0,1.0,1.0,0.22,0.09,0.960565
params_0380,2,0.5,2.0,0.7,0.7,30,1.0,1.0,1.0,1.0,1.0,1.0,1.0,1.0,1.0,1.0,0.22,0.09,0.960565
params_0770,2,0.75,2.0,0.7,0.3,14,1.0,1.0,1.0,1.0,1.0,1.0,1.0,1.0,1.0,1.0,0.22,0.09,0.960565
params_0771,2,0.75,2.0,0.7,0.3,21,1.0,1.0,1.0,1.0,1.0,1.0,1.0,1.0,1.0,1.0,0.22,0.09,0.960565
params_0772,2,0.75,2.0,0.7,0.3,30,1.0,1.0,1.0,1.0,1.0,1.0,1.0,1.0,1.0,1.0,0.22,0.09,0.960565
params_0774,2,0.75,2.0,0.7,0.5,14,1.0,1.0,1.0,1.0,1.0,1.0,1.0,1.0,1.0,1.0,0.22,0.09,0.960565
params_0775,2,0.75,2.0,0.7,0.5,21,1.0,1.0,1.0,1.0,1.0,1.0,1.0,1.0,1.0,1.0,0.22,0.09,0.960565
params_0776,2,0.75,2.0,0.7,0.5,30,1.0,1.0,1.0,1.0,1.0,1.0,1.0,1.0,1.0,1.0,0.22,0.09,0.960565
params_0778,2,0.75,2.0,0.7,0.7,14,1.0,1.0,1.0,1.0,1.0,1.0,1.0,1.0,1.0,1.0,0.22,0.09,0.960565
params_0779,2,0.75,2.0,0.7,0.7,21,1.0,1.0,1.0,1.0,1.0,1.0,1.0,1.0,1.0,1.0,0.22,0.09,0.960565
params_0780,2,0.75,2.0,0.7,0.7,30,1.0,1.0,1.0,1.0,1.0,1.0,1.0,1.0,1.0,1.0,0.22,0.09,0.960565
params_1170,2,1.0,2.0,0.7,0.3,14,1.0,1.0,1.0,1.0,1.0,1.0,1.0,1.0,1.0,1.0,0.22,0.09,0.960565
params_1171,2,1.0,2.0,0.7,0.3,21,1.0,1.0,1.0,1.0,1.0,1.0,1.0,1.0,1.0,1.0,0.22,0.09,0.960565
params_1172,2,1.0,2.0,0.7,0.3,30,1.0,1.0,1.0,1.0,1.0,1.0,1.0,1.0,1.0,1.0,0.22,0.09,0.960565
params_1174,2,1.0,2.0,0.7,0.5,14,1.0,1.0,1.0,1.0,1.0,1.0,1.0,1.0,1.0,1.0,0.22,0.09,0.960565
params_1175,2,1.0,2.0,0.7,0.5,21,1.0,1.0,1.0,1.0,1.0,1.0,1.0,1.0,1.0,1.0,0.22,0.09,0.960565
params_1176,2,1.0,2.0,0.7,0.5,30,1.0,1.0,1.0,1.0,1.0,1.0,1.0,1.0,1.0,1.0,0.22,0.09,0.960565
params_1178,2,1.0,2.0,0.7,0.7,14,1.0,1.0,1.0,1.0,1.0,1.0,1.0,1.0,1.0,1.0,0.22,0.09,0.960565
params_1179,2,1.0,2.0,0.7,0.7,21,1.0,1.0,1.0,1.0,1.0,1.0,1.0,1.0,1.0,1.0,0.22,0.09,0.960565
params_1180,2,1.0,2.0,0.7,0.7,30,1.0,1.0,1.0,1.0,1.0,1.0,1.0,1.0,1.0,1.0,0.22,0.09,0.960565
params_2370,3,0.5,2.0,0.7,0.3,14,1.0,1.0,1.0,1.0,1.0,1.0,1.0,1.0,1.0,1.0,0.22,0.09,0.960565
params_2371,3,0.5,2.0,0.7,0.3,21,1.0,1.0,1.0,1.0,1.0,1.0,1.0,1.0,1.0,1.0,0.22,0.09,0.960565
params_2372,3,0.5,2.0,0.7,0.3,30,1.0,1.0,1.0,1.0,1.0,1.0,1.0,1.0,1.0,1.0,0.22,0.09,0.960565
params_2374,3,0.5,2.0,0.7,0.5,14,1.0,1.0,1.0,1.0,1.0,1.0,1.0,1.0,1.0,1.0,0.22,0.09,0.960565
params_2375,3,0.5,2.0,0.7,0.5,21,1.0,1.0,1.0,1.0,1.0,1.0,1.0,1.0,1.0,1.0,0.22,0.09,0.960565
params_2376,3,0.5,2.0,0.7,0.5,30,1.0,1.0,1.0,1.0,1.0,1.0,1.0,1.0,1.0,1.0,0.22,0.09,0.960565
params_2378,3,0.5,2.0,0.7,0.7,14,1.0,1.0,1.0,1.0,1.0,1.0,1.0,1.0,1.0,1.0,0.22,0.09,0.960565
params_2379,3,0.5,2.0,0.7,0.7,21,1.0,1.0,1.0,1.0,1.0,1.0,1.0,1.0,1.0,1.0,0.22,0.09,0.960565
params_2380,3,0.5,2.0,0.7,0.7,30,1.0,1.0,1.0,1.0,1.0,1.0,1.0,1.0,1.0,1.0,0.22,0.09,0.960565
params_2770,3,0.75,2.0,0.7,0.3,14,1.0,1.0,1.0,1.0,1.0,1.0,1.0,1.0,1.0,1.0,0.22,0.09,0.960565
params_2771,3,0.75,2.0,0.7,0.3,21,1.0,1.0,1.0,1.0,1.0,1.0,1.0,1.0,1.0,1.0,0.22,0.09,0.960565
params_2772,3,0.75,2.0,0.7,0.3,30,1.0,1.0,1.0,1.0,1.0,1.0,1.0,1.0,1.0,1.0,0.22,0.09,0.960565
params_2774,3,0.75,2.0,0.7,0.5,14,1.0,1.0,1.0,1.0,1.0,1.0,1.0,1.0,1.0,1.0,0.22,0.09,0.960565
params_2775,3,0.75,2.0,0.7,0.5,21,1.0,1.0,1.0,1.0,1.0,1.0,1.0,1.0,1.0,1.0,0.22,0.09,0.960565
params_2776,3,0.75,2.0,0.7,0.5,30,1.0,1.0,1.0,1.0,1.0,1.0,1.0,1.0,1.0,1.0,0.22,0.09,0.960565
params_2778,3,0.75,2.0,0.7,0.7,14,1.0,1.0,1.0,1.0,1.0,1.0,1.0,1.0,1.0,1.0,0.22,0.09,0.960565
params_2779,3,0.75,2.0,0.7,0.7,21,1.0,1.0,1.0,1.0,1.0,1.0,1.0,1.0,1.0,1.0,0.22,0.09,0.960565
params_2780,3,0.75,2.0,0.7,0.7,30,1.0,1.0,1.0,1.0,1.0,1.0,1.0,1.0,1.0,1.0,0.22,0.09,0.960565
params_3170,3,1.0,2.0,0.7,0.3,14,1.0,1.0,1.0,1.0,1.0,1.0,1.0,1.0,1.0,1.0,0.22,0.09,0.960565
params_3171,3,1.0,2.0,0.7,0.3,21,1.0,1.0,1.0,1.0,1.0,1.0,1.0,1.0,1.0,1.0,0.22,0.09,0.960565
params_3172,3,1.0,2.0,0.7,0.3,30,1.0,1.0,1.0,1.0,1.0,1.0,1.0,1.0,1.0,1.0,0.22,0.09,0.960565
params_3174,3,1.0,2.0,0.7,0.5,14,1.0,1.0,1.0,1.0,1.0,1.0,1.0,1.0,1.0,1.0,0.22,0.09,0.960565
params_3175,3,1.0,2.0,0.7,0.5,21,1.0,1.0,1.0,1.0,1.0,1.0,1.0,1.0,1.0,1.0,0.22,0.09,0.960565
params_3176,3,1.0,2.0,0.7,0.5,30,1.0,1.0,1.0,1.0,1.0,1.0,1.0,1.0,1.0,1.0,0.22,0.09,0.960565
params_3178,3,1.0,2.0,0.7,0.7,14,1.0,1.0,1.0,1.0,1.0,1.0,1.0,1.0,1.0,1.0,0.22,0.09,0.960565
params_3179,3,1.0,2.0,0.7,0.7,21,1.0,1.0,1.0,1.0,1.0,1.0,1.0,1.0,1.0,1.0,0.22,0.09,0.960565
params_3180,3,1.0,2.0,0.7,0.7,30,1.0,1.0,1.0,1.0,1.0,1.0,1.0,1.0,1.0,1.0,0.22,0.09,0.960565
params_4370,4,0.5,2.0,0.7,0.3,14,1.0,1.0,1.0,1.0,1.0,1.0,1.0,1.0,1.0,1.0,0.22,0.09,0.960565
params_4371,4,0.5,2.0,0.7,0.3,21,1.0,1.0,1.0,1.0,1.0,1.0,1.0,1.0,1.0,1.0,0.22,0.09,0.960565
params_4372,4,0.5,2.0,0.7,0.3,30,1.0,1.0,1.0,1.0,1.0,1.0,1.0,1.0,1.0,1.0,0.22,0.09,0.960565
params_4374,4,0.5,2.0,0.7,0.5,14,1.0,1.0,1.0,1.0,1.0,1.0,1.0,1.0,1.0,1.0,0.22,0.09,0.960565
params_4375,4,0.5,2.0,0.7,0.5,21,1.0,1.0,1.0,1.0,1.0,1.0,1.0,1.0,1.0,1.0,0.22,0.09,0.960565
params_4376,4,0.5,2.0,0.7,0.5,30,1.0,1.0,1.0,1.0,1.0,1.0,1.0,1.0,1.0,1.0,0.22,0.09,0.960565
params_4378,4,0.5,2.0,0.7,0.7,14,1.0,1.0,1.0,1.0,1.0,1.0,1.0,1.0,1.0,1.0,0.22,0.09,0.960565
params_4379,4,0.5,2.0,0.7,0.7,21,1.0,1.0,1.0,1.0,1.0,1.0,1.0,1.0,1.0,1.0,0.22,0.09,0.960565
params_4380,4,0.5,2.0,0.7,0.7,30,1.0,1.0,1.0,1.0,1.0,1.0,1.0,1.0,1.0,1.0,0.22,0.09,0.960565
params_4770,4,0.75,2.0,0.7,0.3,14,1.0,1.0,1.0,1.0,1.0,1.0,1.0,1.0,1.0,1.0,0.22,0.09,0.960565
params_4771,4,0.75,2.0,0.7,0.3,21,1.0,1.0,1.0,1.0,1.0,1.0,1.0,1.0,1.0,1.0,0.22,0.09,0.960565
params_4772,4,0.75,2.0,0.7,0.3,30,1.0,1.0,1.0,1.0,1.0,1.0,1.0,1.0,1.0,1.0,0.22,0.09,0.960565
params_4774,4,0.75,2.0,0.7,0.5,14,1.0,1.0,1.0,1.0,1.0,1.0,1.0,1.0,1.0,1.0,0.22,0.09,0.960565
params_4775,4,0.75,2.0,0.7,0.5,21,1.0,1.0,1.0,1.0,1.0,1.0,1.0,1.0,1.0,1.0,0.22,0.09,0.960565
params_4776,4,0.75,2.0,0.7,0.5,30,1.0,1.0,1.0,1.0,1.0,1.0,1.0,1.0,1.0,1.0,0.22,0.09,0.960565
params_4778,4,0.75,2.0,0.7,0.7,14,1.0,1.0,1.0,1.0,1.0,1.0,1.0,1.0,1.0,1.0,0.22,0.09,0.960565
params_4779,4,0.75,2.0,0.7,0.7,21,1.0,1.0,1.0,1.0,1.0,1.0,1.0,1.0,1.0,1.0,0.22,0.09,0.960565
params_4780,4,0.75,2.0,0.7,0.7,30,1.0,1.0,1.0,1.0,1.0,1.0,1.0,1.0,1.0,1.0,0.22,0.09,0.960565
params_5170,4,1.0,2.0,0.7,0.3,14,1.0,1.0,1.0,1.0,1.0,1.0,1.0,1.0,1.0,1.0,0.22,0.09,0.960565
params_5171,4,1.0,2.0,0.7,0.3,21,1.0,1.0,1.0,1.0,1.0,1.0,1.0,1.0,1.0,1.0,0.22,0.09,0.960565
params_5172,4,1.0,2.0,0.7,0.3,30,1.0,1.0,1.0,1.0,1.0,1.0,1.0,1.0,1.0,1.0,0.22,0.09,0.960565
params_5174,4,1.0,2.0,0.7,0.5,14,1.0,1.0,1.0,1.0,1.0,1.0,1.0,1.0,1.0,1.0,0.22,0.09,0.960565
params_5175,4,1.0,2.0,0.7,0.5,21,1.0,1.0,1.0,1.0,1.0,1.0,1.0,1.0,1.0,1.0,0.22,0.09,0.960565
params_5176,4,1.0,2.0,0.7,0.5,30,1.0,1.0,1.0,1.0,1.0,1.0,1.0,1.0,1.0,1.0,0.22,0.09,0.960565
params_5178,4,1.0,2.0,0.7,0.7,14,1.0,1.0,1.0,1.0,1.0,1.0,1.0,1.0,1.0,1.0,0.22,0.09,0.960565
params_5179,4,1.0,2.0,0.7,0.7,21,1.0,1.0,1.0,1.0,1.0,1.0,1.0,1.0,1.0,1.0,0.22,0.09,0.960565
params_5180,4,1.0,2.0,0.7,0.7,30,1.0,1.0,1.0,1.0,1.0,1.0,1.0,1.0,1.0,1.0,0.22,0.09,0.960565
params_6370,5,0.5,2.0,0.7,0.3,14,1.0,1.0,1.0,1.0,1.0,1.0,1.0,1.0,1.0,1.0,0.22,0.09,0.960565
params_6371,5,0.5,2.0,0.7,0.3,21,1.0,1.0,1.0,1.0,1.0,1.0,1.0,1.0,1.0,1.0,0.22,0.09,0.960565
params_6372,5,0.5,2.0,0.7,0.3,30,1.0,1.0,1.0,1.0,1.0,1.0,1.0,1.0,1.0,1.0,0.22,0.09,0.960565
params_6374,5,0.5,2.0,0.7,0.5,14,1.0,1.0,1.0,1.0,1.0,1.0,1.0,1.0,1.0,1.0,0.22,0.09,0.960565
params_6375,5,0.5,2.0,0.7,0.5,21,1.0,1.0,1.0,1.0,1.0,1.0,1.0,1.0,1.0,1.0,0.22,0.09,0.960565
params_6376,5,0.5,2.0,0.7,0.5,30,1.0,1.0,1.0,1.0,1.0,1.0,1.0,1.0,1.0,1.0,0.22,0.09,0.960565
params_6378,5,0.5,2.0,0.7,0.7,14,1.0,1.0,1.0,1.0,1.0,1.0,1.0,1.0,1.0,1.0,0.22,0.09,0.960565
params_6379,5,0.5,2.0,0.7,0.7,21,1.0,1.0,1.0,1.0,1.0,1.0,1.0,1.0,1.0,1.0,0.22,0.09,0.960565
params_6380,5,0.5,2.0,0.7,0.7,30,1.0,1.0,1.0,1.0,1.0,1.0,1.0,1.0,1.0,1.0,0.22,0.09,0.960565
params_6770,5,0.75,2.0,0.7,0.3,14,1.0,1.0,1.0,1.0,1.0,1.0,1.0,1.0,1.0,1.0,0.22,0.09,0.960565
params_6771,5,0.75,2.0,0.7,0.3,21,1.0,1.0,1.0,1.0,1.0,1.0,1.0,1.0,1.0,1.0,0.22,0.09,0.960565
params_6772,5,0.75,2.0,0.7,0.3,30,1.0,1.0,1.0,1.0,1.0,1.0,1.0,1.0,1.0,1.0,0.22,0.09,0.960565
params_6774,5,0.75,2.0,0.7,0.5,14,1.0,1.0,1.0,1.0,1.0,1.0,1.0,1.0,1.0,1.0,0.22,0.09,0.960565
params_6775,5,0.75,2.0,0.7,0.5,21,1.0,1.0,1.0,1.0,1.0,1.0,1.0,1.0,1.0,1.0,0.22,0.09,0.960565
params_6776,5,0.75,2.0,0.7,0.5,30,1.0,1.0,1.0,1.0,1.0,1.0,1.0,1.0,1.0,1.0,0.22,0.09,0.960565
params_6778,5,0.75,2.0,0.7,0.7,14,1.0,1.0,1.0,1.0,1.0,1.0,1.0,1.0,1.0,1.0,0.22,0.09,0.960565
params_6779,5,0.75,2.0,0.7,0.7,21,1.0,1.0,1.0,1.0,1.0,1.0,1.0,1.0,1.0,1.0,0.22,0.09,0.960565
params_6780,5,0.75,2.0,0.7,0.7,30,1.0,1.0,1.0,1.0,1.0,1.0,1.0,1.0,1.0,1.0,0.22,0.09,0.960565
params_7170,5,1.0,2.0,0.7,0.3,14,1.0,1.0,1.0,1.0,1.0,1.0,1.0,1.0,1.0,1.0,0.22,0.09,0.960565
params_7171,5,1.0,2.0,0.7,0.3,21,1.0,1.0,1.0,1.0,1.0,1.0,1.0,1.0,1.0,1.0,0.22,0.09,0.960565
params_7172,5,1.0,2.0,0.7,0.3,30,1.0,1.0,1.0,1.0,1.0,1.0,1.0,1.0,1.0,1.0,0.22,0.09,0.960565
params_7174,5,1.0,2.0,0.7,0.5,14,1.0,1.0,1.0,1.0,1.0,1.0,1.0,1.0,1.0,1.0,0.22,0.09,0.960565
params_7175,5,1.0,2.0,0.7,0.5,21,1.0,1.0,1.0,1.0,1.0,1.0,1.0,1.0,1.0,1.0,0.22,0.09,0.960565
params_7176,5,1.0,2.0,0.7,0.5,30,1.0,1.0,1.0,1.0,1.0,1.0,1.0,1.0,1.0,1.0,0.22,0.09,0.960565
params_7178,5,1.0,2.0,0.7,0.7,14,1.0,1.0,1.0,1.0,1.0,1.0,1.0,1.0,1.0,1.0,0.22,0.09,0.960565
params_7179,5,1.0,2.0,0.7,0.7,21,1.0,1.0,1.0,1.0,1.0,1.0,1.0,1.0,1.0,1.0,0.22,0.09,0.960565
params_7180,5,1.0,2.0,0.7,0.7,30,1.0,1.0,1.0,1.0,1.0,1.0,1.0,1.0,1.0,1.0,0.22,0.09,0.960565
params_0369,2,0.5,2.0,0.7,0.3,7,1.0,1.0,1.0,1.0,1.0,1.0,1.0,1.0,1.0,1.0,0.22,0.1,0.959314
params_0373,2,0.5,2.0,0.7,0.5,7,1.0,1.0,1.0,1.0,1.0,1.0,1.0,1.0,1.0,1.0,0.22,0.1,0.959314
params_0377,2,0.5,2.0,0.7,0.7,7,1.0,1.0,1.0,1.0,1.0,1.0,1.0,1.0,1.0,1.0,0.22,0.1,0.959314
params_0769,2,0.75,2.0,0.7,0.3,7,1.0,1.0,1.0,1.0,1.0,1.0,1.0,1.0,1.0,1.0,0.22,0.1,0.959314
params_0773,2,0.75,2.0,0.7,0.5,7,1.0,1.0,1.0,1.0,1.0,1.0,1.0,1.0,1.0,1.0,0.22,0.1,0.959314
params_0777,2,0.75,2.0,0.7,0.7,7,1.0,1.0,1.0,1.0,1.0,1.0,1.0,1.0,1.0,1.0,0.22,0.1,0.959314
params_1169,2,1.0,2.0,0.7,0.3,7,1.0,1.0,1.0,1.0,1.0,1.0,1.0,1.0,1.0,1.0,0.22,0.1,0.959314
params_1173,2,1.0,2.0,0.7,0.5,7,1.0,1.0,1.0,1.0,1.0,1.0,1.0,1.0,1.0,1.0,0.22,0.1,0.959314
params_1177,2,1.0,2.0,0.7,0.7,7,1.0,1.0,1.0,1.0,1.0,1.0,1.0,1.0,1.0,1.0,0.22,0.1,0.959314
params_2369,3,0.5,2.0,0.7,0.3,7,1.0,1.0,1.0,1.0,1.0,1.0,1.0,1.0,1.0,1.0,0.22,0.1,0.959314
params_2373,3,0.5,2.0,0.7,0.5,7,1.0,1.0,1.0,1.0,1.0,1.0,1.0,1.0,1.0,1.0,0.22,0.1,0.959314
params_2377,3,0.5,2.0,0.7,0.7,7,1.0,1.0,1.0,1.0,1.0,1.0,1.0,1.0,1.0,1.0,0.22,0.1,0.959314
params_2769,3,0.75,2.0,0.7,0.3,7,1.0,1.0,1.0,1.0,1.0,1.0,1.0,1.0,1.0,1.0,0.22,0.1,0.959314
params_2773,3,0.75,2.0,0.7,0.5,7,1.0,1.0,1.0,1.0,1.0,1.0,1.0,1.0,1.0,1.0,0.22,0.1,0.959314
params_2777,3,0.75,2.0,0.7,0.7,7,1.0,1.0,1.0,1.0,1.0,1.0,1.0,1.0,1.0,1.0,0.22,0.1,0.959314
params_3169,3,1.0,2.0,0.7,0.3,7,1.0,1.0,1.0,1.0,1.0,1.0,1.0,1.0,1.0,1.0,0.22,0.1,0.959314
params_3173,3,1.0,2.0,0.7,0.5,7,1.0,1.0,1.0,1.0,1.0,1.0,1.0,1.0,1.0,1.0,0.22,0.1,0.959314
params_3177,3,1.0,2.0,0.7,0.7,7,1.0,1.0,1.0,1.0,1.0,1.0,1.0,1.0,1.0,1.0,0.22,0.1,0.959314
params_4369,4,0.5,2.0,0.7,0.3,7,1.0,1.0,1.0,1.0,1.0,1.0,1.0,1.0,1.0,1.0,0.22,0.1,0.959314
params_4373,4,0.5,2.0,0.7,0.5,7,1.0,1.0,1.0,1.0,1.0,1.0,1.0,1.0,1.0,1.0,0.22,0.1,0.959314
params_4377,4,0.5,2.0,0.7,0.7,7,1.0,1.0,1.0,1.0,1.0,1.0,1.0,1.0,1.0,1.0,0.22,0.1,0.959314
params_4769,4,0.75,2.0,0.7,0.3,7,1.0,1.0,1.0,1.0,1.0,1.0,1.0,1.0,1.0,1.0,0.22,0.1,0.959314
params_4773,4,0.75,2.0,0.7,0.5,7,1.0,1.0,1.0,1.0,1.0,1.0,1.0,1.0,1.0,1.0,0.22,0.1,0.959314
params_4777,4,0.75,2.0,0.7,0.7,7,1.0,1.0,1.0,1.0,1.0,1.0,1.0,1.0,1.0,1.0,0.22,0.1,0.959314
params_5169,4,1.0,2.0,0.7,0.3,7,1.0,1.0,1.0,1.0,1.0,1.0,1.0,1.0,1.0,1.0,0.22,0.1,0.959314
params_5173,4,1.0,2.0,0.7,0.5,7,1.0,1.0,1.0,1.0,1.0,1.0,1.0,1.0,1.0,1.0,0.22,0.1,0.959314
params_5177,4,1.0,2.0,0.7,0.7,7,1.0,1.0,1.0,1.0,1.0,1.0,1.0,1.0,1.0,1.0,0.22,0.1,0.959314
params_6369,5,0.5,2.0,0.7,0.3,7,1.0,1.0,1.0,1.0,1.0,1.0,1.0,1.0,1.0,1.0,0.22,0.1,0.959314
params_6373,5,0.5,2.0,0.7,0.5,7,1.0,1.0,1.0,1.0,1.0,1.0,1.0,1.0,1.0,1.0,0.22,0.1,0.959314
params_6377,5,0.5,2.0,0.7,0.7,7,1.0,1.0,1.0,1.0,1.0,1.0,1.0,1.0,1.0,1.0,0.22,0.1,0.959314
params_6769,5,0.75,2.0,0.7,0.3,7,1.0,1.0,1.0,1.0,1.0,1.0,1.0,1.0,1.0,1.0,0.22,0.1,0.959314
params_6773,5,0.75,2.0,0.7,0.5,7,1.0,1.0,1.0,1.0,1.0,1.0,1.0,1.0,1.0,1.0,0.22,0.1,0.959314
params_6777,5,0.75,2.0,0.7,0.7,7,1.0,1.0,1.0,1.0,1.0,1.0,1.0,1.0,1.0,1.0,0.22,0.1,0.959314
params_7169,5,1.0,2.0,0.7,0.3,7,1.0,1.0,1.0,1.0,1.0,1.0,1.0,1.0,1.0,1.0,0.22,0.1,0.959314
params_7173,5,1.0,2.0,0.7,0.5,7,1.0,1.0,1.0,1.0,1.0,1.0,1.0,1.0,1.0,1.0,0.22,0.1,0.959314
params_7177,5,1.0,2.0,0.7,0.7,7,1.0,1.0,1.0,1.0,1.0,1.0,1.0,1.0,1.0,1.0,0.22,0.1,0.959314
params_0354,2,0.5,2.0,0.6,0.3,14,1.0,1.0,1.0,1.0,1.0,1.0,1.0,1.0,1.0,1.0,0.3,0.11,0.95052
params_0355,2,0.5,2.0,0.6,0.3,21,1.0,1.0,1.0,1.0,1.0,1.0,1.0,1.0,1.0,1.0,0.3,0.11,0.95052
params_0356,2,0.5,2.0,0.6,0.3,30,1.0,1.0,1.0,1.0,1.0,1.0,1.0,1.0,1.0,1.0,0.3,0.11,0.95052
params_0358,2,0.5,2.0,0.6,0.5,14,1.0,1.0,1.0,1.0,1.0,1.0,1.0,1.0,1.0,1.0,0.3,0.11,0.95052
params_0359,2,0.5,2.0,0.6,0.5,21,1.0,1.0,1.0,1.0,1.0,1.0,1.0,1.0,1.0,1.0,0.3,0.11,0.95052
params_0360,2,0.5,2.0,0.6,0.5,30,1.0,1.0,1.0,1.0,1.0,1.0,1.0,1.0,1.0,1.0,0.3,0.11,0.95052
params_0362,2,0.5,2.0,0.6,0.7,14,1.0,1.0,1.0,1.0,1.0,1.0,1.0,1.0,1.0,1.0,0.3,0.11,0.95052
params_0363,2,0.5,2.0,0.6,0.7,21,1.0,1.0,1.0,1.0,1.0,1.0,1.0,1.0,1.0,1.0,0.3,0.11,0.95052
params_0364,2,0.5,2.0,0.6,0.7,30,1.0,1.0,1.0,1.0,1.0,1.0,1.0,1.0,1.0,1.0,0.3,0.11,0.95052
params_0754,2,0.75,2.0,0.6,0.3,14,1.0,1.0,1.0,1.0,1.0,1.0,1.0,1.0,1.0,1.0,0.3,0.11,0.95052
params_0755,2,0.75,2.0,0.6,0.3,21,1.0,1.0,1.0,1.0,1.0,1.0,1.0,1.0,1.0,1.0,0.3,0.11,0.95052
params_0756,2,0.75,2.0,0.6,0.3,30,1.0,1.0,1.0,1.0,1.0,1.0,1.0,1.0,1.0,1.0,0.3,0.11,0.95052
params_0758,2,0.75,2.0,0.6,0.5,14,1.0,1.0,1.0,1.0,1.0,1.0,1.0,1.0,1.0,1.0,0.3,0.11,0.95052
params_0759,2,0.75,2.0,0.6,0.5,21,1.0,1.0,1.0,1.0,1.0,1.0,1.0,1.0,1.0,1.0,0.3,0.11,0.95052
params_0760,2,0.75,2.0,0.6,0.5,30,1.0,1.0,1.0,1.0,1.0,1.0,1.0,1.0,1.0,1.0,0.3,0.11,0.95052
params_0762,2,0.75,2.0,0.6,0.7,14,1.0,1.0,1.0,1.0,1.0,1.0,1.0,1.0,1.0,1.0,0.3,0.11,0.95052
params_0763,2,0.75,2.0,0.6,0.7,21,1.0,1.0,1.0,1.0,1.0,1.0,1.0,1.0,1.0,1.0,0.3,0.11,0.95052
params_0764,2,0.75,2.0,0.6,0.7,30,1.0,1.0,1.0,1.0,1.0,1.0,1.0,1.0,1.0,1.0,0.3,0.11,0.95052
params_1154,2,1.0,2.0,0.6,0.3,14,1.0,1.0,1.0,1.0,1.0,1.0,1.0,1.0,1.0,1.0,0.3,0.11,0.95052
params_1155,2,1.0,2.0,0.6,0.3,21,1.0,1.0,1.0,1.0,1.0,1.0,1.0,1.0,1.0,1.0,0.3,0.11,0.95052
params_1156,2,1.0,2.0,0.6,0.3,30,1.0,1.0,1.0,1.0,1.0,1.0,1.0,1.0,1.0,1.0,0.3,0.11,0.95052
params_1158,2,1.0,2.0,0.6,0.5,14,1.0,1.0,1.0,1.0,1.0,1.0,1.0,1.0,1.0,1.0,0.3,0.11,0.95052
params_1159,2,1.0,2.0,0.6,0.5,21,1.0,1.0,1.0,1.0,1.0,1.0,1.0,1.0,1.0,1.0,0.3,0.11,0.95052
params_1160,2,1.0,2.0,0.6,0.5,30,1.0,1.0,1.0,1.0,1.0,1.0,1.0,1.0,1.0,1.0,0.3,0.11,0.95052
params_1162,2,1.0,2.0,0.6,0.7,14,1.0,1.0,1.0,1.0,1.0,1.0,1.0,1.0,1.0,1.0,0.3,0.11,0.95052
params_1163,2,1.0,2.0,0.6,0.7,21,1.0,1.0,1.0,1.0,1.0,1.0,1.0,1.0,1.0,1.0,0.3,0.11,0.95052
params_1164,2,1.0,2.0,0.6,0.7,30,1.0,1.0,1.0,1.0,1.0,1.0,1.0,1.0,1.0,1.0,0.3,0.11,0.95052
params_2354,3,0.5,2.0,0.6,0.3,14,1.0,1.0,1.0,1.0,1.0,1.0,1.0,1.0,1.0,1.0,0.3,0.11,0.95052
params_2355,3,0.5,2.0,0.6,0.3,21,1.0,1.0,1.0,1.0,1.0,1.0,1.0,1.0,1.0,1.0,0.3,0.11,0.95052
params_2356,3,0.5,2.0,0.6,0.3,30,1.0,1.0,1.0,1.0,1.0,1.0,1.0,1.0,1.0,1.0,0.3,0.11,0.95052
params_2358,3,0.5,2.0,0.6,0.5,14,1.0,1.0,1.0,1.0,1.0,1.0,1.0,1.0,1.0,1.0,0.3,0.11,0.95052
params_2359,3,0.5,2.0,0.6,0.5,21,1.0,1.0,1.0,1.0,1.0,1.0,1.0,1.0,1.0,1.0,0.3,0.11,0.95052
params_2360,3,0.5,2.0,0.6,0.5,30,1.0,1.0,1.0,1.0,1.0,1.0,1.0,1.0,1.0,1.0,0.3,0.11,0.95052
params_2362,3,0.5,2.0,0.6,0.7,14,1.0,1.0,1.0,1.0,1.0,1.0,1.0,1.0,1.0,1.0,0.3,0.11,0.95052
params_2363,3,0.5,2.0,0.6,0.7,21,1.0,1.0,1.0,1.0,1.0,1.0,1.0,1.0,1.0,1.0,0.3,0.11,0.95052
params_2364,3,0.5,2.0,0.6,0.7,30,1.0,1.0,1.0,1.0,1.0,1.0,1.0,1.0,1.0,1.0,0.3,0.11,0.95052
params_2754,3,0.75,2.0,0.6,0.3,14,1.0,1.0,1.0,1.0,1.0,1.0,1.0,1.0,1.0,1.0,0.3,0.11,0.95052
params_2755,3,0.75,2.0,0.6,0.3,21,1.0,1.0,1.0,1.0,1.0,1.0,1.0,1.0,1.0,1.0,0.3,0.11,0.95052
params_2756,3,0.75,2.0,0.6,0.3,30,1.0,1.0,1.0,1.0,1.0,1.0,1.0,1.0,1.0,1.0,0.3,0.11,0.95052
params_2758,3,0.75,2.0,0.6,0.5,14,1.0,1.0,1.0,1.0,1.0,1.0,1.0,1.0,1.0,1.0,0.3,0.11,0.95052
params_2759,3,0.75,2.0,0.6,0.5,21,1.0,1.0,1.0,1.0,1.0,1.0,1.0,1.0,1.0,1.0,0.3,0.11,0.95052
params_2760,3,0.75,2.0,0.6,0.5,30,1.0,1.0,1.0,1.0,1.0,1.0,1.0,1.0,1.0,1.0,0.3,0.11,0.95052
params_2762,3,0.75,2.0,0.6,0.7,14,1.0,1.0,1.0,1.0,1.0,1.0,1.0,1.0,1.0,1.0,0.3,0.11,0.95052
params_2763,3,0.75,2.0,0.6,0.7,21,1.0,1.0,1.0,1.0,1.0,1.0,1.0,1.0,1.0,1.0,0.3,0.11,0.95052
params_2764,3,0.75,2.0,0.6,0.7,30,1.0,1.0,1.0,1.0,1.0,1.0,1.0,1.0,1.0,1.0,0.3,0.11,0.95052
params_3154,3,1.0,2.0,0.6,0.3,14,1.0,1.0,1.0,1.0,1.0,1.0,1.0,1.0,1.0,1.0,0.3,0.11,0.95052
params_3155,3,1.0,2.0,0.6,0.3,21,1.0,1.0,1.0,1.0,1.0,1.0,1.0,1.0,1.0,1.0,0.3,0.11,0.95052
params_3156,3,1.0,2.0,0.6,0.3,30,1.0,1.0,1.0,1.0,1.0,1.0,1.0,1.0,1.0,1.0,0.3,0.11,0.95052
params_3158,3,1.0,2.0,0.6,0.5,14,1.0,1.0,1.0,1.0,1.0,1.0,1.0,1.0,1.0,1.0,0.3,0.11,0.95052
params_3159,3,1.0,2.0,0.6,0.5,21,1.0,1.0,1.0,1.0,1.0,1.0,1.0,1.0,1.0,1.0,0.3,0.11,0.95052
params_3160,3,1.0,2.0,0.6,0.5,30,1.0,1.0,1.0,1.0,1.0,1.0,1.0,1.0,1.0,1.0,0.3,0.11,0.95052
params_3162,3,1.0,2.0,0.6,0.7,14,1.0,1.0,1.0,1.0,1.0,1.0,1.0,1.0,1.0,1.0,0.3,0.11,0.95052
params_3163,3,1.0,2.0,0.6,0.7,21,1.0,1.0,1.0,1.0,1.0,1.0,1.0,1.0,1.0,1.0,0.3,0.11,0.95052
params_3164,3,1.0,2.0,0.6,0.7,30,1.0,1.0,1.0,1.0,1.0,1.0,1.0,1.0,1.0,1.0,0.3,0.11,0.95052
params_4354,4,0.5,2.0,0.6,0.3,14,1.0,1.0,1.0,1.0,1.0,1.0,1.0,1.0,1.0,1.0,0.3,0.11,0.95052
params_4355,4,0.5,2.0,0.6,0.3,21,1.0,1.0,1.0,1.0,1.0,1.0,1.0,1.0,1.0,1.0,0.3,0.11,0.95052
params_4356,4,0.5,2.0,0.6,0.3,30,1.0,1.0,1.0,1.0,1.0,1.0,1.0,1.0,1.0,1.0,0.3,0.11,0.95052
params_4358,4,0.5,2.0,0.6,0.5,14,1.0,1.0,1.0,1.0,1.0,1.0,1.0,1.0,1.0,1.0,0.3,0.11,0.95052
params_4359,4,0.5,2.0,0.6,0.5,21,1.0,1.0,1.0,1.0,1.0,1.0,1.0,1.0,1.0,1.0,0.3,0.11,0.95052
params_4360,4,0.5,2.0,0.6,0.5,30,1.0,1.0,1.0,1.0,1.0,1.0,1.0,1.0,1.0,1.0,0.3,0.11,0.95052
params_4362,4,0.5,2.0,0.6,0.7,14,1.0,1.0,1.0,1.0,1.0,1.0,1.0,1.0,1.0,1.0,0.3,0.11,0.95052
params_4363,4,0.5,2.0,0.6,0.7,21,1.0,1.0,1.0,1.0,1.0,1.0,1.0,1.0,1.0,1.0,0.3,0.11,0.95052
params_4364,4,0.5,2.0,0.6,0.7,30,1.0,1.0,1.0,1.0,1.0,1.0,1.0,1.0,1.0,1.0,0.3,0.11,0.95052
params_4754,4,0.75,2.0,0.6,0.3,14,1.0,1.0,1.0,1.0,1.0,1.0,1.0,1.0,1.0,1.0,0.3,0.11,0.95052
params_4755,4,0.75,2.0,0.6,0.3,21,1.0,1.0,1.0,1.0,1.0,1.0,1.0,1.0,1.0,1.0,0.3,0.11,0.95052
params_4756,4,0.75,2.0,0.6,0.3,30,1.0,1.0,1.0,1.0,1.0,1.0,1.0,1.0,1.0,1.0,0.3,0.11,0.95052
params_4758,4,0.75,2.0,0.6,0.5,14,1.0,1.0,1.0,1.0,1.0,1.0,1.0,1.0,1.0,1.0,0.3,0.11,0.95052
params_4759,4,0.75,2.0,0.6,0.5,21,1.0,1.0,1.0,1.0,1.0,1.0,1.0,1.0,1.0,1.0,0.3,0.11,0.95052
params_4760,4,0.75,2.0,0.6,0.5,30,1.0,1.0,1.0,1.0,1.0,1.0,1.0,1.0,1.0,1.0,0.3,0.11,0.95052
params_4762,4,0.75,2.0,0.6,0.7,14,1.0,1.0,1.0,1.0,1.0,1.0,1.0,1.0,1.0,1.0,0.3,0.11,0.95052
params_4763,4,0.75,2.0,0.6,0.7,21,1.0,1.0,1.0,1.0,1.0,1.0,1.0,1.0,1.0,1.0,0.3,0.11,0.95052
params_4764,4,0.75,2.0,0.6,0.7,30,1.0,1.0,1.0,1.0,1.0,1.0,1.0,1.0,1.0,1.0,0.3,0.11,0.95052
params_5154,4,1.0,2.0,0.6,0.3,14,1.0,1.0,1.0,1.0,1.0,1.0,1.0,1.0,1.0,1.0,0.3,0.11,0.95052
params_5155,4,1.0,2.0,0.6,0.3,21,1.0,1.0,1.0,1.0,1.0,1.0,1.0,1.0,1.0,1.0,0.3,0.11,0.95052
params_5156,4,1.0,2.0,0.6,0.3,30,1.0,1.0,1.0,1.0,1.0,1.0,1.0,1.0,1.0,1.0,0.3,0.11,0.95052
params_5158,4,1.0,2.0,0.6,0.5,14,1.0,1.0,1.0,1.0,1.0,1.0,1.0,1.0,1.0,1.0,0.3,0.11,0.95052
params_5159,4,1.0,2.0,0.6,0.5,21,1.0,1.0,1.0,1.0,1.0,1.0,1.0,1.0,1.0,1.0,0.3,0.11,0.95052
params_5160,4,1.0,2.0,0.6,0.5,30,1.0,1.0,1.0,1.0,1.0,1.0,1.0,1.0,1.0,1.0,0.3,0.11,0.95052
params_5162,4,1.0,2.0,0.6,0.7,14,1.0,1.0,1.0,1.0,1.0,1.0,1.0,1.0,1.0,1.0,0.3,0.11,0.95052
params_5163,4,1.0,2.0,0.6,0.7,21,1.0,1.0,1.0,1.0,1.0,1.0,1.0,1.0,1.0,1.0,0.3,0.11,0.95052
params_5164,4,1.0,2.0,0.6,0.7,30,1.0,1.0,1.0,1.0,1.0,1.0,1.0,1.0,1.0,1.0,0.3,0.11,0.95052
params_6354,5,0.5,2.0,0.6,0.3,14,1.0,1.0,1.0,1.0,1.0,1.0,1.0,1.0,1.0,1.0,0.3,0.11,0.95052
params_6355,5,0.5,2.0,0.6,0.3,21,1.0,1.0,1.0,1.0,1.0,1.0,1.0,1.0,1.0,1.0,0.3,0.11,0.95052
params_6356,5,0.5,2.0,0.6,0.3,30,1.0,1.0,1.0,1.0,1.0,1.0,1.0,1.0,1.0,1.0,0.3,0.11,0.95052
params_6358,5,0.5,2.0,0.6,0.5,14,1.0,1.0,1.0,1.0,1.0,1.0,1.0,1.0,1.0,1.0,0.3,0.11,0.95052
params_6359,5,0.5,2.0,0.6,0.5,21,1.0,1.0,1.0,1.0,1.0,1.0,1.0,1.0,1.0,1.0,0.3,0.11,0.95052
params_6360,5,0.5,2.0,0.6,0.5,30,1.0,1.0,1.0,1.0,1.0,1.0,1.0,1.0,1.0,1.0,0.3,0.11,0.95052
params_6362,5,0.5,2.0,0.6,0.7,14,1.0,1.0,1.0,1.0,1.0,1.0,1.0,1.0,1.0,1.0,0.3,0.11,0.95052
params_6363,5,0.5,2.0,0.6,0.7,21,1.0,1.0,1.0,1.0,1.0,1.0,1.0,1.0,1.0,1.0,0.3,0.11,0.95052
params_6364,5,0.5,2.0,0.6,0.7,30,1.0,1.0,1.0,1.0,1.0,1.0,1.0,1.0,1.0,1.0,0.3,0.11,0.95052
params_6754,5,0.75,2.0,0.6,0.3,14,1.0,1.0,1.0,1.0,1.0,1.0,1.0,1.0,1.0,1.0,0.3,0.11,0.95052
params_6755,5,0.75,2.0,0.6,0.3,21,1.0,1.0,1.0,1.0,1.0,1.0,1.0,1.0,1.0,1.0,0.3,0.11,0.95052
params_6756,5,0.75,2.0,0.6,0.3,30,1.0,1.0,1.0,1.0,1.0,1.0,1.0,1.0,1.0,1.0,0.3,0.11,0.95052
params_6758,5,0.75,2.0,0.6,0.5,14,1.0,1.0,1.0,1.0,1.0,1.0,1.0,1.0,1.0,1.0,0.3,0.11,0.95052
params_6759,5,0.75,2.0,0.6,0.5,21,1.0,1.0,1.0,1.0,1.0,1.0,1.0,1.0,1.0,1.0,0.3,0.11,0.95052
params_6760,5,0.75,2.0,0.6,0.5,30,1.0,1.0,1.0,1.0,1.0,1.0,1.0,1.0,1.0,1.0,0.3,0.11,0.95052
params_6762,5,0.75,2.0,0.6,0.7,14,1.0,1.0,1.0,1.0,1.0,1.0,1.0,1.0,1.0,1.0,0.3,0.11,0.95052
params_6763,5,0.75,2.0,0.6,0.7,21,1.0,1.0,1.0,1.0,1.0,1.0,1.0,1.0,1.0,1.0,0.3,0.11,0.95052
params_6764,5,0.75,2.0,0.6,0.7,30,1.0,1.0,1.0,1.0,1.0,1.0,1.0,1.0,1.0,1.0,0.3,0.11,0.95052
params_7154,5,1.0,2.0,0.6,0.3,14,1.0,1.0,1.0,1.0,1.0,1.0,1.0,1.0,1.0,1.0,0.3,0.11,0.95052
params_7155,5,1.0,2.0,0.6,0.3,21,1.0,1.0,1.0,1.0,1.0,1.0,1.0,1.0,1.0,1.0,0.3,0.11,0.95052
params_7156,5,1.0,2.0,0.6,0.3,30,1.0,1.0,1.0,1.0,1.0,1.0,1.0,1.0,1.0,1.0,0.3,0.11,0.95052
params_7158,5,1.0,2.0,0.6,0.5,14,1.0,1.0,1.0,1.0,1.0,1.0,1.0,1.0,1.0,1.0,0.3,0.11,0.95052
params_7159,5,1.0,2.0,0.6,0.5,21,1.0,1.0,1.0,1.0,1.0,1.0,1.0,1.0,1.0,1.0,0.3,0.11,0.95052
params_7160,5,1.0,2.0,0.6,0.5,30,1.0,1.0,1.0,1.0,1.0,1.0,1.0,1.0,1.0,1.0,0.3,0.11,0.95052
params_7162,5,1.0,2.0,0.6,0.7,14,1.0,1.0,1.0,1.0,1.0,1.0,1.0,1.0,1.0,1.0,0.3,0.11,0.95052
params_7163,5,1.0,2.0,0.6,0.7,21,1.0,1.0,1.0,1.0,1.0,1.0,1.0,1.0,1.0,1.0,0.3,0.11,0.95052
params_7164,5,1.0,2.0,0.6,0.7,30,1.0,1.0,1.0,1.0,1.0,1.0,1.0,1.0,1.0,1.0,0.3,0.11,0.95052
params_0353,2,0.5,2.0,0.6,0.3,7,1.0,1.0,1.0,1.0,1.0,1.0,1.0,1.0,1.0,1.0,0.3,0.12,0.949313
params_0357,2,0.5,2.0,0.6,0.5,7,1.0,1.0,1.0,1.0,1.0,1.0,1.0,1.0,1.0,1.0,0.3,0.12,0.949313
params_0361,2,0.5,2.0,0.6,0.7,7,1.0,1.0,1.0,1.0,1.0,1.0,1.0,1.0,1.0,1.0,0.3,0.12,0.949313
params_0753,2,0.75,2.0,0.6,0.3,7,1.0,1.0,1.0,1.0,1.0,1.0,1.0,1.0,1.0,1.0,0.3,0.12,0.949313
params_0757,2,0.75,2.0,0.6,0.5,7,1.0,1.0,1.0,1.0,1.0,1.0,1.0,1.0,1.0,1.0,0.3,0.12,0.949313
params_0761,2,0.75,2.0,0.6,0.7,7,1.0,1.0,1.0,1.0,1.0,1.0,1.0,1.0,1.0,1.0,0.3,0.12,0.949313
params_1153,2,1.0,2.0,0.6,0.3,7,1.0,1.0,1.0,1.0,1.0,1.0,1.0,1.0,1.0,1.0,0.3,0.12,0.949313
params_1157,2,1.0,2.0,0.6,0.5,7,1.0,1.0,1.0,1.0,1.0,1.0,1.0,1.0,1.0,1.0,0.3,0.12,0.949313
params_1161,2,1.0,2.0,0.6,0.7,7,1.0,1.0,1.0,1.0,1.0,1.0,1.0,1.0,1.0,1.0,0.3,0.12,0.949313
params_2353,3,0.5,2.0,0.6,0.3,7,1.0,1.0,1.0,1.0,1.0,1.0,1.0,1.0,1.0,1.0,0.3,0.12,0.949313
params_2357,3,0.5,2.0,0.6,0.5,7,1.0,1.0,1.0,1.0,1.0,1.0,1.0,1.0,1.0,1.0,0.3,0.12,0.949313
params_2361,3,0.5,2.0,0.6,0.7,7,1.0,1.0,1.0,1.0,1.0,1.0,1.0,1.0,1.0,1.0,0.3,0.12,0.949313
params_2753,3,0.75,2.0,0.6,0.3,7,1.0,1.0,1.0,1.0,1.0,1.0,1.0,1.0,1.0,1.0,0.3,0.12,0.949313
params_2757,3,0.75,2.0,0.6,0.5,7,1.0,1.0,1.0,1.0,1.0,1.0,1.0,1.0,1.0,1.0,0.3,0.12,0.949313
params_2761,3,0.75,2.0,0.6,0.7,7,1.0,1.0,1.0,1.0,1.0,1.0,1.0,1.0,1.0,1.0,0.3,0.12,0.949313
params_3153,3,1.0,2.0,0.6,0.3,7,1.0,1.0,1.0,1.0,1.0,1.0,1.0,1.0,1.0,1.0,0.3,0.12,0.949313
params_3157,3,1.0,2.0,0.6,0.5,7,1.0,1.0,1.0,1.0,1.0,1.0,1.0,1.0,1.0,1.0,0.3,0.12,0.949313
params_3161,3,1.0,2.0,0.6,0.7,7,1.0,1.0,1.0,1.0,1.0,1.0,1.0,1.0,1.0,1.0,0.3,0.12,0.949313
params_4353,4,0.5,2.0,0.6,0.3,7,1.0,1.0,1.0,1.0,1.0,1.0,1.0,1.0,1.0,1.0,0.3,0.12,0.949313
params_4357,4,0.5,2.0,0.6,0.5,7,1.0,1.0,1.0,1.0,1.0,1.0,1.0,1.0,1.0,1.0,0.3,0.12,0.949313
params_4361,4,0.5,2.0,0.6,0.7,7,1.0,1.0,1.0,1.0,1.0,1.0,1.0,1.0,1.0,1.0,0.3,0.12,0.949313
params_4753,4,0.75,2.0,0.6,0.3,7,1.0,1.0,1.0,1.0,1.0,1.0,1.0,1.0,1.0,1.0,0.3,0.12,0.949313
params_4757,4,0.75,2.0,0.6,0.5,7,1.0,1.0,1.0,1.0,1.0,1.0,1.0,1.0,1.0,1.0,0.3,0.12,0.949313
params_4761,4,0.75,2.0,0.6,0.7,7,1.0,1.0,1.0,1.0,1.0,1.0,1.0,1.0,1.0,1.0,0.3,0.12,0.949313
params_5153,4,1.0,2.0,0.6,0.3,7,1.0,1.0,1.0,1.0,1.0,1.0,1.0,1.0,1.0,1.0,0.3,0.12,0.949313
params_5157,4,1.0,2.0,0.6,0.5,7,1.0,1.0,1.0,1.0,1.0,1.0,1.0,1.0,1.0,1.0,0.3,0.12,0.949313
params_5161,4,1.0,2.0,0.6,0.7,7,1.0,1.0,1.0,1.0,1.0,1.0,1.0,1.0,1.0,1.0,0.3,0.12,0.949313
params_6353,5,0.5,2.0,0.6,0.3,7,1.0,1.0,1.0,1.0,1.0,1.0,1.0,1.0,1.0,1.0,0.3,0.12,0.949313
params_6357,5,0.5,2.0,0.6,0.5,7,1.0,1.0,1.0,1.0,1.0,1.0,1.0,1.0,1.0,1.0,0.3,0.12,0.949313
params_6361,5,0.5,2.0,0.6,0.7,7,1.0,1.0,1.0,1.0,1.0,1.0,1.0,1.0,1.0,1.0,0.3,0.12,0.949313
params_6753,5,0.75,2.0,0.6,0.3,7,1.0,1.0,1.0,1.0,1.0,1.0,1.0,1.0,1.0,1.0,0.3,0.12,0.949313
params_6757,5,0.75,2.0,0.6,0.5,7,1.0,1.0,1.0,1.0,1.0,1.0,1.0,1.0,1.0,1.0,0.3,0.12,0.949313
params_6761,5,0.75,2.0,0.6,0.7,7,1.0,1.0,1.0,1.0,1.0,1.0,1.0,1.0,1.0,1.0,0.3,0.12,0.949313
params_7153,5,1.0,2.0,0.6,0.3,7,1.0,1.0,1.0,1.0,1.0,1.0,1.0,1.0,1.0,1.0,0.3,0.12,0.949313
params_7157,5,1.0,2.0,0.6,0.5,7,1.0,1.0,1.0,1.0,1.0,1.0,1.0,1.0,1.0,1.0,0.3,0.12,0.949313
params_7161,5,1.0,2.0,0.6,0.7,7,1.0,1.0,1.0,1.0,1.0,1.0,1.0,1.0,1.0,1.0,0.3,0.12,0.949313
params_0337,2,0.5,2.0,0.5,0.3,7,1.0,1.0,1.0,1.0,1.0,1.0,1.0,1.0,1.0,1.0,0.38,0.14,0.940275
params_0338,2,0.5,2.0,0.5,0.3,14,1.0,1.0,1.0,1.0,1.0,1.0,1.0,1.0,1.0,1.0,0.38,0.14,0.940275
params_0339,2,0.5,2.0,0.5,0.3,21,1.0,1.0,1.0,1.0,1.0,1.0,1.0,1.0,1.0,1.0,0.38,0.14,0.940275
params_0340,2,0.5,2.0,0.5,0.3,30,1.0,1.0,1.0,1.0,1.0,1.0,1.0,1.0,1.0,1.0,0.38,0.14,0.940275
params_0341,2,0.5,2.0,0.5,0.5,7,1.0,1.0,1.0,1.0,1.0,1.0,1.0,1.0,1.0,1.0,0.38,0.14,0.940275
params_0342,2,0.5,2.0,0.5,0.5,14,1.0,1.0,1.0,1.0,1.0,1.0,1.0,1.0,1.0,1.0,0.38,0.14,0.940275
params_0343,2,0.5,2.0,0.5,0.5,21,1.0,1.0,1.0,1.0,1.0,1.0,1.0,1.0,1.0,1.0,0.38,0.14,0.940275
params_0344,2,0.5,2.0,0.5,0.5,30,1.0,1.0,1.0,1.0,1.0,1.0,1.0,1.0,1.0,1.0,0.38,0.14,0.940275
params_0345,2,0.5,2.0,0.5,0.7,7,1.0,1.0,1.0,1.0,1.0,1.0,1.0,1.0,1.0,1.0,0.38,0.14,0.940275
params_0346,2,0.5,2.0,0.5,0.7,14,1.0,1.0,1.0,1.0,1.0,1.0,1.0,1.0,1.0,1.0,0.38,0.14,0.940275
params_0347,2,0.5,2.0,0.5,0.7,21,1.0,1.0,1.0,1.0,1.0,1.0,1.0,1.0,1.0,1.0,0.38,0.14,0.940275
params_0348,2,0.5,2.0,0.5,0.7,30,1.0,1.0,1.0,1.0,1.0,1.0,1.0,1.0,1.0,1.0,0.38,0.14,0.940275
params_0737,2,0.75,2.0,0.5,0.3,7,1.0,1.0,1.0,1.0,1.0,1.0,1.0,1.0,1.0,1.0,0.38,0.14,0.940275
params_0738,2,0.75,2.0,0.5,0.3,14,1.0,1.0,1.0,1.0,1.0,1.0,1.0,1.0,1.0,1.0,0.38,0.14,0.940275
params_0739,2,0.75,2.0,0.5,0.3,21,1.0,1.0,1.0,1.0,1.0,1.0,1.0,1.0,1.0,1.0,0.38,0.14,0.940275
params_0740,2,0.75,2.0,0.5,0.3,30,1.0,1.0,1.0,1.0,1.0,1.0,1.0,1.0,1.0,1.0,0.38,0.14,0.940275
params_0741,2,0.75,2.0,0.5,0.5,7,1.0,1.0,1.0,1.0,1.0,1.0,1.0,1.0,1.0,1.0,0.38,0.14,0.940275
params_0742,2,0.75,2.0,0.5,0.5,14,1.0,1.0,1.0,1.0,1.0,1.0,1.0,1.0,1.0,1.0,0.38,0.14,0.940275
params_0743,2,0.75,2.0,0.5,0.5,21,1.0,1.0,1.0,1.0,1.0,1.0,1.0,1.0,1.0,1.0,0.38,0.14,0.940275
params_0744,2,0.75,2.0,0.5,0.5,30,1.0,1.0,1.0,1.0,1.0,1.0,1.0,1.0,1.0,1.0,0.38,0.14,0.940275
params_0745,2,0.75,2.0,0.5,0.7,7,1.0,1.0,1.0,1.0,1.0,1.0,1.0,1.0,1.0,1.0,0.38,0.14,0.940275
params_0746,2,0.75,2.0,0.5,0.7,14,1.0,1.0,1.0,1.0,1.0,1.0,1.0,1.0,1.0,1.0,0.38,0.14,0.940275
params_0747,2,0.75,2.0,0.5,0.7,21,1.0,1.0,1.0,1.0,1.0,1.0,1.0,1.0,1.0,1.0,0.38,0.14,0.940275
params_0748,2,0.75,2.0,0.5,0.7,30,1.0,1.0,1.0,1.0,1.0,1.0,1.0,1.0,1.0,1.0,0.38,0.14,0.940275
params_1137,2,1.0,2.0,0.5,0.3,7,1.0,1.0,1.0,1.0,1.0,1.0,1.0,1.0,1.0,1.0,0.38,0.14,0.940275
params_1138,2,1.0,2.0,0.5,0.3,14,1.0,1.0,1.0,1.0,1.0,1.0,1.0,1.0,1.0,1.0,0.38,0.14,0.940275
params_1139,2,1.0,2.0,0.5,0.3,21,1.0,1.0,1.0,1.0,1.0,1.0,1.0,1.0,1.0,1.0,0.38,0.14,0.940275
params_1140,2,1.0,2.0,0.5,0.3,30,1.0,1.0,1.0,1.0,1.0,1.0,1.0,1.0,1.0,1.0,0.38,0.14,0.940275
params_1141,2,1.0,2.0,0.5,0.5,7,1.0,1.0,1.0,1.0,1.0,1.0,1.0,1.0,1.0,1.0,0.38,0.14,0.940275
params_1142,2,1.0,2.0,0.5,0.5,14,1.0,1.0,1.0,1.0,1.0,1.0,1.0,1.0,1.0,1.0,0.38,0.14,0.940275
params_1143,2,1.0,2.0,0.5,0.5,21,1.0,1.0,1.0,1.0,1.0,1.0,1.0,1.0,1.0,1.0,0.38,0.14,0.940275
params_1144,2,1.0,2.0,0.5,0.5,30,1.0,1.0,1.0,1.0,1.0,1.0,1.0,1.0,1.0,1.0,0.38,0.14,0.940275
params_1145,2,1.0,2.0,0.5,0.7,7,1.0,1.0,1.0,1.0,1.0,1.0,1.0,1.0,1.0,1.0,0.38,0.14,0.940275
params_1146,2,1.0,2.0,0.5,0.7,14,1.0,1.0,1.0,1.0,1.0,1.0,1.0,1.0,1.0,1.0,0.38,0.14,0.940275
params_1147,2,1.0,2.0,0.5,0.7,21,1.0,1.0,1.0,1.0,1.0,1.0,1.0,1.0,1.0,1.0,0.38,0.14,0.940275
params_1148,2,1.0,2.0,0.5,0.7,30,1.0,1.0,1.0,1.0,1.0,1.0,1.0,1.0,1.0,1.0,0.38,0.14,0.940275
params_2337,3,0.5,2.0,0.5,0.3,7,1.0,1.0,1.0,1.0,1.0,1.0,1.0,1.0,1.0,1.0,0.38,0.14,0.940275
params_2338,3,0.5,2.0,0.5,0.3,14,1.0,1.0,1.0,1.0,1.0,1.0,1.0,1.0,1.0,1.0,0.38,0.14,0.940275
params_2339,3,0.5,2.0,0.5,0.3,21,1.0,1.0,1.0,1.0,1.0,1.0,1.0,1.0,1.0,1.0,0.38,0.14,0.940275
params_2340,3,0.5,2.0,0.5,0.3,30,1.0,1.0,1.0,1.0,1.0,1.0,1.0,1.0,1.0,1.0,0.38,0.14,0.940275
params_2341,3,0.5,2.0,0.5,0.5,7,1.0,1.0,1.0,1.0,1.0,1.0,1.0,1.0,1.0,1.0,0.38,0.14,0.940275
params_2342,3,0.5,2.0,0.5,0.5,14,1.0,1.0,1.0,1.0,1.0,1.0,1.0,1.0,1.0,1.0,0.38,0.14,0.940275
params_2343,3,0.5,2.0,0.5,0.5,21,1.0,1.0,1.0,1.0,1.0,1.0,1.0,1.0,1.0,1.0,0.38,0.14,0.940275
params_2344,3,0.5,2.0,0.5,0.5,30,1.0,1.0,1.0,1.0,1.0,1.0,1.0,1.0,1.0,1.0,0.38,0.14,0.940275
params_2345,3,0.5,2.0,0.5,0.7,7,1.0,1.0,1.0,1.0,1.0,1.0,1.0,1.0,1.0,1.0,0.38,0.14,0.940275
params_2346,3,0.5,2.0,0.5,0.7,14,1.0,1.0,1.0,1.0,1.0,1.0,1.0,1.0,1.0,1.0,0.38,0.14,0.940275
params_2347,3,0.5,2.0,0.5,0.7,21,1.0,1.0,1.0,1.0,1.0,1.0,1.0,1.0,1.0,1.0,0.38,0.14,0.940275
params_2348,3,0.5,2.0,0.5,0.7,30,1.0,1.0,1.0,1.0,1.0,1.0,1.0,1.0,1.0,1.0,0.38,0.14,0.940275
params_2737,3,0.75,2.0,0.5,0.3,7,1.0,1.0,1.0,1.0,1.0,1.0,1.0,1.0,1.0,1.0,0.38,0.14,0.940275
params_2738,3,0.75,2.0,0.5,0.3,14,1.0,1.0,1.0,1.0,1.0,1.0,1.0,1.0,1.0,1.0,0.38,0.14,0.940275
params_2739,3,0.75,2.0,0.5,0.3,21,1.0,1.0,1.0,1.0,1.0,1.0,1.0,1.0,1.0,1.0,0.38,0.14,0.940275
params_2740,3,0.75,2.0,0.5,0.3,30,1.0,1.0,1.0,1.0,1.0,1.0,1.0,1.0,1.0,1.0,0.38,0.14,0.940275
params_2741,3,0.75,2.0,0.5,0.5,7,1.0,1.0,1.0,1.0,1.0,1.0,1.0,1.0,1.0,1.0,0.38,0.14,0.940275
params_2742,3,0.75,2.0,0.5,0.5,14,1.0,1.0,1.0,1.0,1.0,1.0,1.0,1.0,1.0,1.0,0.38,0.14,0.940275
params_2743,3,0.75,2.0,0.5,0.5,21,1.0,1.0,1.0,1.0,1.0,1.0,1.0,1.0,1.0,1.0,0.38,0.14,0.940275
params_2744,3,0.75,2.0,0.5,0.5,30,1.0,1.0,1.0,1.0,1.0,1.0,1.0,1.0,1.0,1.0,0.38,0.14,0.940275
params_2745,3,0.75,2.0,0.5,0.7,7,1.0,1.0,1.0,1.0,1.0,1.0,1.0,1.0,1.0,1.0,0.38,0.14,0.940275
params_2746,3,0.75,2.0,0.5,0.7,14,1.0,1.0,1.0,1.0,1.0,1.0,1.0,1.0,1.0,1.0,0.38,0.14,0.940275
params_2747,3,0.75,2.0,0.5,0.7,21,1.0,1.0,1.0,1.0,1.0,1.0,1.0,1.0,1.0,1.0,0.38,0.14,0.940275
params_2748,3,0.75,2.0,0.5,0.7,30,1.0,1.0,1.0,1.0,1.0,1.0,1.0,1.0,1.0,1.0,0.38,0.14,0.940275
params_3137,3,1.0,2.0,0.5,0.3,7,1.0,1.0,1.0,1.0,1.0,1.0,1.0,1.0,1.0,1.0,0.38,0.14,0.940275
params_3138,3,1.0,2.0,0.5,0.3,14,1.0,1.0,1.0,1.0,1.0,1.0,1.0,1.0,1.0,1.0,0.38,0.14,0.940275
params_3139,3,1.0,2.0,0.5,0.3,21,1.0,1.0,1.0,1.0,1.0,1.0,1.0,1.0,1.0,1.0,0.38,0.14,0.940275
params_3140,3,1.0,2.0,0.5,0.3,30,1.0,1.0,1.0,1.0,1.0,1.0,1.0,1.0,1.0,1.0,0.38,0.14,0.940275
params_3141,3,1.0,2.0,0.5,0.5,7,1.0,1.0,1.0,1.0,1.0,1.0,1.0,1.0,1.0,1.0,0.38,0.14,0.940275
params_3142,3,1.0,2.0,0.5,0.5,14,1.0,1.0,1.0,1.0,1.0,1.0,1.0,1.0,1.0,1.0,0.38,0.14,0.940275
params_3143,3,1.0,2.0,0.5,0.5,21,1.0,1.0,1.0,1.0,1.0,1.0,1.0,1.0,1.0,1.0,0.38,0.14,0.940275
params_3144,3,1.0,2.0,0.5,0.5,30,1.0,1.0,1.0,1.0,1.0,1.0,1.0,1.0,1.0,1.0,0.38,0.14,0.940275
params_3145,3,1.0,2.0,0.5,0.7,7,1.0,1.0,1.0,1.0,1.0,1.0,1.0,1.0,1.0,1.0,0.38,0.14,0.940275
params_3146,3,1.0,2.0,0.5,0.7,14,1.0,1.0,1.0,1.0,1.0,1.0,1.0,1.0,1.0,1.0,0.38,0.14,0.940275
params_3147,3,1.0,2.0,0.5,0.7,21,1.0,1.0,1.0,1.0,1.0,1.0,1.0,1.0,1.0,1.0,0.38,0.14,0.940275
params_3148,3,1.0,2.0,0.5,0.7,30,1.0,1.0,1.0,1.0,1.0,1.0,1.0,1.0,1.0,1.0,0.38,0.14,0.940275
params_4337,4,0.5,2.0,0.5,0.3,7,1.0,1.0,1.0,1.0,1.0,1.0,1.0,1.0,1.0,1.0,0.38,0.14,0.940275
params_4338,4,0.5,2.0,0.5,0.3,14,1.0,1.0,1.0,1.0,1.0,1.0,1.0,1.0,1.0,1.0,0.38,0.14,0.940275
params_4339,4,0.5,2.0,0.5,0.3,21,1.0,1.0,1.0,1.0,1.0,1.0,1.0,1.0,1.0,1.0,0.38,0.14,0.940275
params_4340,4,0.5,2.0,0.5,0.3,30,1.0,1.0,1.0,1.0,1.0,1.0,1.0,1.0,1.0,1.0,0.38,0.14,0.940275
params_4341,4,0.5,2.0,0.5,0.5,7,1.0,1.0,1.0,1.0,1.0,1.0,1.0,1.0,1.0,1.0,0.38,0.14,0.940275
params_4342,4,0.5,2.0,0.5,0.5,14,1.0,1.0,1.0,1.0,1.0,1.0,1.0,1.0,1.0,1.0,0.38,0.14,0.940275
params_4343,4,0.5,2.0,0.5,0.5,21,1.0,1.0,1.0,1.0,1.0,1.0,1.0,1.0,1.0,1.0,0.38,0.14,0.940275
params_4344,4,0.5,2.0,0.5,0.5,30,1.0,1.0,1.0,1.0,1.0,1.0,1.0,1.0,1.0,1.0,0.38,0.14,0.940275
params_4345,4,0.5,2.0,0.5,0.7,7,1.0,1.0,1.0,1.0,1.0,1.0,1.0,1.0,1.0,1.0,0.38,0.14,0.940275
params_4346,4,0.5,2.0,0.5,0.7,14,1.0,1.0,1.0,1.0,1.0,1.0,1.0,1.0,1.0,1.0,0.38,0.14,0.940275
params_4347,4,0.5,2.0,0.5,0.7,21,1.0,1.0,1.0,1.0,1.0,1.0,1.0,1.0,1.0,1.0,0.38,0.14,0.940275
params_4348,4,0.5,2.0,0.5,0.7,30,1.0,1.0,1.0,1.0,1.0,1.0,1.0,1.0,1.0,1.0,0.38,0.14,0.940275
params_4737,4,0.75,2.0,0.5,0.3,7,1.0,1.0,1.0,1.0,1.0,1.0,1.0,1.0,1.0,1.0,0.38,0.14,0.940275
params_4738,4,0.75,2.0,0.5,0.3,14,1.0,1.0,1.0,1.0,1.0,1.0,1.0,1.0,1.0,1.0,0.38,0.14,0.940275
params_4739,4,0.75,2.0,0.5,0.3,21,1.0,1.0,1.0,1.0,1.0,1.0,1.0,1.0,1.0,1.0,0.38,0.14,0.940275
params_4740,4,0.75,2.0,0.5,0.3,30,1.0,1.0,1.0,1.0,1.0,1.0,1.0,1.0,1.0,1.0,0.38,0.14,0.940275
params_4741,4,0.75,2.0,0.5,0.5,7,1.0,1.0,1.0,1.0,1.0,1.0,1.0,1.0,1.0,1.0,0.38,0.14,0.940275
params_4742,4,0.75,2.0,0.5,0.5,14,1.0,1.0,1.0,1.0,1.0,1.0,1.0,1.0,1.0,1.0,0.38,0.14,0.940275
params_4743,4,0.75,2.0,0.5,0.5,21,1.0,1.0,1.0,1.0,1.0,1.0,1.0,1.0,1.0,1.0,0.38,0.14,0.940275
params_4744,4,0.75,2.0,0.5,0.5,30,1.0,1.0,1.0,1.0,1.0,1.0,1.0,1.0,1.0,1.0,0.38,0.14,0.940275
params_4745,4,0.75,2.0,0.5,0.7,7,1.0,1.0,1.0,1.0,1.0,1.0,1.0,1.0,1.0,1.0,0.38,0.14,0.940275
params_4746,4,0.75,2.0,0.5,0.7,14,1.0,1.0,1.0,1.0,1.0,1.0,1.0,1.0,1.0,1.0,0.38,0.14,0.940275
params_4747,4,0.75,2.0,0.5,0.7,21,1.0,1.0,1.0,1.0,1.0,1.0,1.0,1.0,1.0,1.0,0.38,0.14,0.940275
params_4748,4,0.75,2.0,0.5,0.7,30,1.0,1.0,1.0,1.0,1.0,1.0,1.0,1.0,1.0,1.0,0.38,0.14,0.940275
params_5137,4,1.0,2.0,0.5,0.3,7,1.0,1.0,1.0,1.0,1.0,1.0,1.0,1.0,1.0,1.0,0.38,0.14,0.940275
params_5138,4,1.0,2.0,0.5,0.3,14,1.0,1.0,1.0,1.0,1.0,1.0,1.0,1.0,1.0,1.0,0.38,0.14,0.940275
params_5139,4,1.0,2.0,0.5,0.3,21,1.0,1.0,1.0,1.0,1.0,1.0,1.0,1.0,1.0,1.0,0.38,0.14,0.940275
params_5140,4,1.0,2.0,0.5,0.3,30,1.0,1.0,1.0,1.0,1.0,1.0,1.0,1.0,1.0,1.0,0.38,0.14,0.940275
params_5141,4,1.0,2.0,0.5,0.5,7,1.0,1.0,1.0,1.0,1.0,1.0,1.0,1.0,1.0,1.0,0.38,0.14,0.940275
params_5142,4,1.0,2.0,0.5,0.5,14,1.0,1.0,1.0,1.0,1.0,1.0,1.0,1.0,1.0,1.0,0.38,0.14,0.940275
params_5143,4,1.0,2.0,0.5,0.5,21,1.0,1.0,1.0,1.0,1.0,1.0,1.0,1.0,1.0,1.0,0.38,0.14,0.940275
params_5144,4,1.0,2.0,0.5,0.5,30,1.0,1.0,1.0,1.0,1.0,1.0,1.0,1.0,1.0,1.0,0.38,0.14,0.940275
params_5145,4,1.0,2.0,0.5,0.7,7,1.0,1.0,1.0,1.0,1.0,1.0,1.0,1.0,1.0,1.0,0.38,0.14,0.940275
params_5146,4,1.0,2.0,0.5,0.7,14,1.0,1.0,1.0,1.0,1.0,1.0,1.0,1.0,1.0,1.0,0.38,0.14,0.940275
params_5147,4,1.0,2.0,0.5,0.7,21,1.0,1.0,1.0,1.0,1.0,1.0,1.0,1.0,1.0,1.0,0.38,0.14,0.940275
params_5148,4,1.0,2.0,0.5,0.7,30,1.0,1.0,1.0,1.0,1.0,1.0,1.0,1.0,1.0,1.0,0.38,0.14,0.940275
params_6337,5,0.5,2.0,0.5,0.3,7,1.0,1.0,1.0,1.0,1.0,1.0,1.0,1.0,1.0,1.0,0.38,0.14,0.940275
params_6338,5,0.5,2.0,0.5,0.3,14,1.0,1.0,1.0,1.0,1.0,1.0,1.0,1.0,1.0,1.0,0.38,0.14,0.940275
params_6339,5,0.5,2.0,0.5,0.3,21,1.0,1.0,1.0,1.0,1.0,1.0,1.0,1.0,1.0,1.0,0.38,0.14,0.940275
params_6340,5,0.5,2.0,0.5,0.3,30,1.0,1.0,1.0,1.0,1.0,1.0,1.0,1.0,1.0,1.0,0.38,0.14,0.940275
params_6341,5,0.5,2.0,0.5,0.5,7,1.0,1.0,1.0,1.0,1.0,1.0,1.0,1.0,1.0,1.0,0.38,0.14,0.940275
params_6342,5,0.5,2.0,0.5,0.5,14,1.0,1.0,1.0,1.0,1.0,1.0,1.0,1.0,1.0,1.0,0.38,0.14,0.940275
params_6343,5,0.5,2.0,0.5,0.5,21,1.0,1.0,1.0,1.0,1.0,1.0,1.0,1.0,1.0,1.0,0.38,0.14,0.940275
params_6344,5,0.5,2.0,0.5,0.5,30,1.0,1.0,1.0,1.0,1.0,1.0,1.0,1.0,1.0,1.0,0.38,0.14,0.940275
params_6345,5,0.5,2.0,0.5,0.7,7,1.0,1.0,1.0,1.0,1.0,1.0,1.0,1.0,1.0,1.0,0.38,0.14,0.940275
params_6346,5,0.5,2.0,0.5,0.7,14,1.0,1.0,1.0,1.0,1.0,1.0,1.0,1.0,1.0,1.0,0.38,0.14,0.940275
params_6347,5,0.5,2.0,0.5,0.7,21,1.0,1.0,1.0,1.0,1.0,1.0,1.0,1.0,1.0,1.0,0.38,0.14,0.940275
params_6348,5,0.5,2.0,0.5,0.7,30,1.0,1.0,1.0,1.0,1.0,1.0,1.0,1.0,1.0,1.0,0.38,0.14,0.940275
params_6737,5,0.75,2.0,0.5,0.3,7,1.0,1.0,1.0,1.0,1.0,1.0,1.0,1.0,1.0,1.0,0.38,0.14,0.940275
params_6738,5,0.75,2.0,0.5,0.3,14,1.0,1.0,1.0,1.0,1.0,1.0,1.0,1.0,1.0,1.0,0.38,0.14,0.940275
params_6739,5,0.75,2.0,0.5,0.3,21,1.0,1.0,1.0,1.0,1.0,1.0,1.0,1.0,1.0,1.0,0.38,0.14,0.940275
params_6740,5,0.75,2.0,0.5,0.3,30,1.0,1.0,1.0,1.0,1.0,1.0,1.0,1.0,1.0,1.0,0.38,0.14,0.940275
params_6741,5,0.75,2.0,0.5,0.5,7,1.0,1.0,1.0,1.0,1.0,1.0,1.0,1.0,1.0,1.0,0.38,0.14,0.940275
params_6742,5,0.75,2.0,0.5,0.5,14,1.0,1.0,1.0,1.0,1.0,1.0,1.0,1.0,1.0,1.0,0.38,0.14,0.940275
params_6743,5,0.75,2.0,0.5,0.5,21,1.0,1.0,1.0,1.0,1.0,1.0,1.0,1.0,1.0,1.0,0.38,0.14,0.940275
params_6744,5,0.75,2.0,0.5,0.5,30,1.0,1.0,1.0,1.0,1.0,1.0,1.0,1.0,1.0,1.0,0.38,0.14,0.940275
params_6745,5,0.75,2.0,0.5,0.7,7,1.0,1.0,1.0,1.0,1.0,1.0,1.0,1.0,1.0,1.0,0.38,0.14,0.940275
params_6746,5,0.75,2.0,0.5,0.7,14,1.0,1.0,1.0,1.0,1.0,1.0,1.0,1.0,1.0,1.0,0.38,0.14,0.940275
params_6747,5,0.75,2.0,0.5,0.7,21,1.0,1.0,1.0,1.0,1.0,1.0,1.0,1.0,1.0,1.0,0.38,0.14,0.940275
params_6748,5,0.75,2.0,0.5,0.7,30,1.0,1.0,1.0,1.0,1.0,1.0,1.0,1.0,1.0,1.0,0.38,0.14,0.940275
params_7137,5,1.0,2.0,0.5,0.3,7,1.0,1.0,1.0,1.0,1.0,1.0,1.0,1.0,1.0,1.0,0.38,0.14,0.940275
params_7138,5,1.0,2.0,0.5,0.3,14,1.0,1.0,1.0,1.0,1.0,1.0,1.0,1.0,1.0,1.0,0.38,0.14,0.940275
params_7139,5,1.0,2.0,0.5,0.3,21,1.0,1.0,1.0,1.0,1.0,1.0,1.0,1.0,1.0,1.0,0.38,0.14,0.940275
params_7140,5,1.0,2.0,0.5,0.3,30,1.0,1.0,1.0,1.0,1.0,1.0,1.0,1.0,1.0,1.0,0.38,0.14,0.940275
params_7141,5,1.0,2.0,0.5,0.5,7,1.0,1.0,1.0,1.0,1.0,1.0,1.0,1.0,1.0,1.0,0.38,0.14,0.940275
params_7142,5,1.0,2.0,0.5,0.5,14,1.0,1.0,1.0,1.0,1.0,1.0,1.0,1.0,1.0,1.0,0.38,0.14,0.940275
params_7143,5,1.0,2.0,0.5,0.5,21,1.0,1.0,1.0,1.0,1.0,1.0,1.0,1.0,1.0,1.0,0.38,0.14,0.940275
params_7144,5,1.0,2.0,0.5,0.5,30,1.0,1.0,1.0,1.0,1.0,1.0,1.0,1.0,1.0,1.0,0.38,0.14,0.940275
params_7145,5,1.0,2.0,0.5,0.7,7,1.0,1.0,1.0,1.0,1.0,1.0,1.0,1.0,1.0,1.0,0.38,0.14,0.940275
params_7146,5,1.0,2.0,0.5,0.7,14,1.0,1.0,1.0,1.0,1.0,1.0,1.0,1.0,1.0,1.0,0.38,0.14,0.940275
params_7147,5,1.0,2.0,0.5,0.7,21,1.0,1.0,1.0,1.0,1.0,1.0,1.0,1.0,1.0,1.0,0.38,0.14,0.940275
params_7148,5,1.0,2.0,0.5,0.7,30,1.0,1.0,1.0,1.0,1.0,1.0,1.0,1.0,1.0,1.0,0.38,0.14,0.940275
params_0321,2,0.5,2.0,0.3,0.3,7,1.0,1.0,1.0,1.0,1.0,1.0,1.0,1.0,1.0,1.0,0.53,0.18,0.925158
params_0322,2,0.5,2.0,0.3,0.3,14,1.0,1.0,1.0,1.0,1.0,1.0,1.0,1.0,1.0,1.0,0.53,0.18,0.925158
params_0323,2,0.5,2.0,0.3,0.3,21,1.0,1.0,1.0,1.0,1.0,1.0,1.0,1.0,1.0,1.0,0.53,0.18,0.925158
params_0324,2,0.5,2.0,0.3,0.3,30,1.0,1.0,1.0,1.0,1.0,1.0,1.0,1.0,1.0,1.0,0.53,0.18,0.925158
params_0325,2,0.5,2.0,0.3,0.5,7,1.0,1.0,1.0,1.0,1.0,1.0,1.0,1.0,1.0,1.0,0.53,0.18,0.925158
params_0326,2,0.5,2.0,0.3,0.5,14,1.0,1.0,1.0,1.0,1.0,1.0,1.0,1.0,1.0,1.0,0.53,0.18,0.925158
params_0327,2,0.5,2.0,0.3,0.5,21,1.0,1.0,1.0,1.0,1.0,1.0,1.0,1.0,1.0,1.0,0.53,0.18,0.925158
params_0328,2,0.5,2.0,0.3,0.5,30,1.0,1.0,1.0,1.0,1.0,1.0,1.0,1.0,1.0,1.0,0.53,0.18,0.925158
params_0329,2,0.5,2.0,0.3,0.7,7,1.0,1.0,1.0,1.0,1.0,1.0,1.0,1.0,1.0,1.0,0.53,0.18,0.925158
params_0330,2,0.5,2.0,0.3,0.7,14,1.0,1.0,1.0,1.0,1.0,1.0,1.0,1.0,1.0,1.0,0.53,0.18,0.925158
params_0331,2,0.5,2.0,0.3,0.7,21,1.0,1.0,1.0,1.0,1.0,1.0,1.0,1.0,1.0,1.0,0.53,0.18,0.925158
params_0332,2,0.5,2.0,0.3,0.7,30,1.0,1.0,1.0,1.0,1.0,1.0,1.0,1.0,1.0,1.0,0.53,0.18,0.925158
params_0721,2,0.75,2.0,0.3,0.3,7,1.0,1.0,1.0,1.0,1.0,1.0,1.0,1.0,1.0,1.0,0.53,0.18,0.925158
params_0722,2,0.75,2.0,0.3,0.3,14,1.0,1.0,1.0,1.0,1.0,1.0,1.0,1.0,1.0,1.0,0.53,0.18,0.925158
params_0723,2,0.75,2.0,0.3,0.3,21,1.0,1.0,1.0,1.0,1.0,1.0,1.0,1.0,1.0,1.0,0.53,0.18,0.925158
params_0724,2,0.75,2.0,0.3,0.3,30,1.0,1.0,1.0,1.0,1.0,1.0,1.0,1.0,1.0,1.0,0.53,0.18,0.925158
params_0725,2,0.75,2.0,0.3,0.5,7,1.0,1.0,1.0,1.0,1.0,1.0,1.0,1.0,1.0,1.0,0.53,0.18,0.925158
params_0726,2,0.75,2.0,0.3,0.5,14,1.0,1.0,1.0,1.0,1.0,1.0,1.0,1.0,1.0,1.0,0.53,0.18,0.925158
params_0727,2,0.75,2.0,0.3,0.5,21,1.0,1.0,1.0,1.0,1.0,1.0,1.0,1.0,1.0,1.0,0.53,0.18,0.925158
params_0728,2,0.75,2.0,0.3,0.5,30,1.0,1.0,1.0,1.0,1.0,1.0,1.0,1.0,1.0,1.0,0.53,0.18,0.925158
params_0729,2,0.75,2.0,0.3,0.7,7,1.0,1.0,1.0,1.0,1.0,1.0,1.0,1.0,1.0,1.0,0.53,0.18,0.925158
params_0730,2,0.75,2.0,0.3,0.7,14,1.0,1.0,1.0,1.0,1.0,1.0,1.0,1.0,1.0,1.0,0.53,0.18,0.925158
params_0731,2,0.75,2.0,0.3,0.7,21,1.0,1.0,1.0,1.0,1.0,1.0,1.0,1.0,1.0,1.0,0.53,0.18,0.925158
params_0732,2,0.75,2.0,0.3,0.7,30,1.0,1.0,1.0,1.0,1.0,1.0,1.0,1.0,1.0,1.0,0.53,0.18,0.925158
params_1121,2,1.0,2.0,0.3,0.3,7,1.0,1.0,1.0,1.0,1.0,1.0,1.0,1.0,1.0,1.0,0.53,0.18,0.925158
params_1122,2,1.0,2.0,0.3,0.3,14,1.0,1.0,1.0,1.0,1.0,1.0,1.0,1.0,1.0,1.0,0.53,0.18,0.925158
params_1123,2,1.0,2.0,0.3,0.3,21,1.0,1.0,1.0,1.0,1.0,1.0,1.0,1.0,1.0,1.0,0.53,0.18,0.925158
params_1124,2,1.0,2.0,0.3,0.3,30,1.0,1.0,1.0,1.0,1.0,1.0,1.0,1.0,1.0,1.0,0.53,0.18,0.925158
params_1125,2,1.0,2.0,0.3,0.5,7,1.0,1.0,1.0,1.0,1.0,1.0,1.0,1.0,1.0,1.0,0.53,0.18,0.925158
params_1126,2,1.0,2.0,0.3,0.5,14,1.0,1.0,1.0,1.0,1.0,1.0,1.0,1.0,1.0,1.0,0.53,0.18,0.925158
params_1127,2,1.0,2.0,0.3,0.5,21,1.0,1.0,1.0,1.0,1.0,1.0,1.0,1.0,1.0,1.0,0.53,0.18,0.925158
params_1128,2,1.0,2.0,0.3,0.5,30,1.0,1.0,1.0,1.0,1.0,1.0,1.0,1.0,1.0,1.0,0.53,0.18,0.925158
params_1129,2,1.0,2.0,0.3,0.7,7,1.0,1.0,1.0,1.0,1.0,1.0,1.0,1.0,1.0,1.0,0.53,0.18,0.925158
params_1130,2,1.0,2.0,0.3,0.7,14,1.0,1.0,1.0,1.0,1.0,1.0,1.0,1.0,1.0,1.0,0.53,0.18,0.925158
params_1131,2,1.0,2.0,0.3,0.7,21,1.0,1.0,1.0,1.0,1.0,1.0,1.0,1.0,1.0,1.0,0.53,0.18,0.925158
params_1132,2,1.0,2.0,0.3,0.7,30,1.0,1.0,1.0,1.0,1.0,1.0,1.0,1.0,1.0,1.0,0.53,0.18,0.925158
params_2321,3,0.5,2.0,0.3,0.3,7,1.0,1.0,1.0,1.0,1.0,1.0,1.0,1.0,1.0,1.0,0.53,0.18,0.925158
params_2322,3,0.5,2.0,0.3,0.3,14,1.0,1.0,1.0,1.0,1.0,1.0,1.0,1.0,1.0,1.0,0.53,0.18,0.925158
params_2323,3,0.5,2.0,0.3,0.3,21,1.0,1.0,1.0,1.0,1.0,1.0,1.0,1.0,1.0,1.0,0.53,0.18,0.925158
params_2324,3,0.5,2.0,0.3,0.3,30,1.0,1.0,1.0,1.0,1.0,1.0,1.0,1.0,1.0,1.0,0.53,0.18,0.925158
params_2325,3,0.5,2.0,0.3,0.5,7,1.0,1.0,1.0,1.0,1.0,1.0,1.0,1.0,1.0,1.0,0.53,0.18,0.925158
params_2326,3,0.5,2.0,0.3,0.5,14,1.0,1.0,1.0,1.0,1.0,1.0,1.0,1.0,1.0,1.0,0.53,0.18,0.925158
params_2327,3,0.5,2.0,0.3,0.5,21,1.0,1.0,1.0,1.0,1.0,1.0,1.0,1.0,1.0,1.0,0.53,0.18,0.925158
params_2328,3,0.5,2.0,0.3,0.5,30,1.0,1.0,1.0,1.0,1.0,1.0,1.0,1.0,1.0,1.0,0.53,0.18,0.925158
params_2329,3,0.5,2.0,0.3,0.7,7,1.0,1.0,1.0,1.0,1.0,1.0,1.0,1.0,1.0,1.0,0.53,0.18,0.925158
params_2330,3,0.5,2.0,0.3,0.7,14,1.0,1.0,1.0,1.0,1.0,1.0,1.0,1.0,1.0,1.0,0.53,0.18,0.925158
params_2331,3,0.5,2.0,0.3,0.7,21,1.0,1.0,1.0,1.0,1.0,1.0,1.0,1.0,1.0,1.0,0.53,0.18,0.925158
params_2332,3,0.5,2.0,0.3,0.7,30,1.0,1.0,1.0,1.0,1.0,1.0,1.0,1.0,1.0,1.0,0.53,0.18,0.925158
params_2721,3,0.75,2.0,0.3,0.3,7,1.0,1.0,1.0,1.0,1.0,1.0,1.0,1.0,1.0,1.0,0.53,0.18,0.925158
params_2722,3,0.75,2.0,0.3,0.3,14,1.0,1.0,1.0,1.0,1.0,1.0,1.0,1.0,1.0,1.0,0.53,0.18,0.925158
params_2723,3,0.75,2.0,0.3,0.3,21,1.0,1.0,1.0,1.0,1.0,1.0,1.0,1.0,1.0,1.0,0.53,0.18,0.925158
params_2724,3,0.75,2.0,0.3,0.3,30,1.0,1.0,1.0,1.0,1.0,1.0,1.0,1.0,1.0,1.0,0.53,0.18,0.925158
params_2725,3,0.75,2.0,0.3,0.5,7,1.0,1.0,1.0,1.0,1.0,1.0,1.0,1.0,1.0,1.0,0.53,0.18,0.925158
params_2726,3,0.75,2.0,0.3,0.5,14,1.0,1.0,1.0,1.0,1.0,1.0,1.0,1.0,1.0,1.0,0.53,0.18,0.925158
params_2727,3,0.75,2.0,0.3,0.5,21,1.0,1.0,1.0,1.0,1.0,1.0,1.0,1.0,1.0,1.0,0.53,0.18,0.925158
params_2728,3,0.75,2.0,0.3,0.5,30,1.0,1.0,1.0,1.0,1.0,1.0,1.0,1.0,1.0,1.0,0.53,0.18,0.925158
params_2729,3,0.75,2.0,0.3,0.7,7,1.0,1.0,1.0,1.0,1.0,1.0,1.0,1.0,1.0,1.0,0.53,0.18,0.925158
params_2730,3,0.75,2.0,0.3,0.7,14,1.0,1.0,1.0,1.0,1.0,1.0,1.0,1.0,1.0,1.0,0.53,0.18,0.925158
params_2731,3,0.75,2.0,0.3,0.7,21,1.0,1.0,1.0,1.0,1.0,1.0,1.0,1.0,1.0,1.0,0.53,0.18,0.925158
params_2732,3,0.75,2.0,0.3,0.7,30,1.0,1.0,1.0,1.0,1.0,1.0,1.0,1.0,1.0,1.0,0.53,0.18,0.925158
params_3121,3,1.0,2.0,0.3,0.3,7,1.0,1.0,1.0,1.0,1.0,1.0,1.0,1.0,1.0,1.0,0.53,0.18,0.925158
params_3122,3,1.0,2.0,0.3,0.3,14,1.0,1.0,1.0,1.0,1.0,1.0,1.0,1.0,1.0,1.0,0.53,0.18,0.925158
params_3123,3,1.0,2.0,0.3,0.3,21,1.0,1.0,1.0,1.0,1.0,1.0,1.0,1.0,1.0,1.0,0.53,0.18,0.925158
params_3124,3,1.0,2.0,0.3,0.3,30,1.0,1.0,1.0,1.0,1.0,1.0,1.0,1.0,1.0,1.0,0.53,0.18,0.925158
params_3125,3,1.0,2.0,0.3,0.5,7,1.0,1.0,1.0,1.0,1.0,1.0,1.0,1.0,1.0,1.0,0.53,0.18,0.925158
params_3126,3,1.0,2.0,0.3,0.5,14,1.0,1.0,1.0,1.0,1.0,1.0,1.0,1.0,1.0,1.0,0.53,0.18,0.925158
params_3127,3,1.0,2.0,0.3,0.5,21,1.0,1.0,1.0,1.0,1.0,1.0,1.0,1.0,1.0,1.0,0.53,0.18,0.925158
params_3128,3,1.0,2.0,0.3,0.5,30,1.0,1.0,1.0,1.0,1.0,1.0,1.0,1.0,1.0,1.0,0.53,0.18,0.925158
params_3129,3,1.0,2.0,0.3,0.7,7,1.0,1.0,1.0,1.0,1.0,1.0,1.0,1.0,1.0,1.0,0.53,0.18,0.925158
params_3130,3,1.0,2.0,0.3,0.7,14,1.0,1.0,1.0,1.0,1.0,1.0,1.0,1.0,1.0,1.0,0.53,0.18,0.925158
params_3131,3,1.0,2.0,0.3,0.7,21,1.0,1.0,1.0,1.0,1.0,1.0,1.0,1.0,1.0,1.0,0.53,0.18,0.925158
params_3132,3,1.0,2.0,0.3,0.7,30,1.0,1.0,1.0,1.0,1.0,1.0,1.0,1.0,1.0,1.0,0.53,0.18,0.925158
params_4321,4,0.5,2.0,0.3,0.3,7,1.0,1.0,1.0,1.0,1.0,1.0,1.0,1.0,1.0,1.0,0.53,0.18,0.925158
params_4322,4,0.5,2.0,0.3,0.3,14,1.0,1.0,1.0,1.0,1.0,1.0,1.0,1.0,1.0,1.0,0.53,0.18,0.925158
params_4323,4,0.5,2.0,0.3,0.3,21,1.0,1.0,1.0,1.0,1.0,1.0,1.0,1.0,1.0,1.0,0.53,0.18,0.925158
params_4324,4,0.5,2.0,0.3,0.3,30,1.0,1.0,1.0,1.0,1.0,1.0,1.0,1.0,1.0,1.0,0.53,0.18,0.925158
params_4325,4,0.5,2.0,0.3,0.5,7,1.0,1.0,1.0,1.0,1.0,1.0,1.0,1.0,1.0,1.0,0.53,0.18,0.925158
params_4326,4,0.5,2.0,0.3,0.5,14,1.0,1.0,1.0,1.0,1.0,1.0,1.0,1.0,1.0,1.0,0.53,0.18,0.925158
params_4327,4,0.5,2.0,0.3,0.5,21,1.0,1.0,1.0,1.0,1.0,1.0,1.0,1.0,1.0,1.0,0.53,0.18,0.925158
params_4328,4,0.5,2.0,0.3,0.5,30,1.0,1.0,1.0,1.0,1.0,1.0,1.0,1.0,1.0,1.0,0.53,0.18,0.925158
params_4329,4,0.5,2.0,0.3,0.7,7,1.0,1.0,1.0,1.0,1.0,1.0,1.0,1.0,1.0,1.0,0.53,0.18,0.925158
params_4330,4,0.5,2.0,0.3,0.7,14,1.0,1.0,1.0,1.0,1.0,1.0,1.0,1.0,1.0,1.0,0.53,0.18,0.925158
params_4331,4,0.5,2.0,0.3,0.7,21,1.0,1.0,1.0,1.0,1.0,1.0,1.0,1.0,1.0,1.0,0.53,0.18,0.925158
params_4332,4,0.5,2.0,0.3,0.7,30,1.0,1.0,1.0,1.0,1.0,1.0,1.0,1.0,1.0,1.0,0.53,0.18,0.925158
params_4721,4,0.75,2.0,0.3,0.3,7,1.0,1.0,1.0,1.0,1.0,1.0,1.0,1.0,1.0,1.0,0.53,0.18,0.925158
params_4722,4,0.75,2.0,0.3,0.3,14,1.0,1.0,1.0,1.0,1.0,1.0,1.0,1.0,1.0,1.0,0.53,0.18,0.925158
params_4723,4,0.75,2.0,0.3,0.3,21,1.0,1.0,1.0,1.0,1.0,1.0,1.0,1.0,1.0,1.0,0.53,0.18,0.925158
params_4724,4,0.75,2.0,0.3,0.3,30,1.0,1.0,1.0,1.0,1.0,1.0,1.0,1.0,1.0,1.0,0.53,0.18,0.925158
params_4725,4,0.75,2.0,0.3,0.5,7,1.0,1.0,1.0,1.0,1.0,1.0,1.0,1.0,1.0,1.0,0.53,0.18,0.925158
params_4726,4,0.75,2.0,0.3,0.5,14,1.0,1.0,1.0,1.0,1.0,1.0,1.0,1.0,1.0,1.0,0.53,0.18,0.925158
params_4727,4,0.75,2.0,0.3,0.5,21,1.0,1.0,1.0,1.0,1.0,1.0,1.0,1.0,1.0,1.0,0.53,0.18,0.925158
params_4728,4,0.75,2.0,0.3,0.5,30,1.0,1.0,1.0,1.0,1.0,1.0,1.0,1.0,1.0,1.0,0.53,0.18,0.925158
params_4729,4,0.75,2.0,0.3,0.7,7,1.0,1.0,1.0,1.0,1.0,1.0,1.0,1.0,1.0,1.0,0.53,0.18,0.925158
params_4730,4,0.75,2.0,0.3,0.7,14,1.0,1.0,1.0,1.0,1.0,1.0,1.0,1.0,1.0,1.0,0.53,0.18,0.925158
params_4731,4,0.75,2.0,0.3,0.7,21,1.0,1.0,1.0,1.0,1.0,1.0,1.0,1.0,1.0,1.0,0.53,0.18,0.925158
params_4732,4,0.75,2.0,0.3,0.7,30,1.0,1.0,1.0,1.0,1.0,1.0,1.0,1.0,1.0,1.0,0.53,0.18,0.925158
params_5121,4,1.0,2.0,0.3,0.3,7,1.0,1.0,1.0,1.0,1.0,1.0,1.0,1.0,1.0,1.0,0.53,0.18,0.925158
params_5122,4,1.0,2.0,0.3,0.3,14,1.0,1.0,1.0,1.0,1.0,1.0,1.0,1.0,1.0,1.0,0.53,0.18,0.925158
params_5123,4,1.0,2.0,0.3,0.3,21,1.0,1.0,1.0,1.0,1.0,1.0,1.0,1.0,1.0,1.0,0.53,0.18,0.925158
params_5124,4,1.0,2.0,0.3,0.3,30,1.0,1.0,1.0,1.0,1.0,1.0,1.0,1.0,1.0,1.0,0.53,0.18,0.925158
params_5125,4,1.0,2.0,0.3,0.5,7,1.0,1.0,1.0,1.0,1.0,1.0,1.0,1.0,1.0,1.0,0.53,0.18,0.925158
params_5126,4,1.0,2.0,0.3,0.5,14,1.0,1.0,1.0,1.0,1.0,1.0,1.0,1.0,1.0,1.0,0.53,0.18,0.925158
params_5127,4,1.0,2.0,0.3,0.5,21,1.0,1.0,1.0,1.0,1.0,1.0,1.0,1.0,1.0,1.0,0.53,0.18,0.925158
params_5128,4,1.0,2.0,0.3,0.5,30,1.0,1.0,1.0,1.0,1.0,1.0,1.0,1.0,1.0,1.0,0.53,0.18,0.925158
params_5129,4,1.0,2.0,0.3,0.7,7,1.0,1.0,1.0,1.0,1.0,1.0,1.0,1.0,1.0,1.0,0.53,0.18,0.925158
params_5130,4,1.0,2.0,0.3,0.7,14,1.0,1.0,1.0,1.0,1.0,1.0,1.0,1.0,1.0,1.0,0.53,0.18,0.925158
params_5131,4,1.0,2.0,0.3,0.7,21,1.0,1.0,1.0,1.0,1.0,1.0,1.0,1.0,1.0,1.0,0.53,0.18,0.925158
params_5132,4,1.0,2.0,0.3,0.7,30,1.0,1.0,1.0,1.0,1.0,1.0,1.0,1.0,1.0,1.0,0.53,0.18,0.925158
params_6321,5,0.5,2.0,0.3,0.3,7,1.0,1.0,1.0,1.0,1.0,1.0,1.0,1.0,1.0,1.0,0.53,0.18,0.925158
params_6322,5,0.5,2.0,0.3,0.3,14,1.0,1.0,1.0,1.0,1.0,1.0,1.0,1.0,1.0,1.0,0.53,0.18,0.925158
params_6323,5,0.5,2.0,0.3,0.3,21,1.0,1.0,1.0,1.0,1.0,1.0,1.0,1.0,1.0,1.0,0.53,0.18,0.925158
params_6324,5,0.5,2.0,0.3,0.3,30,1.0,1.0,1.0,1.0,1.0,1.0,1.0,1.0,1.0,1.0,0.53,0.18,0.925158
params_6325,5,0.5,2.0,0.3,0.5,7,1.0,1.0,1.0,1.0,1.0,1.0,1.0,1.0,1.0,1.0,0.53,0.18,0.925158
params_6326,5,0.5,2.0,0.3,0.5,14,1.0,1.0,1.0,1.0,1.0,1.0,1.0,1.0,1.0,1.0,0.53,0.18,0.925158
params_6327,5,0.5,2.0,0.3,0.5,21,1.0,1.0,1.0,1.0,1.0,1.0,1.0,1.0,1.0,1.0,0.53,0.18,0.925158
params_6328,5,0.5,2.0,0.3,0.5,30,1.0,1.0,1.0,1.0,1.0,1.0,1.0,1.0,1.0,1.0,0.53,0.18,0.925158
params_6329,5,0.5,2.0,0.3,0.7,7,1.0,1.0,1.0,1.0,1.0,1.0,1.0,1.0,1.0,1.0,0.53,0.18,0.925158
params_6330,5,0.5,2.0,0.3,0.7,14,1.0,1.0,1.0,1.0,1.0,1.0,1.0,1.0,1.0,1.0,0.53,0.18,0.925158
params_6331,5,0.5,2.0,0.3,0.7,21,1.0,1.0,1.0,1.0,1.0,1.0,1.0,1.0,1.0,1.0,0.53,0.18,0.925158
params_6332,5,0.5,2.0,0.3,0.7,30,1.0,1.0,1.0,1.0,1.0,1.0,1.0,1.0,1.0,1.0,0.53,0.18,0.925158
params_6721,5,0.75,2.0,0.3,0.3,7,1.0,1.0,1.0,1.0,1.0,1.0,1.0,1.0,1.0,1.0,0.53,0.18,0.925158
params_6722,5,0.75,2.0,0.3,0.3,14,1.0,1.0,1.0,1.0,1.0,1.0,1.0,1.0,1.0,1.0,0.53,0.18,0.925158
params_6723,5,0.75,2.0,0.3,0.3,21,1.0,1.0,1.0,1.0,1.0,1.0,1.0,1.0,1.0,1.0,0.53,0.18,0.925158
params_6724,5,0.75,2.0,0.3,0.3,30,1.0,1.0,1.0,1.0,1.0,1.0,1.0,1.0,1.0,1.0,0.53,0.18,0.925158
params_6725,5,0.75,2.0,0.3,0.5,7,1.0,1.0,1.0,1.0,1.0,1.0,1.0,1.0,1.0,1.0,0.53,0.18,0.925158
params_6726,5,0.75,2.0,0.3,0.5,14,1.0,1.0,1.0,1.0,1.0,1.0,1.0,1.0,1.0,1.0,0.53,0.18,0.925158
params_6727,5,0.75,2.0,0.3,0.5,21,1.0,1.0,1.0,1.0,1.0,1.0,1.0,1.0,1.0,1.0,0.53,0.18,0.925158
params_6728,5,0.75,2.0,0.3,0.5,30,1.0,1.0,1.0,1.0,1.0,1.0,1.0,1.0,1.0,1.0,0.53,0.18,0.925158
params_6729,5,0.75,2.0,0.3,0.7,7,1.0,1.0,1.0,1.0,1.0,1.0,1.0,1.0,1.0,1.0,0.53,0.18,0.925158
params_6730,5,0.75,2.0,0.3,0.7,14,1.0,1.0,1.0,1.0,1.0,1.0,1.0,1.0,1.0,1.0,0.53,0.18,0.925158
params_6731,5,0.75,2.0,0.3,0.7,21,1.0,1.0,1.0,1.0,1.0,1.0,1.0,1.0,1.0,1.0,0.53,0.18,0.925158
params_6732,5,0.75,2.0,0.3,0.7,30,1.0,1.0,1.0,1.0,1.0,1.0,1.0,1.0,1.0,1.0,0.53,0.18,0.925158
params_7121,5,1.0,2.0,0.3,0.3,7,1.0,1.0,1.0,1.0,1.0,1.0,1.0,1.0,1.0,1.0,0.53,0.18,0.925158
params_7122,5,1.0,2.0,0.3,0.3,14,1.0,1.0,1.0,1.0,1.0,1.0,1.0,1.0,1.0,1.0,0.53,0.18,0.925158
params_7123,5,1.0,2.0,0.3,0.3,21,1.0,1.0,1.0,1.0,1.0,1.0,1.0,1.0,1.0,1.0,0.53,0.18,0.925158
params_7124,5,1.0,2.0,0.3,0.3,30,1.0,1.0,1.0,1.0,1.0,1.0,1.0,1.0,1.0,1.0,0.53,0.18,0.925158
params_7125,5,1.0,2.0,0.3,0.5,7,1.0,1.0,1.0,1.0,1.0,1.0,1.0,1.0,1.0,1.0,0.53,0.18,0.925158
params_7126,5,1.0,2.0,0.3,0.5,14,1.0,1.0,1.0,1.0,1.0,1.0,1.0,1.0,1.0,1.0,0.53,0.18,0.925158
params_7127,5,1.0,2.0,0.3,0.5,21,1.0,1.0,1.0,1.0,1.0,1.0,1.0,1.0,1.0,1.0,0.53,0.18,0.925158
params_7128,5,1.0,2.0,0.3,0.5,30,1.0,1.0,1.0,1.0,1.0,1.0,1.0,1.0,1.0,1.0,0.53,0.18,0.925158
params_7129,5,1.0,2.0,0.3,0.7,7,1.0,1.0,1.0,1.0,1.0,1.0,1.0,1.0,1.0,1.0,0.53,0.18,0.925158
params_7130,5,1.0,2.0,0.3,0.7,14,1.0,1.0,1.0,1.0,1.0,1.0,1.0,1.0,1.0,1.0,0.53,0.18,0.925158
params_7131,5,1.0,2.0,0.3,0.7,21,1.0,1.0,1.0,1.0,1.0,1.0,1.0,1.0,1.0,1.0,0.53,0.18,0.925158
params_7132,5,1.0,2.0,0.3,0.7,30,1.0,1.0,1.0,1.0,1.0,1.0,1.0,1.0,1.0,1.0,0.53,0.18,0.925158
params_0066,2,0.5,0.5,0.9,0.3,14,0.75,1.0,0.6667,0.8,1.0,1.0,1.0,1.0,0.75,0.8571,0.3,0.04,0.83281
params_0070,2,0.5,0.5,0.9,0.5,14,0.75,1.0,0.6667,0.8,1.0,1.0,1.0,1.0,0.75,0.8571,0.3,0.04,0.83281
params_0074,2,0.5,0.5,0.9,0.7,14,0.75,1.0,0.6667,0.8,1.0,1.0,1.0,1.0,0.75,0.8571,0.3,0.04,0.83281
params_0146,2,0.5,1.0,0.9,0.3,14,0.75,1.0,0.6667,0.8,1.0,1.0,1.0,1.0,0.75,0.8571,0.3,0.04,0.83281
params_0150,2,0.5,1.0,0.9,0.5,14,0.75,1.0,0.6667,0.8,1.0,1.0,1.0,1.0,0.75,0.8571,0.3,0.04,0.83281
params_0154,2,0.5,1.0,0.9,0.7,14,0.75,1.0,0.6667,0.8,1.0,1.0,1.0,1.0,0.75,0.8571,0.3,0.04,0.83281
params_0226,2,0.5,1.2,0.9,0.3,14,0.75,1.0,0.6667,0.8,1.0,1.0,1.0,1.0,0.75,0.8571,0.3,0.04,0.83281
params_0230,2,0.5,1.2,0.9,0.5,14,0.75,1.0,0.6667,0.8,1.0,1.0,1.0,1.0,0.75,0.8571,0.3,0.04,0.83281
params_0234,2,0.5,1.2,0.9,0.7,14,0.75,1.0,0.6667,0.8,1.0,1.0,1.0,1.0,0.75,0.8571,0.3,0.04,0.83281
params_0306,2,0.5,1.5,0.9,0.3,14,0.75,1.0,0.6667,0.8,1.0,1.0,1.0,1.0,0.75,0.8571,0.3,0.04,0.83281
params_0310,2,0.5,1.5,0.9,0.5,14,0.75,1.0,0.6667,0.8,1.0,1.0,1.0,1.0,0.75,0.8571,0.3,0.04,0.83281
params_0314,2,0.5,1.5,0.9,0.7,14,0.75,1.0,0.6667,0.8,1.0,1.0,1.0,1.0,0.75,0.8571,0.3,0.04,0.83281
params_0466,2,0.75,0.5,0.9,0.3,14,0.75,1.0,0.6667,0.8,1.0,1.0,1.0,1.0,0.75,0.8571,0.3,0.04,0.83281
params_0470,2,0.75,0.5,0.9,0.5,14,0.75,1.0,0.6667,0.8,1.0,1.0,1.0,1.0,0.75,0.8571,0.3,0.04,0.83281
params_0474,2,0.75,0.5,0.9,0.7,14,0.75,1.0,0.6667,0.8,1.0,1.0,1.0,1.0,0.75,0.8571,0.3,0.04,0.83281
params_0546,2,0.75,1.0,0.9,0.3,14,0.75,1.0,0.6667,0.8,1.0,1.0,1.0,1.0,0.75,0.8571,0.3,0.04,0.83281
params_0550,2,0.75,1.0,0.9,0.5,14,0.75,1.0,0.6667,0.8,1.0,1.0,1.0,1.0,0.75,0.8571,0.3,0.04,0.83281
params_0554,2,0.75,1.0,0.9,0.7,14,0.75,1.0,0.6667,0.8,1.0,1.0,1.0,1.0,0.75,0.8571,0.3,0.04,0.83281
params_0626,2,0.75,1.2,0.9,0.3,14,0.75,1.0,0.6667,0.8,1.0,1.0,1.0,1.0,0.75,0.8571,0.3,0.04,0.83281
params_0630,2,0.75,1.2,0.9,0.5,14,0.75,1.0,0.6667,0.8,1.0,1.0,1.0,1.0,0.75,0.8571,0.3,0.04,0.83281
params_0634,2,0.75,1.2,0.9,0.7,14,0.75,1.0,0.6667,0.8,1.0,1.0,1.0,1.0,0.75,0.8571,0.3,0.04,0.83281
params_0706,2,0.75,1.5,0.9,0.3,14,0.75,1.0,0.6667,0.8,1.0,1.0,1.0,1.0,0.75,0.8571,0.3,0.04,0.83281
params_0710,2,0.75,1.5,0.9,0.5,14,0.75,1.0,0.6667,0.8,1.0,1.0,1.0,1.0,0.75,0.8571,0.3,0.04,0.83281
params_0714,2,0.75,1.5,0.9,0.7,14,0.75,1.0,0.6667,0.8,1.0,1.0,1.0,1.0,0.75,0.8571,0.3,0.04,0.83281
params_0866,2,1.0,0.5,0.9,0.3,14,0.75,1.0,0.6667,0.8,1.0,1.0,1.0,1.0,0.75,0.8571,0.3,0.04,0.83281
params_0870,2,1.0,0.5,0.9,0.5,14,0.75,1.0,0.6667,0.8,1.0,1.0,1.0,1.0,0.75,0.8571,0.3,0.04,0.83281
params_0874,2,1.0,0.5,0.9,0.7,14,0.75,1.0,0.6667,0.8,1.0,1.0,1.0,1.0,0.75,0.8571,0.3,0.04,0.83281
params_0946,2,1.0,1.0,0.9,0.3,14,0.75,1.0,0.6667,0.8,1.0,1.0,1.0,1.0,0.75,0.8571,0.3,0.04,0.83281
params_0950,2,1.0,1.0,0.9,0.5,14,0.75,1.0,0.6667,0.8,1.0,1.0,1.0,1.0,0.75,0.8571,0.3,0.04,0.83281
params_0954,2,1.0,1.0,0.9,0.7,14,0.75,1.0,0.6667,0.8,1.0,1.0,1.0,1.0,0.75,0.8571,0.3,0.04,0.83281
params_1026,2,1.0,1.2,0.9,0.3,14,0.75,1.0,0.6667,0.8,1.0,1.0,1.0,1.0,0.75,0.8571,0.3,0.04,0.83281
params_1030,2,1.0,1.2,0.9,0.5,14,0.75,1.0,0.6667,0.8,1.0,1.0,1.0,1.0,0.75,0.8571,0.3,0.04,0.83281
params_1034,2,1.0,1.2,0.9,0.7,14,0.75,1.0,0.6667,0.8,1.0,1.0,1.0,1.0,0.75,0.8571,0.3,0.04,0.83281
params_1106,2,1.0,1.5,0.9,0.3,14,0.75,1.0,0.6667,0.8,1.0,1.0,1.0,1.0,0.75,0.8571,0.3,0.04,0.83281
params_1110,2,1.0,1.5,0.9,0.5,14,0.75,1.0,0.6667,0.8,1.0,1.0,1.0,1.0,0.75,0.8571,0.3,0.04,0.83281
params_1114,2,1.0,1.5,0.9,0.7,14,0.75,1.0,0.6667,0.8,1.0,1.0,1.0,1.0,0.75,0.8571,0.3,0.04,0.83281
params_2066,3,0.5,0.5,0.9,0.3,14,0.75,1.0,0.6667,0.8,1.0,1.0,1.0,1.0,0.75,0.8571,0.3,0.04,0.83281
params_2070,3,0.5,0.5,0.9,0.5,14,0.75,1.0,0.6667,0.8,1.0,1.0,1.0,1.0,0.75,0.8571,0.3,0.04,0.83281
params_2074,3,0.5,0.5,0.9,0.7,14,0.75,1.0,0.6667,0.8,1.0,1.0,1.0,1.0,0.75,0.8571,0.3,0.04,0.83281
params_2146,3,0.5,1.0,0.9,0.3,14,0.75,1.0,0.6667,0.8,1.0,1.0,1.0,1.0,0.75,0.8571,0.3,0.04,0.83281
params_2150,3,0.5,1.0,0.9,0.5,14,0.75,1.0,0.6667,0.8,1.0,1.0,1.0,1.0,0.75,0.8571,0.3,0.04,0.83281
params_2154,3,0.5,1.0,0.9,0.7,14,0.75,1.0,0.6667,0.8,1.0,1.0,1.0,1.0,0.75,0.8571,0.3,0.04,0.83281
params_2226,3,0.5,1.2,0.9,0.3,14,0.75,1.0,0.6667,0.8,1.0,1.0,1.0,1.0,0.75,0.8571,0.3,0.04,0.83281
params_2230,3,0.5,1.2,0.9,0.5,14,0.75,1.0,0.6667,0.8,1.0,1.0,1.0,1.0,0.75,0.8571,0.3,0.04,0.83281
params_2234,3,0.5,1.2,0.9,0.7,14,0.75,1.0,0.6667,0.8,1.0,1.0,1.0,1.0,0.75,0.8571,0.3,0.04,0.83281
params_2306,3,0.5,1.5,0.9,0.3,14,0.75,1.0,0.6667,0.8,1.0,1.0,1.0,1.0,0.75,0.8571,0.3,0.04,0.83281
params_2310,3,0.5,1.5,0.9,0.5,14,0.75,1.0,0.6667,0.8,1.0,1.0,1.0,1.0,0.75,0.8571,0.3,0.04,0.83281
params_2314,3,0.5,1.5,0.9,0.7,14,0.75,1.0,0.6667,0.8,1.0,1.0,1.0,1.0,0.75,0.8571,0.3,0.04,0.83281
params_2466,3,0.75,0.5,0.9,0.3,14,0.75,1.0,0.6667,0.8,1.0,1.0,1.0,1.0,0.75,0.8571,0.3,0.04,0.83281
params_2470,3,0.75,0.5,0.9,0.5,14,0.75,1.0,0.6667,0.8,1.0,1.0,1.0,1.0,0.75,0.8571,0.3,0.04,0.83281
params_2474,3,0.75,0.5,0.9,0.7,14,0.75,1.0,0.6667,0.8,1.0,1.0,1.0,1.0,0.75,0.8571,0.3,0.04,0.83281
params_2546,3,0.75,1.0,0.9,0.3,14,0.75,1.0,0.6667,0.8,1.0,1.0,1.0,1.0,0.75,0.8571,0.3,0.04,0.83281
params_2550,3,0.75,1.0,0.9,0.5,14,0.75,1.0,0.6667,0.8,1.0,1.0,1.0,1.0,0.75,0.8571,0.3,0.04,0.83281
params_2554,3,0.75,1.0,0.9,0.7,14,0.75,1.0,0.6667,0.8,1.0,1.0,1.0,1.0,0.75,0.8571,0.3,0.04,0.83281
params_2626,3,0.75,1.2,0.9,0.3,14,0.75,1.0,0.6667,0.8,1.0,1.0,1.0,1.0,0.75,0.8571,0.3,0.04,0.83281
params_2630,3,0.75,1.2,0.9,0.5,14,0.75,1.0,0.6667,0.8,1.0,1.0,1.0,1.0,0.75,0.8571,0.3,0.04,0.83281
params_2634,3,0.75,1.2,0.9,0.7,14,0.75,1.0,0.6667,0.8,1.0,1.0,1.0,1.0,0.75,0.8571,0.3,0.04,0.83281
params_2706,3,0.75,1.5,0.9,0.3,14,0.75,1.0,0.6667,0.8,1.0,1.0,1.0,1.0,0.75,0.8571,0.3,0.04,0.83281
params_2710,3,0.75,1.5,0.9,0.5,14,0.75,1.0,0.6667,0.8,1.0,1.0,1.0,1.0,0.75,0.8571,0.3,0.04,0.83281
params_2714,3,0.75,1.5,0.9,0.7,14,0.75,1.0,0.6667,0.8,1.0,1.0,1.0,1.0,0.75,0.8571,0.3,0.04,0.83281
params_2866,3,1.0,0.5,0.9,0.3,14,0.75,1.0,0.6667,0.8,1.0,1.0,1.0,1.0,0.75,0.8571,0.3,0.04,0.83281
params_2870,3,1.0,0.5,0.9,0.5,14,0.75,1.0,0.6667,0.8,1.0,1.0,1.0,1.0,0.75,0.8571,0.3,0.04,0.83281
params_2874,3,1.0,0.5,0.9,0.7,14,0.75,1.0,0.6667,0.8,1.0,1.0,1.0,1.0,0.75,0.8571,0.3,0.04,0.83281
params_2946,3,1.0,1.0,0.9,0.3,14,0.75,1.0,0.6667,0.8,1.0,1.0,1.0,1.0,0.75,0.8571,0.3,0.04,0.83281
params_2950,3,1.0,1.0,0.9,0.5,14,0.75,1.0,0.6667,0.8,1.0,1.0,1.0,1.0,0.75,0.8571,0.3,0.04,0.83281
params_2954,3,1.0,1.0,0.9,0.7,14,0.75,1.0,0.6667,0.8,1.0,1.0,1.0,1.0,0.75,0.8571,0.3,0.04,0.83281
params_3026,3,1.0,1.2,0.9,0.3,14,0.75,1.0,0.6667,0.8,1.0,1.0,1.0,1.0,0.75,0.8571,0.3,0.04,0.83281
params_3030,3,1.0,1.2,0.9,0.5,14,0.75,1.0,0.6667,0.8,1.0,1.0,1.0,1.0,0.75,0.8571,0.3,0.04,0.83281
params_3034,3,1.0,1.2,0.9,0.7,14,0.75,1.0,0.6667,0.8,1.0,1.0,1.0,1.0,0.75,0.8571,0.3,0.04,0.83281
params_3106,3,1.0,1.5,0.9,0.3,14,0.75,1.0,0.6667,0.8,1.0,1.0,1.0,1.0,0.75,0.8571,0.3,0.04,0.83281
params_3110,3,1.0,1.5,0.9,0.5,14,0.75,1.0,0.6667,0.8,1.0,1.0,1.0,1.0,0.75,0.8571,0.3,0.04,0.83281
params_3114,3,1.0,1.5,0.9,0.7,14,0.75,1.0,0.6667,0.8,1.0,1.0,1.0,1.0,0.75,0.8571,0.3,0.04,0.83281
params_4066,4,0.5,0.5,0.9,0.3,14,0.75,1.0,0.6667,0.8,1.0,1.0,1.0,1.0,0.75,0.8571,0.3,0.04,0.83281
params_4070,4,0.5,0.5,0.9,0.5,14,0.75,1.0,0.6667,0.8,1.0,1.0,1.0,1.0,0.75,0.8571,0.3,0.04,0.83281
params_4074,4,0.5,0.5,0.9,0.7,14,0.75,1.0,0.6667,0.8,1.0,1.0,1.0,1.0,0.75,0.8571,0.3,0.04,0.83281
params_4146,4,0.5,1.0,0.9,0.3,14,0.75,1.0,0.6667,0.8,1.0,1.0,1.0,1.0,0.75,0.8571,0.3,0.04,0.83281
params_4150,4,0.5,1.0,0.9,0.5,14,0.75,1.0,0.6667,0.8,1.0,1.0,1.0,1.0,0.75,0.8571,0.3,0.04,0.83281
params_4154,4,0.5,1.0,0.9,0.7,14,0.75,1.0,0.6667,0.8,1.0,1.0,1.0,1.0,0.75,0.8571,0.3,0.04,0.83281
params_4226,4,0.5,1.2,0.9,0.3,14,0.75,1.0,0.6667,0.8,1.0,1.0,1.0,1.0,0.75,0.8571,0.3,0.04,0.83281
params_4230,4,0.5,1.2,0.9,0.5,14,0.75,1.0,0.6667,0.8,1.0,1.0,1.0,1.0,0.75,0.8571,0.3,0.04,0.83281
params_4234,4,0.5,1.2,0.9,0.7,14,0.75,1.0,0.6667,0.8,1.0,1.0,1.0,1.0,0.75,0.8571,0.3,0.04,0.83281
params_4306,4,0.5,1.5,0.9,0.3,14,0.75,1.0,0.6667,0.8,1.0,1.0,1.0,1.0,0.75,0.8571,0.3,0.04,0.83281
params_4310,4,0.5,1.5,0.9,0.5,14,0.75,1.0,0.6667,0.8,1.0,1.0,1.0,1.0,0.75,0.8571,0.3,0.04,0.83281
params_4314,4,0.5,1.5,0.9,0.7,14,0.75,1.0,0.6667,0.8,1.0,1.0,1.0,1.0,0.75,0.8571,0.3,0.04,0.83281
params_4466,4,0.75,0.5,0.9,0.3,14,0.75,1.0,0.6667,0.8,1.0,1.0,1.0,1.0,0.75,0.8571,0.3,0.04,0.83281
params_4470,4,0.75,0.5,0.9,0.5,14,0.75,1.0,0.6667,0.8,1.0,1.0,1.0,1.0,0.75,0.8571,0.3,0.04,0.83281
params_4474,4,0.75,0.5,0.9,0.7,14,0.75,1.0,0.6667,0.8,1.0,1.0,1.0,1.0,0.75,0.8571,0.3,0.04,0.83281
params_4546,4,0.75,1.0,0.9,0.3,14,0.75,1.0,0.6667,0.8,1.0,1.0,1.0,1.0,0.75,0.8571,0.3,0.04,0.83281
params_4550,4,0.75,1.0,0.9,0.5,14,0.75,1.0,0.6667,0.8,1.0,1.0,1.0,1.0,0.75,0.8571,0.3,0.04,0.83281
params_4554,4,0.75,1.0,0.9,0.7,14,0.75,1.0,0.6667,0.8,1.0,1.0,1.0,1.0,0.75,0.8571,0.3,0.04,0.83281
params_4626,4,0.75,1.2,0.9,0.3,14,0.75,1.0,0.6667,0.8,1.0,1.0,1.0,1.0,0.75,0.8571,0.3,0.04,0.83281
params_4630,4,0.75,1.2,0.9,0.5,14,0.75,1.0,0.6667,0.8,1.0,1.0,1.0,1.0,0.75,0.8571,0.3,0.04,0.83281
params_4634,4,0.75,1.2,0.9,0.7,14,0.75,1.0,0.6667,0.8,1.0,1.0,1.0,1.0,0.75,0.8571,0.3,0.04,0.83281
params_4706,4,0.75,1.5,0.9,0.3,14,0.75,1.0,0.6667,0.8,1.0,1.0,1.0,1.0,0.75,0.8571,0.3,0.04,0.83281
params_4710,4,0.75,1.5,0.9,0.5,14,0.75,1.0,0.6667,0.8,1.0,1.0,1.0,1.0,0.75,0.8571,0.3,0.04,0.83281
params_4714,4,0.75,1.5,0.9,0.7,14,0.75,1.0,0.6667,0.8,1.0,1.0,1.0,1.0,0.75,0.8571,0.3,0.04,0.83281
params_4866,4,1.0,0.5,0.9,0.3,14,0.75,1.0,0.6667,0.8,1.0,1.0,1.0,1.0,0.75,0.8571,0.3,0.04,0.83281
params_4870,4,1.0,0.5,0.9,0.5,14,0.75,1.0,0.6667,0.8,1.0,1.0,1.0,1.0,0.75,0.8571,0.3,0.04,0.83281
params_4874,4,1.0,0.5,0.9,0.7,14,0.75,1.0,0.6667,0.8,1.0,1.0,1.0,1.0,0.75,0.8571,0.3,0.04,0.83281
params_4946,4,1.0,1.0,0.9,0.3,14,0.75,1.0,0.6667,0.8,1.0,1.0,1.0,1.0,0.75,0.8571,0.3,0.04,0.83281
params_4950,4,1.0,1.0,0.9,0.5,14,0.75,1.0,0.6667,0.8,1.0,1.0,1.0,1.0,0.75,0.8571,0.3,0.04,0.83281
params_4954,4,1.0,1.0,0.9,0.7,14,0.75,1.0,0.6667,0.8,1.0,1.0,1.0,1.0,0.75,0.8571,0.3,0.04,0.83281
params_5026,4,1.0,1.2,0.9,0.3,14,0.75,1.0,0.6667,0.8,1.0,1.0,1.0,1.0,0.75,0.8571,0.3,0.04,0.83281
params_5030,4,1.0,1.2,0.9,0.5,14,0.75,1.0,0.6667,0.8,1.0,1.0,1.0,1.0,0.75,0.8571,0.3,0.04,0.83281
params_5034,4,1.0,1.2,0.9,0.7,14,0.75,1.0,0.6667,0.8,1.0,1.0,1.0,1.0,0.75,0.8571,0.3,0.04,0.83281
params_5106,4,1.0,1.5,0.9,0.3,14,0.75,1.0,0.6667,0.8,1.0,1.0,1.0,1.0,0.75,0.8571,0.3,0.04,0.83281
params_5110,4,1.0,1.5,0.9,0.5,14,0.75,1.0,0.6667,0.8,1.0,1.0,1.0,1.0,0.75,0.8571,0.3,0.04,0.83281
params_5114,4,1.0,1.5,0.9,0.7,14,0.75,1.0,0.6667,0.8,1.0,1.0,1.0,1.0,0.75,0.8571,0.3,0.04,0.83281
params_6066,5,0.5,0.5,0.9,0.3,14,0.75,1.0,0.6667,0.8,1.0,1.0,1.0,1.0,0.75,0.8571,0.3,0.04,0.83281
params_6070,5,0.5,0.5,0.9,0.5,14,0.75,1.0,0.6667,0.8,1.0,1.0,1.0,1.0,0.75,0.8571,0.3,0.04,0.83281
params_6074,5,0.5,0.5,0.9,0.7,14,0.75,1.0,0.6667,0.8,1.0,1.0,1.0,1.0,0.75,0.8571,0.3,0.04,0.83281
params_6146,5,0.5,1.0,0.9,0.3,14,0.75,1.0,0.6667,0.8,1.0,1.0,1.0,1.0,0.75,0.8571,0.3,0.04,0.83281
params_6150,5,0.5,1.0,0.9,0.5,14,0.75,1.0,0.6667,0.8,1.0,1.0,1.0,1.0,0.75,0.8571,0.3,0.04,0.83281
params_6154,5,0.5,1.0,0.9,0.7,14,0.75,1.0,0.6667,0.8,1.0,1.0,1.0,1.0,0.75,0.8571,0.3,0.04,0.83281
params_6226,5,0.5,1.2,0.9,0.3,14,0.75,1.0,0.6667,0.8,1.0,1.0,1.0,1.0,0.75,0.8571,0.3,0.04,0.83281
params_6230,5,0.5,1.2,0.9,0.5,14,0.75,1.0,0.6667,0.8,1.0,1.0,1.0,1.0,0.75,0.8571,0.3,0.04,0.83281
params_6234,5,0.5,1.2,0.9,0.7,14,0.75,1.0,0.6667,0.8,1.0,1.0,1.0,1.0,0.75,0.8571,0.3,0.04,0.83281
params_6306,5,0.5,1.5,0.9,0.3,14,0.75,1.0,0.6667,0.8,1.0,1.0,1.0,1.0,0.75,0.8571,0.3,0.04,0.83281
params_6310,5,0.5,1.5,0.9,0.5,14,0.75,1.0,0.6667,0.8,1.0,1.0,1.0,1.0,0.75,0.8571,0.3,0.04,0.83281
params_6314,5,0.5,1.5,0.9,0.7,14,0.75,1.0,0.6667,0.8,1.0,1.0,1.0,1.0,0.75,0.8571,0.3,0.04,0.83281
params_6466,5,0.75,0.5,0.9,0.3,14,0.75,1.0,0.6667,0.8,1.0,1.0,1.0,1.0,0.75,0.8571,0.3,0.04,0.83281
params_6470,5,0.75,0.5,0.9,0.5,14,0.75,1.0,0.6667,0.8,1.0,1.0,1.0,1.0,0.75,0.8571,0.3,0.04,0.83281
params_6474,5,0.75,0.5,0.9,0.7,14,0.75,1.0,0.6667,0.8,1.0,1.0,1.0,1.0,0.75,0.8571,0.3,0.04,0.83281
params_6546,5,0.75,1.0,0.9,0.3,14,0.75,1.0,0.6667,0.8,1.0,1.0,1.0,1.0,0.75,0.8571,0.3,0.04,0.83281
params_6550,5,0.75,1.0,0.9,0.5,14,0.75,1.0,0.6667,0.8,1.0,1.0,1.0,1.0,0.75,0.8571,0.3,0.04,0.83281
params_6554,5,0.75,1.0,0.9,0.7,14,0.75,1.0,0.6667,0.8,1.0,1.0,1.0,1.0,0.75,0.8571,0.3,0.04,0.83281
params_6626,5,0.75,1.2,0.9,0.3,14,0.75,1.0,0.6667,0.8,1.0,1.0,1.0,1.0,0.75,0.8571,0.3,0.04,0.83281
params_6630,5,0.75,1.2,0.9,0.5,14,0.75,1.0,0.6667,0.8,1.0,1.0,1.0,1.0,0.75,0.8571,0.3,0.04,0.83281
params_6634,5,0.75,1.2,0.9,0.7,14,0.75,1.0,0.6667,0.8,1.0,1.0,1.0,1.0,0.75,0.8571,0.3,0.04,0.83281
params_6706,5,0.75,1.5,0.9,0.3,14,0.75,1.0,0.6667,0.8,1.0,1.0,1.0,1.0,0.75,0.8571,0.3,0.04,0.83281
params_6710,5,0.75,1.5,0.9,0.5,14,0.75,1.0,0.6667,0.8,1.0,1.0,1.0,1.0,0.75,0.8571,0.3,0.04,0.83281
params_6714,5,0.75,1.5,0.9,0.7,14,0.75,1.0,0.6667,0.8,1.0,1.0,1.0,1.0,0.75,0.8571,0.3,0.04,0.83281
params_6866,5,1.0,0.5,0.9,0.3,14,0.75,1.0,0.6667,0.8,1.0,1.0,1.0,1.0,0.75,0.8571,0.3,0.04,0.83281
params_6870,5,1.0,0.5,0.9,0.5,14,0.75,1.0,0.6667,0.8,1.0,1.0,1.0,1.0,0.75,0.8571,0.3,0.04,0.83281
params_6874,5,1.0,0.5,0.9,0.7,14,0.75,1.0,0.6667,0.8,1.0,1.0,1.0,1.0,0.75,0.8571,0.3,0.04,0.83281
params_6946,5,1.0,1.0,0.9,0.3,14,0.75,1.0,0.6667,0.8,1.0,1.0,1.0,1.0,0.75,0.8571,0.3,0.04,0.83281
params_6950,5,1.0,1.0,0.9,0.5,14,0.75,1.0,0.6667,0.8,1.0,1.0,1.0,1.0,0.75,0.8571,0.3,0.04,0.83281
params_6954,5,1.0,1.0,0.9,0.7,14,0.75,1.0,0.6667,0.8,1.0,1.0,1.0,1.0,0.75,0.8571,0.3,0.04,0.83281
params_7026,5,1.0,1.2,0.9,0.3,14,0.75,1.0,0.6667,0.8,1.0,1.0,1.0,1.0,0.75,0.8571,0.3,0.04,0.83281
params_7030,5,1.0,1.2,0.9,0.5,14,0.75,1.0,0.6667,0.8,1.0,1.0,1.0,1.0,0.75,0.8571,0.3,0.04,0.83281
params_7034,5,1.0,1.2,0.9,0.7,14,0.75,1.0,0.6667,0.8,1.0,1.0,1.0,1.0,0.75,0.8571,0.3,0.04,0.83281
params_7106,5,1.0,1.5,0.9,0.3,14,0.75,1.0,0.6667,0.8,1.0,1.0,1.0,1.0,0.75,0.8571,0.3,0.04,0.83281
params_7110,5,1.0,1.5,0.9,0.5,14,0.75,1.0,0.6667,0.8,1.0,1.0,1.0,1.0,0.75,0.8571,0.3,0.04,0.83281
params_7114,5,1.0,1.5,0.9,0.7,14,0.75,1.0,0.6667,0.8,1.0,1.0,1.0,1.0,0.75,0.8571,0.3,0.04,0.83281
params_0397,2,0.5,2.0,0.9,1.0,7,0.75,1.0,1.0,1.0,0,0.0,0,1.0,0.75,0.8571,0.08,0.25,0.832084
params_0398,2,0.5,2.0,0.9,1.0,14,0.75,1.0,1.0,1.0,0,0.0,0,1.0,0.75,0.8571,0.08,0.25,0.832084
params_0399,2,0.5,2.0,0.9,1.0,21,0.75,1.0,1.0,1.0,0,0.0,0,1.0,0.75,0.8571,0.08,0.25,0.832084
params_0400,2,0.5,2.0,0.9,1.0,30,0.75,1.0,1.0,1.0,0,0.0,0,1.0,0.75,0.8571,0.08,0.25,0.832084
params_0797,2,0.75,2.0,0.9,1.0,7,0.75,1.0,1.0,1.0,0,0.0,0,1.0,0.75,0.8571,0.08,0.25,0.832084
params_0798,2,0.75,2.0,0.9,1.0,14,0.75,1.0,1.0,1.0,0,0.0,0,1.0,0.75,0.8571,0.08,0.25,0.832084
params_0799,2,0.75,2.0,0.9,1.0,21,0.75,1.0,1.0,1.0,0,0.0,0,1.0,0.75,0.8571,0.08,0.25,0.832084
params_0800,2,0.75,2.0,0.9,1.0,30,0.75,1.0,1.0,1.0,0,0.0,0,1.0,0.75,0.8571,0.08,0.25,0.832084
params_1197,2,1.0,2.0,0.9,1.0,7,0.75,1.0,1.0,1.0,0,0.0,0,1.0,0.75,0.8571,0.08,0.25,0.832084
params_1198,2,1.0,2.0,0.9,1.0,14,0.75,1.0,1.0,1.0,0,0.0,0,1.0,0.75,0.8571,0.08,0.25,0.832084
params_1199,2,1.0,2.0,0.9,1.0,21,0.75,1.0,1.0,1.0,0,0.0,0,1.0,0.75,0.8571,0.08,0.25,0.832084
params_1200,2,1.0,2.0,0.9,1.0,30,0.75,1.0,1.0,1.0,0,0.0,0,1.0,0.75,0.8571,0.08,0.25,0.832084
params_2397,3,0.5,2.0,0.9,1.0,7,0.75,1.0,1.0,1.0,0,0.0,0,1.0,0.75,0.8571,0.08,0.25,0.832084
params_2398,3,0.5,2.0,0.9,1.0,14,0.75,1.0,1.0,1.0,0,0.0,0,1.0,0.75,0.8571,0.08,0.25,0.832084
params_2399,3,0.5,2.0,0.9,1.0,21,0.75,1.0,1.0,1.0,0,0.0,0,1.0,0.75,0.8571,0.08,0.25,0.832084
params_2400,3,0.5,2.0,0.9,1.0,30,0.75,1.0,1.0,1.0,0,0.0,0,1.0,0.75,0.8571,0.08,0.25,0.832084
params_2797,3,0.75,2.0,0.9,1.0,7,0.75,1.0,1.0,1.0,0,0.0,0,1.0,0.75,0.8571,0.08,0.25,0.832084
params_2798,3,0.75,2.0,0.9,1.0,14,0.75,1.0,1.0,1.0,0,0.0,0,1.0,0.75,0.8571,0.08,0.25,0.832084
params_2799,3,0.75,2.0,0.9,1.0,21,0.75,1.0,1.0,1.0,0,0.0,0,1.0,0.75,0.8571,0.08,0.25,0.832084
params_2800,3,0.75,2.0,0.9,1.0,30,0.75,1.0,1.0,1.0,0,0.0,0,1.0,0.75,0.8571,0.08,0.25,0.832084
params_3197,3,1.0,2.0,0.9,1.0,7,0.75,1.0,1.0,1.0,0,0.0,0,1.0,0.75,0.8571,0.08,0.25,0.832084
params_3198,3,1.0,2.0,0.9,1.0,14,0.75,1.0,1.0,1.0,0,0.0,0,1.0,0.75,0.8571,0.08,0.25,0.832084
params_3199,3,1.0,2.0,0.9,1.0,21,0.75,1.0,1.0,1.0,0,0.0,0,1.0,0.75,0.8571,0.08,0.25,0.832084
params_3200,3,1.0,2.0,0.9,1.0,30,0.75,1.0,1.0,1.0,0,0.0,0,1.0,0.75,0.8571,0.08,0.25,0.832084
params_4397,4,0.5,2.0,0.9,1.0,7,0.75,1.0,1.0,1.0,0,0.0,0,1.0,0.75,0.8571,0.08,0.25,0.832084
params_4398,4,0.5,2.0,0.9,1.0,14,0.75,1.0,1.0,1.0,0,0.0,0,1.0,0.75,0.8571,0.08,0.25,0.832084
params_4399,4,0.5,2.0,0.9,1.0,21,0.75,1.0,1.0,1.0,0,0.0,0,1.0,0.75,0.8571,0.08,0.25,0.832084
params_4400,4,0.5,2.0,0.9,1.0,30,0.75,1.0,1.0,1.0,0,0.0,0,1.0,0.75,0.8571,0.08,0.25,0.832084
params_4797,4,0.75,2.0,0.9,1.0,7,0.75,1.0,1.0,1.0,0,0.0,0,1.0,0.75,0.8571,0.08,0.25,0.832084
params_4798,4,0.75,2.0,0.9,1.0,14,0.75,1.0,1.0,1.0,0,0.0,0,1.0,0.75,0.8571,0.08,0.25,0.832084
params_4799,4,0.75,2.0,0.9,1.0,21,0.75,1.0,1.0,1.0,0,0.0,0,1.0,0.75,0.8571,0.08,0.25,0.832084
params_4800,4,0.75,2.0,0.9,1.0,30,0.75,1.0,1.0,1.0,0,0.0,0,1.0,0.75,0.8571,0.08,0.25,0.832084
params_5197,4,1.0,2.0,0.9,1.0,7,0.75,1.0,1.0,1.0,0,0.0,0,1.0,0.75,0.8571,0.08,0.25,0.832084
params_5198,4,1.0,2.0,0.9,1.0,14,0.75,1.0,1.0,1.0,0,0.0,0,1.0,0.75,0.8571,0.08,0.25,0.832084
params_5199,4,1.0,2.0,0.9,1.0,21,0.75,1.0,1.0,1.0,0,0.0,0,1.0,0.75,0.8571,0.08,0.25,0.832084
params_5200,4,1.0,2.0,0.9,1.0,30,0.75,1.0,1.0,1.0,0,0.0,0,1.0,0.75,0.8571,0.08,0.25,0.832084
params_6397,5,0.5,2.0,0.9,1.0,7,0.75,1.0,1.0,1.0,0,0.0,0,1.0,0.75,0.8571,0.08,0.25,0.832084
params_6398,5,0.5,2.0,0.9,1.0,14,0.75,1.0,1.0,1.0,0,0.0,0,1.0,0.75,0.8571,0.08,0.25,0.832084
params_6399,5,0.5,2.0,0.9,1.0,21,0.75,1.0,1.0,1.0,0,0.0,0,1.0,0.75,0.8571,0.08,0.25,0.832084
params_6400,5,0.5,2.0,0.9,1.0,30,0.75,1.0,1.0,1.0,0,0.0,0,1.0,0.75,0.8571,0.08,0.25,0.832084
params_6797,5,0.75,2.0,0.9,1.0,7,0.75,1.0,1.0,1.0,0,0.0,0,1.0,0.75,0.8571,0.08,0.25,0.832084
params_6798,5,0.75,2.0,0.9,1.0,14,0.75,1.0,1.0,1.0,0,0.0,0,1.0,0.75,0.8571,0.08,0.25,0.832084
params_6799,5,0.75,2.0,0.9,1.0,21,0.75,1.0,1.0,1.0,0,0.0,0,1.0,0.75,0.8571,0.08,0.25,0.832084
params_6800,5,0.75,2.0,0.9,1.0,30,0.75,1.0,1.0,1.0,0,0.0,0,1.0,0.75,0.8571,0.08,0.25,0.832084
params_7197,5,1.0,2.0,0.9,1.0,7,0.75,1.0,1.0,1.0,0,0.0,0,1.0,0.75,0.8571,0.08,0.25,0.832084
params_7198,5,1.0,2.0,0.9,1.0,14,0.75,1.0,1.0,1.0,0,0.0,0,1.0,0.75,0.8571,0.08,0.25,0.832084
params_7199,5,1.0,2.0,0.9,1.0,21,0.75,1.0,1.0,1.0,0,0.0,0,1.0,0.75,0.8571,0.08,0.25,0.832084
params_7200,5,1.0,2.0,0.9,1.0,30,0.75,1.0,1.0,1.0,0,0.0,0,1.0,0.75,0.8571,0.08,0.25,0.832084
params_0067,2,0.5,0.5,0.9,0.3,21,0.75,1.0,0.6667,0.8,1.0,1.0,1.0,1.0,0.75,0.8571,0.3,0.05,0.831437
params_0068,2,0.5,0.5,0.9,0.3,30,0.75,1.0,0.6667,0.8,1.0,1.0,1.0,1.0,0.75,0.8571,0.3,0.05,0.831437
params_0071,2,0.5,0.5,0.9,0.5,21,0.75,1.0,0.6667,0.8,1.0,1.0,1.0,1.0,0.75,0.8571,0.3,0.05,0.831437
params_0072,2,0.5,0.5,0.9,0.5,30,0.75,1.0,0.6667,0.8,1.0,1.0,1.0,1.0,0.75,0.8571,0.3,0.05,0.831437
params_0075,2,0.5,0.5,0.9,0.7,21,0.75,1.0,0.6667,0.8,1.0,1.0,1.0,1.0,0.75,0.8571,0.3,0.05,0.831437
params_0076,2,0.5,0.5,0.9,0.7,30,0.75,1.0,0.6667,0.8,1.0,1.0,1.0,1.0,0.75,0.8571,0.3,0.05,0.831437
params_0147,2,0.5,1.0,0.9,0.3,21,0.75,1.0,0.6667,0.8,1.0,1.0,1.0,1.0,0.75,0.8571,0.3,0.05,0.831437
params_0148,2,0.5,1.0,0.9,0.3,30,0.75,1.0,0.6667,0.8,1.0,1.0,1.0,1.0,0.75,0.8571,0.3,0.05,0.831437
params_0151,2,0.5,1.0,0.9,0.5,21,0.75,1.0,0.6667,0.8,1.0,1.0,1.0,1.0,0.75,0.8571,0.3,0.05,0.831437
params_0152,2,0.5,1.0,0.9,0.5,30,0.75,1.0,0.6667,0.8,1.0,1.0,1.0,1.0,0.75,0.8571,0.3,0.05,0.831437
params_0155,2,0.5,1.0,0.9,0.7,21,0.75,1.0,0.6667,0.8,1.0,1.0,1.0,1.0,0.75,0.8571,0.3,0.05,0.831437
params_0156,2,0.5,1.0,0.9,0.7,30,0.75,1.0,0.6667,0.8,1.0,1.0,1.0,1.0,0.75,0.8571,0.3,0.05,0.831437
params_0227,2,0.5,1.2,0.9,0.3,21,0.75,1.0,0.6667,0.8,1.0,1.0,1.0,1.0,0.75,0.8571,0.3,0.05,0.831437
params_0228,2,0.5,1.2,0.9,0.3,30,0.75,1.0,0.6667,0.8,1.0,1.0,1.0,1.0,0.75,0.8571,0.3,0.05,0.831437
params_0231,2,0.5,1.2,0.9,0.5,21,0.75,1.0,0.6667,0.8,1.0,1.0,1.0,1.0,0.75,0.8571,0.3,0.05,0.831437
params_0232,2,0.5,1.2,0.9,0.5,30,0.75,1.0,0.6667,0.8,1.0,1.0,1.0,1.0,0.75,0.8571,0.3,0.05,0.831437
params_0235,2,0.5,1.2,0.9,0.7,21,0.75,1.0,0.6667,0.8,1.0,1.0,1.0,1.0,0.75,0.8571,0.3,0.05,0.831437
params_0236,2,0.5,1.2,0.9,0.7,30,0.75,1.0,0.6667,0.8,1.0,1.0,1.0,1.0,0.75,0.8571,0.3,0.05,0.831437
params_0307,2,0.5,1.5,0.9,0.3,21,0.75,1.0,0.6667,0.8,1.0,1.0,1.0,1.0,0.75,0.8571,0.3,0.05,0.831437
params_0308,2,0.5,1.5,0.9,0.3,30,0.75,1.0,0.6667,0.8,1.0,1.0,1.0,1.0,0.75,0.8571,0.3,0.05,0.831437
params_0311,2,0.5,1.5,0.9,0.5,21,0.75,1.0,0.6667,0.8,1.0,1.0,1.0,1.0,0.75,0.8571,0.3,0.05,0.831437
params_0312,2,0.5,1.5,0.9,0.5,30,0.75,1.0,0.6667,0.8,1.0,1.0,1.0,1.0,0.75,0.8571,0.3,0.05,0.831437
params_0315,2,0.5,1.5,0.9,0.7,21,0.75,1.0,0.6667,0.8,1.0,1.0,1.0,1.0,0.75,0.8571,0.3,0.05,0.831437
params_0316,2,0.5,1.5,0.9,0.7,30,0.75,1.0,0.6667,0.8,1.0,1.0,1.0,1.0,0.75,0.8571,0.3,0.05,0.831437
params_0467,2,0.75,0.5,0.9,0.3,21,0.75,1.0,0.6667,0.8,1.0,1.0,1.0,1.0,0.75,0.8571,0.3,0.05,0.831437
params_0468,2,0.75,0.5,0.9,0.3,30,0.75,1.0,0.6667,0.8,1.0,1.0,1.0,1.0,0.75,0.8571,0.3,0.05,0.831437
params_0471,2,0.75,0.5,0.9,0.5,21,0.75,1.0,0.6667,0.8,1.0,1.0,1.0,1.0,0.75,0.8571,0.3,0.05,0.831437
params_0472,2,0.75,0.5,0.9,0.5,30,0.75,1.0,0.6667,0.8,1.0,1.0,1.0,1.0,0.75,0.8571,0.3,0.05,0.831437
params_0475,2,0.75,0.5,0.9,0.7,21,0.75,1.0,0.6667,0.8,1.0,1.0,1.0,1.0,0.75,0.8571,0.3,0.05,0.831437
params_0476,2,0.75,0.5,0.9,0.7,30,0.75,1.0,0.6667,0.8,1.0,1.0,1.0,1.0,0.75,0.8571,0.3,0.05,0.831437
params_0547,2,0.75,1.0,0.9,0.3,21,0.75,1.0,0.6667,0.8,1.0,1.0,1.0,1.0,0.75,0.8571,0.3,0.05,0.831437
params_0548,2,0.75,1.0,0.9,0.3,30,0.75,1.0,0.6667,0.8,1.0,1.0,1.0,1.0,0.75,0.8571,0.3,0.05,0.831437
params_0551,2,0.75,1.0,0.9,0.5,21,0.75,1.0,0.6667,0.8,1.0,1.0,1.0,1.0,0.75,0.8571,0.3,0.05,0.831437
params_0552,2,0.75,1.0,0.9,0.5,30,0.75,1.0,0.6667,0.8,1.0,1.0,1.0,1.0,0.75,0.8571,0.3,0.05,0.831437
params_0555,2,0.75,1.0,0.9,0.7,21,0.75,1.0,0.6667,0.8,1.0,1.0,1.0,1.0,0.75,0.8571,0.3,0.05,0.831437
params_0556,2,0.75,1.0,0.9,0.7,30,0.75,1.0,0.6667,0.8,1.0,1.0,1.0,1.0,0.75,0.8571,0.3,0.05,0.831437
params_0627,2,0.75,1.2,0.9,0.3,21,0.75,1.0,0.6667,0.8,1.0,1.0,1.0,1.0,0.75,0.8571,0.3,0.05,0.831437
params_0628,2,0.75,1.2,0.9,0.3,30,0.75,1.0,0.6667,0.8,1.0,1.0,1.0,1.0,0.75,0.8571,0.3,0.05,0.831437
params_0631,2,0.75,1.2,0.9,0.5,21,0.75,1.0,0.6667,0.8,1.0,1.0,1.0,1.0,0.75,0.8571,0.3,0.05,0.831437
params_0632,2,0.75,1.2,0.9,0.5,30,0.75,1.0,0.6667,0.8,1.0,1.0,1.0,1.0,0.75,0.8571,0.3,0.05,0.831437
params_0635,2,0.75,1.2,0.9,0.7,21,0.75,1.0,0.6667,0.8,1.0,1.0,1.0,1.0,0.75,0.8571,0.3,0.05,0.831437
params_0636,2,0.75,1.2,0.9,0.7,30,0.75,1.0,0.6667,0.8,1.0,1.0,1.0,1.0,0.75,0.8571,0.3,0.05,0.831437
params_0707,2,0.75,1.5,0.9,0.3,21,0.75,1.0,0.6667,0.8,1.0,1.0,1.0,1.0,0.75,0.8571,0.3,0.05,0.831437
params_0708,2,0.75,1.5,0.9,0.3,30,0.75,1.0,0.6667,0.8,1.0,1.0,1.0,1.0,0.75,0.8571,0.3,0.05,0.831437
params_0711,2,0.75,1.5,0.9,0.5,21,0.75,1.0,0.6667,0.8,1.0,1.0,1.0,1.0,0.75,0.8571,0.3,0.05,0.831437
params_0712,2,0.75,1.5,0.9,0.5,30,0.75,1.0,0.6667,0.8,1.0,1.0,1.0,1.0,0.75,0.8571,0.3,0.05,0.831437
params_0715,2,0.75,1.5,0.9,0.7,21,0.75,1.0,0.6667,0.8,1.0,1.0,1.0,1.0,0.75,0.8571,0.3,0.05,0.831437
params_0716,2,0.75,1.5,0.9,0.7,30,0.75,1.0,0.6667,0.8,1.0,1.0,1.0,1.0,0.75,0.8571,0.3,0.05,0.831437
params_0867,2,1.0,0.5,0.9,0.3,21,0.75,1.0,0.6667,0.8,1.0,1.0,1.0,1.0,0.75,0.8571,0.3,0.05,0.831437
params_0868,2,1.0,0.5,0.9,0.3,30,0.75,1.0,0.6667,0.8,1.0,1.0,1.0,1.0,0.75,0.8571,0.3,0.05,0.831437
params_0871,2,1.0,0.5,0.9,0.5,21,0.75,1.0,0.6667,0.8,1.0,1.0,1.0,1.0,0.75,0.8571,0.3,0.05,0.831437
params_0872,2,1.0,0.5,0.9,0.5,30,0.75,1.0,0.6667,0.8,1.0,1.0,1.0,1.0,0.75,0.8571,0.3,0.05,0.831437
params_0875,2,1.0,0.5,0.9,0.7,21,0.75,1.0,0.6667,0.8,1.0,1.0,1.0,1.0,0.75,0.8571,0.3,0.05,0.831437
params_0876,2,1.0,0.5,0.9,0.7,30,0.75,1.0,0.6667,0.8,1.0,1.0,1.0,1.0,0.75,0.8571,0.3,0.05,0.831437
params_0947,2,1.0,1.0,0.9,0.3,21,0.75,1.0,0.6667,0.8,1.0,1.0,1.0,1.0,0.75,0.8571,0.3,0.05,0.831437
params_0948,2,1.0,1.0,0.9,0.3,30,0.75,1.0,0.6667,0.8,1.0,1.0,1.0,1.0,0.75,0.8571,0.3,0.05,0.831437
params_0951,2,1.0,1.0,0.9,0.5,21,0.75,1.0,0.6667,0.8,1.0,1.0,1.0,1.0,0.75,0.8571,0.3,0.05,0.831437
params_0952,2,1.0,1.0,0.9,0.5,30,0.75,1.0,0.6667,0.8,1.0,1.0,1.0,1.0,0.75,0.8571,0.3,0.05,0.831437
params_0955,2,1.0,1.0,0.9,0.7,21,0.75,1.0,0.6667,0.8,1.0,1.0,1.0,1.0,0.75,0.8571,0.3,0.05,0.831437
params_0956,2,1.0,1.0,0.9,0.7,30,0.75,1.0,0.6667,0.8,1.0,1.0,1.0,1.0,0.75,0.8571,0.3,0.05,0.831437
params_1027,2,1.0,1.2,0.9,0.3,21,0.75,1.0,0.6667,0.8,1.0,1.0,1.0,1.0,0.75,0.8571,0.3,0.05,0.831437
params_1028,2,1.0,1.2,0.9,0.3,30,0.75,1.0,0.6667,0.8,1.0,1.0,1.0,1.0,0.75,0.8571,0.3,0.05,0.831437
params_1031,2,1.0,1.2,0.9,0.5,21,0.75,1.0,0.6667,0.8,1.0,1.0,1.0,1.0,0.75,0.8571,0.3,0.05,0.831437
params_1032,2,1.0,1.2,0.9,0.5,30,0.75,1.0,0.6667,0.8,1.0,1.0,1.0,1.0,0.75,0.8571,0.3,0.05,0.831437
params_1035,2,1.0,1.2,0.9,0.7,21,0.75,1.0,0.6667,0.8,1.0,1.0,1.0,1.0,0.75,0.8571,0.3,0.05,0.831437
params_1036,2,1.0,1.2,0.9,0.7,30,0.75,1.0,0.6667,0.8,1.0,1.0,1.0,1.0,0.75,0.8571,0.3,0.05,0.831437
params_1107,2,1.0,1.5,0.9,0.3,21,0.75,1.0,0.6667,0.8,1.0,1.0,1.0,1.0,0.75,0.8571,0.3,0.05,0.831437
params_1108,2,1.0,1.5,0.9,0.3,30,0.75,1.0,0.6667,0.8,1.0,1.0,1.0,1.0,0.75,0.8571,0.3,0.05,0.831437
params_1111,2,1.0,1.5,0.9,0.5,21,0.75,1.0,0.6667,0.8,1.0,1.0,1.0,1.0,0.75,0.8571,0.3,0.05,0.831437
params_1112,2,1.0,1.5,0.9,0.5,30,0.75,1.0,0.6667,0.8,1.0,1.0,1.0,1.0,0.75,0.8571,0.3,0.05,0.831437
params_1115,2,1.0,1.5,0.9,0.7,21,0.75,1.0,0.6667,0.8,1.0,1.0,1.0,1.0,0.75,0.8571,0.3,0.05,0.831437
params_1116,2,1.0,1.5,0.9,0.7,30,0.75,1.0,0.6667,0.8,1.0,1.0,1.0,1.0,0.75,0.8571,0.3,0.05,0.831437
params_2067,3,0.5,0.5,0.9,0.3,21,0.75,1.0,0.6667,0.8,1.0,1.0,1.0,1.0,0.75,0.8571,0.3,0.05,0.831437
params_2068,3,0.5,0.5,0.9,0.3,30,0.75,1.0,0.6667,0.8,1.0,1.0,1.0,1.0,0.75,0.8571,0.3,0.05,0.831437
params_2071,3,0.5,0.5,0.9,0.5,21,0.75,1.0,0.6667,0.8,1.0,1.0,1.0,1.0,0.75,0.8571,0.3,0.05,0.831437
params_2072,3,0.5,0.5,0.9,0.5,30,0.75,1.0,0.6667,0.8,1.0,1.0,1.0,1.0,0.75,0.8571,0.3,0.05,0.831437
params_2075,3,0.5,0.5,0.9,0.7,21,0.75,1.0,0.6667,0.8,1.0,1.0,1.0,1.0,0.75,0.8571,0.3,0.05,0.831437
params_2076,3,0.5,0.5,0.9,0.7,30,0.75,1.0,0.6667,0.8,1.0,1.0,1.0,1.0,0.75,0.8571,0.3,0.05,0.831437
params_2147,3,0.5,1.0,0.9,0.3,21,0.75,1.0,0.6667,0.8,1.0,1.0,1.0,1.0,0.75,0.8571,0.3,0.05,0.831437
params_2148,3,0.5,1.0,0.9,0.3,30,0.75,1.0,0.6667,0.8,1.0,1.0,1.0,1.0,0.75,0.8571,0.3,0.05,0.831437
params_2151,3,0.5,1.0,0.9,0.5,21,0.75,1.0,0.6667,0.8,1.0,1.0,1.0,1.0,0.75,0.8571,0.3,0.05,0.831437
params_2152,3,0.5,1.0,0.9,0.5,30,0.75,1.0,0.6667,0.8,1.0,1.0,1.0,1.0,0.75,0.8571,0.3,0.05,0.831437
params_2155,3,0.5,1.0,0.9,0.7,21,0.75,1.0,0.6667,0.8,1.0,1.0,1.0,1.0,0.75,0.8571,0.3,0.05,0.831437
params_2156,3,0.5,1.0,0.9,0.7,30,0.75,1.0,0.6667,0.8,1.0,1.0,1.0,1.0,0.75,0.8571,0.3,0.05,0.831437
params_2227,3,0.5,1.2,0.9,0.3,21,0.75,1.0,0.6667,0.8,1.0,1.0,1.0,1.0,0.75,0.8571,0.3,0.05,0.831437
params_2228,3,0.5,1.2,0.9,0.3,30,0.75,1.0,0.6667,0.8,1.0,1.0,1.0,1.0,0.75,0.8571,0.3,0.05,0.831437
params_2231,3,0.5,1.2,0.9,0.5,21,0.75,1.0,0.6667,0.8,1.0,1.0,1.0,1.0,0.75,0.8571,0.3,0.05,0.831437
params_2232,3,0.5,1.2,0.9,0.5,30,0.75,1.0,0.6667,0.8,1.0,1.0,1.0,1.0,0.75,0.8571,0.3,0.05,0.831437
params_2235,3,0.5,1.2,0.9,0.7,21,0.75,1.0,0.6667,0.8,1.0,1.0,1.0,1.0,0.75,0.8571,0.3,0.05,0.831437
params_2236,3,0.5,1.2,0.9,0.7,30,0.75,1.0,0.6667,0.8,1.0,1.0,1.0,1.0,0.75,0.8571,0.3,0.05,0.831437
params_2307,3,0.5,1.5,0.9,0.3,21,0.75,1.0,0.6667,0.8,1.0,1.0,1.0,1.0,0.75,0.8571,0.3,0.05,0.831437
params_2308,3,0.5,1.5,0.9,0.3,30,0.75,1.0,0.6667,0.8,1.0,1.0,1.0,1.0,0.75,0.8571,0.3,0.05,0.831437
params_2311,3,0.5,1.5,0.9,0.5,21,0.75,1.0,0.6667,0.8,1.0,1.0,1.0,1.0,0.75,0.8571,0.3,0.05,0.831437
params_2312,3,0.5,1.5,0.9,0.5,30,0.75,1.0,0.6667,0.8,1.0,1.0,1.0,1.0,0.75,0.8571,0.3,0.05,0.831437
params_2315,3,0.5,1.5,0.9,0.7,21,0.75,1.0,0.6667,0.8,1.0,1.0,1.0,1.0,0.75,0.8571,0.3,0.05,0.831437
params_2316,3,0.5,1.5,0.9,0.7,30,0.75,1.0,0.6667,0.8,1.0,1.0,1.0,1.0,0.75,0.8571,0.3,0.05,0.831437
params_2467,3,0.75,0.5,0.9,0.3,21,0.75,1.0,0.6667,0.8,1.0,1.0,1.0,1.0,0.75,0.8571,0.3,0.05,0.831437
params_2468,3,0.75,0.5,0.9,0.3,30,0.75,1.0,0.6667,0.8,1.0,1.0,1.0,1.0,0.75,0.8571,0.3,0.05,0.831437
params_2471,3,0.75,0.5,0.9,0.5,21,0.75,1.0,0.6667,0.8,1.0,1.0,1.0,1.0,0.75,0.8571,0.3,0.05,0.831437
params_2472,3,0.75,0.5,0.9,0.5,30,0.75,1.0,0.6667,0.8,1.0,1.0,1.0,1.0,0.75,0.8571,0.3,0.05,0.831437
params_2475,3,0.75,0.5,0.9,0.7,21,0.75,1.0,0.6667,0.8,1.0,1.0,1.0,1.0,0.75,0.8571,0.3,0.05,0.831437
params_2476,3,0.75,0.5,0.9,0.7,30,0.75,1.0,0.6667,0.8,1.0,1.0,1.0,1.0,0.75,0.8571,0.3,0.05,0.831437
params_2547,3,0.75,1.0,0.9,0.3,21,0.75,1.0,0.6667,0.8,1.0,1.0,1.0,1.0,0.75,0.8571,0.3,0.05,0.831437
params_2548,3,0.75,1.0,0.9,0.3,30,0.75,1.0,0.6667,0.8,1.0,1.0,1.0,1.0,0.75,0.8571,0.3,0.05,0.831437
params_2551,3,0.75,1.0,0.9,0.5,21,0.75,1.0,0.6667,0.8,1.0,1.0,1.0,1.0,0.75,0.8571,0.3,0.05,0.831437
params_2552,3,0.75,1.0,0.9,0.5,30,0.75,1.0,0.6667,0.8,1.0,1.0,1.0,1.0,0.75,0.8571,0.3,0.05,0.831437
params_2555,3,0.75,1.0,0.9,0.7,21,0.75,1.0,0.6667,0.8,1.0,1.0,1.0,1.0,0.75,0.8571,0.3,0.05,0.831437
params_2556,3,0.75,1.0,0.9,0.7,30,0.75,1.0,0.6667,0.8,1.0,1.0,1.0,1.0,0.75,0.8571,0.3,0.05,0.831437
params_2627,3,0.75,1.2,0.9,0.3,21,0.75,1.0,0.6667,0.8,1.0,1.0,1.0,1.0,0.75,0.8571,0.3,0.05,0.831437
params_2628,3,0.75,1.2,0.9,0.3,30,0.75,1.0,0.6667,0.8,1.0,1.0,1.0,1.0,0.75,0.8571,0.3,0.05,0.831437
params_2631,3,0.75,1.2,0.9,0.5,21,0.75,1.0,0.6667,0.8,1.0,1.0,1.0,1.0,0.75,0.8571,0.3,0.05,0.831437
params_2632,3,0.75,1.2,0.9,0.5,30,0.75,1.0,0.6667,0.8,1.0,1.0,1.0,1.0,0.75,0.8571,0.3,0.05,0.831437
params_2635,3,0.75,1.2,0.9,0.7,21,0.75,1.0,0.6667,0.8,1.0,1.0,1.0,1.0,0.75,0.8571,0.3,0.05,0.831437
params_2636,3,0.75,1.2,0.9,0.7,30,0.75,1.0,0.6667,0.8,1.0,1.0,1.0,1.0,0.75,0.8571,0.3,0.05,0.831437
params_2707,3,0.75,1.5,0.9,0.3,21,0.75,1.0,0.6667,0.8,1.0,1.0,1.0,1.0,0.75,0.8571,0.3,0.05,0.831437
params_2708,3,0.75,1.5,0.9,0.3,30,0.75,1.0,0.6667,0.8,1.0,1.0,1.0,1.0,0.75,0.8571,0.3,0.05,0.831437
params_2711,3,0.75,1.5,0.9,0.5,21,0.75,1.0,0.6667,0.8,1.0,1.0,1.0,1.0,0.75,0.8571,0.3,0.05,0.831437
params_2712,3,0.75,1.5,0.9,0.5,30,0.75,1.0,0.6667,0.8,1.0,1.0,1.0,1.0,0.75,0.8571,0.3,0.05,0.831437
params_2715,3,0.75,1.5,0.9,0.7,21,0.75,1.0,0.6667,0.8,1.0,1.0,1.0,1.0,0.75,0.8571,0.3,0.05,0.831437
params_2716,3,0.75,1.5,0.9,0.7,30,0.75,1.0,0.6667,0.8,1.0,1.0,1.0,1.0,0.75,0.8571,0.3,0.05,0.831437
params_2867,3,1.0,0.5,0.9,0.3,21,0.75,1.0,0.6667,0.8,1.0,1.0,1.0,1.0,0.75,0.8571,0.3,0.05,0.831437
params_2868,3,1.0,0.5,0.9,0.3,30,0.75,1.0,0.6667,0.8,1.0,1.0,1.0,1.0,0.75,0.8571,0.3,0.05,0.831437
params_2871,3,1.0,0.5,0.9,0.5,21,0.75,1.0,0.6667,0.8,1.0,1.0,1.0,1.0,0.75,0.8571,0.3,0.05,0.831437
params_2872,3,1.0,0.5,0.9,0.5,30,0.75,1.0,0.6667,0.8,1.0,1.0,1.0,1.0,0.75,0.8571,0.3,0.05,0.831437
params_2875,3,1.0,0.5,0.9,0.7,21,0.75,1.0,0.6667,0.8,1.0,1.0,1.0,1.0,0.75,0.8571,0.3,0.05,0.831437
params_2876,3,1.0,0.5,0.9,0.7,30,0.75,1.0,0.6667,0.8,1.0,1.0,1.0,1.0,0.75,0.8571,0.3,0.05,0.831437
params_2947,3,1.0,1.0,0.9,0.3,21,0.75,1.0,0.6667,0.8,1.0,1.0,1.0,1.0,0.75,0.8571,0.3,0.05,0.831437
params_2948,3,1.0,1.0,0.9,0.3,30,0.75,1.0,0.6667,0.8,1.0,1.0,1.0,1.0,0.75,0.8571,0.3,0.05,0.831437
params_2951,3,1.0,1.0,0.9,0.5,21,0.75,1.0,0.6667,0.8,1.0,1.0,1.0,1.0,0.75,0.8571,0.3,0.05,0.831437
params_2952,3,1.0,1.0,0.9,0.5,30,0.75,1.0,0.6667,0.8,1.0,1.0,1.0,1.0,0.75,0.8571,0.3,0.05,0.831437
params_2955,3,1.0,1.0,0.9,0.7,21,0.75,1.0,0.6667,0.8,1.0,1.0,1.0,1.0,0.75,0.8571,0.3,0.05,0.831437
params_2956,3,1.0,1.0,0.9,0.7,30,0.75,1.0,0.6667,0.8,1.0,1.0,1.0,1.0,0.75,0.8571,0.3,0.05,0.831437
params_3027,3,1.0,1.2,0.9,0.3,21,0.75,1.0,0.6667,0.8,1.0,1.0,1.0,1.0,0.75,0.8571,0.3,0.05,0.831437
params_3028,3,1.0,1.2,0.9,0.3,30,0.75,1.0,0.6667,0.8,1.0,1.0,1.0,1.0,0.75,0.8571,0.3,0.05,0.831437
params_3031,3,1.0,1.2,0.9,0.5,21,0.75,1.0,0.6667,0.8,1.0,1.0,1.0,1.0,0.75,0.8571,0.3,0.05,0.831437
params_3032,3,1.0,1.2,0.9,0.5,30,0.75,1.0,0.6667,0.8,1.0,1.0,1.0,1.0,0.75,0.8571,0.3,0.05,0.831437
params_3035,3,1.0,1.2,0.9,0.7,21,0.75,1.0,0.6667,0.8,1.0,1.0,1.0,1.0,0.75,0.8571,0.3,0.05,0.831437
params_3036,3,1.0,1.2,0.9,0.7,30,0.75,1.0,0.6667,0.8,1.0,1.0,1.0,1.0,0.75,0.8571,0.3,0.05,0.831437
params_3107,3,1.0,1.5,0.9,0.3,21,0.75,1.0,0.6667,0.8,1.0,1.0,1.0,1.0,0.75,0.8571,0.3,0.05,0.831437
params_3108,3,1.0,1.5,0.9,0.3,30,0.75,1.0,0.6667,0.8,1.0,1.0,1.0,1.0,0.75,0.8571,0.3,0.05,0.831437
params_3111,3,1.0,1.5,0.9,0.5,21,0.75,1.0,0.6667,0.8,1.0,1.0,1.0,1.0,0.75,0.8571,0.3,0.05,0.831437
params_3112,3,1.0,1.5,0.9,0.5,30,0.75,1.0,0.6667,0.8,1.0,1.0,1.0,1.0,0.75,0.8571,0.3,0.05,0.831437
params_3115,3,1.0,1.5,0.9,0.7,21,0.75,1.0,0.6667,0.8,1.0,1.0,1.0,1.0,0.75,0.8571,0.3,0.05,0.831437
params_3116,3,1.0,1.5,0.9,0.7,30,0.75,1.0,0.6667,0.8,1.0,1.0,1.0,1.0,0.75,0.8571,0.3,0.05,0.831437
params_4067,4,0.5,0.5,0.9,0.3,21,0.75,1.0,0.6667,0.8,1.0,1.0,1.0,1.0,0.75,0.8571,0.3,0.05,0.831437
params_4068,4,0.5,0.5,0.9,0.3,30,0.75,1.0,0.6667,0.8,1.0,1.0,1.0,1.0,0.75,0.8571,0.3,0.05,0.831437
params_4071,4,0.5,0.5,0.9,0.5,21,0.75,1.0,0.6667,0.8,1.0,1.0,1.0,1.0,0.75,0.8571,0.3,0.05,0.831437
params_4072,4,0.5,0.5,0.9,0.5,30,0.75,1.0,0.6667,0.8,1.0,1.0,1.0,1.0,0.75,0.8571,0.3,0.05,0.831437
params_4075,4,0.5,0.5,0.9,0.7,21,0.75,1.0,0.6667,0.8,1.0,1.0,1.0,1.0,0.75,0.8571,0.3,0.05,0.831437
params_4076,4,0.5,0.5,0.9,0.7,30,0.75,1.0,0.6667,0.8,1.0,1.0,1.0,1.0,0.75,0.8571,0.3,0.05,0.831437
params_4147,4,0.5,1.0,0.9,0.3,21,0.75,1.0,0.6667,0.8,1.0,1.0,1.0,1.0,0.75,0.8571,0.3,0.05,0.831437
params_4148,4,0.5,1.0,0.9,0.3,30,0.75,1.0,0.6667,0.8,1.0,1.0,1.0,1.0,0.75,0.8571,0.3,0.05,0.831437
params_4151,4,0.5,1.0,0.9,0.5,21,0.75,1.0,0.6667,0.8,1.0,1.0,1.0,1.0,0.75,0.8571,0.3,0.05,0.831437
params_4152,4,0.5,1.0,0.9,0.5,30,0.75,1.0,0.6667,0.8,1.0,1.0,1.0,1.0,0.75,0.8571,0.3,0.05,0.831437
params_4155,4,0.5,1.0,0.9,0.7,21,0.75,1.0,0.6667,0.8,1.0,1.0,1.0,1.0,0.75,0.8571,0.3,0.05,0.831437
params_4156,4,0.5,1.0,0.9,0.7,30,0.75,1.0,0.6667,0.8,1.0,1.0,1.0,1.0,0.75,0.8571,0.3,0.05,0.831437
params_4227,4,0.5,1.2,0.9,0.3,21,0.75,1.0,0.6667,0.8,1.0,1.0,1.0,1.0,0.75,0.8571,0.3,0.05,0.831437
params_4228,4,0.5,1.2,0.9,0.3,30,0.75,1.0,0.6667,0.8,1.0,1.0,1.0,1.0,0.75,0.8571,0.3,0.05,0.831437
params_4231,4,0.5,1.2,0.9,0.5,21,0.75,1.0,0.6667,0.8,1.0,1.0,1.0,1.0,0.75,0.8571,0.3,0.05,0.831437
params_4232,4,0.5,1.2,0.9,0.5,30,0.75,1.0,0.6667,0.8,1.0,1.0,1.0,1.0,0.75,0.8571,0.3,0.05,0.831437
params_4235,4,0.5,1.2,0.9,0.7,21,0.75,1.0,0.6667,0.8,1.0,1.0,1.0,1.0,0.75,0.8571,0.3,0.05,0.831437
params_4236,4,0.5,1.2,0.9,0.7,30,0.75,1.0,0.6667,0.8,1.0,1.0,1.0,1.0,0.75,0.8571,0.3,0.05,0.831437
params_4307,4,0.5,1.5,0.9,0.3,21,0.75,1.0,0.6667,0.8,1.0,1.0,1.0,1.0,0.75,0.8571,0.3,0.05,0.831437
params_4308,4,0.5,1.5,0.9,0.3,30,0.75,1.0,0.6667,0.8,1.0,1.0,1.0,1.0,0.75,0.8571,0.3,0.05,0.831437
params_4311,4,0.5,1.5,0.9,0.5,21,0.75,1.0,0.6667,0.8,1.0,1.0,1.0,1.0,0.75,0.8571,0.3,0.05,0.831437
params_4312,4,0.5,1.5,0.9,0.5,30,0.75,1.0,0.6667,0.8,1.0,1.0,1.0,1.0,0.75,0.8571,0.3,0.05,0.831437
params_4315,4,0.5,1.5,0.9,0.7,21,0.75,1.0,0.6667,0.8,1.0,1.0,1.0,1.0,0.75,0.8571,0.3,0.05,0.831437
params_4316,4,0.5,1.5,0.9,0.7,30,0.75,1.0,0.6667,0.8,1.0,1.0,1.0,1.0,0.75,0.8571,0.3,0.05,0.831437
params_4467,4,0.75,0.5,0.9,0.3,21,0.75,1.0,0.6667,0.8,1.0,1.0,1.0,1.0,0.75,0.8571,0.3,0.05,0.831437
params_4468,4,0.75,0.5,0.9,0.3,30,0.75,1.0,0.6667,0.8,1.0,1.0,1.0,1.0,0.75,0.8571,0.3,0.05,0.831437
params_4471,4,0.75,0.5,0.9,0.5,21,0.75,1.0,0.6667,0.8,1.0,1.0,1.0,1.0,0.75,0.8571,0.3,0.05,0.831437
params_4472,4,0.75,0.5,0.9,0.5,30,0.75,1.0,0.6667,0.8,1.0,1.0,1.0,1.0,0.75,0.8571,0.3,0.05,0.831437
params_4475,4,0.75,0.5,0.9,0.7,21,0.75,1.0,0.6667,0.8,1.0,1.0,1.0,1.0,0.75,0.8571,0.3,0.05,0.831437
params_4476,4,0.75,0.5,0.9,0.7,30,0.75,1.0,0.6667,0.8,1.0,1.0,1.0,1.0,0.75,0.8571,0.3,0.05,0.831437
params_4547,4,0.75,1.0,0.9,0.3,21,0.75,1.0,0.6667,0.8,1.0,1.0,1.0,1.0,0.75,0.8571,0.3,0.05,0.831437
params_4548,4,0.75,1.0,0.9,0.3,30,0.75,1.0,0.6667,0.8,1.0,1.0,1.0,1.0,0.75,0.8571,0.3,0.05,0.831437
params_4551,4,0.75,1.0,0.9,0.5,21,0.75,1.0,0.6667,0.8,1.0,1.0,1.0,1.0,0.75,0.8571,0.3,0.05,0.831437
params_4552,4,0.75,1.0,0.9,0.5,30,0.75,1.0,0.6667,0.8,1.0,1.0,1.0,1.0,0.75,0.8571,0.3,0.05,0.831437
params_4555,4,0.75,1.0,0.9,0.7,21,0.75,1.0,0.6667,0.8,1.0,1.0,1.0,1.0,0.75,0.8571,0.3,0.05,0.831437
params_4556,4,0.75,1.0,0.9,0.7,30,0.75,1.0,0.6667,0.8,1.0,1.0,1.0,1.0,0.75,0.8571,0.3,0.05,0.831437
params_4627,4,0.75,1.2,0.9,0.3,21,0.75,1.0,0.6667,0.8,1.0,1.0,1.0,1.0,0.75,0.8571,0.3,0.05,0.831437
params_4628,4,0.75,1.2,0.9,0.3,30,0.75,1.0,0.6667,0.8,1.0,1.0,1.0,1.0,0.75,0.8571,0.3,0.05,0.831437
params_4631,4,0.75,1.2,0.9,0.5,21,0.75,1.0,0.6667,0.8,1.0,1.0,1.0,1.0,0.75,0.8571,0.3,0.05,0.831437
params_4632,4,0.75,1.2,0.9,0.5,30,0.75,1.0,0.6667,0.8,1.0,1.0,1.0,1.0,0.75,0.8571,0.3,0.05,0.831437
params_4635,4,0.75,1.2,0.9,0.7,21,0.75,1.0,0.6667,0.8,1.0,1.0,1.0,1.0,0.75,0.8571,0.3,0.05,0.831437
params_4636,4,0.75,1.2,0.9,0.7,30,0.75,1.0,0.6667,0.8,1.0,1.0,1.0,1.0,0.75,0.8571,0.3,0.05,0.831437
params_4707,4,0.75,1.5,0.9,0.3,21,0.75,1.0,0.6667,0.8,1.0,1.0,1.0,1.0,0.75,0.8571,0.3,0.05,0.831437
params_4708,4,0.75,1.5,0.9,0.3,30,0.75,1.0,0.6667,0.8,1.0,1.0,1.0,1.0,0.75,0.8571,0.3,0.05,0.831437
params_4711,4,0.75,1.5,0.9,0.5,21,0.75,1.0,0.6667,0.8,1.0,1.0,1.0,1.0,0.75,0.8571,0.3,0.05,0.831437
params_4712,4,0.75,1.5,0.9,0.5,30,0.75,1.0,0.6667,0.8,1.0,1.0,1.0,1.0,0.75,0.8571,0.3,0.05,0.831437
params_4715,4,0.75,1.5,0.9,0.7,21,0.75,1.0,0.6667,0.8,1.0,1.0,1.0,1.0,0.75,0.8571,0.3,0.05,0.831437
params_4716,4,0.75,1.5,0.9,0.7,30,0.75,1.0,0.6667,0.8,1.0,1.0,1.0,1.0,0.75,0.8571,0.3,0.05,0.831437
params_4867,4,1.0,0.5,0.9,0.3,21,0.75,1.0,0.6667,0.8,1.0,1.0,1.0,1.0,0.75,0.8571,0.3,0.05,0.831437
params_4868,4,1.0,0.5,0.9,0.3,30,0.75,1.0,0.6667,0.8,1.0,1.0,1.0,1.0,0.75,0.8571,0.3,0.05,0.831437
params_4871,4,1.0,0.5,0.9,0.5,21,0.75,1.0,0.6667,0.8,1.0,1.0,1.0,1.0,0.75,0.8571,0.3,0.05,0.831437
params_4872,4,1.0,0.5,0.9,0.5,30,0.75,1.0,0.6667,0.8,1.0,1.0,1.0,1.0,0.75,0.8571,0.3,0.05,0.831437
params_4875,4,1.0,0.5,0.9,0.7,21,0.75,1.0,0.6667,0.8,1.0,1.0,1.0,1.0,0.75,0.8571,0.3,0.05,0.831437
params_4876,4,1.0,0.5,0.9,0.7,30,0.75,1.0,0.6667,0.8,1.0,1.0,1.0,1.0,0.75,0.8571,0.3,0.05,0.831437
params_4947,4,1.0,1.0,0.9,0.3,21,0.75,1.0,0.6667,0.8,1.0,1.0,1.0,1.0,0.75,0.8571,0.3,0.05,0.831437
params_4948,4,1.0,1.0,0.9,0.3,30,0.75,1.0,0.6667,0.8,1.0,1.0,1.0,1.0,0.75,0.8571,0.3,0.05,0.831437
params_4951,4,1.0,1.0,0.9,0.5,21,0.75,1.0,0.6667,0.8,1.0,1.0,1.0,1.0,0.75,0.8571,0.3,0.05,0.831437
params_4952,4,1.0,1.0,0.9,0.5,30,0.75,1.0,0.6667,0.8,1.0,1.0,1.0,1.0,0.75,0.8571,0.3,0.05,0.831437
params_4955,4,1.0,1.0,0.9,0.7,21,0.75,1.0,0.6667,0.8,1.0,1.0,1.0,1.0,0.75,0.8571,0.3,0.05,0.831437
params_4956,4,1.0,1.0,0.9,0.7,30,0.75,1.0,0.6667,0.8,1.0,1.0,1.0,1.0,0.75,0.8571,0.3,0.05,0.831437
params_5027,4,1.0,1.2,0.9,0.3,21,0.75,1.0,0.6667,0.8,1.0,1.0,1.0,1.0,0.75,0.8571,0.3,0.05,0.831437
params_5028,4,1.0,1.2,0.9,0.3,30,0.75,1.0,0.6667,0.8,1.0,1.0,1.0,1.0,0.75,0.8571,0.3,0.05,0.831437
params_5031,4,1.0,1.2,0.9,0.5,21,0.75,1.0,0.6667,0.8,1.0,1.0,1.0,1.0,0.75,0.8571,0.3,0.05,0.831437
params_5032,4,1.0,1.2,0.9,0.5,30,0.75,1.0,0.6667,0.8,1.0,1.0,1.0,1.0,0.75,0.8571,0.3,0.05,0.831437
params_5035,4,1.0,1.2,0.9,0.7,21,0.75,1.0,0.6667,0.8,1.0,1.0,1.0,1.0,0.75,0.8571,0.3,0.05,0.831437
params_5036,4,1.0,1.2,0.9,0.7,30,0.75,1.0,0.6667,0.8,1.0,1.0,1.0,1.0,0.75,0.8571,0.3,0.05,0.831437
params_5107,4,1.0,1.5,0.9,0.3,21,0.75,1.0,0.6667,0.8,1.0,1.0,1.0,1.0,0.75,0.8571,0.3,0.05,0.831437
params_5108,4,1.0,1.5,0.9,0.3,30,0.75,1.0,0.6667,0.8,1.0,1.0,1.0,1.0,0.75,0.8571,0.3,0.05,0.831437
params_5111,4,1.0,1.5,0.9,0.5,21,0.75,1.0,0.6667,0.8,1.0,1.0,1.0,1.0,0.75,0.8571,0.3,0.05,0.831437
params_5112,4,1.0,1.5,0.9,0.5,30,0.75,1.0,0.6667,0.8,1.0,1.0,1.0,1.0,0.75,0.8571,0.3,0.05,0.831437
params_5115,4,1.0,1.5,0.9,0.7,21,0.75,1.0,0.6667,0.8,1.0,1.0,1.0,1.0,0.75,0.8571,0.3,0.05,0.831437
params_5116,4,1.0,1.5,0.9,0.7,30,0.75,1.0,0.6667,0.8,1.0,1.0,1.0,1.0,0.75,0.8571,0.3,0.05,0.831437
params_6067,5,0.5,0.5,0.9,0.3,21,0.75,1.0,0.6667,0.8,1.0,1.0,1.0,1.0,0.75,0.8571,0.3,0.05,0.831437
params_6068,5,0.5,0.5,0.9,0.3,30,0.75,1.0,0.6667,0.8,1.0,1.0,1.0,1.0,0.75,0.8571,0.3,0.05,0.831437
params_6071,5,0.5,0.5,0.9,0.5,21,0.75,1.0,0.6667,0.8,1.0,1.0,1.0,1.0,0.75,0.8571,0.3,0.05,0.831437
params_6072,5,0.5,0.5,0.9,0.5,30,0.75,1.0,0.6667,0.8,1.0,1.0,1.0,1.0,0.75,0.8571,0.3,0.05,0.831437
params_6075,5,0.5,0.5,0.9,0.7,21,0.75,1.0,0.6667,0.8,1.0,1.0,1.0,1.0,0.75,0.8571,0.3,0.05,0.831437
params_6076,5,0.5,0.5,0.9,0.7,30,0.75,1.0,0.6667,0.8,1.0,1.0,1.0,1.0,0.75,0.8571,0.3,0.05,0.831437
params_6147,5,0.5,1.0,0.9,0.3,21,0.75,1.0,0.6667,0.8,1.0,1.0,1.0,1.0,0.75,0.8571,0.3,0.05,0.831437
params_6148,5,0.5,1.0,0.9,0.3,30,0.75,1.0,0.6667,0.8,1.0,1.0,1.0,1.0,0.75,0.8571,0.3,0.05,0.831437
params_6151,5,0.5,1.0,0.9,0.5,21,0.75,1.0,0.6667,0.8,1.0,1.0,1.0,1.0,0.75,0.8571,0.3,0.05,0.831437
params_6152,5,0.5,1.0,0.9,0.5,30,0.75,1.0,0.6667,0.8,1.0,1.0,1.0,1.0,0.75,0.8571,0.3,0.05,0.831437
params_6155,5,0.5,1.0,0.9,0.7,21,0.75,1.0,0.6667,0.8,1.0,1.0,1.0,1.0,0.75,0.8571,0.3,0.05,0.831437
params_6156,5,0.5,1.0,0.9,0.7,30,0.75,1.0,0.6667,0.8,1.0,1.0,1.0,1.0,0.75,0.8571,0.3,0.05,0.831437
params_6227,5,0.5,1.2,0.9,0.3,21,0.75,1.0,0.6667,0.8,1.0,1.0,1.0,1.0,0.75,0.8571,0.3,0.05,0.831437
params_6228,5,0.5,1.2,0.9,0.3,30,0.75,1.0,0.6667,0.8,1.0,1.0,1.0,1.0,0.75,0.8571,0.3,0.05,0.831437
params_6231,5,0.5,1.2,0.9,0.5,21,0.75,1.0,0.6667,0.8,1.0,1.0,1.0,1.0,0.75,0.8571,0.3,0.05,0.831437
params_6232,5,0.5,1.2,0.9,0.5,30,0.75,1.0,0.6667,0.8,1.0,1.0,1.0,1.0,0.75,0.8571,0.3,0.05,0.831437
params_6235,5,0.5,1.2,0.9,0.7,21,0.75,1.0,0.6667,0.8,1.0,1.0,1.0,1.0,0.75,0.8571,0.3,0.05,0.831437
params_6236,5,0.5,1.2,0.9,0.7,30,0.75,1.0,0.6667,0.8,1.0,1.0,1.0,1.0,0.75,0.8571,0.3,0.05,0.831437
params_6307,5,0.5,1.5,0.9,0.3,21,0.75,1.0,0.6667,0.8,1.0,1.0,1.0,1.0,0.75,0.8571,0.3,0.05,0.831437
params_6308,5,0.5,1.5,0.9,0.3,30,0.75,1.0,0.6667,0.8,1.0,1.0,1.0,1.0,0.75,0.8571,0.3,0.05,0.831437
params_6311,5,0.5,1.5,0.9,0.5,21,0.75,1.0,0.6667,0.8,1.0,1.0,1.0,1.0,0.75,0.8571,0.3,0.05,0.831437
params_6312,5,0.5,1.5,0.9,0.5,30,0.75,1.0,0.6667,0.8,1.0,1.0,1.0,1.0,0.75,0.8571,0.3,0.05,0.831437
params_6315,5,0.5,1.5,0.9,0.7,21,0.75,1.0,0.6667,0.8,1.0,1.0,1.0,1.0,0.75,0.8571,0.3,0.05,0.831437
params_6316,5,0.5,1.5,0.9,0.7,30,0.75,1.0,0.6667,0.8,1.0,1.0,1.0,1.0,0.75,0.8571,0.3,0.05,0.831437
params_6467,5,0.75,0.5,0.9,0.3,21,0.75,1.0,0.6667,0.8,1.0,1.0,1.0,1.0,0.75,0.8571,0.3,0.05,0.831437
params_6468,5,0.75,0.5,0.9,0.3,30,0.75,1.0,0.6667,0.8,1.0,1.0,1.0,1.0,0.75,0.8571,0.3,0.05,0.831437
params_6471,5,0.75,0.5,0.9,0.5,21,0.75,1.0,0.6667,0.8,1.0,1.0,1.0,1.0,0.75,0.8571,0.3,0.05,0.831437
params_6472,5,0.75,0.5,0.9,0.5,30,0.75,1.0,0.6667,0.8,1.0,1.0,1.0,1.0,0.75,0.8571,0.3,0.05,0.831437
params_6475,5,0.75,0.5,0.9,0.7,21,0.75,1.0,0.6667,0.8,1.0,1.0,1.0,1.0,0.75,0.8571,0.3,0.05,0.831437
params_6476,5,0.75,0.5,0.9,0.7,30,0.75,1.0,0.6667,0.8,1.0,1.0,1.0,1.0,0.75,0.8571,0.3,0.05,0.831437
params_6547,5,0.75,1.0,0.9,0.3,21,0.75,1.0,0.6667,0.8,1.0,1.0,1.0,1.0,0.75,0.8571,0.3,0.05,0.831437
params_6548,5,0.75,1.0,0.9,0.3,30,0.75,1.0,0.6667,0.8,1.0,1.0,1.0,1.0,0.75,0.8571,0.3,0.05,0.831437
params_6551,5,0.75,1.0,0.9,0.5,21,0.75,1.0,0.6667,0.8,1.0,1.0,1.0,1.0,0.75,0.8571,0.3,0.05,0.831437
params_6552,5,0.75,1.0,0.9,0.5,30,0.75,1.0,0.6667,0.8,1.0,1.0,1.0,1.0,0.75,0.8571,0.3,0.05,0.831437
params_6555,5,0.75,1.0,0.9,0.7,21,0.75,1.0,0.6667,0.8,1.0,1.0,1.0,1.0,0.75,0.8571,0.3,0.05,0.831437
params_6556,5,0.75,1.0,0.9,0.7,30,0.75,1.0,0.6667,0.8,1.0,1.0,1.0,1.0,0.75,0.8571,0.3,0.05,0.831437
params_6627,5,0.75,1.2,0.9,0.3,21,0.75,1.0,0.6667,0.8,1.0,1.0,1.0,1.0,0.75,0.8571,0.3,0.05,0.831437
params_6628,5,0.75,1.2,0.9,0.3,30,0.75,1.0,0.6667,0.8,1.0,1.0,1.0,1.0,0.75,0.8571,0.3,0.05,0.831437
params_6631,5,0.75,1.2,0.9,0.5,21,0.75,1.0,0.6667,0.8,1.0,1.0,1.0,1.0,0.75,0.8571,0.3,0.05,0.831437
params_6632,5,0.75,1.2,0.9,0.5,30,0.75,1.0,0.6667,0.8,1.0,1.0,1.0,1.0,0.75,0.8571,0.3,0.05,0.831437
params_6635,5,0.75,1.2,0.9,0.7,21,0.75,1.0,0.6667,0.8,1.0,1.0,1.0,1.0,0.75,0.8571,0.3,0.05,0.831437
params_6636,5,0.75,1.2,0.9,0.7,30,0.75,1.0,0.6667,0.8,1.0,1.0,1.0,1.0,0.75,0.8571,0.3,0.05,0.831437
params_6707,5,0.75,1.5,0.9,0.3,21,0.75,1.0,0.6667,0.8,1.0,1.0,1.0,1.0,0.75,0.8571,0.3,0.05,0.831437
params_6708,5,0.75,1.5,0.9,0.3,30,0.75,1.0,0.6667,0.8,1.0,1.0,1.0,1.0,0.75,0.8571,0.3,0.05,0.831437
params_6711,5,0.75,1.5,0.9,0.5,21,0.75,1.0,0.6667,0.8,1.0,1.0,1.0,1.0,0.75,0.8571,0.3,0.05,0.831437
params_6712,5,0.75,1.5,0.9,0.5,30,0.75,1.0,0.6667,0.8,1.0,1.0,1.0,1.0,0.75,0.8571,0.3,0.05,0.831437
params_6715,5,0.75,1.5,0.9,0.7,21,0.75,1.0,0.6667,0.8,1.0,1.0,1.0,1.0,0.75,0.8571,0.3,0.05,0.831437
params_6716,5,0.75,1.5,0.9,0.7,30,0.75,1.0,0.6667,0.8,1.0,1.0,1.0,1.0,0.75,0.8571,0.3,0.05,0.831437
params_6867,5,1.0,0.5,0.9,0.3,21,0.75,1.0,0.6667,0.8,1.0,1.0,1.0,1.0,0.75,0.8571,0.3,0.05,0.831437
params_6868,5,1.0,0.5,0.9,0.3,30,0.75,1.0,0.6667,0.8,1.0,1.0,1.0,1.0,0.75,0.8571,0.3,0.05,0.831437
params_6871,5,1.0,0.5,0.9,0.5,21,0.75,1.0,0.6667,0.8,1.0,1.0,1.0,1.0,0.75,0.8571,0.3,0.05,0.831437
params_6872,5,1.0,0.5,0.9,0.5,30,0.75,1.0,0.6667,0.8,1.0,1.0,1.0,1.0,0.75,0.8571,0.3,0.05,0.831437
params_6875,5,1.0,0.5,0.9,0.7,21,0.75,1.0,0.6667,0.8,1.0,1.0,1.0,1.0,0.75,0.8571,0.3,0.05,0.831437
params_6876,5,1.0,0.5,0.9,0.7,30,0.75,1.0,0.6667,0.8,1.0,1.0,1.0,1.0,0.75,0.8571,0.3,0.05,0.831437
params_6947,5,1.0,1.0,0.9,0.3,21,0.75,1.0,0.6667,0.8,1.0,1.0,1.0,1.0,0.75,0.8571,0.3,0.05,0.831437
params_6948,5,1.0,1.0,0.9,0.3,30,0.75,1.0,0.6667,0.8,1.0,1.0,1.0,1.0,0.75,0.8571,0.3,0.05,0.831437
params_6951,5,1.0,1.0,0.9,0.5,21,0.75,1.0,0.6667,0.8,1.0,1.0,1.0,1.0,0.75,0.8571,0.3,0.05,0.831437
params_6952,5,1.0,1.0,0.9,0.5,30,0.75,1.0,0.6667,0.8,1.0,1.0,1.0,1.0,0.75,0.8571,0.3,0.05,0.831437
params_6955,5,1.0,1.0,0.9,0.7,21,0.75,1.0,0.6667,0.8,1.0,1.0,1.0,1.0,0.75,0.8571,0.3,0.05,0.831437
params_6956,5,1.0,1.0,0.9,0.7,30,0.75,1.0,0.6667,0.8,1.0,1.0,1.0,1.0,0.75,0.8571,0.3,0.05,0.831437
params_7027,5,1.0,1.2,0.9,0.3,21,0.75,1.0,0.6667,0.8,1.0,1.0,1.0,1.0,0.75,0.8571,0.3,0.05,0.831437
params_7028,5,1.0,1.2,0.9,0.3,30,0.75,1.0,0.6667,0.8,1.0,1.0,1.0,1.0,0.75,0.8571,0.3,0.05,0.831437
params_7031,5,1.0,1.2,0.9,0.5,21,0.75,1.0,0.6667,0.8,1.0,1.0,1.0,1.0,0.75,0.8571,0.3,0.05,0.831437
params_7032,5,1.0,1.2,0.9,0.5,30,0.75,1.0,0.6667,0.8,1.0,1.0,1.0,1.0,0.75,0.8571,0.3,0.05,0.831437
params_7035,5,1.0,1.2,0.9,0.7,21,0.75,1.0,0.6667,0.8,1.0,1.0,1.0,1.0,0.75,0.8571,0.3,0.05,0.831437
params_7036,5,1.0,1.2,0.9,0.7,30,0.75,1.0,0.6667,0.8,1.0,1.0,1.0,1.0,0.75,0.8571,0.3,0.05,0.831437
params_7107,5,1.0,1.5,0.9,0.3,21,0.75,1.0,0.6667,0.8,1.0,1.0,1.0,1.0,0.75,0.8571,0.3,0.05,0.831437
params_7108,5,1.0,1.5,0.9,0.3,30,0.75,1.0,0.6667,0.8,1.0,1.0,1.0,1.0,0.75,0.8571,0.3,0.05,0.831437
params_7111,5,1.0,1.5,0.9,0.5,21,0.75,1.0,0.6667,0.8,1.0,1.0,1.0,1.0,0.75,0.8571,0.3,0.05,0.831437
params_7112,5,1.0,1.5,0.9,0.5,30,0.75,1.0,0.6667,0.8,1.0,1.0,1.0,1.0,0.75,0.8571,0.3,0.05,0.831437
params_7115,5,1.0,1.5,0.9,0.7,21,0.75,1.0,0.6667,0.8,1.0,1.0,1.0,1.0,0.75,0.8571,0.3,0.05,0.831437
params_7116,5,1.0,1.5,0.9,0.7,30,0.75,1.0,0.6667,0.8,1.0,1.0,1.0,1.0,0.75,0.8571,0.3,0.05,0.831437
params_0065,2,0.5,0.5,0.9,0.3,7,0.75,1.0,0.6667,0.8,1.0,1.0,1.0,1.0,0.75,0.8571,0.3,0.06,0.830089
params_0069,2,0.5,0.5,0.9,0.5,7,0.75,1.0,0.6667,0.8,1.0,1.0,1.0,1.0,0.75,0.8571,0.3,0.06,0.830089
params_0073,2,0.5,0.5,0.9,0.7,7,0.75,1.0,0.6667,0.8,1.0,1.0,1.0,1.0,0.75,0.8571,0.3,0.06,0.830089
params_0145,2,0.5,1.0,0.9,0.3,7,0.75,1.0,0.6667,0.8,1.0,1.0,1.0,1.0,0.75,0.8571,0.3,0.06,0.830089
params_0149,2,0.5,1.0,0.9,0.5,7,0.75,1.0,0.6667,0.8,1.0,1.0,1.0,1.0,0.75,0.8571,0.3,0.06,0.830089
params_0153,2,0.5,1.0,0.9,0.7,7,0.75,1.0,0.6667,0.8,1.0,1.0,1.0,1.0,0.75,0.8571,0.3,0.06,0.830089
params_0225,2,0.5,1.2,0.9,0.3,7,0.75,1.0,0.6667,0.8,1.0,1.0,1.0,1.0,0.75,0.8571,0.3,0.06,0.830089
params_0229,2,0.5,1.2,0.9,0.5,7,0.75,1.0,0.6667,0.8,1.0,1.0,1.0,1.0,0.75,0.8571,0.3,0.06,0.830089
params_0233,2,0.5,1.2,0.9,0.7,7,0.75,1.0,0.6667,0.8,1.0,1.0,1.0,1.0,0.75,0.8571,0.3,0.06,0.830089
params_0305,2,0.5,1.5,0.9,0.3,7,0.75,1.0,0.6667,0.8,1.0,1.0,1.0,1.0,0.75,0.8571,0.3,0.06,0.830089
params_0309,2,0.5,1.5,0.9,0.5,7,0.75,1.0,0.6667,0.8,1.0,1.0,1.0,1.0,0.75,0.8571,0.3,0.06,0.830089
params_0313,2,0.5,1.5,0.9,0.7,7,0.75,1.0,0.6667,0.8,1.0,1.0,1.0,1.0,0.75,0.8571,0.3,0.06,0.830089
params_0465,2,0.75,0.5,0.9,0.3,7,0.75,1.0,0.6667,0.8,1.0,1.0,1.0,1.0,0.75,0.8571,0.3,0.06,0.830089
params_0469,2,0.75,0.5,0.9,0.5,7,0.75,1.0,0.6667,0.8,1.0,1.0,1.0,1.0,0.75,0.8571,0.3,0.06,0.830089
params_0473,2,0.75,0.5,0.9,0.7,7,0.75,1.0,0.6667,0.8,1.0,1.0,1.0,1.0,0.75,0.8571,0.3,0.06,0.830089
params_0545,2,0.75,1.0,0.9,0.3,7,0.75,1.0,0.6667,0.8,1.0,1.0,1.0,1.0,0.75,0.8571,0.3,0.06,0.830089
params_0549,2,0.75,1.0,0.9,0.5,7,0.75,1.0,0.6667,0.8,1.0,1.0,1.0,1.0,0.75,0.8571,0.3,0.06,0.830089
params_0553,2,0.75,1.0,0.9,0.7,7,0.75,1.0,0.6667,0.8,1.0,1.0,1.0,1.0,0.75,0.8571,0.3,0.06,0.830089
params_0625,2,0.75,1.2,0.9,0.3,7,0.75,1.0,0.6667,0.8,1.0,1.0,1.0,1.0,0.75,0.8571,0.3,0.06,0.830089
params_0629,2,0.75,1.2,0.9,0.5,7,0.75,1.0,0.6667,0.8,1.0,1.0,1.0,1.0,0.75,0.8571,0.3,0.06,0.830089
params_0633,2,0.75,1.2,0.9,0.7,7,0.75,1.0,0.6667,0.8,1.0,1.0,1.0,1.0,0.75,0.8571,0.3,0.06,0.830089
params_0705,2,0.75,1.5,0.9,0.3,7,0.75,1.0,0.6667,0.8,1.0,1.0,1.0,1.0,0.75,0.8571,0.3,0.06,0.830089
params_0709,2,0.75,1.5,0.9,0.5,7,0.75,1.0,0.6667,0.8,1.0,1.0,1.0,1.0,0.75,0.8571,0.3,0.06,0.830089
params_0713,2,0.75,1.5,0.9,0.7,7,0.75,1.0,0.6667,0.8,1.0,1.0,1.0,1.0,0.75,0.8571,0.3,0.06,0.830089
params_0865,2,1.0,0.5,0.9,0.3,7,0.75,1.0,0.6667,0.8,1.0,1.0,1.0,1.0,0.75,0.8571,0.3,0.06,0.830089
params_0869,2,1.0,0.5,0.9,0.5,7,0.75,1.0,0.6667,0.8,1.0,1.0,1.0,1.0,0.75,0.8571,0.3,0.06,0.830089
params_0873,2,1.0,0.5,0.9,0.7,7,0.75,1.0,0.6667,0.8,1.0,1.0,1.0,1.0,0.75,0.8571,0.3,0.06,0.830089
params_0945,2,1.0,1.0,0.9,0.3,7,0.75,1.0,0.6667,0.8,1.0,1.0,1.0,1.0,0.75,0.8571,0.3,0.06,0.830089
params_0949,2,1.0,1.0,0.9,0.5,7,0.75,1.0,0.6667,0.8,1.0,1.0,1.0,1.0,0.75,0.8571,0.3,0.06,0.830089
params_0953,2,1.0,1.0,0.9,0.7,7,0.75,1.0,0.6667,0.8,1.0,1.0,1.0,1.0,0.75,0.8571,0.3,0.06,0.830089
params_1025,2,1.0,1.2,0.9,0.3,7,0.75,1.0,0.6667,0.8,1.0,1.0,1.0,1.0,0.75,0.8571,0.3,0.06,0.830089
params_1029,2,1.0,1.2,0.9,0.5,7,0.75,1.0,0.6667,0.8,1.0,1.0,1.0,1.0,0.75,0.8571,0.3,0.06,0.830089
params_1033,2,1.0,1.2,0.9,0.7,7,0.75,1.0,0.6667,0.8,1.0,1.0,1.0,1.0,0.75,0.8571,0.3,0.06,0.830089
params_1105,2,1.0,1.5,0.9,0.3,7,0.75,1.0,0.6667,0.8,1.0,1.0,1.0,1.0,0.75,0.8571,0.3,0.06,0.830089
params_1109,2,1.0,1.5,0.9,0.5,7,0.75,1.0,0.6667,0.8,1.0,1.0,1.0,1.0,0.75,0.8571,0.3,0.06,0.830089
params_1113,2,1.0,1.5,0.9,0.7,7,0.75,1.0,0.6667,0.8,1.0,1.0,1.0,1.0,0.75,0.8571,0.3,0.06,0.830089
params_2065,3,0.5,0.5,0.9,0.3,7,0.75,1.0,0.6667,0.8,1.0,1.0,1.0,1.0,0.75,0.8571,0.3,0.06,0.830089
params_2069,3,0.5,0.5,0.9,0.5,7,0.75,1.0,0.6667,0.8,1.0,1.0,1.0,1.0,0.75,0.8571,0.3,0.06,0.830089
params_2073,3,0.5,0.5,0.9,0.7,7,0.75,1.0,0.6667,0.8,1.0,1.0,1.0,1.0,0.75,0.8571,0.3,0.06,0.830089
params_2145,3,0.5,1.0,0.9,0.3,7,0.75,1.0,0.6667,0.8,1.0,1.0,1.0,1.0,0.75,0.8571,0.3,0.06,0.830089
params_2149,3,0.5,1.0,0.9,0.5,7,0.75,1.0,0.6667,0.8,1.0,1.0,1.0,1.0,0.75,0.8571,0.3,0.06,0.830089
params_2153,3,0.5,1.0,0.9,0.7,7,0.75,1.0,0.6667,0.8,1.0,1.0,1.0,1.0,0.75,0.8571,0.3,0.06,0.830089
params_2225,3,0.5,1.2,0.9,0.3,7,0.75,1.0,0.6667,0.8,1.0,1.0,1.0,1.0,0.75,0.8571,0.3,0.06,0.830089
params_2229,3,0.5,1.2,0.9,0.5,7,0.75,1.0,0.6667,0.8,1.0,1.0,1.0,1.0,0.75,0.8571,0.3,0.06,0.830089
params_2233,3,0.5,1.2,0.9,0.7,7,0.75,1.0,0.6667,0.8,1.0,1.0,1.0,1.0,0.75,0.8571,0.3,0.06,0.830089
params_2305,3,0.5,1.5,0.9,0.3,7,0.75,1.0,0.6667,0.8,1.0,1.0,1.0,1.0,0.75,0.8571,0.3,0.06,0.830089
params_2309,3,0.5,1.5,0.9,0.5,7,0.75,1.0,0.6667,0.8,1.0,1.0,1.0,1.0,0.75,0.8571,0.3,0.06,0.830089
params_2313,3,0.5,1.5,0.9,0.7,7,0.75,1.0,0.6667,0.8,1.0,1.0,1.0,1.0,0.75,0.8571,0.3,0.06,0.830089
params_2465,3,0.75,0.5,0.9,0.3,7,0.75,1.0,0.6667,0.8,1.0,1.0,1.0,1.0,0.75,0.8571,0.3,0.06,0.830089
params_2469,3,0.75,0.5,0.9,0.5,7,0.75,1.0,0.6667,0.8,1.0,1.0,1.0,1.0,0.75,0.8571,0.3,0.06,0.830089
params_2473,3,0.75,0.5,0.9,0.7,7,0.75,1.0,0.6667,0.8,1.0,1.0,1.0,1.0,0.75,0.8571,0.3,0.06,0.830089
params_2545,3,0.75,1.0,0.9,0.3,7,0.75,1.0,0.6667,0.8,1.0,1.0,1.0,1.0,0.75,0.8571,0.3,0.06,0.830089
params_2549,3,0.75,1.0,0.9,0.5,7,0.75,1.0,0.6667,0.8,1.0,1.0,1.0,1.0,0.75,0.8571,0.3,0.06,0.830089
params_2553,3,0.75,1.0,0.9,0.7,7,0.75,1.0,0.6667,0.8,1.0,1.0,1.0,1.0,0.75,0.8571,0.3,0.06,0.830089
params_2625,3,0.75,1.2,0.9,0.3,7,0.75,1.0,0.6667,0.8,1.0,1.0,1.0,1.0,0.75,0.8571,0.3,0.06,0.830089
params_2629,3,0.75,1.2,0.9,0.5,7,0.75,1.0,0.6667,0.8,1.0,1.0,1.0,1.0,0.75,0.8571,0.3,0.06,0.830089
params_2633,3,0.75,1.2,0.9,0.7,7,0.75,1.0,0.6667,0.8,1.0,1.0,1.0,1.0,0.75,0.8571,0.3,0.06,0.830089
params_2705,3,0.75,1.5,0.9,0.3,7,0.75,1.0,0.6667,0.8,1.0,1.0,1.0,1.0,0.75,0.8571,0.3,0.06,0.830089
params_2709,3,0.75,1.5,0.9,0.5,7,0.75,1.0,0.6667,0.8,1.0,1.0,1.0,1.0,0.75,0.8571,0.3,0.06,0.830089
params_2713,3,0.75,1.5,0.9,0.7,7,0.75,1.0,0.6667,0.8,1.0,1.0,1.0,1.0,0.75,0.8571,0.3,0.06,0.830089
params_2865,3,1.0,0.5,0.9,0.3,7,0.75,1.0,0.6667,0.8,1.0,1.0,1.0,1.0,0.75,0.8571,0.3,0.06,0.830089
params_2869,3,1.0,0.5,0.9,0.5,7,0.75,1.0,0.6667,0.8,1.0,1.0,1.0,1.0,0.75,0.8571,0.3,0.06,0.830089
params_2873,3,1.0,0.5,0.9,0.7,7,0.75,1.0,0.6667,0.8,1.0,1.0,1.0,1.0,0.75,0.8571,0.3,0.06,0.830089
params_2945,3,1.0,1.0,0.9,0.3,7,0.75,1.0,0.6667,0.8,1.0,1.0,1.0,1.0,0.75,0.8571,0.3,0.06,0.830089
params_2949,3,1.0,1.0,0.9,0.5,7,0.75,1.0,0.6667,0.8,1.0,1.0,1.0,1.0,0.75,0.8571,0.3,0.06,0.830089
params_2953,3,1.0,1.0,0.9,0.7,7,0.75,1.0,0.6667,0.8,1.0,1.0,1.0,1.0,0.75,0.8571,0.3,0.06,0.830089
params_3025,3,1.0,1.2,0.9,0.3,7,0.75,1.0,0.6667,0.8,1.0,1.0,1.0,1.0,0.75,0.8571,0.3,0.06,0.830089
params_3029,3,1.0,1.2,0.9,0.5,7,0.75,1.0,0.6667,0.8,1.0,1.0,1.0,1.0,0.75,0.8571,0.3,0.06,0.830089
params_3033,3,1.0,1.2,0.9,0.7,7,0.75,1.0,0.6667,0.8,1.0,1.0,1.0,1.0,0.75,0.8571,0.3,0.06,0.830089
params_3105,3,1.0,1.5,0.9,0.3,7,0.75,1.0,0.6667,0.8,1.0,1.0,1.0,1.0,0.75,0.8571,0.3,0.06,0.830089
params_3109,3,1.0,1.5,0.9,0.5,7,0.75,1.0,0.6667,0.8,1.0,1.0,1.0,1.0,0.75,0.8571,0.3,0.06,0.830089
params_3113,3,1.0,1.5,0.9,0.7,7,0.75,1.0,0.6667,0.8,1.0,1.0,1.0,1.0,0.75,0.8571,0.3,0.06,0.830089
params_4065,4,0.5,0.5,0.9,0.3,7,0.75,1.0,0.6667,0.8,1.0,1.0,1.0,1.0,0.75,0.8571,0.3,0.06,0.830089
params_4069,4,0.5,0.5,0.9,0.5,7,0.75,1.0,0.6667,0.8,1.0,1.0,1.0,1.0,0.75,0.8571,0.3,0.06,0.830089
params_4073,4,0.5,0.5,0.9,0.7,7,0.75,1.0,0.6667,0.8,1.0,1.0,1.0,1.0,0.75,0.8571,0.3,0.06,0.830089
params_4145,4,0.5,1.0,0.9,0.3,7,0.75,1.0,0.6667,0.8,1.0,1.0,1.0,1.0,0.75,0.8571,0.3,0.06,0.830089
params_4149,4,0.5,1.0,0.9,0.5,7,0.75,1.0,0.6667,0.8,1.0,1.0,1.0,1.0,0.75,0.8571,0.3,0.06,0.830089
params_4153,4,0.5,1.0,0.9,0.7,7,0.75,1.0,0.6667,0.8,1.0,1.0,1.0,1.0,0.75,0.8571,0.3,0.06,0.830089
params_4225,4,0.5,1.2,0.9,0.3,7,0.75,1.0,0.6667,0.8,1.0,1.0,1.0,1.0,0.75,0.8571,0.3,0.06,0.830089
params_4229,4,0.5,1.2,0.9,0.5,7,0.75,1.0,0.6667,0.8,1.0,1.0,1.0,1.0,0.75,0.8571,0.3,0.06,0.830089
params_4233,4,0.5,1.2,0.9,0.7,7,0.75,1.0,0.6667,0.8,1.0,1.0,1.0,1.0,0.75,0.8571,0.3,0.06,0.830089
params_4305,4,0.5,1.5,0.9,0.3,7,0.75,1.0,0.6667,0.8,1.0,1.0,1.0,1.0,0.75,0.8571,0.3,0.06,0.830089
params_4309,4,0.5,1.5,0.9,0.5,7,0.75,1.0,0.6667,0.8,1.0,1.0,1.0,1.0,0.75,0.8571,0.3,0.06,0.830089
params_4313,4,0.5,1.5,0.9,0.7,7,0.75,1.0,0.6667,0.8,1.0,1.0,1.0,1.0,0.75,0.8571,0.3,0.06,0.830089
params_4465,4,0.75,0.5,0.9,0.3,7,0.75,1.0,0.6667,0.8,1.0,1.0,1.0,1.0,0.75,0.8571,0.3,0.06,0.830089
params_4469,4,0.75,0.5,0.9,0.5,7,0.75,1.0,0.6667,0.8,1.0,1.0,1.0,1.0,0.75,0.8571,0.3,0.06,0.830089
params_4473,4,0.75,0.5,0.9,0.7,7,0.75,1.0,0.6667,0.8,1.0,1.0,1.0,1.0,0.75,0.8571,0.3,0.06,0.830089
params_4545,4,0.75,1.0,0.9,0.3,7,0.75,1.0,0.6667,0.8,1.0,1.0,1.0,1.0,0.75,0.8571,0.3,0.06,0.830089
params_4549,4,0.75,1.0,0.9,0.5,7,0.75,1.0,0.6667,0.8,1.0,1.0,1.0,1.0,0.75,0.8571,0.3,0.06,0.830089
params_4553,4,0.75,1.0,0.9,0.7,7,0.75,1.0,0.6667,0.8,1.0,1.0,1.0,1.0,0.75,0.8571,0.3,0.06,0.830089
params_4625,4,0.75,1.2,0.9,0.3,7,0.75,1.0,0.6667,0.8,1.0,1.0,1.0,1.0,0.75,0.8571,0.3,0.06,0.830089
params_4629,4,0.75,1.2,0.9,0.5,7,0.75,1.0,0.6667,0.8,1.0,1.0,1.0,1.0,0.75,0.8571,0.3,0.06,0.830089
params_4633,4,0.75,1.2,0.9,0.7,7,0.75,1.0,0.6667,0.8,1.0,1.0,1.0,1.0,0.75,0.8571,0.3,0.06,0.830089
params_4705,4,0.75,1.5,0.9,0.3,7,0.75,1.0,0.6667,0.8,1.0,1.0,1.0,1.0,0.75,0.8571,0.3,0.06,0.830089
params_4709,4,0.75,1.5,0.9,0.5,7,0.75,1.0,0.6667,0.8,1.0,1.0,1.0,1.0,0.75,0.8571,0.3,0.06,0.830089
params_4713,4,0.75,1.5,0.9,0.7,7,0.75,1.0,0.6667,0.8,1.0,1.0,1.0,1.0,0.75,0.8571,0.3,0.06,0.830089
params_4865,4,1.0,0.5,0.9,0.3,7,0.75,1.0,0.6667,0.8,1.0,1.0,1.0,1.0,0.75,0.8571,0.3,0.06,0.830089
params_4869,4,1.0,0.5,0.9,0.5,7,0.75,1.0,0.6667,0.8,1.0,1.0,1.0,1.0,0.75,0.8571,0.3,0.06,0.830089
params_4873,4,1.0,0.5,0.9,0.7,7,0.75,1.0,0.6667,0.8,1.0,1.0,1.0,1.0,0.75,0.8571,0.3,0.06,0.830089
params_4945,4,1.0,1.0,0.9,0.3,7,0.75,1.0,0.6667,0.8,1.0,1.0,1.0,1.0,0.75,0.8571,0.3,0.06,0.830089
params_4949,4,1.0,1.0,0.9,0.5,7,0.75,1.0,0.6667,0.8,1.0,1.0,1.0,1.0,0.75,0.8571,0.3,0.06,0.830089
params_4953,4,1.0,1.0,0.9,0.7,7,0.75,1.0,0.6667,0.8,1.0,1.0,1.0,1.0,0.75,0.8571,0.3,0.06,0.830089
params_5025,4,1.0,1.2,0.9,0.3,7,0.75,1.0,0.6667,0.8,1.0,1.0,1.0,1.0,0.75,0.8571,0.3,0.06,0.830089
params_5029,4,1.0,1.2,0.9,0.5,7,0.75,1.0,0.6667,0.8,1.0,1.0,1.0,1.0,0.75,0.8571,0.3,0.06,0.830089
params_5033,4,1.0,1.2,0.9,0.7,7,0.75,1.0,0.6667,0.8,1.0,1.0,1.0,1.0,0.75,0.8571,0.3,0.06,0.830089
params_5105,4,1.0,1.5,0.9,0.3,7,0.75,1.0,0.6667,0.8,1.0,1.0,1.0,1.0,0.75,0.8571,0.3,0.06,0.830089
params_5109,4,1.0,1.5,0.9,0.5,7,0.75,1.0,0.6667,0.8,1.0,1.0,1.0,1.0,0.75,0.8571,0.3,0.06,0.830089
params_5113,4,1.0,1.5,0.9,0.7,7,0.75,1.0,0.6667,0.8,1.0,1.0,1.0,1.0,0.75,0.8571,0.3,0.06,0.830089
params_6065,5,0.5,0.5,0.9,0.3,7,0.75,1.0,0.6667,0.8,1.0,1.0,1.0,1.0,0.75,0.8571,0.3,0.06,0.830089
params_6069,5,0.5,0.5,0.9,0.5,7,0.75,1.0,0.6667,0.8,1.0,1.0,1.0,1.0,0.75,0.8571,0.3,0.06,0.830089
params_6073,5,0.5,0.5,0.9,0.7,7,0.75,1.0,0.6667,0.8,1.0,1.0,1.0,1.0,0.75,0.8571,0.3,0.06,0.830089
params_6145,5,0.5,1.0,0.9,0.3,7,0.75,1.0,0.6667,0.8,1.0,1.0,1.0,1.0,0.75,0.8571,0.3,0.06,0.830089
params_6149,5,0.5,1.0,0.9,0.5,7,0.75,1.0,0.6667,0.8,1.0,1.0,1.0,1.0,0.75,0.8571,0.3,0.06,0.830089
params_6153,5,0.5,1.0,0.9,0.7,7,0.75,1.0,0.6667,0.8,1.0,1.0,1.0,1.0,0.75,0.8571,0.3,0.06,0.830089
params_6225,5,0.5,1.2,0.9,0.3,7,0.75,1.0,0.6667,0.8,1.0,1.0,1.0,1.0,0.75,0.8571,0.3,0.06,0.830089
params_6229,5,0.5,1.2,0.9,0.5,7,0.75,1.0,0.6667,0.8,1.0,1.0,1.0,1.0,0.75,0.8571,0.3,0.06,0.830089
params_6233,5,0.5,1.2,0.9,0.7,7,0.75,1.0,0.6667,0.8,1.0,1.0,1.0,1.0,0.75,0.8571,0.3,0.06,0.830089
params_6305,5,0.5,1.5,0.9,0.3,7,0.75,1.0,0.6667,0.8,1.0,1.0,1.0,1.0,0.75,0.8571,0.3,0.06,0.830089
params_6309,5,0.5,1.5,0.9,0.5,7,0.75,1.0,0.6667,0.8,1.0,1.0,1.0,1.0,0.75,0.8571,0.3,0.06,0.830089
params_6313,5,0.5,1.5,0.9,0.7,7,0.75,1.0,0.6667,0.8,1.0,1.0,1.0,1.0,0.75,0.8571,0.3,0.06,0.830089
params_6465,5,0.75,0.5,0.9,0.3,7,0.75,1.0,0.6667,0.8,1.0,1.0,1.0,1.0,0.75,0.8571,0.3,0.06,0.830089
params_6469,5,0.75,0.5,0.9,0.5,7,0.75,1.0,0.6667,0.8,1.0,1.0,1.0,1.0,0.75,0.8571,0.3,0.06,0.830089
params_6473,5,0.75,0.5,0.9,0.7,7,0.75,1.0,0.6667,0.8,1.0,1.0,1.0,1.0,0.75,0.8571,0.3,0.06,0.830089
params_6545,5,0.75,1.0,0.9,0.3,7,0.75,1.0,0.6667,0.8,1.0,1.0,1.0,1.0,0.75,0.8571,0.3,0.06,0.830089
params_6549,5,0.75,1.0,0.9,0.5,7,0.75,1.0,0.6667,0.8,1.0,1.0,1.0,1.0,0.75,0.8571,0.3,0.06,0.830089
params_6553,5,0.75,1.0,0.9,0.7,7,0.75,1.0,0.6667,0.8,1.0,1.0,1.0,1.0,0.75,0.8571,0.3,0.06,0.830089
params_6625,5,0.75,1.2,0.9,0.3,7,0.75,1.0,0.6667,0.8,1.0,1.0,1.0,1.0,0.75,0.8571,0.3,0.06,0.830089
params_6629,5,0.75,1.2,0.9,0.5,7,0.75,1.0,0.6667,0.8,1.0,1.0,1.0,1.0,0.75,0.8571,0.3,0.06,0.830089
params_6633,5,0.75,1.2,0.9,0.7,7,0.75,1.0,0.6667,0.8,1.0,1.0,1.0,1.0,0.75,0.8571,0.3,0.06,0.830089
params_6705,5,0.75,1.5,0.9,0.3,7,0.75,1.0,0.6667,0.8,1.0,1.0,1.0,1.0,0.75,0.8571,0.3,0.06,0.830089
params_6709,5,0.75,1.5,0.9,0.5,7,0.75,1.0,0.6667,0.8,1.0,1.0,1.0,1.0,0.75,0.8571,0.3,0.06,0.830089
params_6713,5,0.75,1.5,0.9,0.7,7,0.75,1.0,0.6667,0.8,1.0,1.0,1.0,1.0,0.75,0.8571,0.3,0.06,0.830089
params_6865,5,1.0,0.5,0.9,0.3,7,0.75,1.0,0.6667,0.8,1.0,1.0,1.0,1.0,0.75,0.8571,0.3,0.06,0.830089
params_6869,5,1.0,0.5,0.9,0.5,7,0.75,1.0,0.6667,0.8,1.0,1.0,1.0,1.0,0.75,0.8571,0.3,0.06,0.830089
params_6873,5,1.0,0.5,0.9,0.7,7,0.75,1.0,0.6667,0.8,1.0,1.0,1.0,1.0,0.75,0.8571,0.3,0.06,0.830089
params_6945,5,1.0,1.0,0.9,0.3,7,0.75,1.0,0.6667,0.8,1.0,1.0,1.0,1.0,0.75,0.8571,0.3,0.06,0.830089
params_6949,5,1.0,1.0,0.9,0.5,7,0.75,1.0,0.6667,0.8,1.0,1.0,1.0,1.0,0.75,0.8571,0.3,0.06,0.830089
params_6953,5,1.0,1.0,0.9,0.7,7,0.75,1.0,0.6667,0.8,1.0,1.0,1.0,1.0,0.75,0.8571,0.3,0.06,0.830089
params_7025,5,1.0,1.2,0.9,0.3,7,0.75,1.0,0.6667,0.8,1.0,1.0,1.0,1.0,0.75,0.8571,0.3,0.06,0.830089
params_7029,5,1.0,1.2,0.9,0.5,7,0.75,1.0,0.6667,0.8,1.0,1.0,1.0,1.0,0.75,0.8571,0.3,0.06,0.830089
params_7033,5,1.0,1.2,0.9,0.7,7,0.75,1.0,0.6667,0.8,1.0,1.0,1.0,1.0,0.75,0.8571,0.3,0.06,0.830089
params_7105,5,1.0,1.5,0.9,0.3,7,0.75,1.0,0.6667,0.8,1.0,1.0,1.0,1.0,0.75,0.8571,0.3,0.06,0.830089
params_7109,5,1.0,1.5,0.9,0.5,7,0.75,1.0,0.6667,0.8,1.0,1.0,1.0,1.0,0.75,0.8571,0.3,0.06,0.830089
params_7113,5,1.0,1.5,0.9,0.7,7,0.75,1.0,0.6667,0.8,1.0,1.0,1.0,1.0,0.75,0.8571,0.3,0.06,0.830089
params_0050,2,0.5,0.5,0.7,0.3,14,0.75,1.0,0.6667,0.8,1.0,1.0,1.0,1.0,0.75,0.8571,0.4,0.09,0.817953
params_0051,2,0.5,0.5,0.7,0.3,21,0.75,1.0,0.6667,0.8,1.0,1.0,1.0,1.0,0.75,0.8571,0.4,0.09,0.817953
params_0052,2,0.5,0.5,0.7,0.3,30,0.75,1.0,0.6667,0.8,1.0,1.0,1.0,1.0,0.75,0.8571,0.4,0.09,0.817953
params_0054,2,0.5,0.5,0.7,0.5,14,0.75,1.0,0.6667,0.8,1.0,1.0,1.0,1.0,0.75,0.8571,0.4,0.09,0.817953
params_0055,2,0.5,0.5,0.7,0.5,21,0.75,1.0,0.6667,0.8,1.0,1.0,1.0,1.0,0.75,0.8571,0.4,0.09,0.817953
params_0056,2,0.5,0.5,0.7,0.5,30,0.75,1.0,0.6667,0.8,1.0,1.0,1.0,1.0,0.75,0.8571,0.4,0.09,0.817953
params_0058,2,0.5,0.5,0.7,0.7,14,0.75,1.0,0.6667,0.8,1.0,1.0,1.0,1.0,0.75,0.8571,0.4,0.09,0.817953
params_0059,2,0.5,0.5,0.7,0.7,21,0.75,1.0,0.6667,0.8,1.0,1.0,1.0,1.0,0.75,0.8571,0.4,0.09,0.817953
params_0060,2,0.5,0.5,0.7,0.7,30,0.75,1.0,0.6667,0.8,1.0,1.0,1.0,1.0,0.75,0.8571,0.4,0.09,0.817953
params_0130,2,0.5,1.0,0.7,0.3,14,0.75,1.0,0.6667,0.8,1.0,1.0,1.0,1.0,0.75,0.8571,0.4,0.09,0.817953
params_0131,2,0.5,1.0,0.7,0.3,21,0.75,1.0,0.6667,0.8,1.0,1.0,1.0,1.0,0.75,0.8571,0.4,0.09,0.817953
params_0132,2,0.5,1.0,0.7,0.3,30,0.75,1.0,0.6667,0.8,1.0,1.0,1.0,1.0,0.75,0.8571,0.4,0.09,0.817953
params_0134,2,0.5,1.0,0.7,0.5,14,0.75,1.0,0.6667,0.8,1.0,1.0,1.0,1.0,0.75,0.8571,0.4,0.09,0.817953
params_0135,2,0.5,1.0,0.7,0.5,21,0.75,1.0,0.6667,0.8,1.0,1.0,1.0,1.0,0.75,0.8571,0.4,0.09,0.817953
params_0136,2,0.5,1.0,0.7,0.5,30,0.75,1.0,0.6667,0.8,1.0,1.0,1.0,1.0,0.75,0.8571,0.4,0.09,0.817953
params_0138,2,0.5,1.0,0.7,0.7,14,0.75,1.0,0.6667,0.8,1.0,1.0,1.0,1.0,0.75,0.8571,0.4,0.09,0.817953
params_0139,2,0.5,1.0,0.7,0.7,21,0.75,1.0,0.6667,0.8,1.0,1.0,1.0,1.0,0.75,0.8571,0.4,0.09,0.817953
params_0140,2,0.5,1.0,0.7,0.7,30,0.75,1.0,0.6667,0.8,1.0,1.0,1.0,1.0,0.75,0.8571,0.4,0.09,0.817953
params_0210,2,0.5,1.2,0.7,0.3,14,0.75,1.0,0.6667,0.8,1.0,1.0,1.0,1.0,0.75,0.8571,0.4,0.09,0.817953
params_0211,2,0.5,1.2,0.7,0.3,21,0.75,1.0,0.6667,0.8,1.0,1.0,1.0,1.0,0.75,0.8571,0.4,0.09,0.817953
params_0212,2,0.5,1.2,0.7,0.3,30,0.75,1.0,0.6667,0.8,1.0,1.0,1.0,1.0,0.75,0.8571,0.4,0.09,0.817953
params_0214,2,0.5,1.2,0.7,0.5,14,0.75,1.0,0.6667,0.8,1.0,1.0,1.0,1.0,0.75,0.8571,0.4,0.09,0.817953
params_0215,2,0.5,1.2,0.7,0.5,21,0.75,1.0,0.6667,0.8,1.0,1.0,1.0,1.0,0.75,0.8571,0.4,0.09,0.817953
params_0216,2,0.5,1.2,0.7,0.5,30,0.75,1.0,0.6667,0.8,1.0,1.0,1.0,1.0,0.75,0.8571,0.4,0.09,0.817953
params_0218,2,0.5,1.2,0.7,0.7,14,0.75,1.0,0.6667,0.8,1.0,1.0,1.0,1.0,0.75,0.8571,0.4,0.09,0.817953
params_0219,2,0.5,1.2,0.7,0.7,21,0.75,1.0,0.6667,0.8,1.0,1.0,1.0,1.0,0.75,0.8571,0.4,0.09,0.817953
params_0220,2,0.5,1.2,0.7,0.7,30,0.75,1.0,0.6667,0.8,1.0,1.0,1.0,1.0,0.75,0.8571,0.4,0.09,0.817953
params_0290,2,0.5,1.5,0.7,0.3,14,0.75,1.0,0.6667,0.8,1.0,1.0,1.0,1.0,0.75,0.8571,0.4,0.09,0.817953
params_0291,2,0.5,1.5,0.7,0.3,21,0.75,1.0,0.6667,0.8,1.0,1.0,1.0,1.0,0.75,0.8571,0.4,0.09,0.817953
params_0292,2,0.5,1.5,0.7,0.3,30,0.75,1.0,0.6667,0.8,1.0,1.0,1.0,1.0,0.75,0.8571,0.4,0.09,0.817953
params_0294,2,0.5,1.5,0.7,0.5,14,0.75,1.0,0.6667,0.8,1.0,1.0,1.0,1.0,0.75,0.8571,0.4,0.09,0.817953
params_0295,2,0.5,1.5,0.7,0.5,21,0.75,1.0,0.6667,0.8,1.0,1.0,1.0,1.0,0.75,0.8571,0.4,0.09,0.817953
params_0296,2,0.5,1.5,0.7,0.5,30,0.75,1.0,0.6667,0.8,1.0,1.0,1.0,1.0,0.75,0.8571,0.4,0.09,0.817953
params_0298,2,0.5,1.5,0.7,0.7,14,0.75,1.0,0.6667,0.8,1.0,1.0,1.0,1.0,0.75,0.8571,0.4,0.09,0.817953
params_0299,2,0.5,1.5,0.7,0.7,21,0.75,1.0,0.6667,0.8,1.0,1.0,1.0,1.0,0.75,0.8571,0.4,0.09,0.817953
params_0300,2,0.5,1.5,0.7,0.7,30,0.75,1.0,0.6667,0.8,1.0,1.0,1.0,1.0,0.75,0.8571,0.4,0.09,0.817953
params_0450,2,0.75,0.5,0.7,0.3,14,0.75,1.0,0.6667,0.8,1.0,1.0,1.0,1.0,0.75,0.8571,0.4,0.09,0.817953
params_0451,2,0.75,0.5,0.7,0.3,21,0.75,1.0,0.6667,0.8,1.0,1.0,1.0,1.0,0.75,0.8571,0.4,0.09,0.817953
params_0452,2,0.75,0.5,0.7,0.3,30,0.75,1.0,0.6667,0.8,1.0,1.0,1.0,1.0,0.75,0.8571,0.4,0.09,0.817953
params_0454,2,0.75,0.5,0.7,0.5,14,0.75,1.0,0.6667,0.8,1.0,1.0,1.0,1.0,0.75,0.8571,0.4,0.09,0.817953
params_0455,2,0.75,0.5,0.7,0.5,21,0.75,1.0,0.6667,0.8,1.0,1.0,1.0,1.0,0.75,0.8571,0.4,0.09,0.817953
params_0456,2,0.75,0.5,0.7,0.5,30,0.75,1.0,0.6667,0.8,1.0,1.0,1.0,1.0,0.75,0.8571,0.4,0.09,0.817953
params_0458,2,0.75,0.5,0.7,0.7,14,0.75,1.0,0.6667,0.8,1.0,1.0,1.0,1.0,0.75,0.8571,0.4,0.09,0.817953
params_0459,2,0.75,0.5,0.7,0.7,21,0.75,1.0,0.6667,0.8,1.0,1.0,1.0,1.0,0.75,0.8571,0.4,0.09,0.817953
params_0460,2,0.75,0.5,0.7,0.7,30,0.75,1.0,0.6667,0.8,1.0,1.0,1.0,1.0,0.75,0.8571,0.4,0.09,0.817953
params_0530,2,0.75,1.0,0.7,0.3,14,0.75,1.0,0.6667,0.8,1.0,1.0,1.0,1.0,0.75,0.8571,0.4,0.09,0.817953
params_0531,2,0.75,1.0,0.7,0.3,21,0.75,1.0,0.6667,0.8,1.0,1.0,1.0,1.0,0.75,0.8571,0.4,0.09,0.817953
params_0532,2,0.75,1.0,0.7,0.3,30,0.75,1.0,0.6667,0.8,1.0,1.0,1.0,1.0,0.75,0.8571,0.4,0.09,0.817953
params_0534,2,0.75,1.0,0.7,0.5,14,0.75,1.0,0.6667,0.8,1.0,1.0,1.0,1.0,0.75,0.8571,0.4,0.09,0.817953
params_0535,2,0.75,1.0,0.7,0.5,21,0.75,1.0,0.6667,0.8,1.0,1.0,1.0,1.0,0.75,0.8571,0.4,0.09,0.817953
params_0536,2,0.75,1.0,0.7,0.5,30,0.75,1.0,0.6667,0.8,1.0,1.0,1.0,1.0,0.75,0.8571,0.4,0.09,0.817953
params_0538,2,0.75,1.0,0.7,0.7,14,0.75,1.0,0.6667,0.8,1.0,1.0,1.0,1.0,0.75,0.8571,0.4,0.09,0.817953
params_0539,2,0.75,1.0,0.7,0.7,21,0.75,1.0,0.6667,0.8,1.0,1.0,1.0,1.0,0.75,0.8571,0.4,0.09,0.817953
params_0540,2,0.75,1.0,0.7,0.7,30,0.75,1.0,0.6667,0.8,1.0,1.0,1.0,1.0,0.75,0.8571,0.4,0.09,0.817953
params_0610,2,0.75,1.2,0.7,0.3,14,0.75,1.0,0.6667,0.8,1.0,1.0,1.0,1.0,0.75,0.8571,0.4,0.09,0.817953
params_0611,2,0.75,1.2,0.7,0.3,21,0.75,1.0,0.6667,0.8,1.0,1.0,1.0,1.0,0.75,0.8571,0.4,0.09,0.817953
params_0612,2,0.75,1.2,0.7,0.3,30,0.75,1.0,0.6667,0.8,1.0,1.0,1.0,1.0,0.75,0.8571,0.4,0.09,0.817953
params_0614,2,0.75,1.2,0.7,0.5,14,0.75,1.0,0.6667,0.8,1.0,1.0,1.0,1.0,0.75,0.8571,0.4,0.09,0.817953
params_0615,2,0.75,1.2,0.7,0.5,21,0.75,1.0,0.6667,0.8,1.0,1.0,1.0,1.0,0.75,0.8571,0.4,0.09,0.817953
params_0616,2,0.75,1.2,0.7,0.5,30,0.75,1.0,0.6667,0.8,1.0,1.0,1.0,1.0,0.75,0.8571,0.4,0.09,0.817953
params_0618,2,0.75,1.2,0.7,0.7,14,0.75,1.0,0.6667,0.8,1.0,1.0,1.0,1.0,0.75,0.8571,0.4,0.09,0.817953
params_0619,2,0.75,1.2,0.7,0.7,21,0.75,1.0,0.6667,0.8,1.0,1.0,1.0,1.0,0.75,0.8571,0.4,0.09,0.817953
params_0620,2,0.75,1.2,0.7,0.7,30,0.75,1.0,0.6667,0.8,1.0,1.0,1.0,1.0,0.75,0.8571,0.4,0.09,0.817953
params_0690,2,0.75,1.5,0.7,0.3,14,0.75,1.0,0.6667,0.8,1.0,1.0,1.0,1.0,0.75,0.8571,0.4,0.09,0.817953
params_0691,2,0.75,1.5,0.7,0.3,21,0.75,1.0,0.6667,0.8,1.0,1.0,1.0,1.0,0.75,0.8571,0.4,0.09,0.817953
params_0692,2,0.75,1.5,0.7,0.3,30,0.75,1.0,0.6667,0.8,1.0,1.0,1.0,1.0,0.75,0.8571,0.4,0.09,0.817953
params_0694,2,0.75,1.5,0.7,0.5,14,0.75,1.0,0.6667,0.8,1.0,1.0,1.0,1.0,0.75,0.8571,0.4,0.09,0.817953
params_0695,2,0.75,1.5,0.7,0.5,21,0.75,1.0,0.6667,0.8,1.0,1.0,1.0,1.0,0.75,0.8571,0.4,0.09,0.817953
params_0696,2,0.75,1.5,0.7,0.5,30,0.75,1.0,0.6667,0.8,1.0,1.0,1.0,1.0,0.75,0.8571,0.4,0.09,0.817953
params_0698,2,0.75,1.5,0.7,0.7,14,0.75,1.0,0.6667,0.8,1.0,1.0,1.0,1.0,0.75,0.8571,0.4,0.09,0.817953
params_0699,2,0.75,1.5,0.7,0.7,21,0.75,1.0,0.6667,0.8,1.0,1.0,1.0,1.0,0.75,0.8571,0.4,0.09,0.817953
params_0700,2,0.75,1.5,0.7,0.7,30,0.75,1.0,0.6667,0.8,1.0,1.0,1.0,1.0,0.75,0.8571,0.4,0.09,0.817953
params_0850,2,1.0,0.5,0.7,0.3,14,0.75,1.0,0.6667,0.8,1.0,1.0,1.0,1.0,0.75,0.8571,0.4,0.09,0.817953
params_0851,2,1.0,0.5,0.7,0.3,21,0.75,1.0,0.6667,0.8,1.0,1.0,1.0,1.0,0.75,0.8571,0.4,0.09,0.817953
params_0852,2,1.0,0.5,0.7,0.3,30,0.75,1.0,0.6667,0.8,1.0,1.0,1.0,1.0,0.75,0.8571,0.4,0.09,0.817953
params_0854,2,1.0,0.5,0.7,0.5,14,0.75,1.0,0.6667,0.8,1.0,1.0,1.0,1.0,0.75,0.8571,0.4,0.09,0.817953
params_0855,2,1.0,0.5,0.7,0.5,21,0.75,1.0,0.6667,0.8,1.0,1.0,1.0,1.0,0.75,0.8571,0.4,0.09,0.817953
params_0856,2,1.0,0.5,0.7,0.5,30,0.75,1.0,0.6667,0.8,1.0,1.0,1.0,1.0,0.75,0.8571,0.4,0.09,0.817953
params_0858,2,1.0,0.5,0.7,0.7,14,0.75,1.0,0.6667,0.8,1.0,1.0,1.0,1.0,0.75,0.8571,0.4,0.09,0.817953
params_0859,2,1.0,0.5,0.7,0.7,21,0.75,1.0,0.6667,0.8,1.0,1.0,1.0,1.0,0.75,0.8571,0.4,0.09,0.817953
params_0860,2,1.0,0.5,0.7,0.7,30,0.75,1.0,0.6667,0.8,1.0,1.0,1.0,1.0,0.75,0.8571,0.4,0.09,0.817953
params_0930,2,1.0,1.0,0.7,0.3,14,0.75,1.0,0.6667,0.8,1.0,1.0,1.0,1.0,0.75,0.8571,0.4,0.09,0.817953
params_0931,2,1.0,1.0,0.7,0.3,21,0.75,1.0,0.6667,0.8,1.0,1.0,1.0,1.0,0.75,0.8571,0.4,0.09,0.817953
params_0932,2,1.0,1.0,0.7,0.3,30,0.75,1.0,0.6667,0.8,1.0,1.0,1.0,1.0,0.75,0.8571,0.4,0.09,0.817953
params_0934,2,1.0,1.0,0.7,0.5,14,0.75,1.0,0.6667,0.8,1.0,1.0,1.0,1.0,0.75,0.8571,0.4,0.09,0.817953
params_0935,2,1.0,1.0,0.7,0.5,21,0.75,1.0,0.6667,0.8,1.0,1.0,1.0,1.0,0.75,0.8571,0.4,0.09,0.817953
params_0936,2,1.0,1.0,0.7,0.5,30,0.75,1.0,0.6667,0.8,1.0,1.0,1.0,1.0,0.75,0.8571,0.4,0.09,0.817953
params_0938,2,1.0,1.0,0.7,0.7,14,0.75,1.0,0.6667,0.8,1.0,1.0,1.0,1.0,0.75,0.8571,0.4,0.09,0.817953
params_0939,2,1.0,1.0,0.7,0.7,21,0.75,1.0,0.6667,0.8,1.0,1.0,1.0,1.0,0.75,0.8571,0.4,0.09,0.817953
params_0940,2,1.0,1.0,0.7,0.7,30,0.75,1.0,0.6667,0.8,1.0,1.0,1.0,1.0,0.75,0.8571,0.4,0.09,0.817953
params_1010,2,1.0,1.2,0.7,0.3,14,0.75,1.0,0.6667,0.8,1.0,1.0,1.0,1.0,0.75,0.8571,0.4,0.09,0.817953
params_1011,2,1.0,1.2,0.7,0.3,21,0.75,1.0,0.6667,0.8,1.0,1.0,1.0,1.0,0.75,0.8571,0.4,0.09,0.817953
params_1012,2,1.0,1.2,0.7,0.3,30,0.75,1.0,0.6667,0.8,1.0,1.0,1.0,1.0,0.75,0.8571,0.4,0.09,0.817953
params_1014,2,1.0,1.2,0.7,0.5,14,0.75,1.0,0.6667,0.8,1.0,1.0,1.0,1.0,0.75,0.8571,0.4,0.09,0.817953
params_1015,2,1.0,1.2,0.7,0.5,21,0.75,1.0,0.6667,0.8,1.0,1.0,1.0,1.0,0.75,0.8571,0.4,0.09,0.817953
params_1016,2,1.0,1.2,0.7,0.5,30,0.75,1.0,0.6667,0.8,1.0,1.0,1.0,1.0,0.75,0.8571,0.4,0.09,0.817953
params_1018,2,1.0,1.2,0.7,0.7,14,0.75,1.0,0.6667,0.8,1.0,1.0,1.0,1.0,0.75,0.8571,0.4,0.09,0.817953
params_1019,2,1.0,1.2,0.7,0.7,21,0.75,1.0,0.6667,0.8,1.0,1.0,1.0,1.0,0.75,0.8571,0.4,0.09,0.817953
params_1020,2,1.0,1.2,0.7,0.7,30,0.75,1.0,0.6667,0.8,1.0,1.0,1.0,1.0,0.75,0.8571,0.4,0.09,0.817953
params_1090,2,1.0,1.5,0.7,0.3,14,0.75,1.0,0.6667,0.8,1.0,1.0,1.0,1.0,0.75,0.8571,0.4,0.09,0.817953
params_1091,2,1.0,1.5,0.7,0.3,21,0.75,1.0,0.6667,0.8,1.0,1.0,1.0,1.0,0.75,0.8571,0.4,0.09,0.817953
params_1092,2,1.0,1.5,0.7,0.3,30,0.75,1.0,0.6667,0.8,1.0,1.0,1.0,1.0,0.75,0.8571,0.4,0.09,0.817953
params_1094,2,1.0,1.5,0.7,0.5,14,0.75,1.0,0.6667,0.8,1.0,1.0,1.0,1.0,0.75,0.8571,0.4,0.09,0.817953
params_1095,2,1.0,1.5,0.7,0.5,21,0.75,1.0,0.6667,0.8,1.0,1.0,1.0,1.0,0.75,0.8571,0.4,0.09,0.817953
params_1096,2,1.0,1.5,0.7,0.5,30,0.75,1.0,0.6667,0.8,1.0,1.0,1.0,1.0,0.75,0.8571,0.4,0.09,0.817953
params_1098,2,1.0,1.5,0.7,0.7,14,0.75,1.0,0.6667,0.8,1.0,1.0,1.0,1.0,0.75,0.8571,0.4,0.09,0.817953
params_1099,2,1.0,1.5,0.7,0.7,21,0.75,1.0,0.6667,0.8,1.0,1.0,1.0,1.0,0.75,0.8571,0.4,0.09,0.817953
params_1100,2,1.0,1.5,0.7,0.7,30,0.75,1.0,0.6667,0.8,1.0,1.0,1.0,1.0,0.75,0.8571,0.4,0.09,0.817953
params_2050,3,0.5,0.5,0.7,0.3,14,0.75,1.0,0.6667,0.8,1.0,1.0,1.0,1.0,0.75,0.8571,0.4,0.09,0.817953
params_2051,3,0.5,0.5,0.7,0.3,21,0.75,1.0,0.6667,0.8,1.0,1.0,1.0,1.0,0.75,0.8571,0.4,0.09,0.817953
params_2052,3,0.5,0.5,0.7,0.3,30,0.75,1.0,0.6667,0.8,1.0,1.0,1.0,1.0,0.75,0.8571,0.4,0.09,0.817953
params_2054,3,0.5,0.5,0.7,0.5,14,0.75,1.0,0.6667,0.8,1.0,1.0,1.0,1.0,0.75,0.8571,0.4,0.09,0.817953
params_2055,3,0.5,0.5,0.7,0.5,21,0.75,1.0,0.6667,0.8,1.0,1.0,1.0,1.0,0.75,0.8571,0.4,0.09,0.817953
params_2056,3,0.5,0.5,0.7,0.5,30,0.75,1.0,0.6667,0.8,1.0,1.0,1.0,1.0,0.75,0.8571,0.4,0.09,0.817953
params_2058,3,0.5,0.5,0.7,0.7,14,0.75,1.0,0.6667,0.8,1.0,1.0,1.0,1.0,0.75,0.8571,0.4,0.09,0.817953
params_2059,3,0.5,0.5,0.7,0.7,21,0.75,1.0,0.6667,0.8,1.0,1.0,1.0,1.0,0.75,0.8571,0.4,0.09,0.817953
params_2060,3,0.5,0.5,0.7,0.7,30,0.75,1.0,0.6667,0.8,1.0,1.0,1.0,1.0,0.75,0.8571,0.4,0.09,0.817953
params_2130,3,0.5,1.0,0.7,0.3,14,0.75,1.0,0.6667,0.8,1.0,1.0,1.0,1.0,0.75,0.8571,0.4,0.09,0.817953
params_2131,3,0.5,1.0,0.7,0.3,21,0.75,1.0,0.6667,0.8,1.0,1.0,1.0,1.0,0.75,0.8571,0.4,0.09,0.817953
params_2132,3,0.5,1.0,0.7,0.3,30,0.75,1.0,0.6667,0.8,1.0,1.0,1.0,1.0,0.75,0.8571,0.4,0.09,0.817953
params_2134,3,0.5,1.0,0.7,0.5,14,0.75,1.0,0.6667,0.8,1.0,1.0,1.0,1.0,0.75,0.8571,0.4,0.09,0.817953
params_2135,3,0.5,1.0,0.7,0.5,21,0.75,1.0,0.6667,0.8,1.0,1.0,1.0,1.0,0.75,0.8571,0.4,0.09,0.817953
params_2136,3,0.5,1.0,0.7,0.5,30,0.75,1.0,0.6667,0.8,1.0,1.0,1.0,1.0,0.75,0.8571,0.4,0.09,0.817953
params_2138,3,0.5,1.0,0.7,0.7,14,0.75,1.0,0.6667,0.8,1.0,1.0,1.0,1.0,0.75,0.8571,0.4,0.09,0.817953
params_2139,3,0.5,1.0,0.7,0.7,21,0.75,1.0,0.6667,0.8,1.0,1.0,1.0,1.0,0.75,0.8571,0.4,0.09,0.817953
params_2140,3,0.5,1.0,0.7,0.7,30,0.75,1.0,0.6667,0.8,1.0,1.0,1.0,1.0,0.75,0.8571,0.4,0.09,0.817953
params_2210,3,0.5,1.2,0.7,0.3,14,0.75,1.0,0.6667,0.8,1.0,1.0,1.0,1.0,0.75,0.8571,0.4,0.09,0.817953
params_2211,3,0.5,1.2,0.7,0.3,21,0.75,1.0,0.6667,0.8,1.0,1.0,1.0,1.0,0.75,0.8571,0.4,0.09,0.817953
params_2212,3,0.5,1.2,0.7,0.3,30,0.75,1.0,0.6667,0.8,1.0,1.0,1.0,1.0,0.75,0.8571,0.4,0.09,0.817953
params_2214,3,0.5,1.2,0.7,0.5,14,0.75,1.0,0.6667,0.8,1.0,1.0,1.0,1.0,0.75,0.8571,0.4,0.09,0.817953
params_2215,3,0.5,1.2,0.7,0.5,21,0.75,1.0,0.6667,0.8,1.0,1.0,1.0,1.0,0.75,0.8571,0.4,0.09,0.817953
params_2216,3,0.5,1.2,0.7,0.5,30,0.75,1.0,0.6667,0.8,1.0,1.0,1.0,1.0,0.75,0.8571,0.4,0.09,0.817953
params_2218,3,0.5,1.2,0.7,0.7,14,0.75,1.0,0.6667,0.8,1.0,1.0,1.0,1.0,0.75,0.8571,0.4,0.09,0.817953
params_2219,3,0.5,1.2,0.7,0.7,21,0.75,1.0,0.6667,0.8,1.0,1.0,1.0,1.0,0.75,0.8571,0.4,0.09,0.817953
params_2220,3,0.5,1.2,0.7,0.7,30,0.75,1.0,0.6667,0.8,1.0,1.0,1.0,1.0,0.75,0.8571,0.4,0.09,0.817953
params_2290,3,0.5,1.5,0.7,0.3,14,0.75,1.0,0.6667,0.8,1.0,1.0,1.0,1.0,0.75,0.8571,0.4,0.09,0.817953
params_2291,3,0.5,1.5,0.7,0.3,21,0.75,1.0,0.6667,0.8,1.0,1.0,1.0,1.0,0.75,0.8571,0.4,0.09,0.817953
params_2292,3,0.5,1.5,0.7,0.3,30,0.75,1.0,0.6667,0.8,1.0,1.0,1.0,1.0,0.75,0.8571,0.4,0.09,0.817953
params_2294,3,0.5,1.5,0.7,0.5,14,0.75,1.0,0.6667,0.8,1.0,1.0,1.0,1.0,0.75,0.8571,0.4,0.09,0.817953
params_2295,3,0.5,1.5,0.7,0.5,21,0.75,1.0,0.6667,0.8,1.0,1.0,1.0,1.0,0.75,0.8571,0.4,0.09,0.817953
params_2296,3,0.5,1.5,0.7,0.5,30,0.75,1.0,0.6667,0.8,1.0,1.0,1.0,1.0,0.75,0.8571,0.4,0.09,0.817953
params_2298,3,0.5,1.5,0.7,0.7,14,0.75,1.0,0.6667,0.8,1.0,1.0,1.0,1.0,0.75,0.8571,0.4,0.09,0.817953
params_2299,3,0.5,1.5,0.7,0.7,21,0.75,1.0,0.6667,0.8,1.0,1.0,1.0,1.0,0.75,0.8571,0.4,0.09,0.817953
params_2300,3,0.5,1.5,0.7,0.7,30,0.75,1.0,0.6667,0.8,1.0,1.0,1.0,1.0,0.75,0.8571,0.4,0.09,0.817953
params_2450,3,0.75,0.5,0.7,0.3,14,0.75,1.0,0.6667,0.8,1.0,1.0,1.0,1.0,0.75,0.8571,0.4,0.09,0.817953
params_2451,3,0.75,0.5,0.7,0.3,21,0.75,1.0,0.6667,0.8,1.0,1.0,1.0,1.0,0.75,0.8571,0.4,0.09,0.817953
params_2452,3,0.75,0.5,0.7,0.3,30,0.75,1.0,0.6667,0.8,1.0,1.0,1.0,1.0,0.75,0.8571,0.4,0.09,0.817953
params_2454,3,0.75,0.5,0.7,0.5,14,0.75,1.0,0.6667,0.8,1.0,1.0,1.0,1.0,0.75,0.8571,0.4,0.09,0.817953
params_2455,3,0.75,0.5,0.7,0.5,21,0.75,1.0,0.6667,0.8,1.0,1.0,1.0,1.0,0.75,0.8571,0.4,0.09,0.817953
params_2456,3,0.75,0.5,0.7,0.5,30,0.75,1.0,0.6667,0.8,1.0,1.0,1.0,1.0,0.75,0.8571,0.4,0.09,0.817953
params_2458,3,0.75,0.5,0.7,0.7,14,0.75,1.0,0.6667,0.8,1.0,1.0,1.0,1.0,0.75,0.8571,0.4,0.09,0.817953
params_2459,3,0.75,0.5,0.7,0.7,21,0.75,1.0,0.6667,0.8,1.0,1.0,1.0,1.0,0.75,0.8571,0.4,0.09,0.817953
params_2460,3,0.75,0.5,0.7,0.7,30,0.75,1.0,0.6667,0.8,1.0,1.0,1.0,1.0,0.75,0.8571,0.4,0.09,0.817953
params_2530,3,0.75,1.0,0.7,0.3,14,0.75,1.0,0.6667,0.8,1.0,1.0,1.0,1.0,0.75,0.8571,0.4,0.09,0.817953
params_2531,3,0.75,1.0,0.7,0.3,21,0.75,1.0,0.6667,0.8,1.0,1.0,1.0,1.0,0.75,0.8571,0.4,0.09,0.817953
params_2532,3,0.75,1.0,0.7,0.3,30,0.75,1.0,0.6667,0.8,1.0,1.0,1.0,1.0,0.75,0.8571,0.4,0.09,0.817953
params_2534,3,0.75,1.0,0.7,0.5,14,0.75,1.0,0.6667,0.8,1.0,1.0,1.0,1.0,0.75,0.8571,0.4,0.09,0.817953
params_2535,3,0.75,1.0,0.7,0.5,21,0.75,1.0,0.6667,0.8,1.0,1.0,1.0,1.0,0.75,0.8571,0.4,0.09,0.817953
params_2536,3,0.75,1.0,0.7,0.5,30,0.75,1.0,0.6667,0.8,1.0,1.0,1.0,1.0,0.75,0.8571,0.4,0.09,0.817953
params_2538,3,0.75,1.0,0.7,0.7,14,0.75,1.0,0.6667,0.8,1.0,1.0,1.0,1.0,0.75,0.8571,0.4,0.09,0.817953
params_2539,3,0.75,1.0,0.7,0.7,21,0.75,1.0,0.6667,0.8,1.0,1.0,1.0,1.0,0.75,0.8571,0.4,0.09,0.817953
params_2540,3,0.75,1.0,0.7,0.7,30,0.75,1.0,0.6667,0.8,1.0,1.0,1.0,1.0,0.75,0.8571,0.4,0.09,0.817953
params_2610,3,0.75,1.2,0.7,0.3,14,0.75,1.0,0.6667,0.8,1.0,1.0,1.0,1.0,0.75,0.8571,0.4,0.09,0.817953
params_2611,3,0.75,1.2,0.7,0.3,21,0.75,1.0,0.6667,0.8,1.0,1.0,1.0,1.0,0.75,0.8571,0.4,0.09,0.817953
params_2612,3,0.75,1.2,0.7,0.3,30,0.75,1.0,0.6667,0.8,1.0,1.0,1.0,1.0,0.75,0.8571,0.4,0.09,0.817953
params_2614,3,0.75,1.2,0.7,0.5,14,0.75,1.0,0.6667,0.8,1.0,1.0,1.0,1.0,0.75,0.8571,0.4,0.09,0.817953
params_2615,3,0.75,1.2,0.7,0.5,21,0.75,1.0,0.6667,0.8,1.0,1.0,1.0,1.0,0.75,0.8571,0.4,0.09,0.817953
params_2616,3,0.75,1.2,0.7,0.5,30,0.75,1.0,0.6667,0.8,1.0,1.0,1.0,1.0,0.75,0.8571,0.4,0.09,0.817953
params_2618,3,0.75,1.2,0.7,0.7,14,0.75,1.0,0.6667,0.8,1.0,1.0,1.0,1.0,0.75,0.8571,0.4,0.09,0.817953
params_2619,3,0.75,1.2,0.7,0.7,21,0.75,1.0,0.6667,0.8,1.0,1.0,1.0,1.0,0.75,0.8571,0.4,0.09,0.817953
params_2620,3,0.75,1.2,0.7,0.7,30,0.75,1.0,0.6667,0.8,1.0,1.0,1.0,1.0,0.75,0.8571,0.4,0.09,0.817953
params_2690,3,0.75,1.5,0.7,0.3,14,0.75,1.0,0.6667,0.8,1.0,1.0,1.0,1.0,0.75,0.8571,0.4,0.09,0.817953
params_2691,3,0.75,1.5,0.7,0.3,21,0.75,1.0,0.6667,0.8,1.0,1.0,1.0,1.0,0.75,0.8571,0.4,0.09,0.817953
params_2692,3,0.75,1.5,0.7,0.3,30,0.75,1.0,0.6667,0.8,1.0,1.0,1.0,1.0,0.75,0.8571,0.4,0.09,0.817953
params_2694,3,0.75,1.5,0.7,0.5,14,0.75,1.0,0.6667,0.8,1.0,1.0,1.0,1.0,0.75,0.8571,0.4,0.09,0.817953
params_2695,3,0.75,1.5,0.7,0.5,21,0.75,1.0,0.6667,0.8,1.0,1.0,1.0,1.0,0.75,0.8571,0.4,0.09,0.817953
params_2696,3,0.75,1.5,0.7,0.5,30,0.75,1.0,0.6667,0.8,1.0,1.0,1.0,1.0,0.75,0.8571,0.4,0.09,0.817953
params_2698,3,0.75,1.5,0.7,0.7,14,0.75,1.0,0.6667,0.8,1.0,1.0,1.0,1.0,0.75,0.8571,0.4,0.09,0.817953
params_2699,3,0.75,1.5,0.7,0.7,21,0.75,1.0,0.6667,0.8,1.0,1.0,1.0,1.0,0.75,0.8571,0.4,0.09,0.817953
params_2700,3,0.75,1.5,0.7,0.7,30,0.75,1.0,0.6667,0.8,1.0,1.0,1.0,1.0,0.75,0.8571,0.4,0.09,0.817953
params_2850,3,1.0,0.5,0.7,0.3,14,0.75,1.0,0.6667,0.8,1.0,1.0,1.0,1.0,0.75,0.8571,0.4,0.09,0.817953
params_2851,3,1.0,0.5,0.7,0.3,21,0.75,1.0,0.6667,0.8,1.0,1.0,1.0,1.0,0.75,0.8571,0.4,0.09,0.817953
params_2852,3,1.0,0.5,0.7,0.3,30,0.75,1.0,0.6667,0.8,1.0,1.0,1.0,1.0,0.75,0.8571,0.4,0.09,0.817953
params_2854,3,1.0,0.5,0.7,0.5,14,0.75,1.0,0.6667,0.8,1.0,1.0,1.0,1.0,0.75,0.8571,0.4,0.09,0.817953
params_2855,3,1.0,0.5,0.7,0.5,21,0.75,1.0,0.6667,0.8,1.0,1.0,1.0,1.0,0.75,0.8571,0.4,0.09,0.817953
params_2856,3,1.0,0.5,0.7,0.5,30,0.75,1.0,0.6667,0.8,1.0,1.0,1.0,1.0,0.75,0.8571,0.4,0.09,0.817953
params_2858,3,1.0,0.5,0.7,0.7,14,0.75,1.0,0.6667,0.8,1.0,1.0,1.0,1.0,0.75,0.8571,0.4,0.09,0.817953
params_2859,3,1.0,0.5,0.7,0.7,21,0.75,1.0,0.6667,0.8,1.0,1.0,1.0,1.0,0.75,0.8571,0.4,0.09,0.817953
params_2860,3,1.0,0.5,0.7,0.7,30,0.75,1.0,0.6667,0.8,1.0,1.0,1.0,1.0,0.75,0.8571,0.4,0.09,0.817953
params_2930,3,1.0,1.0,0.7,0.3,14,0.75,1.0,0.6667,0.8,1.0,1.0,1.0,1.0,0.75,0.8571,0.4,0.09,0.817953
params_2931,3,1.0,1.0,0.7,0.3,21,0.75,1.0,0.6667,0.8,1.0,1.0,1.0,1.0,0.75,0.8571,0.4,0.09,0.817953
params_2932,3,1.0,1.0,0.7,0.3,30,0.75,1.0,0.6667,0.8,1.0,1.0,1.0,1.0,0.75,0.8571,0.4,0.09,0.817953
params_2934,3,1.0,1.0,0.7,0.5,14,0.75,1.0,0.6667,0.8,1.0,1.0,1.0,1.0,0.75,0.8571,0.4,0.09,0.817953
params_2935,3,1.0,1.0,0.7,0.5,21,0.75,1.0,0.6667,0.8,1.0,1.0,1.0,1.0,0.75,0.8571,0.4,0.09,0.817953
params_2936,3,1.0,1.0,0.7,0.5,30,0.75,1.0,0.6667,0.8,1.0,1.0,1.0,1.0,0.75,0.8571,0.4,0.09,0.817953
params_2938,3,1.0,1.0,0.7,0.7,14,0.75,1.0,0.6667,0.8,1.0,1.0,1.0,1.0,0.75,0.8571,0.4,0.09,0.817953
params_2939,3,1.0,1.0,0.7,0.7,21,0.75,1.0,0.6667,0.8,1.0,1.0,1.0,1.0,0.75,0.8571,0.4,0.09,0.817953
params_2940,3,1.0,1.0,0.7,0.7,30,0.75,1.0,0.6667,0.8,1.0,1.0,1.0,1.0,0.75,0.8571,0.4,0.09,0.817953
params_3010,3,1.0,1.2,0.7,0.3,14,0.75,1.0,0.6667,0.8,1.0,1.0,1.0,1.0,0.75,0.8571,0.4,0.09,0.817953
params_3011,3,1.0,1.2,0.7,0.3,21,0.75,1.0,0.6667,0.8,1.0,1.0,1.0,1.0,0.75,0.8571,0.4,0.09,0.817953
params_3012,3,1.0,1.2,0.7,0.3,30,0.75,1.0,0.6667,0.8,1.0,1.0,1.0,1.0,0.75,0.8571,0.4,0.09,0.817953
params_3014,3,1.0,1.2,0.7,0.5,14,0.75,1.0,0.6667,0.8,1.0,1.0,1.0,1.0,0.75,0.8571,0.4,0.09,0.817953
params_3015,3,1.0,1.2,0.7,0.5,21,0.75,1.0,0.6667,0.8,1.0,1.0,1.0,1.0,0.75,0.8571,0.4,0.09,0.817953
params_3016,3,1.0,1.2,0.7,0.5,30,0.75,1.0,0.6667,0.8,1.0,1.0,1.0,1.0,0.75,0.8571,0.4,0.09,0.817953
params_3018,3,1.0,1.2,0.7,0.7,14,0.75,1.0,0.6667,0.8,1.0,1.0,1.0,1.0,0.75,0.8571,0.4,0.09,0.817953
params_3019,3,1.0,1.2,0.7,0.7,21,0.75,1.0,0.6667,0.8,1.0,1.0,1.0,1.0,0.75,0.8571,0.4,0.09,0.817953
params_3020,3,1.0,1.2,0.7,0.7,30,0.75,1.0,0.6667,0.8,1.0,1.0,1.0,1.0,0.75,0.8571,0.4,0.09,0.817953
params_3090,3,1.0,1.5,0.7,0.3,14,0.75,1.0,0.6667,0.8,1.0,1.0,1.0,1.0,0.75,0.8571,0.4,0.09,0.817953
params_3091,3,1.0,1.5,0.7,0.3,21,0.75,1.0,0.6667,0.8,1.0,1.0,1.0,1.0,0.75,0.8571,0.4,0.09,0.817953
params_3092,3,1.0,1.5,0.7,0.3,30,0.75,1.0,0.6667,0.8,1.0,1.0,1.0,1.0,0.75,0.8571,0.4,0.09,0.817953
params_3094,3,1.0,1.5,0.7,0.5,14,0.75,1.0,0.6667,0.8,1.0,1.0,1.0,1.0,0.75,0.8571,0.4,0.09,0.817953
params_3095,3,1.0,1.5,0.7,0.5,21,0.75,1.0,0.6667,0.8,1.0,1.0,1.0,1.0,0.75,0.8571,0.4,0.09,0.817953
params_3096,3,1.0,1.5,0.7,0.5,30,0.75,1.0,0.6667,0.8,1.0,1.0,1.0,1.0,0.75,0.8571,0.4,0.09,0.817953
params_3098,3,1.0,1.5,0.7,0.7,14,0.75,1.0,0.6667,0.8,1.0,1.0,1.0,1.0,0.75,0.8571,0.4,0.09,0.817953
params_3099,3,1.0,1.5,0.7,0.7,21,0.75,1.0,0.6667,0.8,1.0,1.0,1.0,1.0,0.75,0.8571,0.4,0.09,0.817953
params_3100,3,1.0,1.5,0.7,0.7,30,0.75,1.0,0.6667,0.8,1.0,1.0,1.0,1.0,0.75,0.8571,0.4,0.09,0.817953
params_4050,4,0.5,0.5,0.7,0.3,14,0.75,1.0,0.6667,0.8,1.0,1.0,1.0,1.0,0.75,0.8571,0.4,0.09,0.817953
params_4051,4,0.5,0.5,0.7,0.3,21,0.75,1.0,0.6667,0.8,1.0,1.0,1.0,1.0,0.75,0.8571,0.4,0.09,0.817953
params_4052,4,0.5,0.5,0.7,0.3,30,0.75,1.0,0.6667,0.8,1.0,1.0,1.0,1.0,0.75,0.8571,0.4,0.09,0.817953
params_4054,4,0.5,0.5,0.7,0.5,14,0.75,1.0,0.6667,0.8,1.0,1.0,1.0,1.0,0.75,0.8571,0.4,0.09,0.817953
params_4055,4,0.5,0.5,0.7,0.5,21,0.75,1.0,0.6667,0.8,1.0,1.0,1.0,1.0,0.75,0.8571,0.4,0.09,0.817953
params_4056,4,0.5,0.5,0.7,0.5,30,0.75,1.0,0.6667,0.8,1.0,1.0,1.0,1.0,0.75,0.8571,0.4,0.09,0.817953
params_4058,4,0.5,0.5,0.7,0.7,14,0.75,1.0,0.6667,0.8,1.0,1.0,1.0,1.0,0.75,0.8571,0.4,0.09,0.817953
params_4059,4,0.5,0.5,0.7,0.7,21,0.75,1.0,0.6667,0.8,1.0,1.0,1.0,1.0,0.75,0.8571,0.4,0.09,0.817953
params_4060,4,0.5,0.5,0.7,0.7,30,0.75,1.0,0.6667,0.8,1.0,1.0,1.0,1.0,0.75,0.8571,0.4,0.09,0.817953
params_4130,4,0.5,1.0,0.7,0.3,14,0.75,1.0,0.6667,0.8,1.0,1.0,1.0,1.0,0.75,0.8571,0.4,0.09,0.817953
params_4131,4,0.5,1.0,0.7,0.3,21,0.75,1.0,0.6667,0.8,1.0,1.0,1.0,1.0,0.75,0.8571,0.4,0.09,0.817953
params_4132,4,0.5,1.0,0.7,0.3,30,0.75,1.0,0.6667,0.8,1.0,1.0,1.0,1.0,0.75,0.8571,0.4,0.09,0.817953
params_4134,4,0.5,1.0,0.7,0.5,14,0.75,1.0,0.6667,0.8,1.0,1.0,1.0,1.0,0.75,0.8571,0.4,0.09,0.817953
params_4135,4,0.5,1.0,0.7,0.5,21,0.75,1.0,0.6667,0.8,1.0,1.0,1.0,1.0,0.75,0.8571,0.4,0.09,0.817953
params_4136,4,0.5,1.0,0.7,0.5,30,0.75,1.0,0.6667,0.8,1.0,1.0,1.0,1.0,0.75,0.8571,0.4,0.09,0.817953
params_4138,4,0.5,1.0,0.7,0.7,14,0.75,1.0,0.6667,0.8,1.0,1.0,1.0,1.0,0.75,0.8571,0.4,0.09,0.817953
params_4139,4,0.5,1.0,0.7,0.7,21,0.75,1.0,0.6667,0.8,1.0,1.0,1.0,1.0,0.75,0.8571,0.4,0.09,0.817953
params_4140,4,0.5,1.0,0.7,0.7,30,0.75,1.0,0.6667,0.8,1.0,1.0,1.0,1.0,0.75,0.8571,0.4,0.09,0.817953
params_4210,4,0.5,1.2,0.7,0.3,14,0.75,1.0,0.6667,0.8,1.0,1.0,1.0,1.0,0.75,0.8571,0.4,0.09,0.817953
params_4211,4,0.5,1.2,0.7,0.3,21,0.75,1.0,0.6667,0.8,1.0,1.0,1.0,1.0,0.75,0.8571,0.4,0.09,0.817953
params_4212,4,0.5,1.2,0.7,0.3,30,0.75,1.0,0.6667,0.8,1.0,1.0,1.0,1.0,0.75,0.8571,0.4,0.09,0.817953
params_4214,4,0.5,1.2,0.7,0.5,14,0.75,1.0,0.6667,0.8,1.0,1.0,1.0,1.0,0.75,0.8571,0.4,0.09,0.817953
params_4215,4,0.5,1.2,0.7,0.5,21,0.75,1.0,0.6667,0.8,1.0,1.0,1.0,1.0,0.75,0.8571,0.4,0.09,0.817953
params_4216,4,0.5,1.2,0.7,0.5,30,0.75,1.0,0.6667,0.8,1.0,1.0,1.0,1.0,0.75,0.8571,0.4,0.09,0.817953
params_4218,4,0.5,1.2,0.7,0.7,14,0.75,1.0,0.6667,0.8,1.0,1.0,1.0,1.0,0.75,0.8571,0.4,0.09,0.817953
params_4219,4,0.5,1.2,0.7,0.7,21,0.75,1.0,0.6667,0.8,1.0,1.0,1.0,1.0,0.75,0.8571,0.4,0.09,0.817953
params_4220,4,0.5,1.2,0.7,0.7,30,0.75,1.0,0.6667,0.8,1.0,1.0,1.0,1.0,0.75,0.8571,0.4,0.09,0.817953
params_4290,4,0.5,1.5,0.7,0.3,14,0.75,1.0,0.6667,0.8,1.0,1.0,1.0,1.0,0.75,0.8571,0.4,0.09,0.817953
params_4291,4,0.5,1.5,0.7,0.3,21,0.75,1.0,0.6667,0.8,1.0,1.0,1.0,1.0,0.75,0.8571,0.4,0.09,0.817953
params_4292,4,0.5,1.5,0.7,0.3,30,0.75,1.0,0.6667,0.8,1.0,1.0,1.0,1.0,0.75,0.8571,0.4,0.09,0.817953
params_4294,4,0.5,1.5,0.7,0.5,14,0.75,1.0,0.6667,0.8,1.0,1.0,1.0,1.0,0.75,0.8571,0.4,0.09,0.817953
params_4295,4,0.5,1.5,0.7,0.5,21,0.75,1.0,0.6667,0.8,1.0,1.0,1.0,1.0,0.75,0.8571,0.4,0.09,0.817953
params_4296,4,0.5,1.5,0.7,0.5,30,0.75,1.0,0.6667,0.8,1.0,1.0,1.0,1.0,0.75,0.8571,0.4,0.09,0.817953
params_4298,4,0.5,1.5,0.7,0.7,14,0.75,1.0,0.6667,0.8,1.0,1.0,1.0,1.0,0.75,0.8571,0.4,0.09,0.817953
params_4299,4,0.5,1.5,0.7,0.7,21,0.75,1.0,0.6667,0.8,1.0,1.0,1.0,1.0,0.75,0.8571,0.4,0.09,0.817953
params_4300,4,0.5,1.5,0.7,0.7,30,0.75,1.0,0.6667,0.8,1.0,1.0,1.0,1.0,0.75,0.8571,0.4,0.09,0.817953
params_4450,4,0.75,0.5,0.7,0.3,14,0.75,1.0,0.6667,0.8,1.0,1.0,1.0,1.0,0.75,0.8571,0.4,0.09,0.817953
params_4451,4,0.75,0.5,0.7,0.3,21,0.75,1.0,0.6667,0.8,1.0,1.0,1.0,1.0,0.75,0.8571,0.4,0.09,0.817953
params_4452,4,0.75,0.5,0.7,0.3,30,0.75,1.0,0.6667,0.8,1.0,1.0,1.0,1.0,0.75,0.8571,0.4,0.09,0.817953
params_4454,4,0.75,0.5,0.7,0.5,14,0.75,1.0,0.6667,0.8,1.0,1.0,1.0,1.0,0.75,0.8571,0.4,0.09,0.817953
params_4455,4,0.75,0.5,0.7,0.5,21,0.75,1.0,0.6667,0.8,1.0,1.0,1.0,1.0,0.75,0.8571,0.4,0.09,0.817953
params_4456,4,0.75,0.5,0.7,0.5,30,0.75,1.0,0.6667,0.8,1.0,1.0,1.0,1.0,0.75,0.8571,0.4,0.09,0.817953
params_4458,4,0.75,0.5,0.7,0.7,14,0.75,1.0,0.6667,0.8,1.0,1.0,1.0,1.0,0.75,0.8571,0.4,0.09,0.817953
params_4459,4,0.75,0.5,0.7,0.7,21,0.75,1.0,0.6667,0.8,1.0,1.0,1.0,1.0,0.75,0.8571,0.4,0.09,0.817953
params_4460,4,0.75,0.5,0.7,0.7,30,0.75,1.0,0.6667,0.8,1.0,1.0,1.0,1.0,0.75,0.8571,0.4,0.09,0.817953
params_4530,4,0.75,1.0,0.7,0.3,14,0.75,1.0,0.6667,0.8,1.0,1.0,1.0,1.0,0.75,0.8571,0.4,0.09,0.817953
params_4531,4,0.75,1.0,0.7,0.3,21,0.75,1.0,0.6667,0.8,1.0,1.0,1.0,1.0,0.75,0.8571,0.4,0.09,0.817953
params_4532,4,0.75,1.0,0.7,0.3,30,0.75,1.0,0.6667,0.8,1.0,1.0,1.0,1.0,0.75,0.8571,0.4,0.09,0.817953
params_4534,4,0.75,1.0,0.7,0.5,14,0.75,1.0,0.6667,0.8,1.0,1.0,1.0,1.0,0.75,0.8571,0.4,0.09,0.817953
params_4535,4,0.75,1.0,0.7,0.5,21,0.75,1.0,0.6667,0.8,1.0,1.0,1.0,1.0,0.75,0.8571,0.4,0.09,0.817953
params_4536,4,0.75,1.0,0.7,0.5,30,0.75,1.0,0.6667,0.8,1.0,1.0,1.0,1.0,0.75,0.8571,0.4,0.09,0.817953
params_4538,4,0.75,1.0,0.7,0.7,14,0.75,1.0,0.6667,0.8,1.0,1.0,1.0,1.0,0.75,0.8571,0.4,0.09,0.817953
params_4539,4,0.75,1.0,0.7,0.7,21,0.75,1.0,0.6667,0.8,1.0,1.0,1.0,1.0,0.75,0.8571,0.4,0.09,0.817953
params_4540,4,0.75,1.0,0.7,0.7,30,0.75,1.0,0.6667,0.8,1.0,1.0,1.0,1.0,0.75,0.8571,0.4,0.09,0.817953
params_4610,4,0.75,1.2,0.7,0.3,14,0.75,1.0,0.6667,0.8,1.0,1.0,1.0,1.0,0.75,0.8571,0.4,0.09,0.817953
params_4611,4,0.75,1.2,0.7,0.3,21,0.75,1.0,0.6667,0.8,1.0,1.0,1.0,1.0,0.75,0.8571,0.4,0.09,0.817953
params_4612,4,0.75,1.2,0.7,0.3,30,0.75,1.0,0.6667,0.8,1.0,1.0,1.0,1.0,0.75,0.8571,0.4,0.09,0.817953
params_4614,4,0.75,1.2,0.7,0.5,14,0.75,1.0,0.6667,0.8,1.0,1.0,1.0,1.0,0.75,0.8571,0.4,0.09,0.817953
params_4615,4,0.75,1.2,0.7,0.5,21,0.75,1.0,0.6667,0.8,1.0,1.0,1.0,1.0,0.75,0.8571,0.4,0.09,0.817953
params_4616,4,0.75,1.2,0.7,0.5,30,0.75,1.0,0.6667,0.8,1.0,1.0,1.0,1.0,0.75,0.8571,0.4,0.09,0.817953
params_4618,4,0.75,1.2,0.7,0.7,14,0.75,1.0,0.6667,0.8,1.0,1.0,1.0,1.0,0.75,0.8571,0.4,0.09,0.817953
params_4619,4,0.75,1.2,0.7,0.7,21,0.75,1.0,0.6667,0.8,1.0,1.0,1.0,1.0,0.75,0.8571,0.4,0.09,0.817953
params_4620,4,0.75,1.2,0.7,0.7,30,0.75,1.0,0.6667,0.8,1.0,1.0,1.0,1.0,0.75,0.8571,0.4,0.09,0.817953
params_4690,4,0.75,1.5,0.7,0.3,14,0.75,1.0,0.6667,0.8,1.0,1.0,1.0,1.0,0.75,0.8571,0.4,0.09,0.817953
params_4691,4,0.75,1.5,0.7,0.3,21,0.75,1.0,0.6667,0.8,1.0,1.0,1.0,1.0,0.75,0.8571,0.4,0.09,0.817953
params_4692,4,0.75,1.5,0.7,0.3,30,0.75,1.0,0.6667,0.8,1.0,1.0,1.0,1.0,0.75,0.8571,0.4,0.09,0.817953
params_4694,4,0.75,1.5,0.7,0.5,14,0.75,1.0,0.6667,0.8,1.0,1.0,1.0,1.0,0.75,0.8571,0.4,0.09,0.817953
params_4695,4,0.75,1.5,0.7,0.5,21,0.75,1.0,0.6667,0.8,1.0,1.0,1.0,1.0,0.75,0.8571,0.4,0.09,0.817953
params_4696,4,0.75,1.5,0.7,0.5,30,0.75,1.0,0.6667,0.8,1.0,1.0,1.0,1.0,0.75,0.8571,0.4,0.09,0.817953
params_4698,4,0.75,1.5,0.7,0.7,14,0.75,1.0,0.6667,0.8,1.0,1.0,1.0,1.0,0.75,0.8571,0.4,0.09,0.817953
params_4699,4,0.75,1.5,0.7,0.7,21,0.75,1.0,0.6667,0.8,1.0,1.0,1.0,1.0,0.75,0.8571,0.4,0.09,0.817953
params_4700,4,0.75,1.5,0.7,0.7,30,0.75,1.0,0.6667,0.8,1.0,1.0,1.0,1.0,0.75,0.8571,0.4,0.09,0.817953
params_4850,4,1.0,0.5,0.7,0.3,14,0.75,1.0,0.6667,0.8,1.0,1.0,1.0,1.0,0.75,0.8571,0.4,0.09,0.817953
params_4851,4,1.0,0.5,0.7,0.3,21,0.75,1.0,0.6667,0.8,1.0,1.0,1.0,1.0,0.75,0.8571,0.4,0.09,0.817953
params_4852,4,1.0,0.5,0.7,0.3,30,0.75,1.0,0.6667,0.8,1.0,1.0,1.0,1.0,0.75,0.8571,0.4,0.09,0.817953
params_4854,4,1.0,0.5,0.7,0.5,14,0.75,1.0,0.6667,0.8,1.0,1.0,1.0,1.0,0.75,0.8571,0.4,0.09,0.817953
params_4855,4,1.0,0.5,0.7,0.5,21,0.75,1.0,0.6667,0.8,1.0,1.0,1.0,1.0,0.75,0.8571,0.4,0.09,0.817953
params_4856,4,1.0,0.5,0.7,0.5,30,0.75,1.0,0.6667,0.8,1.0,1.0,1.0,1.0,0.75,0.8571,0.4,0.09,0.817953
params_4858,4,1.0,0.5,0.7,0.7,14,0.75,1.0,0.6667,0.8,1.0,1.0,1.0,1.0,0.75,0.8571,0.4,0.09,0.817953
params_4859,4,1.0,0.5,0.7,0.7,21,0.75,1.0,0.6667,0.8,1.0,1.0,1.0,1.0,0.75,0.8571,0.4,0.09,0.817953
params_4860,4,1.0,0.5,0.7,0.7,30,0.75,1.0,0.6667,0.8,1.0,1.0,1.0,1.0,0.75,0.8571,0.4,0.09,0.817953
params_4930,4,1.0,1.0,0.7,0.3,14,0.75,1.0,0.6667,0.8,1.0,1.0,1.0,1.0,0.75,0.8571,0.4,0.09,0.817953
params_4931,4,1.0,1.0,0.7,0.3,21,0.75,1.0,0.6667,0.8,1.0,1.0,1.0,1.0,0.75,0.8571,0.4,0.09,0.817953
params_4932,4,1.0,1.0,0.7,0.3,30,0.75,1.0,0.6667,0.8,1.0,1.0,1.0,1.0,0.75,0.8571,0.4,0.09,0.817953
params_4934,4,1.0,1.0,0.7,0.5,14,0.75,1.0,0.6667,0.8,1.0,1.0,1.0,1.0,0.75,0.8571,0.4,0.09,0.817953
params_4935,4,1.0,1.0,0.7,0.5,21,0.75,1.0,0.6667,0.8,1.0,1.0,1.0,1.0,0.75,0.8571,0.4,0.09,0.817953
params_4936,4,1.0,1.0,0.7,0.5,30,0.75,1.0,0.6667,0.8,1.0,1.0,1.0,1.0,0.75,0.8571,0.4,0.09,0.817953
params_4938,4,1.0,1.0,0.7,0.7,14,0.75,1.0,0.6667,0.8,1.0,1.0,1.0,1.0,0.75,0.8571,0.4,0.09,0.817953
params_4939,4,1.0,1.0,0.7,0.7,21,0.75,1.0,0.6667,0.8,1.0,1.0,1.0,1.0,0.75,0.8571,0.4,0.09,0.817953
params_4940,4,1.0,1.0,0.7,0.7,30,0.75,1.0,0.6667,0.8,1.0,1.0,1.0,1.0,0.75,0.8571,0.4,0.09,0.817953
params_5010,4,1.0,1.2,0.7,0.3,14,0.75,1.0,0.6667,0.8,1.0,1.0,1.0,1.0,0.75,0.8571,0.4,0.09,0.817953
params_5011,4,1.0,1.2,0.7,0.3,21,0.75,1.0,0.6667,0.8,1.0,1.0,1.0,1.0,0.75,0.8571,0.4,0.09,0.817953
params_5012,4,1.0,1.2,0.7,0.3,30,0.75,1.0,0.6667,0.8,1.0,1.0,1.0,1.0,0.75,0.8571,0.4,0.09,0.817953
params_5014,4,1.0,1.2,0.7,0.5,14,0.75,1.0,0.6667,0.8,1.0,1.0,1.0,1.0,0.75,0.8571,0.4,0.09,0.817953
params_5015,4,1.0,1.2,0.7,0.5,21,0.75,1.0,0.6667,0.8,1.0,1.0,1.0,1.0,0.75,0.8571,0.4,0.09,0.817953
params_5016,4,1.0,1.2,0.7,0.5,30,0.75,1.0,0.6667,0.8,1.0,1.0,1.0,1.0,0.75,0.8571,0.4,0.09,0.817953
params_5018,4,1.0,1.2,0.7,0.7,14,0.75,1.0,0.6667,0.8,1.0,1.0,1.0,1.0,0.75,0.8571,0.4,0.09,0.817953
params_5019,4,1.0,1.2,0.7,0.7,21,0.75,1.0,0.6667,0.8,1.0,1.0,1.0,1.0,0.75,0.8571,0.4,0.09,0.817953
params_5020,4,1.0,1.2,0.7,0.7,30,0.75,1.0,0.6667,0.8,1.0,1.0,1.0,1.0,0.75,0.8571,0.4,0.09,0.817953
params_5090,4,1.0,1.5,0.7,0.3,14,0.75,1.0,0.6667,0.8,1.0,1.0,1.0,1.0,0.75,0.8571,0.4,0.09,0.817953
params_5091,4,1.0,1.5,0.7,0.3,21,0.75,1.0,0.6667,0.8,1.0,1.0,1.0,1.0,0.75,0.8571,0.4,0.09,0.817953
params_5092,4,1.0,1.5,0.7,0.3,30,0.75,1.0,0.6667,0.8,1.0,1.0,1.0,1.0,0.75,0.8571,0.4,0.09,0.817953
params_5094,4,1.0,1.5,0.7,0.5,14,0.75,1.0,0.6667,0.8,1.0,1.0,1.0,1.0,0.75,0.8571,0.4,0.09,0.817953
params_5095,4,1.0,1.5,0.7,0.5,21,0.75,1.0,0.6667,0.8,1.0,1.0,1.0,1.0,0.75,0.8571,0.4,0.09,0.817953
params_5096,4,1.0,1.5,0.7,0.5,30,0.75,1.0,0.6667,0.8,1.0,1.0,1.0,1.0,0.75,0.8571,0.4,0.09,0.817953
params_5098,4,1.0,1.5,0.7,0.7,14,0.75,1.0,0.6667,0.8,1.0,1.0,1.0,1.0,0.75,0.8571,0.4,0.09,0.817953
params_5099,4,1.0,1.5,0.7,0.7,21,0.75,1.0,0.6667,0.8,1.0,1.0,1.0,1.0,0.75,0.8571,0.4,0.09,0.817953
params_5100,4,1.0,1.5,0.7,0.7,30,0.75,1.0,0.6667,0.8,1.0,1.0,1.0,1.0,0.75,0.8571,0.4,0.09,0.817953
params_6050,5,0.5,0.5,0.7,0.3,14,0.75,1.0,0.6667,0.8,1.0,1.0,1.0,1.0,0.75,0.8571,0.4,0.09,0.817953
params_6051,5,0.5,0.5,0.7,0.3,21,0.75,1.0,0.6667,0.8,1.0,1.0,1.0,1.0,0.75,0.8571,0.4,0.09,0.817953
params_6052,5,0.5,0.5,0.7,0.3,30,0.75,1.0,0.6667,0.8,1.0,1.0,1.0,1.0,0.75,0.8571,0.4,0.09,0.817953
params_6054,5,0.5,0.5,0.7,0.5,14,0.75,1.0,0.6667,0.8,1.0,1.0,1.0,1.0,0.75,0.8571,0.4,0.09,0.817953
params_6055,5,0.5,0.5,0.7,0.5,21,0.75,1.0,0.6667,0.8,1.0,1.0,1.0,1.0,0.75,0.8571,0.4,0.09,0.817953
params_6056,5,0.5,0.5,0.7,0.5,30,0.75,1.0,0.6667,0.8,1.0,1.0,1.0,1.0,0.75,0.8571,0.4,0.09,0.817953
params_6058,5,0.5,0.5,0.7,0.7,14,0.75,1.0,0.6667,0.8,1.0,1.0,1.0,1.0,0.75,0.8571,0.4,0.09,0.817953
params_6059,5,0.5,0.5,0.7,0.7,21,0.75,1.0,0.6667,0.8,1.0,1.0,1.0,1.0,0.75,0.8571,0.4,0.09,0.817953
params_6060,5,0.5,0.5,0.7,0.7,30,0.75,1.0,0.6667,0.8,1.0,1.0,1.0,1.0,0.75,0.8571,0.4,0.09,0.817953
params_6130,5,0.5,1.0,0.7,0.3,14,0.75,1.0,0.6667,0.8,1.0,1.0,1.0,1.0,0.75,0.8571,0.4,0.09,0.817953
params_6131,5,0.5,1.0,0.7,0.3,21,0.75,1.0,0.6667,0.8,1.0,1.0,1.0,1.0,0.75,0.8571,0.4,0.09,0.817953
params_6132,5,0.5,1.0,0.7,0.3,30,0.75,1.0,0.6667,0.8,1.0,1.0,1.0,1.0,0.75,0.8571,0.4,0.09,0.817953
params_6134,5,0.5,1.0,0.7,0.5,14,0.75,1.0,0.6667,0.8,1.0,1.0,1.0,1.0,0.75,0.8571,0.4,0.09,0.817953
params_6135,5,0.5,1.0,0.7,0.5,21,0.75,1.0,0.6667,0.8,1.0,1.0,1.0,1.0,0.75,0.8571,0.4,0.09,0.817953
params_6136,5,0.5,1.0,0.7,0.5,30,0.75,1.0,0.6667,0.8,1.0,1.0,1.0,1.0,0.75,0.8571,0.4,0.09,0.817953
params_6138,5,0.5,1.0,0.7,0.7,14,0.75,1.0,0.6667,0.8,1.0,1.0,1.0,1.0,0.75,0.8571,0.4,0.09,0.817953
params_6139,5,0.5,1.0,0.7,0.7,21,0.75,1.0,0.6667,0.8,1.0,1.0,1.0,1.0,0.75,0.8571,0.4,0.09,0.817953
params_6140,5,0.5,1.0,0.7,0.7,30,0.75,1.0,0.6667,0.8,1.0,1.0,1.0,1.0,0.75,0.8571,0.4,0.09,0.817953
params_6210,5,0.5,1.2,0.7,0.3,14,0.75,1.0,0.6667,0.8,1.0,1.0,1.0,1.0,0.75,0.8571,0.4,0.09,0.817953
params_6211,5,0.5,1.2,0.7,0.3,21,0.75,1.0,0.6667,0.8,1.0,1.0,1.0,1.0,0.75,0.8571,0.4,0.09,0.817953
params_6212,5,0.5,1.2,0.7,0.3,30,0.75,1.0,0.6667,0.8,1.0,1.0,1.0,1.0,0.75,0.8571,0.4,0.09,0.817953
params_6214,5,0.5,1.2,0.7,0.5,14,0.75,1.0,0.6667,0.8,1.0,1.0,1.0,1.0,0.75,0.8571,0.4,0.09,0.817953
params_6215,5,0.5,1.2,0.7,0.5,21,0.75,1.0,0.6667,0.8,1.0,1.0,1.0,1.0,0.75,0.8571,0.4,0.09,0.817953
params_6216,5,0.5,1.2,0.7,0.5,30,0.75,1.0,0.6667,0.8,1.0,1.0,1.0,1.0,0.75,0.8571,0.4,0.09,0.817953
params_6218,5,0.5,1.2,0.7,0.7,14,0.75,1.0,0.6667,0.8,1.0,1.0,1.0,1.0,0.75,0.8571,0.4,0.09,0.817953
params_6219,5,0.5,1.2,0.7,0.7,21,0.75,1.0,0.6667,0.8,1.0,1.0,1.0,1.0,0.75,0.8571,0.4,0.09,0.817953
params_6220,5,0.5,1.2,0.7,0.7,30,0.75,1.0,0.6667,0.8,1.0,1.0,1.0,1.0,0.75,0.8571,0.4,0.09,0.817953
params_6290,5,0.5,1.5,0.7,0.3,14,0.75,1.0,0.6667,0.8,1.0,1.0,1.0,1.0,0.75,0.8571,0.4,0.09,0.817953
params_6291,5,0.5,1.5,0.7,0.3,21,0.75,1.0,0.6667,0.8,1.0,1.0,1.0,1.0,0.75,0.8571,0.4,0.09,0.817953
params_6292,5,0.5,1.5,0.7,0.3,30,0.75,1.0,0.6667,0.8,1.0,1.0,1.0,1.0,0.75,0.8571,0.4,0.09,0.817953
params_6294,5,0.5,1.5,0.7,0.5,14,0.75,1.0,0.6667,0.8,1.0,1.0,1.0,1.0,0.75,0.8571,0.4,0.09,0.817953
params_6295,5,0.5,1.5,0.7,0.5,21,0.75,1.0,0.6667,0.8,1.0,1.0,1.0,1.0,0.75,0.8571,0.4,0.09,0.817953
params_6296,5,0.5,1.5,0.7,0.5,30,0.75,1.0,0.6667,0.8,1.0,1.0,1.0,1.0,0.75,0.8571,0.4,0.09,0.817953
params_6298,5,0.5,1.5,0.7,0.7,14,0.75,1.0,0.6667,0.8,1.0,1.0,1.0,1.0,0.75,0.8571,0.4,0.09,0.817953
params_6299,5,0.5,1.5,0.7,0.7,21,0.75,1.0,0.6667,0.8,1.0,1.0,1.0,1.0,0.75,0.8571,0.4,0.09,0.817953
params_6300,5,0.5,1.5,0.7,0.7,30,0.75,1.0,0.6667,0.8,1.0,1.0,1.0,1.0,0.75,0.8571,0.4,0.09,0.817953
params_6450,5,0.75,0.5,0.7,0.3,14,0.75,1.0,0.6667,0.8,1.0,1.0,1.0,1.0,0.75,0.8571,0.4,0.09,0.817953
params_6451,5,0.75,0.5,0.7,0.3,21,0.75,1.0,0.6667,0.8,1.0,1.0,1.0,1.0,0.75,0.8571,0.4,0.09,0.817953
params_6452,5,0.75,0.5,0.7,0.3,30,0.75,1.0,0.6667,0.8,1.0,1.0,1.0,1.0,0.75,0.8571,0.4,0.09,0.817953
params_6454,5,0.75,0.5,0.7,0.5,14,0.75,1.0,0.6667,0.8,1.0,1.0,1.0,1.0,0.75,0.8571,0.4,0.09,0.817953
params_6455,5,0.75,0.5,0.7,0.5,21,0.75,1.0,0.6667,0.8,1.0,1.0,1.0,1.0,0.75,0.8571,0.4,0.09,0.817953
params_6456,5,0.75,0.5,0.7,0.5,30,0.75,1.0,0.6667,0.8,1.0,1.0,1.0,1.0,0.75,0.8571,0.4,0.09,0.817953
params_6458,5,0.75,0.5,0.7,0.7,14,0.75,1.0,0.6667,0.8,1.0,1.0,1.0,1.0,0.75,0.8571,0.4,0.09,0.817953
params_6459,5,0.75,0.5,0.7,0.7,21,0.75,1.0,0.6667,0.8,1.0,1.0,1.0,1.0,0.75,0.8571,0.4,0.09,0.817953
params_6460,5,0.75,0.5,0.7,0.7,30,0.75,1.0,0.6667,0.8,1.0,1.0,1.0,1.0,0.75,0.8571,0.4,0.09,0.817953
params_6530,5,0.75,1.0,0.7,0.3,14,0.75,1.0,0.6667,0.8,1.0,1.0,1.0,1.0,0.75,0.8571,0.4,0.09,0.817953
params_6531,5,0.75,1.0,0.7,0.3,21,0.75,1.0,0.6667,0.8,1.0,1.0,1.0,1.0,0.75,0.8571,0.4,0.09,0.817953
params_6532,5,0.75,1.0,0.7,0.3,30,0.75,1.0,0.6667,0.8,1.0,1.0,1.0,1.0,0.75,0.8571,0.4,0.09,0.817953
params_6534,5,0.75,1.0,0.7,0.5,14,0.75,1.0,0.6667,0.8,1.0,1.0,1.0,1.0,0.75,0.8571,0.4,0.09,0.817953
params_6535,5,0.75,1.0,0.7,0.5,21,0.75,1.0,0.6667,0.8,1.0,1.0,1.0,1.0,0.75,0.8571,0.4,0.09,0.817953
params_6536,5,0.75,1.0,0.7,0.5,30,0.75,1.0,0.6667,0.8,1.0,1.0,1.0,1.0,0.75,0.8571,0.4,0.09,0.817953
params_6538,5,0.75,1.0,0.7,0.7,14,0.75,1.0,0.6667,0.8,1.0,1.0,1.0,1.0,0.75,0.8571,0.4,0.09,0.817953
params_6539,5,0.75,1.0,0.7,0.7,21,0.75,1.0,0.6667,0.8,1.0,1.0,1.0,1.0,0.75,0.8571,0.4,0.09,0.817953
params_6540,5,0.75,1.0,0.7,0.7,30,0.75,1.0,0.6667,0.8,1.0,1.0,1.0,1.0,0.75,0.8571,0.4,0.09,0.817953
params_6610,5,0.75,1.2,0.7,0.3,14,0.75,1.0,0.6667,0.8,1.0,1.0,1.0,1.0,0.75,0.8571,0.4,0.09,0.817953
params_6611,5,0.75,1.2,0.7,0.3,21,0.75,1.0,0.6667,0.8,1.0,1.0,1.0,1.0,0.75,0.8571,0.4,0.09,0.817953
params_6612,5,0.75,1.2,0.7,0.3,30,0.75,1.0,0.6667,0.8,1.0,1.0,1.0,1.0,0.75,0.8571,0.4,0.09,0.817953
params_6614,5,0.75,1.2,0.7,0.5,14,0.75,1.0,0.6667,0.8,1.0,1.0,1.0,1.0,0.75,0.8571,0.4,0.09,0.817953
params_6615,5,0.75,1.2,0.7,0.5,21,0.75,1.0,0.6667,0.8,1.0,1.0,1.0,1.0,0.75,0.8571,0.4,0.09,0.817953
params_6616,5,0.75,1.2,0.7,0.5,30,0.75,1.0,0.6667,0.8,1.0,1.0,1.0,1.0,0.75,0.8571,0.4,0.09,0.817953
params_6618,5,0.75,1.2,0.7,0.7,14,0.75,1.0,0.6667,0.8,1.0,1.0,1.0,1.0,0.75,0.8571,0.4,0.09,0.817953
params_6619,5,0.75,1.2,0.7,0.7,21,0.75,1.0,0.6667,0.8,1.0,1.0,1.0,1.0,0.75,0.8571,0.4,0.09,0.817953
params_6620,5,0.75,1.2,0.7,0.7,30,0.75,1.0,0.6667,0.8,1.0,1.0,1.0,1.0,0.75,0.8571,0.4,0.09,0.817953
params_6690,5,0.75,1.5,0.7,0.3,14,0.75,1.0,0.6667,0.8,1.0,1.0,1.0,1.0,0.75,0.8571,0.4,0.09,0.817953
params_6691,5,0.75,1.5,0.7,0.3,21,0.75,1.0,0.6667,0.8,1.0,1.0,1.0,1.0,0.75,0.8571,0.4,0.09,0.817953
params_6692,5,0.75,1.5,0.7,0.3,30,0.75,1.0,0.6667,0.8,1.0,1.0,1.0,1.0,0.75,0.8571,0.4,0.09,0.817953
params_6694,5,0.75,1.5,0.7,0.5,14,0.75,1.0,0.6667,0.8,1.0,1.0,1.0,1.0,0.75,0.8571,0.4,0.09,0.817953
params_6695,5,0.75,1.5,0.7,0.5,21,0.75,1.0,0.6667,0.8,1.0,1.0,1.0,1.0,0.75,0.8571,0.4,0.09,0.817953
params_6696,5,0.75,1.5,0.7,0.5,30,0.75,1.0,0.6667,0.8,1.0,1.0,1.0,1.0,0.75,0.8571,0.4,0.09,0.817953
params_6698,5,0.75,1.5,0.7,0.7,14,0.75,1.0,0.6667,0.8,1.0,1.0,1.0,1.0,0.75,0.8571,0.4,0.09,0.817953
params_6699,5,0.75,1.5,0.7,0.7,21,0.75,1.0,0.6667,0.8,1.0,1.0,1.0,1.0,0.75,0.8571,0.4,0.09,0.817953
params_6700,5,0.75,1.5,0.7,0.7,30,0.75,1.0,0.6667,0.8,1.0,1.0,1.0,1.0,0.75,0.8571,0.4,0.09,0.817953
params_6850,5,1.0,0.5,0.7,0.3,14,0.75,1.0,0.6667,0.8,1.0,1.0,1.0,1.0,0.75,0.8571,0.4,0.09,0.817953
params_6851,5,1.0,0.5,0.7,0.3,21,0.75,1.0,0.6667,0.8,1.0,1.0,1.0,1.0,0.75,0.8571,0.4,0.09,0.817953
params_6852,5,1.0,0.5,0.7,0.3,30,0.75,1.0,0.6667,0.8,1.0,1.0,1.0,1.0,0.75,0.8571,0.4,0.09,0.817953
params_6854,5,1.0,0.5,0.7,0.5,14,0.75,1.0,0.6667,0.8,1.0,1.0,1.0,1.0,0.75,0.8571,0.4,0.09,0.817953
params_6855,5,1.0,0.5,0.7,0.5,21,0.75,1.0,0.6667,0.8,1.0,1.0,1.0,1.0,0.75,0.8571,0.4,0.09,0.817953
params_6856,5,1.0,0.5,0.7,0.5,30,0.75,1.0,0.6667,0.8,1.0,1.0,1.0,1.0,0.75,0.8571,0.4,0.09,0.817953
params_6858,5,1.0,0.5,0.7,0.7,14,0.75,1.0,0.6667,0.8,1.0,1.0,1.0,1.0,0.75,0.8571,0.4,0.09,0.817953
params_6859,5,1.0,0.5,0.7,0.7,21,0.75,1.0,0.6667,0.8,1.0,1.0,1.0,1.0,0.75,0.8571,0.4,0.09,0.817953
params_6860,5,1.0,0.5,0.7,0.7,30,0.75,1.0,0.6667,0.8,1.0,1.0,1.0,1.0,0.75,0.8571,0.4,0.09,0.817953
params_6930,5,1.0,1.0,0.7,0.3,14,0.75,1.0,0.6667,0.8,1.0,1.0,1.0,1.0,0.75,0.8571,0.4,0.09,0.817953
params_6931,5,1.0,1.0,0.7,0.3,21,0.75,1.0,0.6667,0.8,1.0,1.0,1.0,1.0,0.75,0.8571,0.4,0.09,0.817953
params_6932,5,1.0,1.0,0.7,0.3,30,0.75,1.0,0.6667,0.8,1.0,1.0,1.0,1.0,0.75,0.8571,0.4,0.09,0.817953
params_6934,5,1.0,1.0,0.7,0.5,14,0.75,1.0,0.6667,0.8,1.0,1.0,1.0,1.0,0.75,0.8571,0.4,0.09,0.817953
params_6935,5,1.0,1.0,0.7,0.5,21,0.75,1.0,0.6667,0.8,1.0,1.0,1.0,1.0,0.75,0.8571,0.4,0.09,0.817953
params_6936,5,1.0,1.0,0.7,0.5,30,0.75,1.0,0.6667,0.8,1.0,1.0,1.0,1.0,0.75,0.8571,0.4,0.09,0.817953
params_6938,5,1.0,1.0,0.7,0.7,14,0.75,1.0,0.6667,0.8,1.0,1.0,1.0,1.0,0.75,0.8571,0.4,0.09,0.817953
params_6939,5,1.0,1.0,0.7,0.7,21,0.75,1.0,0.6667,0.8,1.0,1.0,1.0,1.0,0.75,0.8571,0.4,0.09,0.817953
params_6940,5,1.0,1.0,0.7,0.7,30,0.75,1.0,0.6667,0.8,1.0,1.0,1.0,1.0,0.75,0.8571,0.4,0.09,0.817953
params_7010,5,1.0,1.2,0.7,0.3,14,0.75,1.0,0.6667,0.8,1.0,1.0,1.0,1.0,0.75,0.8571,0.4,0.09,0.817953
params_7011,5,1.0,1.2,0.7,0.3,21,0.75,1.0,0.6667,0.8,1.0,1.0,1.0,1.0,0.75,0.8571,0.4,0.09,0.817953
params_7012,5,1.0,1.2,0.7,0.3,30,0.75,1.0,0.6667,0.8,1.0,1.0,1.0,1.0,0.75,0.8571,0.4,0.09,0.817953
params_7014,5,1.0,1.2,0.7,0.5,14,0.75,1.0,0.6667,0.8,1.0,1.0,1.0,1.0,0.75,0.8571,0.4,0.09,0.817953
params_7015,5,1.0,1.2,0.7,0.5,21,0.75,1.0,0.6667,0.8,1.0,1.0,1.0,1.0,0.75,0.8571,0.4,0.09,0.817953
params_7016,5,1.0,1.2,0.7,0.5,30,0.75,1.0,0.6667,0.8,1.0,1.0,1.0,1.0,0.75,0.8571,0.4,0.09,0.817953
params_7018,5,1.0,1.2,0.7,0.7,14,0.75,1.0,0.6667,0.8,1.0,1.0,1.0,1.0,0.75,0.8571,0.4,0.09,0.817953
params_7019,5,1.0,1.2,0.7,0.7,21,0.75,1.0,0.6667,0.8,1.0,1.0,1.0,1.0,0.75,0.8571,0.4,0.09,0.817953
params_7020,5,1.0,1.2,0.7,0.7,30,0.75,1.0,0.6667,0.8,1.0,1.0,1.0,1.0,0.75,0.8571,0.4,0.09,0.817953
params_7090,5,1.0,1.5,0.7,0.3,14,0.75,1.0,0.6667,0.8,1.0,1.0,1.0,1.0,0.75,0.8571,0.4,0.09,0.817953
params_7091,5,1.0,1.5,0.7,0.3,21,0.75,1.0,0.6667,0.8,1.0,1.0,1.0,1.0,0.75,0.8571,0.4,0.09,0.817953
params_7092,5,1.0,1.5,0.7,0.3,30,0.75,1.0,0.6667,0.8,1.0,1.0,1.0,1.0,0.75,0.8571,0.4,0.09,0.817953
params_7094,5,1.0,1.5,0.7,0.5,14,0.75,1.0,0.6667,0.8,1.0,1.0,1.0,1.0,0.75,0.8571,0.4,0.09,0.817953
params_7095,5,1.0,1.5,0.7,0.5,21,0.75,1.0,0.6667,0.8,1.0,1.0,1.0,1.0,0.75,0.8571,0.4,0.09,0.817953
params_7096,5,1.0,1.5,0.7,0.5,30,0.75,1.0,0.6667,0.8,1.0,1.0,1.0,1.0,0.75,0.8571,0.4,0.09,0.817953
params_7098,5,1.0,1.5,0.7,0.7,14,0.75,1.0,0.6667,0.8,1.0,1.0,1.0,1.0,0.75,0.8571,0.4,0.09,0.817953
params_7099,5,1.0,1.5,0.7,0.7,21,0.75,1.0,0.6667,0.8,1.0,1.0,1.0,1.0,0.75,0.8571,0.4,0.09,0.817953
params_7100,5,1.0,1.5,0.7,0.7,30,0.75,1.0,0.6667,0.8,1.0,1.0,1.0,1.0,0.75,0.8571,0.4,0.09,0.817953
params_0049,2,0.5,0.5,0.7,0.3,7,0.75,1.0,0.6667,0.8,1.0,1.0,1.0,1.0,0.75,0.8571,0.4,0.1,0.816701
params_0053,2,0.5,0.5,0.7,0.5,7,0.75,1.0,0.6667,0.8,1.0,1.0,1.0,1.0,0.75,0.8571,0.4,0.1,0.816701
params_0057,2,0.5,0.5,0.7,0.7,7,0.75,1.0,0.6667,0.8,1.0,1.0,1.0,1.0,0.75,0.8571,0.4,0.1,0.816701
params_0129,2,0.5,1.0,0.7,0.3,7,0.75,1.0,0.6667,0.8,1.0,1.0,1.0,1.0,0.75,0.8571,0.4,0.1,0.816701
params_0133,2,0.5,1.0,0.7,0.5,7,0.75,1.0,0.6667,0.8,1.0,1.0,1.0,1.0,0.75,0.8571,0.4,0.1,0.816701
params_0137,2,0.5,1.0,0.7,0.7,7,0.75,1.0,0.6667,0.8,1.0,1.0,1.0,1.0,0.75,0.8571,0.4,0.1,0.816701
params_0209,2,0.5,1.2,0.7,0.3,7,0.75,1.0,0.6667,0.8,1.0,1.0,1.0,1.0,0.75,0.8571,0.4,0.1,0.816701
params_0213,2,0.5,1.2,0.7,0.5,7,0.75,1.0,0.6667,0.8,1.0,1.0,1.0,1.0,0.75,0.8571,0.4,0.1,0.816701
params_0217,2,0.5,1.2,0.7,0.7,7,0.75,1.0,0.6667,0.8,1.0,1.0,1.0,1.0,0.75,0.8571,0.4,0.1,0.816701
params_0289,2,0.5,1.5,0.7,0.3,7,0.75,1.0,0.6667,0.8,1.0,1.0,1.0,1.0,0.75,0.8571,0.4,0.1,0.816701
params_0293,2,0.5,1.5,0.7,0.5,7,0.75,1.0,0.6667,0.8,1.0,1.0,1.0,1.0,0.75,0.8571,0.4,0.1,0.816701
params_0297,2,0.5,1.5,0.7,0.7,7,0.75,1.0,0.6667,0.8,1.0,1.0,1.0,1.0,0.75,0.8571,0.4,0.1,0.816701
params_0449,2,0.75,0.5,0.7,0.3,7,0.75,1.0,0.6667,0.8,1.0,1.0,1.0,1.0,0.75,0.8571,0.4,0.1,0.816701
params_0453,2,0.75,0.5,0.7,0.5,7,0.75,1.0,0.6667,0.8,1.0,1.0,1.0,1.0,0.75,0.8571,0.4,0.1,0.816701
params_0457,2,0.75,0.5,0.7,0.7,7,0.75,1.0,0.6667,0.8,1.0,1.0,1.0,1.0,0.75,0.8571,0.4,0.1,0.816701
params_0529,2,0.75,1.0,0.7,0.3,7,0.75,1.0,0.6667,0.8,1.0,1.0,1.0,1.0,0.75,0.8571,0.4,0.1,0.816701
params_0533,2,0.75,1.0,0.7,0.5,7,0.75,1.0,0.6667,0.8,1.0,1.0,1.0,1.0,0.75,0.8571,0.4,0.1,0.816701
params_0537,2,0.75,1.0,0.7,0.7,7,0.75,1.0,0.6667,0.8,1.0,1.0,1.0,1.0,0.75,0.8571,0.4,0.1,0.816701
params_0609,2,0.75,1.2,0.7,0.3,7,0.75,1.0,0.6667,0.8,1.0,1.0,1.0,1.0,0.75,0.8571,0.4,0.1,0.816701
params_0613,2,0.75,1.2,0.7,0.5,7,0.75,1.0,0.6667,0.8,1.0,1.0,1.0,1.0,0.75,0.8571,0.4,0.1,0.816701
params_0617,2,0.75,1.2,0.7,0.7,7,0.75,1.0,0.6667,0.8,1.0,1.0,1.0,1.0,0.75,0.8571,0.4,0.1,0.816701
params_0689,2,0.75,1.5,0.7,0.3,7,0.75,1.0,0.6667,0.8,1.0,1.0,1.0,1.0,0.75,0.8571,0.4,0.1,0.816701
params_0693,2,0.75,1.5,0.7,0.5,7,0.75,1.0,0.6667,0.8,1.0,1.0,1.0,1.0,0.75,0.8571,0.4,0.1,0.816701
params_0697,2,0.75,1.5,0.7,0.7,7,0.75,1.0,0.6667,0.8,1.0,1.0,1.0,1.0,0.75,0.8571,0.4,0.1,0.816701
params_0849,2,1.0,0.5,0.7,0.3,7,0.75,1.0,0.6667,0.8,1.0,1.0,1.0,1.0,0.75,0.8571,0.4,0.1,0.816701
params_0853,2,1.0,0.5,0.7,0.5,7,0.75,1.0,0.6667,0.8,1.0,1.0,1.0,1.0,0.75,0.8571,0.4,0.1,0.816701
params_0857,2,1.0,0.5,0.7,0.7,7,0.75,1.0,0.6667,0.8,1.0,1.0,1.0,1.0,0.75,0.8571,0.4,0.1,0.816701
params_0929,2,1.0,1.0,0.7,0.3,7,0.75,1.0,0.6667,0.8,1.0,1.0,1.0,1.0,0.75,0.8571,0.4,0.1,0.816701
params_0933,2,1.0,1.0,0.7,0.5,7,0.75,1.0,0.6667,0.8,1.0,1.0,1.0,1.0,0.75,0.8571,0.4,0.1,0.816701
params_0937,2,1.0,1.0,0.7,0.7,7,0.75,1.0,0.6667,0.8,1.0,1.0,1.0,1.0,0.75,0.8571,0.4,0.1,0.816701
params_1009,2,1.0,1.2,0.7,0.3,7,0.75,1.0,0.6667,0.8,1.0,1.0,1.0,1.0,0.75,0.8571,0.4,0.1,0.816701
params_1013,2,1.0,1.2,0.7,0.5,7,0.75,1.0,0.6667,0.8,1.0,1.0,1.0,1.0,0.75,0.8571,0.4,0.1,0.816701
params_1017,2,1.0,1.2,0.7,0.7,7,0.75,1.0,0.6667,0.8,1.0,1.0,1.0,1.0,0.75,0.8571,0.4,0.1,0.816701
params_1089,2,1.0,1.5,0.7,0.3,7,0.75,1.0,0.6667,0.8,1.0,1.0,1.0,1.0,0.75,0.8571,0.4,0.1,0.816701
params_1093,2,1.0,1.5,0.7,0.5,7,0.75,1.0,0.6667,0.8,1.0,1.0,1.0,1.0,0.75,0.8571,0.4,0.1,0.816701
params_1097,2,1.0,1.5,0.7,0.7,7,0.75,1.0,0.6667,0.8,1.0,1.0,1.0,1.0,0.75,0.8571,0.4,0.1,0.816701
params_2049,3,0.5,0.5,0.7,0.3,7,0.75,1.0,0.6667,0.8,1.0,1.0,1.0,1.0,0.75,0.8571,0.4,0.1,0.816701
params_2053,3,0.5,0.5,0.7,0.5,7,0.75,1.0,0.6667,0.8,1.0,1.0,1.0,1.0,0.75,0.8571,0.4,0.1,0.816701
params_2057,3,0.5,0.5,0.7,0.7,7,0.75,1.0,0.6667,0.8,1.0,1.0,1.0,1.0,0.75,0.8571,0.4,0.1,0.816701
params_2129,3,0.5,1.0,0.7,0.3,7,0.75,1.0,0.6667,0.8,1.0,1.0,1.0,1.0,0.75,0.8571,0.4,0.1,0.816701
params_2133,3,0.5,1.0,0.7,0.5,7,0.75,1.0,0.6667,0.8,1.0,1.0,1.0,1.0,0.75,0.8571,0.4,0.1,0.816701
params_2137,3,0.5,1.0,0.7,0.7,7,0.75,1.0,0.6667,0.8,1.0,1.0,1.0,1.0,0.75,0.8571,0.4,0.1,0.816701
params_2209,3,0.5,1.2,0.7,0.3,7,0.75,1.0,0.6667,0.8,1.0,1.0,1.0,1.0,0.75,0.8571,0.4,0.1,0.816701
params_2213,3,0.5,1.2,0.7,0.5,7,0.75,1.0,0.6667,0.8,1.0,1.0,1.0,1.0,0.75,0.8571,0.4,0.1,0.816701
params_2217,3,0.5,1.2,0.7,0.7,7,0.75,1.0,0.6667,0.8,1.0,1.0,1.0,1.0,0.75,0.8571,0.4,0.1,0.816701
params_2289,3,0.5,1.5,0.7,0.3,7,0.75,1.0,0.6667,0.8,1.0,1.0,1.0,1.0,0.75,0.8571,0.4,0.1,0.816701
params_2293,3,0.5,1.5,0.7,0.5,7,0.75,1.0,0.6667,0.8,1.0,1.0,1.0,1.0,0.75,0.8571,0.4,0.1,0.816701
params_2297,3,0.5,1.5,0.7,0.7,7,0.75,1.0,0.6667,0.8,1.0,1.0,1.0,1.0,0.75,0.8571,0.4,0.1,0.816701
params_2449,3,0.75,0.5,0.7,0.3,7,0.75,1.0,0.6667,0.8,1.0,1.0,1.0,1.0,0.75,0.8571,0.4,0.1,0.816701
params_2453,3,0.75,0.5,0.7,0.5,7,0.75,1.0,0.6667,0.8,1.0,1.0,1.0,1.0,0.75,0.8571,0.4,0.1,0.816701
params_2457,3,0.75,0.5,0.7,0.7,7,0.75,1.0,0.6667,0.8,1.0,1.0,1.0,1.0,0.75,0.8571,0.4,0.1,0.816701
params_2529,3,0.75,1.0,0.7,0.3,7,0.75,1.0,0.6667,0.8,1.0,1.0,1.0,1.0,0.75,0.8571,0.4,0.1,0.816701
params_2533,3,0.75,1.0,0.7,0.5,7,0.75,1.0,0.6667,0.8,1.0,1.0,1.0,1.0,0.75,0.8571,0.4,0.1,0.816701
params_2537,3,0.75,1.0,0.7,0.7,7,0.75,1.0,0.6667,0.8,1.0,1.0,1.0,1.0,0.75,0.8571,0.4,0.1,0.816701
params_2609,3,0.75,1.2,0.7,0.3,7,0.75,1.0,0.6667,0.8,1.0,1.0,1.0,1.0,0.75,0.8571,0.4,0.1,0.816701
params_2613,3,0.75,1.2,0.7,0.5,7,0.75,1.0,0.6667,0.8,1.0,1.0,1.0,1.0,0.75,0.8571,0.4,0.1,0.816701
params_2617,3,0.75,1.2,0.7,0.7,7,0.75,1.0,0.6667,0.8,1.0,1.0,1.0,1.0,0.75,0.8571,0.4,0.1,0.816701
params_2689,3,0.75,1.5,0.7,0.3,7,0.75,1.0,0.6667,0.8,1.0,1.0,1.0,1.0,0.75,0.8571,0.4,0.1,0.816701
params_2693,3,0.75,1.5,0.7,0.5,7,0.75,1.0,0.6667,0.8,1.0,1.0,1.0,1.0,0.75,0.8571,0.4,0.1,0.816701
params_2697,3,0.75,1.5,0.7,0.7,7,0.75,1.0,0.6667,0.8,1.0,1.0,1.0,1.0,0.75,0.8571,0.4,0.1,0.816701
params_2849,3,1.0,0.5,0.7,0.3,7,0.75,1.0,0.6667,0.8,1.0,1.0,1.0,1.0,0.75,0.8571,0.4,0.1,0.816701
params_2853,3,1.0,0.5,0.7,0.5,7,0.75,1.0,0.6667,0.8,1.0,1.0,1.0,1.0,0.75,0.8571,0.4,0.1,0.816701
params_2857,3,1.0,0.5,0.7,0.7,7,0.75,1.0,0.6667,0.8,1.0,1.0,1.0,1.0,0.75,0.8571,0.4,0.1,0.816701
params_2929,3,1.0,1.0,0.7,0.3,7,0.75,1.0,0.6667,0.8,1.0,1.0,1.0,1.0,0.75,0.8571,0.4,0.1,0.816701
params_2933,3,1.0,1.0,0.7,0.5,7,0.75,1.0,0.6667,0.8,1.0,1.0,1.0,1.0,0.75,0.8571,0.4,0.1,0.816701
params_2937,3,1.0,1.0,0.7,0.7,7,0.75,1.0,0.6667,0.8,1.0,1.0,1.0,1.0,0.75,0.8571,0.4,0.1,0.816701
params_3009,3,1.0,1.2,0.7,0.3,7,0.75,1.0,0.6667,0.8,1.0,1.0,1.0,1.0,0.75,0.8571,0.4,0.1,0.816701
params_3013,3,1.0,1.2,0.7,0.5,7,0.75,1.0,0.6667,0.8,1.0,1.0,1.0,1.0,0.75,0.8571,0.4,0.1,0.816701
params_3017,3,1.0,1.2,0.7,0.7,7,0.75,1.0,0.6667,0.8,1.0,1.0,1.0,1.0,0.75,0.8571,0.4,0.1,0.816701
params_3089,3,1.0,1.5,0.7,0.3,7,0.75,1.0,0.6667,0.8,1.0,1.0,1.0,1.0,0.75,0.8571,0.4,0.1,0.816701
params_3093,3,1.0,1.5,0.7,0.5,7,0.75,1.0,0.6667,0.8,1.0,1.0,1.0,1.0,0.75,0.8571,0.4,0.1,0.816701
params_3097,3,1.0,1.5,0.7,0.7,7,0.75,1.0,0.6667,0.8,1.0,1.0,1.0,1.0,0.75,0.8571,0.4,0.1,0.816701
params_4049,4,0.5,0.5,0.7,0.3,7,0.75,1.0,0.6667,0.8,1.0,1.0,1.0,1.0,0.75,0.8571,0.4,0.1,0.816701
params_4053,4,0.5,0.5,0.7,0.5,7,0.75,1.0,0.6667,0.8,1.0,1.0,1.0,1.0,0.75,0.8571,0.4,0.1,0.816701
params_4057,4,0.5,0.5,0.7,0.7,7,0.75,1.0,0.6667,0.8,1.0,1.0,1.0,1.0,0.75,0.8571,0.4,0.1,0.816701
params_4129,4,0.5,1.0,0.7,0.3,7,0.75,1.0,0.6667,0.8,1.0,1.0,1.0,1.0,0.75,0.8571,0.4,0.1,0.816701
params_4133,4,0.5,1.0,0.7,0.5,7,0.75,1.0,0.6667,0.8,1.0,1.0,1.0,1.0,0.75,0.8571,0.4,0.1,0.816701
params_4137,4,0.5,1.0,0.7,0.7,7,0.75,1.0,0.6667,0.8,1.0,1.0,1.0,1.0,0.75,0.8571,0.4,0.1,0.816701
params_4209,4,0.5,1.2,0.7,0.3,7,0.75,1.0,0.6667,0.8,1.0,1.0,1.0,1.0,0.75,0.8571,0.4,0.1,0.816701
params_4213,4,0.5,1.2,0.7,0.5,7,0.75,1.0,0.6667,0.8,1.0,1.0,1.0,1.0,0.75,0.8571,0.4,0.1,0.816701
params_4217,4,0.5,1.2,0.7,0.7,7,0.75,1.0,0.6667,0.8,1.0,1.0,1.0,1.0,0.75,0.8571,0.4,0.1,0.816701
params_4289,4,0.5,1.5,0.7,0.3,7,0.75,1.0,0.6667,0.8,1.0,1.0,1.0,1.0,0.75,0.8571,0.4,0.1,0.816701
params_4293,4,0.5,1.5,0.7,0.5,7,0.75,1.0,0.6667,0.8,1.0,1.0,1.0,1.0,0.75,0.8571,0.4,0.1,0.816701
params_4297,4,0.5,1.5,0.7,0.7,7,0.75,1.0,0.6667,0.8,1.0,1.0,1.0,1.0,0.75,0.8571,0.4,0.1,0.816701
params_4449,4,0.75,0.5,0.7,0.3,7,0.75,1.0,0.6667,0.8,1.0,1.0,1.0,1.0,0.75,0.8571,0.4,0.1,0.816701
params_4453,4,0.75,0.5,0.7,0.5,7,0.75,1.0,0.6667,0.8,1.0,1.0,1.0,1.0,0.75,0.8571,0.4,0.1,0.816701
params_4457,4,0.75,0.5,0.7,0.7,7,0.75,1.0,0.6667,0.8,1.0,1.0,1.0,1.0,0.75,0.8571,0.4,0.1,0.816701
params_4529,4,0.75,1.0,0.7,0.3,7,0.75,1.0,0.6667,0.8,1.0,1.0,1.0,1.0,0.75,0.8571,0.4,0.1,0.816701
params_4533,4,0.75,1.0,0.7,0.5,7,0.75,1.0,0.6667,0.8,1.0,1.0,1.0,1.0,0.75,0.8571,0.4,0.1,0.816701
params_4537,4,0.75,1.0,0.7,0.7,7,0.75,1.0,0.6667,0.8,1.0,1.0,1.0,1.0,0.75,0.8571,0.4,0.1,0.816701
params_4609,4,0.75,1.2,0.7,0.3,7,0.75,1.0,0.6667,0.8,1.0,1.0,1.0,1.0,0.75,0.8571,0.4,0.1,0.816701
params_4613,4,0.75,1.2,0.7,0.5,7,0.75,1.0,0.6667,0.8,1.0,1.0,1.0,1.0,0.75,0.8571,0.4,0.1,0.816701
params_4617,4,0.75,1.2,0.7,0.7,7,0.75,1.0,0.6667,0.8,1.0,1.0,1.0,1.0,0.75,0.8571,0.4,0.1,0.816701
params_4689,4,0.75,1.5,0.7,0.3,7,0.75,1.0,0.6667,0.8,1.0,1.0,1.0,1.0,0.75,0.8571,0.4,0.1,0.816701
params_4693,4,0.75,1.5,0.7,0.5,7,0.75,1.0,0.6667,0.8,1.0,1.0,1.0,1.0,0.75,0.8571,0.4,0.1,0.816701
params_4697,4,0.75,1.5,0.7,0.7,7,0.75,1.0,0.6667,0.8,1.0,1.0,1.0,1.0,0.75,0.8571,0.4,0.1,0.816701
params_4849,4,1.0,0.5,0.7,0.3,7,0.75,1.0,0.6667,0.8,1.0,1.0,1.0,1.0,0.75,0.8571,0.4,0.1,0.816701
params_4853,4,1.0,0.5,0.7,0.5,7,0.75,1.0,0.6667,0.8,1.0,1.0,1.0,1.0,0.75,0.8571,0.4,0.1,0.816701
params_4857,4,1.0,0.5,0.7,0.7,7,0.75,1.0,0.6667,0.8,1.0,1.0,1.0,1.0,0.75,0.8571,0.4,0.1,0.816701
params_4929,4,1.0,1.0,0.7,0.3,7,0.75,1.0,0.6667,0.8,1.0,1.0,1.0,1.0,0.75,0.8571,0.4,0.1,0.816701
params_4933,4,1.0,1.0,0.7,0.5,7,0.75,1.0,0.6667,0.8,1.0,1.0,1.0,1.0,0.75,0.8571,0.4,0.1,0.816701
params_4937,4,1.0,1.0,0.7,0.7,7,0.75,1.0,0.6667,0.8,1.0,1.0,1.0,1.0,0.75,0.8571,0.4,0.1,0.816701
params_5009,4,1.0,1.2,0.7,0.3,7,0.75,1.0,0.6667,0.8,1.0,1.0,1.0,1.0,0.75,0.8571,0.4,0.1,0.816701
params_5013,4,1.0,1.2,0.7,0.5,7,0.75,1.0,0.6667,0.8,1.0,1.0,1.0,1.0,0.75,0.8571,0.4,0.1,0.816701
params_5017,4,1.0,1.2,0.7,0.7,7,0.75,1.0,0.6667,0.8,1.0,1.0,1.0,1.0,0.75,0.8571,0.4,0.1,0.816701
params_5089,4,1.0,1.5,0.7,0.3,7,0.75,1.0,0.6667,0.8,1.0,1.0,1.0,1.0,0.75,0.8571,0.4,0.1,0.816701
params_5093,4,1.0,1.5,0.7,0.5,7,0.75,1.0,0.6667,0.8,1.0,1.0,1.0,1.0,0.75,0.8571,0.4,0.1,0.816701
params_5097,4,1.0,1.5,0.7,0.7,7,0.75,1.0,0.6667,0.8,1.0,1.0,1.0,1.0,0.75,0.8571,0.4,0.1,0.816701
params_6049,5,0.5,0.5,0.7,0.3,7,0.75,1.0,0.6667,0.8,1.0,1.0,1.0,1.0,0.75,0.8571,0.4,0.1,0.816701
params_6053,5,0.5,0.5,0.7,0.5,7,0.75,1.0,0.6667,0.8,1.0,1.0,1.0,1.0,0.75,0.8571,0.4,0.1,0.816701
params_6057,5,0.5,0.5,0.7,0.7,7,0.75,1.0,0.6667,0.8,1.0,1.0,1.0,1.0,0.75,0.8571,0.4,0.1,0.816701
params_6129,5,0.5,1.0,0.7,0.3,7,0.75,1.0,0.6667,0.8,1.0,1.0,1.0,1.0,0.75,0.8571,0.4,0.1,0.816701
params_6133,5,0.5,1.0,0.7,0.5,7,0.75,1.0,0.6667,0.8,1.0,1.0,1.0,1.0,0.75,0.8571,0.4,0.1,0.816701
params_6137,5,0.5,1.0,0.7,0.7,7,0.75,1.0,0.6667,0.8,1.0,1.0,1.0,1.0,0.75,0.8571,0.4,0.1,0.816701
params_6209,5,0.5,1.2,0.7,0.3,7,0.75,1.0,0.6667,0.8,1.0,1.0,1.0,1.0,0.75,0.8571,0.4,0.1,0.816701
params_6213,5,0.5,1.2,0.7,0.5,7,0.75,1.0,0.6667,0.8,1.0,1.0,1.0,1.0,0.75,0.8571,0.4,0.1,0.816701
params_6217,5,0.5,1.2,0.7,0.7,7,0.75,1.0,0.6667,0.8,1.0,1.0,1.0,1.0,0.75,0.8571,0.4,0.1,0.816701
params_6289,5,0.5,1.5,0.7,0.3,7,0.75,1.0,0.6667,0.8,1.0,1.0,1.0,1.0,0.75,0.8571,0.4,0.1,0.816701
params_6293,5,0.5,1.5,0.7,0.5,7,0.75,1.0,0.6667,0.8,1.0,1.0,1.0,1.0,0.75,0.8571,0.4,0.1,0.816701
params_6297,5,0.5,1.5,0.7,0.7,7,0.75,1.0,0.6667,0.8,1.0,1.0,1.0,1.0,0.75,0.8571,0.4,0.1,0.816701
params_6449,5,0.75,0.5,0.7,0.3,7,0.75,1.0,0.6667,0.8,1.0,1.0,1.0,1.0,0.75,0.8571,0.4,0.1,0.816701
params_6453,5,0.75,0.5,0.7,0.5,7,0.75,1.0,0.6667,0.8,1.0,1.0,1.0,1.0,0.75,0.8571,0.4,0.1,0.816701
params_6457,5,0.75,0.5,0.7,0.7,7,0.75,1.0,0.6667,0.8,1.0,1.0,1.0,1.0,0.75,0.8571,0.4,0.1,0.816701
params_6529,5,0.75,1.0,0.7,0.3,7,0.75,1.0,0.6667,0.8,1.0,1.0,1.0,1.0,0.75,0.8571,0.4,0.1,0.816701
params_6533,5,0.75,1.0,0.7,0.5,7,0.75,1.0,0.6667,0.8,1.0,1.0,1.0,1.0,0.75,0.8571,0.4,0.1,0.816701
params_6537,5,0.75,1.0,0.7,0.7,7,0.75,1.0,0.6667,0.8,1.0,1.0,1.0,1.0,0.75,0.8571,0.4,0.1,0.816701
params_6609,5,0.75,1.2,0.7,0.3,7,0.75,1.0,0.6667,0.8,1.0,1.0,1.0,1.0,0.75,0.8571,0.4,0.1,0.816701
params_6613,5,0.75,1.2,0.7,0.5,7,0.75,1.0,0.6667,0.8,1.0,1.0,1.0,1.0,0.75,0.8571,0.4,0.1,0.816701
params_6617,5,0.75,1.2,0.7,0.7,7,0.75,1.0,0.6667,0.8,1.0,1.0,1.0,1.0,0.75,0.8571,0.4,0.1,0.816701
params_6689,5,0.75,1.5,0.7,0.3,7,0.75,1.0,0.6667,0.8,1.0,1.0,1.0,1.0,0.75,0.8571,0.4,0.1,0.816701
params_6693,5,0.75,1.5,0.7,0.5,7,0.75,1.0,0.6667,0.8,1.0,1.0,1.0,1.0,0.75,0.8571,0.4,0.1,0.816701
params_6697,5,0.75,1.5,0.7,0.7,7,0.75,1.0,0.6667,0.8,1.0,1.0,1.0,1.0,0.75,0.8571,0.4,0.1,0.816701
params_6849,5,1.0,0.5,0.7,0.3,7,0.75,1.0,0.6667,0.8,1.0,1.0,1.0,1.0,0.75,0.8571,0.4,0.1,0.816701
params_6853,5,1.0,0.5,0.7,0.5,7,0.75,1.0,0.6667,0.8,1.0,1.0,1.0,1.0,0.75,0.8571,0.4,0.1,0.816701
params_6857,5,1.0,0.5,0.7,0.7,7,0.75,1.0,0.6667,0.8,1.0,1.0,1.0,1.0,0.75,0.8571,0.4,0.1,0.816701
params_6929,5,1.0,1.0,0.7,0.3,7,0.75,1.0,0.6667,0.8,1.0,1.0,1.0,1.0,0.75,0.8571,0.4,0.1,0.816701
params_6933,5,1.0,1.0,0.7,0.5,7,0.75,1.0,0.6667,0.8,1.0,1.0,1.0,1.0,0.75,0.8571,0.4,0.1,0.816701
params_6937,5,1.0,1.0,0.7,0.7,7,0.75,1.0,0.6667,0.8,1.0,1.0,1.0,1.0,0.75,0.8571,0.4,0.1,0.816701
params_7009,5,1.0,1.2,0.7,0.3,7,0.75,1.0,0.6667,0.8,1.0,1.0,1.0,1.0,0.75,0.8571,0.4,0.1,0.816701
params_7013,5,1.0,1.2,0.7,0.5,7,0.75,1.0,0.6667,0.8,1.0,1.0,1.0,1.0,0.75,0.8571,0.4,0.1,0.816701
params_7017,5,1.0,1.2,0.7,0.7,7,0.75,1.0,0.6667,0.8,1.0,1.0,1.0,1.0,0.75,0.8571,0.4,0.1,0.816701
params_7089,5,1.0,1.5,0.7,0.3,7,0.75,1.0,0.6667,0.8,1.0,1.0,1.0,1.0,0.75,0.8571,0.4,0.1,0.816701
params_7093,5,1.0,1.5,0.7,0.5,7,0.75,1.0,0.6667,0.8,1.0,1.0,1.0,1.0,0.75,0.8571,0.4,0.1,0.816701
params_7097,5,1.0,1.5,0.7,0.7,7,0.75,1.0,0.6667,0.8,1.0,1.0,1.0,1.0,0.75,0.8571,0.4,0.1,0.816701
params_0381,2,0.5,2.0,0.7,1.0,7,0.75,1.0,1.0,1.0,0,0.0,0,1.0,0.75,0.8571,0.22,0.25,0.816146
params_0382,2,0.5,2.0,0.7,1.0,14,0.75,1.0,1.0,1.0,0,0.0,0,1.0,0.75,0.8571,0.22,0.25,0.816146
params_0383,2,0.5,2.0,0.7,1.0,21,0.75,1.0,1.0,1.0,0,0.0,0,1.0,0.75,0.8571,0.22,0.25,0.816146
params_0384,2,0.5,2.0,0.7,1.0,30,0.75,1.0,1.0,1.0,0,0.0,0,1.0,0.75,0.8571,0.22,0.25,0.816146
params_0781,2,0.75,2.0,0.7,1.0,7,0.75,1.0,1.0,1.0,0,0.0,0,1.0,0.75,0.8571,0.22,0.25,0.816146
params_0782,2,0.75,2.0,0.7,1.0,14,0.75,1.0,1.0,1.0,0,0.0,0,1.0,0.75,0.8571,0.22,0.25,0.816146
params_0783,2,0.75,2.0,0.7,1.0,21,0.75,1.0,1.0,1.0,0,0.0,0,1.0,0.75,0.8571,0.22,0.25,0.816146
params_0784,2,0.75,2.0,0.7,1.0,30,0.75,1.0,1.0,1.0,0,0.0,0,1.0,0.75,0.8571,0.22,0.25,0.816146
params_1181,2,1.0,2.0,0.7,1.0,7,0.75,1.0,1.0,1.0,0,0.0,0,1.0,0.75,0.8571,0.22,0.25,0.816146
params_1182,2,1.0,2.0,0.7,1.0,14,0.75,1.0,1.0,1.0,0,0.0,0,1.0,0.75,0.8571,0.22,0.25,0.816146
params_1183,2,1.0,2.0,0.7,1.0,21,0.75,1.0,1.0,1.0,0,0.0,0,1.0,0.75,0.8571,0.22,0.25,0.816146
params_1184,2,1.0,2.0,0.7,1.0,30,0.75,1.0,1.0,1.0,0,0.0,0,1.0,0.75,0.8571,0.22,0.25,0.816146
params_2381,3,0.5,2.0,0.7,1.0,7,0.75,1.0,1.0,1.0,0,0.0,0,1.0,0.75,0.8571,0.22,0.25,0.816146
params_2382,3,0.5,2.0,0.7,1.0,14,0.75,1.0,1.0,1.0,0,0.0,0,1.0,0.75,0.8571,0.22,0.25,0.816146
params_2383,3,0.5,2.0,0.7,1.0,21,0.75,1.0,1.0,1.0,0,0.0,0,1.0,0.75,0.8571,0.22,0.25,0.816146
params_2384,3,0.5,2.0,0.7,1.0,30,0.75,1.0,1.0,1.0,0,0.0,0,1.0,0.75,0.8571,0.22,0.25,0.816146
params_2781,3,0.75,2.0,0.7,1.0,7,0.75,1.0,1.0,1.0,0,0.0,0,1.0,0.75,0.8571,0.22,0.25,0.816146
params_2782,3,0.75,2.0,0.7,1.0,14,0.75,1.0,1.0,1.0,0,0.0,0,1.0,0.75,0.8571,0.22,0.25,0.816146
params_2783,3,0.75,2.0,0.7,1.0,21,0.75,1.0,1.0,1.0,0,0.0,0,1.0,0.75,0.8571,0.22,0.25,0.816146
params_2784,3,0.75,2.0,0.7,1.0,30,0.75,1.0,1.0,1.0,0,0.0,0,1.0,0.75,0.8571,0.22,0.25,0.816146
params_3181,3,1.0,2.0,0.7,1.0,7,0.75,1.0,1.0,1.0,0,0.0,0,1.0,0.75,0.8571,0.22,0.25,0.816146
params_3182,3,1.0,2.0,0.7,1.0,14,0.75,1.0,1.0,1.0,0,0.0,0,1.0,0.75,0.8571,0.22,0.25,0.816146
params_3183,3,1.0,2.0,0.7,1.0,21,0.75,1.0,1.0,1.0,0,0.0,0,1.0,0.75,0.8571,0.22,0.25,0.816146
params_3184,3,1.0,2.0,0.7,1.0,30,0.75,1.0,1.0,1.0,0,0.0,0,1.0,0.75,0.8571,0.22,0.25,0.816146
params_4381,4,0.5,2.0,0.7,1.0,7,0.75,1.0,1.0,1.0,0,0.0,0,1.0,0.75,0.8571,0.22,0.25,0.816146
params_4382,4,0.5,2.0,0.7,1.0,14,0.75,1.0,1.0,1.0,0,0.0,0,1.0,0.75,0.8571,0.22,0.25,0.816146
params_4383,4,0.5,2.0,0.7,1.0,21,0.75,1.0,1.0,1.0,0,0.0,0,1.0,0.75,0.8571,0.22,0.25,0.816146
params_4384,4,0.5,2.0,0.7,1.0,30,0.75,1.0,1.0,1.0,0,0.0,0,1.0,0.75,0.8571,0.22,0.25,0.816146
params_4781,4,0.75,2.0,0.7,1.0,7,0.75,1.0,1.0,1.0,0,0.0,0,1.0,0.75,0.8571,0.22,0.25,0.816146
params_4782,4,0.75,2.0,0.7,1.0,14,0.75,1.0,1.0,1.0,0,0.0,0,1.0,0.75,0.8571,0.22,0.25,0.816146
params_4783,4,0.75,2.0,0.7,1.0,21,0.75,1.0,1.0,1.0,0,0.0,0,1.0,0.75,0.8571,0.22,0.25,0.816146
params_4784,4,0.75,2.0,0.7,1.0,30,0.75,1.0,1.0,1.0,0,0.0,0,1.0,0.75,0.8571,0.22,0.25,0.816146
params_5181,4,1.0,2.0,0.7,1.0,7,0.75,1.0,1.0,1.0,0,0.0,0,1.0,0.75,0.8571,0.22,0.25,0.816146
params_5182,4,1.0,2.0,0.7,1.0,14,0.75,1.0,1.0,1.0,0,0.0,0,1.0,0.75,0.8571,0.22,0.25,0.816146
params_5183,4,1.0,2.0,0.7,1.0,21,0.75,1.0,1.0,1.0,0,0.0,0,1.0,0.75,0.8571,0.22,0.25,0.816146
params_5184,4,1.0,2.0,0.7,1.0,30,0.75,1.0,1.0,1.0,0,0.0,0,1.0,0.75,0.8571,0.22,0.25,0.816146
params_6381,5,0.5,2.0,0.7,1.0,7,0.75,1.0,1.0,1.0,0,0.0,0,1.0,0.75,0.8571,0.22,0.25,0.816146
params_6382,5,0.5,2.0,0.7,1.0,14,0.75,1.0,1.0,1.0,0,0.0,0,1.0,0.75,0.8571,0.22,0.25,0.816146
params_6383,5,0.5,2.0,0.7,1.0,21,0.75,1.0,1.0,1.0,0,0.0,0,1.0,0.75,0.8571,0.22,0.25,0.816146
params_6384,5,0.5,2.0,0.7,1.0,30,0.75,1.0,1.0,1.0,0,0.0,0,1.0,0.75,0.8571,0.22,0.25,0.816146
params_6781,5,0.75,2.0,0.7,1.0,7,0.75,1.0,1.0,1.0,0,0.0,0,1.0,0.75,0.8571,0.22,0.25,0.816146
params_6782,5,0.75,2.0,0.7,1.0,14,0.75,1.0,1.0,1.0,0,0.0,0,1.0,0.75,0.8571,0.22,0.25,0.816146
params_6783,5,0.75,2.0,0.7,1.0,21,0.75,1.0,1.0,1.0,0,0.0,0,1.0,0.75,0.8571,0.22,0.25,0.816146
params_6784,5,0.75,2.0,0.7,1.0,30,0.75,1.0,1.0,1.0,0,0.0,0,1.0,0.75,0.8571,0.22,0.25,0.816146
params_7181,5,1.0,2.0,0.7,1.0,7,0.75,1.0,1.0,1.0,0,0.0,0,1.0,0.75,0.8571,0.22,0.25,0.816146
params_7182,5,1.0,2.0,0.7,1.0,14,0.75,1.0,1.0,1.0,0,0.0,0,1.0,0.75,0.8571,0.22,0.25,0.816146
params_7183,5,1.0,2.0,0.7,1.0,21,0.75,1.0,1.0,1.0,0,0.0,0,1.0,0.75,0.8571,0.22,0.25,0.816146
params_7184,5,1.0,2.0,0.7,1.0,30,0.75,1.0,1.0,1.0,0,0.0,0,1.0,0.75,0.8571,0.22,0.25,0.816146
params_0034,2,0.5,0.5,0.6,0.3,14,0.75,1.0,0.6667,0.8,1.0,1.0,1.0,1.0,0.75,0.8571,0.45,0.11,0.811778
params_0035,2,0.5,0.5,0.6,0.3,21,0.75,1.0,0.6667,0.8,1.0,1.0,1.0,1.0,0.75,0.8571,0.45,0.11,0.811778
params_0036,2,0.5,0.5,0.6,0.3,30,0.75,1.0,0.6667,0.8,1.0,1.0,1.0,1.0,0.75,0.8571,0.45,0.11,0.811778
params_0038,2,0.5,0.5,0.6,0.5,14,0.75,1.0,0.6667,0.8,1.0,1.0,1.0,1.0,0.75,0.8571,0.45,0.11,0.811778
params_0039,2,0.5,0.5,0.6,0.5,21,0.75,1.0,0.6667,0.8,1.0,1.0,1.0,1.0,0.75,0.8571,0.45,0.11,0.811778
params_0040,2,0.5,0.5,0.6,0.5,30,0.75,1.0,0.6667,0.8,1.0,1.0,1.0,1.0,0.75,0.8571,0.45,0.11,0.811778
params_0042,2,0.5,0.5,0.6,0.7,14,0.75,1.0,0.6667,0.8,1.0,1.0,1.0,1.0,0.75,0.8571,0.45,0.11,0.811778
params_0043,2,0.5,0.5,0.6,0.7,21,0.75,1.0,0.6667,0.8,1.0,1.0,1.0,1.0,0.75,0.8571,0.45,0.11,0.811778
params_0044,2,0.5,0.5,0.6,0.7,30,0.75,1.0,0.6667,0.8,1.0,1.0,1.0,1.0,0.75,0.8571,0.45,0.11,0.811778
params_0114,2,0.5,1.0,0.6,0.3,14,0.75,1.0,0.6667,0.8,1.0,1.0,1.0,1.0,0.75,0.8571,0.45,0.11,0.811778
params_0115,2,0.5,1.0,0.6,0.3,21,0.75,1.0,0.6667,0.8,1.0,1.0,1.0,1.0,0.75,0.8571,0.45,0.11,0.811778
params_0116,2,0.5,1.0,0.6,0.3,30,0.75,1.0,0.6667,0.8,1.0,1.0,1.0,1.0,0.75,0.8571,0.45,0.11,0.811778
params_0118,2,0.5,1.0,0.6,0.5,14,0.75,1.0,0.6667,0.8,1.0,1.0,1.0,1.0,0.75,0.8571,0.45,0.11,0.811778
params_0119,2,0.5,1.0,0.6,0.5,21,0.75,1.0,0.6667,0.8,1.0,1.0,1.0,1.0,0.75,0.8571,0.45,0.11,0.811778
params_0120,2,0.5,1.0,0.6,0.5,30,0.75,1.0,0.6667,0.8,1.0,1.0,1.0,1.0,0.75,0.8571,0.45,0.11,0.811778
params_0122,2,0.5,1.0,0.6,0.7,14,0.75,1.0,0.6667,0.8,1.0,1.0,1.0,1.0,0.75,0.8571,0.45,0.11,0.811778
params_0123,2,0.5,1.0,0.6,0.7,21,0.75,1.0,0.6667,0.8,1.0,1.0,1.0,1.0,0.75,0.8571,0.45,0.11,0.811778
params_0124,2,0.5,1.0,0.6,0.7,30,0.75,1.0,0.6667,0.8,1.0,1.0,1.0,1.0,0.75,0.8571,0.45,0.11,0.811778
params_0194,2,0.5,1.2,0.6,0.3,14,0.75,1.0,0.6667,0.8,1.0,1.0,1.0,1.0,0.75,0.8571,0.45,0.11,0.811778
params_0195,2,0.5,1.2,0.6,0.3,21,0.75,1.0,0.6667,0.8,1.0,1.0,1.0,1.0,0.75,0.8571,0.45,0.11,0.811778
params_0196,2,0.5,1.2,0.6,0.3,30,0.75,1.0,0.6667,0.8,1.0,1.0,1.0,1.0,0.75,0.8571,0.45,0.11,0.811778
params_0198,2,0.5,1.2,0.6,0.5,14,0.75,1.0,0.6667,0.8,1.0,1.0,1.0,1.0,0.75,0.8571,0.45,0.11,0.811778
params_0199,2,0.5,1.2,0.6,0.5,21,0.75,1.0,0.6667,0.8,1.0,1.0,1.0,1.0,0.75,0.8571,0.45,0.11,0.811778
params_0200,2,0.5,1.2,0.6,0.5,30,0.75,1.0,0.6667,0.8,1.0,1.0,1.0,1.0,0.75,0.8571,0.45,0.11,0.811778
params_0202,2,0.5,1.2,0.6,0.7,14,0.75,1.0,0.6667,0.8,1.0,1.0,1.0,1.0,0.75,0.8571,0.45,0.11,0.811778
params_0203,2,0.5,1.2,0.6,0.7,21,0.75,1.0,0.6667,0.8,1.0,1.0,1.0,1.0,0.75,0.8571,0.45,0.11,0.811778
params_0204,2,0.5,1.2,0.6,0.7,30,0.75,1.0,0.6667,0.8,1.0,1.0,1.0,1.0,0.75,0.8571,0.45,0.11,0.811778
params_0274,2,0.5,1.5,0.6,0.3,14,0.75,1.0,0.6667,0.8,1.0,1.0,1.0,1.0,0.75,0.8571,0.45,0.11,0.811778
params_0275,2,0.5,1.5,0.6,0.3,21,0.75,1.0,0.6667,0.8,1.0,1.0,1.0,1.0,0.75,0.8571,0.45,0.11,0.811778
params_0276,2,0.5,1.5,0.6,0.3,30,0.75,1.0,0.6667,0.8,1.0,1.0,1.0,1.0,0.75,0.8571,0.45,0.11,0.811778
params_0278,2,0.5,1.5,0.6,0.5,14,0.75,1.0,0.6667,0.8,1.0,1.0,1.0,1.0,0.75,0.8571,0.45,0.11,0.811778
params_0279,2,0.5,1.5,0.6,0.5,21,0.75,1.0,0.6667,0.8,1.0,1.0,1.0,1.0,0.75,0.8571,0.45,0.11,0.811778
params_0280,2,0.5,1.5,0.6,0.5,30,0.75,1.0,0.6667,0.8,1.0,1.0,1.0,1.0,0.75,0.8571,0.45,0.11,0.811778
params_0282,2,0.5,1.5,0.6,0.7,14,0.75,1.0,0.6667,0.8,1.0,1.0,1.0,1.0,0.75,0.8571,0.45,0.11,0.811778
params_0283,2,0.5,1.5,0.6,0.7,21,0.75,1.0,0.6667,0.8,1.0,1.0,1.0,1.0,0.75,0.8571,0.45,0.11,0.811778
params_0284,2,0.5,1.5,0.6,0.7,30,0.75,1.0,0.6667,0.8,1.0,1.0,1.0,1.0,0.75,0.8571,0.45,0.11,0.811778
params_0434,2,0.75,0.5,0.6,0.3,14,0.75,1.0,0.6667,0.8,1.0,1.0,1.0,1.0,0.75,0.8571,0.45,0.11,0.811778
params_0435,2,0.75,0.5,0.6,0.3,21,0.75,1.0,0.6667,0.8,1.0,1.0,1.0,1.0,0.75,0.8571,0.45,0.11,0.811778
params_0436,2,0.75,0.5,0.6,0.3,30,0.75,1.0,0.6667,0.8,1.0,1.0,1.0,1.0,0.75,0.8571,0.45,0.11,0.811778
params_0438,2,0.75,0.5,0.6,0.5,14,0.75,1.0,0.6667,0.8,1.0,1.0,1.0,1.0,0.75,0.8571,0.45,0.11,0.811778
params_0439,2,0.75,0.5,0.6,0.5,21,0.75,1.0,0.6667,0.8,1.0,1.0,1.0,1.0,0.75,0.8571,0.45,0.11,0.811778
params_0440,2,0.75,0.5,0.6,0.5,30,0.75,1.0,0.6667,0.8,1.0,1.0,1.0,1.0,0.75,0.8571,0.45,0.11,0.811778
params_0442,2,0.75,0.5,0.6,0.7,14,0.75,1.0,0.6667,0.8,1.0,1.0,1.0,1.0,0.75,0.8571,0.45,0.11,0.811778
params_0443,2,0.75,0.5,0.6,0.7,21,0.75,1.0,0.6667,0.8,1.0,1.0,1.0,1.0,0.75,0.8571,0.45,0.11,0.811778
params_0444,2,0.75,0.5,0.6,0.7,30,0.75,1.0,0.6667,0.8,1.0,1.0,1.0,1.0,0.75,0.8571,0.45,0.11,0.811778
params_0514,2,0.75,1.0,0.6,0.3,14,0.75,1.0,0.6667,0.8,1.0,1.0,1.0,1.0,0.75,0.8571,0.45,0.11,0.811778
params_0515,2,0.75,1.0,0.6,0.3,21,0.75,1.0,0.6667,0.8,1.0,1.0,1.0,1.0,0.75,0.8571,0.45,0.11,0.811778
params_0516,2,0.75,1.0,0.6,0.3,30,0.75,1.0,0.6667,0.8,1.0,1.0,1.0,1.0,0.75,0.8571,0.45,0.11,0.811778
params_0518,2,0.75,1.0,0.6,0.5,14,0.75,1.0,0.6667,0.8,1.0,1.0,1.0,1.0,0.75,0.8571,0.45,0.11,0.811778
params_0519,2,0.75,1.0,0.6,0.5,21,0.75,1.0,0.6667,0.8,1.0,1.0,1.0,1.0,0.75,0.8571,0.45,0.11,0.811778
params_0520,2,0.75,1.0,0.6,0.5,30,0.75,1.0,0.6667,0.8,1.0,1.0,1.0,1.0,0.75,0.8571,0.45,0.11,0.811778
params_0522,2,0.75,1.0,0.6,0.7,14,0.75,1.0,0.6667,0.8,1.0,1.0,1.0,1.0,0.75,0.8571,0.45,0.11,0.811778
params_0523,2,0.75,1.0,0.6,0.7,21,0.75,1.0,0.6667,0.8,1.0,1.0,1.0,1.0,0.75,0.8571,0.45,0.11,0.811778
params_0524,2,0.75,1.0,0.6,0.7,30,0.75,1.0,0.6667,0.8,1.0,1.0,1.0,1.0,0.75,0.8571,0.45,0.11,0.811778
params_0594,2,0.75,1.2,0.6,0.3,14,0.75,1.0,0.6667,0.8,1.0,1.0,1.0,1.0,0.75,0.8571,0.45,0.11,0.811778
params_0595,2,0.75,1.2,0.6,0.3,21,0.75,1.0,0.6667,0.8,1.0,1.0,1.0,1.0,0.75,0.8571,0.45,0.11,0.811778
params_0596,2,0.75,1.2,0.6,0.3,30,0.75,1.0,0.6667,0.8,1.0,1.0,1.0,1.0,0.75,0.8571,0.45,0.11,0.811778
params_0598,2,0.75,1.2,0.6,0.5,14,0.75,1.0,0.6667,0.8,1.0,1.0,1.0,1.0,0.75,0.8571,0.45,0.11,0.811778
params_0599,2,0.75,1.2,0.6,0.5,21,0.75,1.0,0.6667,0.8,1.0,1.0,1.0,1.0,0.75,0.8571,0.45,0.11,0.811778
params_0600,2,0.75,1.2,0.6,0.5,30,0.75,1.0,0.6667,0.8,1.0,1.0,1.0,1.0,0.75,0.8571,0.45,0.11,0.811778
params_0602,2,0.75,1.2,0.6,0.7,14,0.75,1.0,0.6667,0.8,1.0,1.0,1.0,1.0,0.75,0.8571,0.45,0.11,0.811778
params_0603,2,0.75,1.2,0.6,0.7,21,0.75,1.0,0.6667,0.8,1.0,1.0,1.0,1.0,0.75,0.8571,0.45,0.11,0.811778
params_0604,2,0.75,1.2,0.6,0.7,30,0.75,1.0,0.6667,0.8,1.0,1.0,1.0,1.0,0.75,0.8571,0.45,0.11,0.811778
params_0674,2,0.75,1.5,0.6,0.3,14,0.75,1.0,0.6667,0.8,1.0,1.0,1.0,1.0,0.75,0.8571,0.45,0.11,0.811778
params_0675,2,0.75,1.5,0.6,0.3,21,0.75,1.0,0.6667,0.8,1.0,1.0,1.0,1.0,0.75,0.8571,0.45,0.11,0.811778
params_0676,2,0.75,1.5,0.6,0.3,30,0.75,1.0,0.6667,0.8,1.0,1.0,1.0,1.0,0.75,0.8571,0.45,0.11,0.811778
params_0678,2,0.75,1.5,0.6,0.5,14,0.75,1.0,0.6667,0.8,1.0,1.0,1.0,1.0,0.75,0.8571,0.45,0.11,0.811778
params_0679,2,0.75,1.5,0.6,0.5,21,0.75,1.0,0.6667,0.8,1.0,1.0,1.0,1.0,0.75,0.8571,0.45,0.11,0.811778
params_0680,2,0.75,1.5,0.6,0.5,30,0.75,1.0,0.6667,0.8,1.0,1.0,1.0,1.0,0.75,0.8571,0.45,0.11,0.811778
params_0682,2,0.75,1.5,0.6,0.7,14,0.75,1.0,0.6667,0.8,1.0,1.0,1.0,1.0,0.75,0.8571,0.45,0.11,0.811778
params_0683,2,0.75,1.5,0.6,0.7,21,0.75,1.0,0.6667,0.8,1.0,1.0,1.0,1.0,0.75,0.8571,0.45,0.11,0.811778
params_0684,2,0.75,1.5,0.6,0.7,30,0.75,1.0,0.6667,0.8,1.0,1.0,1.0,1.0,0.75,0.8571,0.45,0.11,0.811778
params_0834,2,1.0,0.5,0.6,0.3,14,0.75,1.0,0.6667,0.8,1.0,1.0,1.0,1.0,0.75,0.8571,0.45,0.11,0.811778
params_0835,2,1.0,0.5,0.6,0.3,21,0.75,1.0,0.6667,0.8,1.0,1.0,1.0,1.0,0.75,0.8571,0.45,0.11,0.811778
params_0836,2,1.0,0.5,0.6,0.3,30,0.75,1.0,0.6667,0.8,1.0,1.0,1.0,1.0,0.75,0.8571,0.45,0.11,0.811778
params_0838,2,1.0,0.5,0.6,0.5,14,0.75,1.0,0.6667,0.8,1.0,1.0,1.0,1.0,0.75,0.8571,0.45,0.11,0.811778
params_0839,2,1.0,0.5,0.6,0.5,21,0.75,1.0,0.6667,0.8,1.0,1.0,1.0,1.0,0.75,0.8571,0.45,0.11,0.811778
params_0840,2,1.0,0.5,0.6,0.5,30,0.75,1.0,0.6667,0.8,1.0,1.0,1.0,1.0,0.75,0.8571,0.45,0.11,0.811778
params_0842,2,1.0,0.5,0.6,0.7,14,0.75,1.0,0.6667,0.8,1.0,1.0,1.0,1.0,0.75,0.8571,0.45,0.11,0.811778
params_0843,2,1.0,0.5,0.6,0.7,21,0.75,1.0,0.6667,0.8,1.0,1.0,1.0,1.0,0.75,0.8571,0.45,0.11,0.811778
params_0844,2,1.0,0.5,0.6,0.7,30,0.75,1.0,0.6667,0.8,1.0,1.0,1.0,1.0,0.75,0.8571,0.45,0.11,0.811778
params_0914,2,1.0,1.0,0.6,0.3,14,0.75,1.0,0.6667,0.8,1.0,1.0,1.0,1.0,0.75,0.8571,0.45,0.11,0.811778
params_0915,2,1.0,1.0,0.6,0.3,21,0.75,1.0,0.6667,0.8,1.0,1.0,1.0,1.0,0.75,0.8571,0.45,0.11,0.811778
params_0916,2,1.0,1.0,0.6,0.3,30,0.75,1.0,0.6667,0.8,1.0,1.0,1.0,1.0,0.75,0.8571,0.45,0.11,0.811778
params_0918,2,1.0,1.0,0.6,0.5,14,0.75,1.0,0.6667,0.8,1.0,1.0,1.0,1.0,0.75,0.8571,0.45,0.11,0.811778
params_0919,2,1.0,1.0,0.6,0.5,21,0.75,1.0,0.6667,0.8,1.0,1.0,1.0,1.0,0.75,0.8571,0.45,0.11,0.811778
params_0920,2,1.0,1.0,0.6,0.5,30,0.75,1.0,0.6667,0.8,1.0,1.0,1.0,1.0,0.75,0.8571,0.45,0.11,0.811778
params_0922,2,1.0,1.0,0.6,0.7,14,0.75,1.0,0.6667,0.8,1.0,1.0,1.0,1.0,0.75,0.8571,0.45,0.11,0.811778
params_0923,2,1.0,1.0,0.6,0.7,21,0.75,1.0,0.6667,0.8,1.0,1.0,1.0,1.0,0.75,0.8571,0.45,0.11,0.811778
params_0924,2,1.0,1.0,0.6,0.7,30,0.75,1.0,0.6667,0.8,1.0,1.0,1.0,1.0,0.75,0.8571,0.45,0.11,0.811778
params_0994,2,1.0,1.2,0.6,0.3,14,0.75,1.0,0.6667,0.8,1.0,1.0,1.0,1.0,0.75,0.8571,0.45,0.11,0.811778
params_0995,2,1.0,1.2,0.6,0.3,21,0.75,1.0,0.6667,0.8,1.0,1.0,1.0,1.0,0.75,0.8571,0.45,0.11,0.811778
params_0996,2,1.0,1.2,0.6,0.3,30,0.75,1.0,0.6667,0.8,1.0,1.0,1.0,1.0,0.75,0.8571,0.45,0.11,0.811778
params_0998,2,1.0,1.2,0.6,0.5,14,0.75,1.0,0.6667,0.8,1.0,1.0,1.0,1.0,0.75,0.8571,0.45,0.11,0.811778
params_0999,2,1.0,1.2,0.6,0.5,21,0.75,1.0,0.6667,0.8,1.0,1.0,1.0,1.0,0.75,0.8571,0.45,0.11,0.811778
params_1000,2,1.0,1.2,0.6,0.5,30,0.75,1.0,0.6667,0.8,1.0,1.0,1.0,1.0,0.75,0.8571,0.45,0.11,0.811778
params_1002,2,1.0,1.2,0.6,0.7,14,0.75,1.0,0.6667,0.8,1.0,1.0,1.0,1.0,0.75,0.8571,0.45,0.11,0.811778
params_1003,2,1.0,1.2,0.6,0.7,21,0.75,1.0,0.6667,0.8,1.0,1.0,1.0,1.0,0.75,0.8571,0.45,0.11,0.811778
params_1004,2,1.0,1.2,0.6,0.7,30,0.75,1.0,0.6667,0.8,1.0,1.0,1.0,1.0,0.75,0.8571,0.45,0.11,0.811778
params_1074,2,1.0,1.5,0.6,0.3,14,0.75,1.0,0.6667,0.8,1.0,1.0,1.0,1.0,0.75,0.8571,0.45,0.11,0.811778
params_1075,2,1.0,1.5,0.6,0.3,21,0.75,1.0,0.6667,0.8,1.0,1.0,1.0,1.0,0.75,0.8571,0.45,0.11,0.811778
params_1076,2,1.0,1.5,0.6,0.3,30,0.75,1.0,0.6667,0.8,1.0,1.0,1.0,1.0,0.75,0.8571,0.45,0.11,0.811778
params_1078,2,1.0,1.5,0.6,0.5,14,0.75,1.0,0.6667,0.8,1.0,1.0,1.0,1.0,0.75,0.8571,0.45,0.11,0.811778
params_1079,2,1.0,1.5,0.6,0.5,21,0.75,1.0,0.6667,0.8,1.0,1.0,1.0,1.0,0.75,0.8571,0.45,0.11,0.811778
params_1080,2,1.0,1.5,0.6,0.5,30,0.75,1.0,0.6667,0.8,1.0,1.0,1.0,1.0,0.75,0.8571,0.45,0.11,0.811778
params_1082,2,1.0,1.5,0.6,0.7,14,0.75,1.0,0.6667,0.8,1.0,1.0,1.0,1.0,0.75,0.8571,0.45,0.11,0.811778
params_1083,2,1.0,1.5,0.6,0.7,21,0.75,1.0,0.6667,0.8,1.0,1.0,1.0,1.0,0.75,0.8571,0.45,0.11,0.811778
params_1084,2,1.0,1.5,0.6,0.7,30,0.75,1.0,0.6667,0.8,1.0,1.0,1.0,1.0,0.75,0.8571,0.45,0.11,0.811778
params_2034,3,0.5,0.5,0.6,0.3,14,0.75,1.0,0.6667,0.8,1.0,1.0,1.0,1.0,0.75,0.8571,0.45,0.11,0.811778
params_2035,3,0.5,0.5,0.6,0.3,21,0.75,1.0,0.6667,0.8,1.0,1.0,1.0,1.0,0.75,0.8571,0.45,0.11,0.811778
params_2036,3,0.5,0.5,0.6,0.3,30,0.75,1.0,0.6667,0.8,1.0,1.0,1.0,1.0,0.75,0.8571,0.45,0.11,0.811778
params_2038,3,0.5,0.5,0.6,0.5,14,0.75,1.0,0.6667,0.8,1.0,1.0,1.0,1.0,0.75,0.8571,0.45,0.11,0.811778
params_2039,3,0.5,0.5,0.6,0.5,21,0.75,1.0,0.6667,0.8,1.0,1.0,1.0,1.0,0.75,0.8571,0.45,0.11,0.811778
params_2040,3,0.5,0.5,0.6,0.5,30,0.75,1.0,0.6667,0.8,1.0,1.0,1.0,1.0,0.75,0.8571,0.45,0.11,0.811778
params_2042,3,0.5,0.5,0.6,0.7,14,0.75,1.0,0.6667,0.8,1.0,1.0,1.0,1.0,0.75,0.8571,0.45,0.11,0.811778
params_2043,3,0.5,0.5,0.6,0.7,21,0.75,1.0,0.6667,0.8,1.0,1.0,1.0,1.0,0.75,0.8571,0.45,0.11,0.811778
params_2044,3,0.5,0.5,0.6,0.7,30,0.75,1.0,0.6667,0.8,1.0,1.0,1.0,1.0,0.75,0.8571,0.45,0.11,0.811778
params_2114,3,0.5,1.0,0.6,0.3,14,0.75,1.0,0.6667,0.8,1.0,1.0,1.0,1.0,0.75,0.8571,0.45,0.11,0.811778
params_2115,3,0.5,1.0,0.6,0.3,21,0.75,1.0,0.6667,0.8,1.0,1.0,1.0,1.0,0.75,0.8571,0.45,0.11,0.811778
params_2116,3,0.5,1.0,0.6,0.3,30,0.75,1.0,0.6667,0.8,1.0,1.0,1.0,1.0,0.75,0.8571,0.45,0.11,0.811778
params_2118,3,0.5,1.0,0.6,0.5,14,0.75,1.0,0.6667,0.8,1.0,1.0,1.0,1.0,0.75,0.8571,0.45,0.11,0.811778
params_2119,3,0.5,1.0,0.6,0.5,21,0.75,1.0,0.6667,0.8,1.0,1.0,1.0,1.0,0.75,0.8571,0.45,0.11,0.811778
params_2120,3,0.5,1.0,0.6,0.5,30,0.75,1.0,0.6667,0.8,1.0,1.0,1.0,1.0,0.75,0.8571,0.45,0.11,0.811778
params_2122,3,0.5,1.0,0.6,0.7,14,0.75,1.0,0.6667,0.8,1.0,1.0,1.0,1.0,0.75,0.8571,0.45,0.11,0.811778
params_2123,3,0.5,1.0,0.6,0.7,21,0.75,1.0,0.6667,0.8,1.0,1.0,1.0,1.0,0.75,0.8571,0.45,0.11,0.811778
params_2124,3,0.5,1.0,0.6,0.7,30,0.75,1.0,0.6667,0.8,1.0,1.0,1.0,1.0,0.75,0.8571,0.45,0.11,0.811778
params_2194,3,0.5,1.2,0.6,0.3,14,0.75,1.0,0.6667,0.8,1.0,1.0,1.0,1.0,0.75,0.8571,0.45,0.11,0.811778
params_2195,3,0.5,1.2,0.6,0.3,21,0.75,1.0,0.6667,0.8,1.0,1.0,1.0,1.0,0.75,0.8571,0.45,0.11,0.811778
params_2196,3,0.5,1.2,0.6,0.3,30,0.75,1.0,0.6667,0.8,1.0,1.0,1.0,1.0,0.75,0.8571,0.45,0.11,0.811778
params_2198,3,0.5,1.2,0.6,0.5,14,0.75,1.0,0.6667,0.8,1.0,1.0,1.0,1.0,0.75,0.8571,0.45,0.11,0.811778
params_2199,3,0.5,1.2,0.6,0.5,21,0.75,1.0,0.6667,0.8,1.0,1.0,1.0,1.0,0.75,0.8571,0.45,0.11,0.811778
params_2200,3,0.5,1.2,0.6,0.5,30,0.75,1.0,0.6667,0.8,1.0,1.0,1.0,1.0,0.75,0.8571,0.45,0.11,0.811778
params_2202,3,0.5,1.2,0.6,0.7,14,0.75,1.0,0.6667,0.8,1.0,1.0,1.0,1.0,0.75,0.8571,0.45,0.11,0.811778
params_2203,3,0.5,1.2,0.6,0.7,21,0.75,1.0,0.6667,0.8,1.0,1.0,1.0,1.0,0.75,0.8571,0.45,0.11,0.811778
params_2204,3,0.5,1.2,0.6,0.7,30,0.75,1.0,0.6667,0.8,1.0,1.0,1.0,1.0,0.75,0.8571,0.45,0.11,0.811778
params_2274,3,0.5,1.5,0.6,0.3,14,0.75,1.0,0.6667,0.8,1.0,1.0,1.0,1.0,0.75,0.8571,0.45,0.11,0.811778
params_2275,3,0.5,1.5,0.6,0.3,21,0.75,1.0,0.6667,0.8,1.0,1.0,1.0,1.0,0.75,0.8571,0.45,0.11,0.811778
params_2276,3,0.5,1.5,0.6,0.3,30,0.75,1.0,0.6667,0.8,1.0,1.0,1.0,1.0,0.75,0.8571,0.45,0.11,0.811778
params_2278,3,0.5,1.5,0.6,0.5,14,0.75,1.0,0.6667,0.8,1.0,1.0,1.0,1.0,0.75,0.8571,0.45,0.11,0.811778
params_2279,3,0.5,1.5,0.6,0.5,21,0.75,1.0,0.6667,0.8,1.0,1.0,1.0,1.0,0.75,0.8571,0.45,0.11,0.811778
params_2280,3,0.5,1.5,0.6,0.5,30,0.75,1.0,0.6667,0.8,1.0,1.0,1.0,1.0,0.75,0.8571,0.45,0.11,0.811778
params_2282,3,0.5,1.5,0.6,0.7,14,0.75,1.0,0.6667,0.8,1.0,1.0,1.0,1.0,0.75,0.8571,0.45,0.11,0.811778
params_2283,3,0.5,1.5,0.6,0.7,21,0.75,1.0,0.6667,0.8,1.0,1.0,1.0,1.0,0.75,0.8571,0.45,0.11,0.811778
params_2284,3,0.5,1.5,0.6,0.7,30,0.75,1.0,0.6667,0.8,1.0,1.0,1.0,1.0,0.75,0.8571,0.45,0.11,0.811778
params_2434,3,0.75,0.5,0.6,0.3,14,0.75,1.0,0.6667,0.8,1.0,1.0,1.0,1.0,0.75,0.8571,0.45,0.11,0.811778
params_2435,3,0.75,0.5,0.6,0.3,21,0.75,1.0,0.6667,0.8,1.0,1.0,1.0,1.0,0.75,0.8571,0.45,0.11,0.811778
params_2436,3,0.75,0.5,0.6,0.3,30,0.75,1.0,0.6667,0.8,1.0,1.0,1.0,1.0,0.75,0.8571,0.45,0.11,0.811778
params_2438,3,0.75,0.5,0.6,0.5,14,0.75,1.0,0.6667,0.8,1.0,1.0,1.0,1.0,0.75,0.8571,0.45,0.11,0.811778
params_2439,3,0.75,0.5,0.6,0.5,21,0.75,1.0,0.6667,0.8,1.0,1.0,1.0,1.0,0.75,0.8571,0.45,0.11,0.811778
params_2440,3,0.75,0.5,0.6,0.5,30,0.75,1.0,0.6667,0.8,1.0,1.0,1.0,1.0,0.75,0.8571,0.45,0.11,0.811778
params_2442,3,0.75,0.5,0.6,0.7,14,0.75,1.0,0.6667,0.8,1.0,1.0,1.0,1.0,0.75,0.8571,0.45,0.11,0.811778
params_2443,3,0.75,0.5,0.6,0.7,21,0.75,1.0,0.6667,0.8,1.0,1.0,1.0,1.0,0.75,0.8571,0.45,0.11,0.811778
params_2444,3,0.75,0.5,0.6,0.7,30,0.75,1.0,0.6667,0.8,1.0,1.0,1.0,1.0,0.75,0.8571,0.45,0.11,0.811778
params_2514,3,0.75,1.0,0.6,0.3,14,0.75,1.0,0.6667,0.8,1.0,1.0,1.0,1.0,0.75,0.8571,0.45,0.11,0.811778
params_2515,3,0.75,1.0,0.6,0.3,21,0.75,1.0,0.6667,0.8,1.0,1.0,1.0,1.0,0.75,0.8571,0.45,0.11,0.811778
params_2516,3,0.75,1.0,0.6,0.3,30,0.75,1.0,0.6667,0.8,1.0,1.0,1.0,1.0,0.75,0.8571,0.45,0.11,0.811778
params_2518,3,0.75,1.0,0.6,0.5,14,0.75,1.0,0.6667,0.8,1.0,1.0,1.0,1.0,0.75,0.8571,0.45,0.11,0.811778
params_2519,3,0.75,1.0,0.6,0.5,21,0.75,1.0,0.6667,0.8,1.0,1.0,1.0,1.0,0.75,0.8571,0.45,0.11,0.811778
params_2520,3,0.75,1.0,0.6,0.5,30,0.75,1.0,0.6667,0.8,1.0,1.0,1.0,1.0,0.75,0.8571,0.45,0.11,0.811778
params_2522,3,0.75,1.0,0.6,0.7,14,0.75,1.0,0.6667,0.8,1.0,1.0,1.0,1.0,0.75,0.8571,0.45,0.11,0.811778
params_2523,3,0.75,1.0,0.6,0.7,21,0.75,1.0,0.6667,0.8,1.0,1.0,1.0,1.0,0.75,0.8571,0.45,0.11,0.811778
params_2524,3,0.75,1.0,0.6,0.7,30,0.75,1.0,0.6667,0.8,1.0,1.0,1.0,1.0,0.75,0.8571,0.45,0.11,0.811778
params_2594,3,0.75,1.2,0.6,0.3,14,0.75,1.0,0.6667,0.8,1.0,1.0,1.0,1.0,0.75,0.8571,0.45,0.11,0.811778
params_2595,3,0.75,1.2,0.6,0.3,21,0.75,1.0,0.6667,0.8,1.0,1.0,1.0,1.0,0.75,0.8571,0.45,0.11,0.811778
params_2596,3,0.75,1.2,0.6,0.3,30,0.75,1.0,0.6667,0.8,1.0,1.0,1.0,1.0,0.75,0.8571,0.45,0.11,0.811778
params_2598,3,0.75,1.2,0.6,0.5,14,0.75,1.0,0.6667,0.8,1.0,1.0,1.0,1.0,0.75,0.8571,0.45,0.11,0.811778
params_2599,3,0.75,1.2,0.6,0.5,21,0.75,1.0,0.6667,0.8,1.0,1.0,1.0,1.0,0.75,0.8571,0.45,0.11,0.811778
params_2600,3,0.75,1.2,0.6,0.5,30,0.75,1.0,0.6667,0.8,1.0,1.0,1.0,1.0,0.75,0.8571,0.45,0.11,0.811778
params_2602,3,0.75,1.2,0.6,0.7,14,0.75,1.0,0.6667,0.8,1.0,1.0,1.0,1.0,0.75,0.8571,0.45,0.11,0.811778
params_2603,3,0.75,1.2,0.6,0.7,21,0.75,1.0,0.6667,0.8,1.0,1.0,1.0,1.0,0.75,0.8571,0.45,0.11,0.811778
params_2604,3,0.75,1.2,0.6,0.7,30,0.75,1.0,0.6667,0.8,1.0,1.0,1.0,1.0,0.75,0.8571,0.45,0.11,0.811778
params_2674,3,0.75,1.5,0.6,0.3,14,0.75,1.0,0.6667,0.8,1.0,1.0,1.0,1.0,0.75,0.8571,0.45,0.11,0.811778
params_2675,3,0.75,1.5,0.6,0.3,21,0.75,1.0,0.6667,0.8,1.0,1.0,1.0,1.0,0.75,0.8571,0.45,0.11,0.811778
params_2676,3,0.75,1.5,0.6,0.3,30,0.75,1.0,0.6667,0.8,1.0,1.0,1.0,1.0,0.75,0.8571,0.45,0.11,0.811778
params_2678,3,0.75,1.5,0.6,0.5,14,0.75,1.0,0.6667,0.8,1.0,1.0,1.0,1.0,0.75,0.8571,0.45,0.11,0.811778
params_2679,3,0.75,1.5,0.6,0.5,21,0.75,1.0,0.6667,0.8,1.0,1.0,1.0,1.0,0.75,0.8571,0.45,0.11,0.811778
params_2680,3,0.75,1.5,0.6,0.5,30,0.75,1.0,0.6667,0.8,1.0,1.0,1.0,1.0,0.75,0.8571,0.45,0.11,0.811778
params_2682,3,0.75,1.5,0.6,0.7,14,0.75,1.0,0.6667,0.8,1.0,1.0,1.0,1.0,0.75,0.8571,0.45,0.11,0.811778
params_2683,3,0.75,1.5,0.6,0.7,21,0.75,1.0,0.6667,0.8,1.0,1.0,1.0,1.0,0.75,0.8571,0.45,0.11,0.811778
params_2684,3,0.75,1.5,0.6,0.7,30,0.75,1.0,0.6667,0.8,1.0,1.0,1.0,1.0,0.75,0.8571,0.45,0.11,0.811778
params_2834,3,1.0,0.5,0.6,0.3,14,0.75,1.0,0.6667,0.8,1.0,1.0,1.0,1.0,0.75,0.8571,0.45,0.11,0.811778
params_2835,3,1.0,0.5,0.6,0.3,21,0.75,1.0,0.6667,0.8,1.0,1.0,1.0,1.0,0.75,0.8571,0.45,0.11,0.811778
params_2836,3,1.0,0.5,0.6,0.3,30,0.75,1.0,0.6667,0.8,1.0,1.0,1.0,1.0,0.75,0.8571,0.45,0.11,0.811778
params_2838,3,1.0,0.5,0.6,0.5,14,0.75,1.0,0.6667,0.8,1.0,1.0,1.0,1.0,0.75,0.8571,0.45,0.11,0.811778
params_2839,3,1.0,0.5,0.6,0.5,21,0.75,1.0,0.6667,0.8,1.0,1.0,1.0,1.0,0.75,0.8571,0.45,0.11,0.811778
params_2840,3,1.0,0.5,0.6,0.5,30,0.75,1.0,0.6667,0.8,1.0,1.0,1.0,1.0,0.75,0.8571,0.45,0.11,0.811778
params_2842,3,1.0,0.5,0.6,0.7,14,0.75,1.0,0.6667,0.8,1.0,1.0,1.0,1.0,0.75,0.8571,0.45,0.11,0.811778
params_2843,3,1.0,0.5,0.6,0.7,21,0.75,1.0,0.6667,0.8,1.0,1.0,1.0,1.0,0.75,0.8571,0.45,0.11,0.811778
params_2844,3,1.0,0.5,0.6,0.7,30,0.75,1.0,0.6667,0.8,1.0,1.0,1.0,1.0,0.75,0.8571,0.45,0.11,0.811778
params_2914,3,1.0,1.0,0.6,0.3,14,0.75,1.0,0.6667,0.8,1.0,1.0,1.0,1.0,0.75,0.8571,0.45,0.11,0.811778
params_2915,3,1.0,1.0,0.6,0.3,21,0.75,1.0,0.6667,0.8,1.0,1.0,1.0,1.0,0.75,0.8571,0.45,0.11,0.811778
params_2916,3,1.0,1.0,0.6,0.3,30,0.75,1.0,0.6667,0.8,1.0,1.0,1.0,1.0,0.75,0.8571,0.45,0.11,0.811778
params_2918,3,1.0,1.0,0.6,0.5,14,0.75,1.0,0.6667,0.8,1.0,1.0,1.0,1.0,0.75,0.8571,0.45,0.11,0.811778
params_2919,3,1.0,1.0,0.6,0.5,21,0.75,1.0,0.6667,0.8,1.0,1.0,1.0,1.0,0.75,0.8571,0.45,0.11,0.811778
params_2920,3,1.0,1.0,0.6,0.5,30,0.75,1.0,0.6667,0.8,1.0,1.0,1.0,1.0,0.75,0.8571,0.45,0.11,0.811778
params_2922,3,1.0,1.0,0.6,0.7,14,0.75,1.0,0.6667,0.8,1.0,1.0,1.0,1.0,0.75,0.8571,0.45,0.11,0.811778
params_2923,3,1.0,1.0,0.6,0.7,21,0.75,1.0,0.6667,0.8,1.0,1.0,1.0,1.0,0.75,0.8571,0.45,0.11,0.811778
params_2924,3,1.0,1.0,0.6,0.7,30,0.75,1.0,0.6667,0.8,1.0,1.0,1.0,1.0,0.75,0.8571,0.45,0.11,0.811778
params_2994,3,1.0,1.2,0.6,0.3,14,0.75,1.0,0.6667,0.8,1.0,1.0,1.0,1.0,0.75,0.8571,0.45,0.11,0.811778
params_2995,3,1.0,1.2,0.6,0.3,21,0.75,1.0,0.6667,0.8,1.0,1.0,1.0,1.0,0.75,0.8571,0.45,0.11,0.811778
params_2996,3,1.0,1.2,0.6,0.3,30,0.75,1.0,0.6667,0.8,1.0,1.0,1.0,1.0,0.75,0.8571,0.45,0.11,0.811778
params_2998,3,1.0,1.2,0.6,0.5,14,0.75,1.0,0.6667,0.8,1.0,1.0,1.0,1.0,0.75,0.8571,0.45,0.11,0.811778
params_2999,3,1.0,1.2,0.6,0.5,21,0.75,1.0,0.6667,0.8,1.0,1.0,1.0,1.0,0.75,0.8571,0.45,0.11,0.811778
params_3000,3,1.0,1.2,0.6,0.5,30,0.75,1.0,0.6667,0.8,1.0,1.0,1.0,1.0,0.75,0.8571,0.45,0.11,0.811778
params_3002,3,1.0,1.2,0.6,0.7,14,0.75,1.0,0.6667,0.8,1.0,1.0,1.0,1.0,0.75,0.8571,0.45,0.11,0.811778
params_3003,3,1.0,1.2,0.6,0.7,21,0.75,1.0,0.6667,0.8,1.0,1.0,1.0,1.0,0.75,0.8571,0.45,0.11,0.811778
params_3004,3,1.0,1.2,0.6,0.7,30,0.75,1.0,0.6667,0.8,1.0,1.0,1.0,1.0,0.75,0.8571,0.45,0.11,0.811778
params_3074,3,1.0,1.5,0.6,0.3,14,0.75,1.0,0.6667,0.8,1.0,1.0,1.0,1.0,0.75,0.8571,0.45,0.11,0.811778
params_3075,3,1.0,1.5,0.6,0.3,21,0.75,1.0,0.6667,0.8,1.0,1.0,1.0,1.0,0.75,0.8571,0.45,0.11,0.811778
params_3076,3,1.0,1.5,0.6,0.3,30,0.75,1.0,0.6667,0.8,1.0,1.0,1.0,1.0,0.75,0.8571,0.45,0.11,0.811778
params_3078,3,1.0,1.5,0.6,0.5,14,0.75,1.0,0.6667,0.8,1.0,1.0,1.0,1.0,0.75,0.8571,0.45,0.11,0.811778
params_3079,3,1.0,1.5,0.6,0.5,21,0.75,1.0,0.6667,0.8,1.0,1.0,1.0,1.0,0.75,0.8571,0.45,0.11,0.811778
params_3080,3,1.0,1.5,0.6,0.5,30,0.75,1.0,0.6667,0.8,1.0,1.0,1.0,1.0,0.75,0.8571,0.45,0.11,0.811778
params_3082,3,1.0,1.5,0.6,0.7,14,0.75,1.0,0.6667,0.8,1.0,1.0,1.0,1.0,0.75,0.8571,0.45,0.11,0.811778
params_3083,3,1.0,1.5,0.6,0.7,21,0.75,1.0,0.6667,0.8,1.0,1.0,1.0,1.0,0.75,0.8571,0.45,0.11,0.811778
params_3084,3,1.0,1.5,0.6,0.7,30,0.75,1.0,0.6667,0.8,1.0,1.0,1.0,1.0,0.75,0.8571,0.45,0.11,0.811778
params_4034,4,0.5,0.5,0.6,0.3,14,0.75,1.0,0.6667,0.8,1.0,1.0,1.0,1.0,0.75,0.8571,0.45,0.11,0.811778
params_4035,4,0.5,0.5,0.6,0.3,21,0.75,1.0,0.6667,0.8,1.0,1.0,1.0,1.0,0.75,0.8571,0.45,0.11,0.811778
params_4036,4,0.5,0.5,0.6,0.3,30,0.75,1.0,0.6667,0.8,1.0,1.0,1.0,1.0,0.75,0.8571,0.45,0.11,0.811778
params_4038,4,0.5,0.5,0.6,0.5,14,0.75,1.0,0.6667,0.8,1.0,1.0,1.0,1.0,0.75,0.8571,0.45,0.11,0.811778
params_4039,4,0.5,0.5,0.6,0.5,21,0.75,1.0,0.6667,0.8,1.0,1.0,1.0,1.0,0.75,0.8571,0.45,0.11,0.811778
params_4040,4,0.5,0.5,0.6,0.5,30,0.75,1.0,0.6667,0.8,1.0,1.0,1.0,1.0,0.75,0.8571,0.45,0.11,0.811778
params_4042,4,0.5,0.5,0.6,0.7,14,0.75,1.0,0.6667,0.8,1.0,1.0,1.0,1.0,0.75,0.8571,0.45,0.11,0.811778
params_4043,4,0.5,0.5,0.6,0.7,21,0.75,1.0,0.6667,0.8,1.0,1.0,1.0,1.0,0.75,0.8571,0.45,0.11,0.811778
params_4044,4,0.5,0.5,0.6,0.7,30,0.75,1.0,0.6667,0.8,1.0,1.0,1.0,1.0,0.75,0.8571,0.45,0.11,0.811778
params_4114,4,0.5,1.0,0.6,0.3,14,0.75,1.0,0.6667,0.8,1.0,1.0,1.0,1.0,0.75,0.8571,0.45,0.11,0.811778
params_4115,4,0.5,1.0,0.6,0.3,21,0.75,1.0,0.6667,0.8,1.0,1.0,1.0,1.0,0.75,0.8571,0.45,0.11,0.811778
params_4116,4,0.5,1.0,0.6,0.3,30,0.75,1.0,0.6667,0.8,1.0,1.0,1.0,1.0,0.75,0.8571,0.45,0.11,0.811778
params_4118,4,0.5,1.0,0.6,0.5,14,0.75,1.0,0.6667,0.8,1.0,1.0,1.0,1.0,0.75,0.8571,0.45,0.11,0.811778
params_4119,4,0.5,1.0,0.6,0.5,21,0.75,1.0,0.6667,0.8,1.0,1.0,1.0,1.0,0.75,0.8571,0.45,0.11,0.811778
params_4120,4,0.5,1.0,0.6,0.5,30,0.75,1.0,0.6667,0.8,1.0,1.0,1.0,1.0,0.75,0.8571,0.45,0.11,0.811778
params_4122,4,0.5,1.0,0.6,0.7,14,0.75,1.0,0.6667,0.8,1.0,1.0,1.0,1.0,0.75,0.8571,0.45,0.11,0.811778
params_4123,4,0.5,1.0,0.6,0.7,21,0.75,1.0,0.6667,0.8,1.0,1.0,1.0,1.0,0.75,0.8571,0.45,0.11,0.811778
params_4124,4,0.5,1.0,0.6,0.7,30,0.75,1.0,0.6667,0.8,1.0,1.0,1.0,1.0,0.75,0.8571,0.45,0.11,0.811778
params_4194,4,0.5,1.2,0.6,0.3,14,0.75,1.0,0.6667,0.8,1.0,1.0,1.0,1.0,0.75,0.8571,0.45,0.11,0.811778
params_4195,4,0.5,1.2,0.6,0.3,21,0.75,1.0,0.6667,0.8,1.0,1.0,1.0,1.0,0.75,0.8571,0.45,0.11,0.811778
params_4196,4,0.5,1.2,0.6,0.3,30,0.75,1.0,0.6667,0.8,1.0,1.0,1.0,1.0,0.75,0.8571,0.45,0.11,0.811778
params_4198,4,0.5,1.2,0.6,0.5,14,0.75,1.0,0.6667,0.8,1.0,1.0,1.0,1.0,0.75,0.8571,0.45,0.11,0.811778
params_4199,4,0.5,1.2,0.6,0.5,21,0.75,1.0,0.6667,0.8,1.0,1.0,1.0,1.0,0.75,0.8571,0.45,0.11,0.811778
params_4200,4,0.5,1.2,0.6,0.5,30,0.75,1.0,0.6667,0.8,1.0,1.0,1.0,1.0,0.75,0.8571,0.45,0.11,0.811778
params_4202,4,0.5,1.2,0.6,0.7,14,0.75,1.0,0.6667,0.8,1.0,1.0,1.0,1.0,0.75,0.8571,0.45,0.11,0.811778
params_4203,4,0.5,1.2,0.6,0.7,21,0.75,1.0,0.6667,0.8,1.0,1.0,1.0,1.0,0.75,0.8571,0.45,0.11,0.811778
params_4204,4,0.5,1.2,0.6,0.7,30,0.75,1.0,0.6667,0.8,1.0,1.0,1.0,1.0,0.75,0.8571,0.45,0.11,0.811778
params_4274,4,0.5,1.5,0.6,0.3,14,0.75,1.0,0.6667,0.8,1.0,1.0,1.0,1.0,0.75,0.8571,0.45,0.11,0.811778
params_4275,4,0.5,1.5,0.6,0.3,21,0.75,1.0,0.6667,0.8,1.0,1.0,1.0,1.0,0.75,0.8571,0.45,0.11,0.811778
params_4276,4,0.5,1.5,0.6,0.3,30,0.75,1.0,0.6667,0.8,1.0,1.0,1.0,1.0,0.75,0.8571,0.45,0.11,0.811778
params_4278,4,0.5,1.5,0.6,0.5,14,0.75,1.0,0.6667,0.8,1.0,1.0,1.0,1.0,0.75,0.8571,0.45,0.11,0.811778
params_4279,4,0.5,1.5,0.6,0.5,21,0.75,1.0,0.6667,0.8,1.0,1.0,1.0,1.0,0.75,0.8571,0.45,0.11,0.811778
params_4280,4,0.5,1.5,0.6,0.5,30,0.75,1.0,0.6667,0.8,1.0,1.0,1.0,1.0,0.75,0.8571,0.45,0.11,0.811778
params_4282,4,0.5,1.5,0.6,0.7,14,0.75,1.0,0.6667,0.8,1.0,1.0,1.0,1.0,0.75,0.8571,0.45,0.11,0.811778
params_4283,4,0.5,1.5,0.6,0.7,21,0.75,1.0,0.6667,0.8,1.0,1.0,1.0,1.0,0.75,0.8571,0.45,0.11,0.811778
params_4284,4,0.5,1.5,0.6,0.7,30,0.75,1.0,0.6667,0.8,1.0,1.0,1.0,1.0,0.75,0.8571,0.45,0.11,0.811778
params_4434,4,0.75,0.5,0.6,0.3,14,0.75,1.0,0.6667,0.8,1.0,1.0,1.0,1.0,0.75,0.8571,0.45,0.11,0.811778
params_4435,4,0.75,0.5,0.6,0.3,21,0.75,1.0,0.6667,0.8,1.0,1.0,1.0,1.0,0.75,0.8571,0.45,0.11,0.811778
params_4436,4,0.75,0.5,0.6,0.3,30,0.75,1.0,0.6667,0.8,1.0,1.0,1.0,1.0,0.75,0.8571,0.45,0.11,0.811778
params_4438,4,0.75,0.5,0.6,0.5,14,0.75,1.0,0.6667,0.8,1.0,1.0,1.0,1.0,0.75,0.8571,0.45,0.11,0.811778
params_4439,4,0.75,0.5,0.6,0.5,21,0.75,1.0,0.6667,0.8,1.0,1.0,1.0,1.0,0.75,0.8571,0.45,0.11,0.811778
params_4440,4,0.75,0.5,0.6,0.5,30,0.75,1.0,0.6667,0.8,1.0,1.0,1.0,1.0,0.75,0.8571,0.45,0.11,0.811778
params_4442,4,0.75,0.5,0.6,0.7,14,0.75,1.0,0.6667,0.8,1.0,1.0,1.0,1.0,0.75,0.8571,0.45,0.11,0.811778
params_4443,4,0.75,0.5,0.6,0.7,21,0.75,1.0,0.6667,0.8,1.0,1.0,1.0,1.0,0.75,0.8571,0.45,0.11,0.811778
params_4444,4,0.75,0.5,0.6,0.7,30,0.75,1.0,0.6667,0.8,1.0,1.0,1.0,1.0,0.75,0.8571,0.45,0.11,0.811778
params_4514,4,0.75,1.0,0.6,0.3,14,0.75,1.0,0.6667,0.8,1.0,1.0,1.0,1.0,0.75,0.8571,0.45,0.11,0.811778
params_4515,4,0.75,1.0,0.6,0.3,21,0.75,1.0,0.6667,0.8,1.0,1.0,1.0,1.0,0.75,0.8571,0.45,0.11,0.811778
params_4516,4,0.75,1.0,0.6,0.3,30,0.75,1.0,0.6667,0.8,1.0,1.0,1.0,1.0,0.75,0.8571,0.45,0.11,0.811778
params_4518,4,0.75,1.0,0.6,0.5,14,0.75,1.0,0.6667,0.8,1.0,1.0,1.0,1.0,0.75,0.8571,0.45,0.11,0.811778
params_4519,4,0.75,1.0,0.6,0.5,21,0.75,1.0,0.6667,0.8,1.0,1.0,1.0,1.0,0.75,0.8571,0.45,0.11,0.811778
params_4520,4,0.75,1.0,0.6,0.5,30,0.75,1.0,0.6667,0.8,1.0,1.0,1.0,1.0,0.75,0.8571,0.45,0.11,0.811778
params_4522,4,0.75,1.0,0.6,0.7,14,0.75,1.0,0.6667,0.8,1.0,1.0,1.0,1.0,0.75,0.8571,0.45,0.11,0.811778
params_4523,4,0.75,1.0,0.6,0.7,21,0.75,1.0,0.6667,0.8,1.0,1.0,1.0,1.0,0.75,0.8571,0.45,0.11,0.811778
params_4524,4,0.75,1.0,0.6,0.7,30,0.75,1.0,0.6667,0.8,1.0,1.0,1.0,1.0,0.75,0.8571,0.45,0.11,0.811778
params_4594,4,0.75,1.2,0.6,0.3,14,0.75,1.0,0.6667,0.8,1.0,1.0,1.0,1.0,0.75,0.8571,0.45,0.11,0.811778
params_4595,4,0.75,1.2,0.6,0.3,21,0.75,1.0,0.6667,0.8,1.0,1.0,1.0,1.0,0.75,0.8571,0.45,0.11,0.811778
params_4596,4,0.75,1.2,0.6,0.3,30,0.75,1.0,0.6667,0.8,1.0,1.0,1.0,1.0,0.75,0.8571,0.45,0.11,0.811778
params_4598,4,0.75,1.2,0.6,0.5,14,0.75,1.0,0.6667,0.8,1.0,1.0,1.0,1.0,0.75,0.8571,0.45,0.11,0.811778
params_4599,4,0.75,1.2,0.6,0.5,21,0.75,1.0,0.6667,0.8,1.0,1.0,1.0,1.0,0.75,0.8571,0.45,0.11,0.811778
params_4600,4,0.75,1.2,0.6,0.5,30,0.75,1.0,0.6667,0.8,1.0,1.0,1.0,1.0,0.75,0.8571,0.45,0.11,0.811778
params_4602,4,0.75,1.2,0.6,0.7,14,0.75,1.0,0.6667,0.8,1.0,1.0,1.0,1.0,0.75,0.8571,0.45,0.11,0.811778
params_4603,4,0.75,1.2,0.6,0.7,21,0.75,1.0,0.6667,0.8,1.0,1.0,1.0,1.0,0.75,0.8571,0.45,0.11,0.811778
params_4604,4,0.75,1.2,0.6,0.7,30,0.75,1.0,0.6667,0.8,1.0,1.0,1.0,1.0,0.75,0.8571,0.45,0.11,0.811778
params_4674,4,0.75,1.5,0.6,0.3,14,0.75,1.0,0.6667,0.8,1.0,1.0,1.0,1.0,0.75,0.8571,0.45,0.11,0.811778
params_4675,4,0.75,1.5,0.6,0.3,21,0.75,1.0,0.6667,0.8,1.0,1.0,1.0,1.0,0.75,0.8571,0.45,0.11,0.811778
params_4676,4,0.75,1.5,0.6,0.3,30,0.75,1.0,0.6667,0.8,1.0,1.0,1.0,1.0,0.75,0.8571,0.45,0.11,0.811778
params_4678,4,0.75,1.5,0.6,0.5,14,0.75,1.0,0.6667,0.8,1.0,1.0,1.0,1.0,0.75,0.8571,0.45,0.11,0.811778
params_4679,4,0.75,1.5,0.6,0.5,21,0.75,1.0,0.6667,0.8,1.0,1.0,1.0,1.0,0.75,0.8571,0.45,0.11,0.811778
params_4680,4,0.75,1.5,0.6,0.5,30,0.75,1.0,0.6667,0.8,1.0,1.0,1.0,1.0,0.75,0.8571,0.45,0.11,0.811778
params_4682,4,0.75,1.5,0.6,0.7,14,0.75,1.0,0.6667,0.8,1.0,1.0,1.0,1.0,0.75,0.8571,0.45,0.11,0.811778
params_4683,4,0.75,1.5,0.6,0.7,21,0.75,1.0,0.6667,0.8,1.0,1.0,1.0,1.0,0.75,0.8571,0.45,0.11,0.811778
params_4684,4,0.75,1.5,0.6,0.7,30,0.75,1.0,0.6667,0.8,1.0,1.0,1.0,1.0,0.75,0.8571,0.45,0.11,0.811778
params_4834,4,1.0,0.5,0.6,0.3,14,0.75,1.0,0.6667,0.8,1.0,1.0,1.0,1.0,0.75,0.8571,0.45,0.11,0.811778
params_4835,4,1.0,0.5,0.6,0.3,21,0.75,1.0,0.6667,0.8,1.0,1.0,1.0,1.0,0.75,0.8571,0.45,0.11,0.811778
params_4836,4,1.0,0.5,0.6,0.3,30,0.75,1.0,0.6667,0.8,1.0,1.0,1.0,1.0,0.75,0.8571,0.45,0.11,0.811778
params_4838,4,1.0,0.5,0.6,0.5,14,0.75,1.0,0.6667,0.8,1.0,1.0,1.0,1.0,0.75,0.8571,0.45,0.11,0.811778
params_4839,4,1.0,0.5,0.6,0.5,21,0.75,1.0,0.6667,0.8,1.0,1.0,1.0,1.0,0.75,0.8571,0.45,0.11,0.811778
params_4840,4,1.0,0.5,0.6,0.5,30,0.75,1.0,0.6667,0.8,1.0,1.0,1.0,1.0,0.75,0.8571,0.45,0.11,0.811778
params_4842,4,1.0,0.5,0.6,0.7,14,0.75,1.0,0.6667,0.8,1.0,1.0,1.0,1.0,0.75,0.8571,0.45,0.11,0.811778
params_4843,4,1.0,0.5,0.6,0.7,21,0.75,1.0,0.6667,0.8,1.0,1.0,1.0,1.0,0.75,0.8571,0.45,0.11,0.811778
params_4844,4,1.0,0.5,0.6,0.7,30,0.75,1.0,0.6667,0.8,1.0,1.0,1.0,1.0,0.75,0.8571,0.45,0.11,0.811778
params_4914,4,1.0,1.0,0.6,0.3,14,0.75,1.0,0.6667,0.8,1.0,1.0,1.0,1.0,0.75,0.8571,0.45,0.11,0.811778
params_4915,4,1.0,1.0,0.6,0.3,21,0.75,1.0,0.6667,0.8,1.0,1.0,1.0,1.0,0.75,0.8571,0.45,0.11,0.811778
params_4916,4,1.0,1.0,0.6,0.3,30,0.75,1.0,0.6667,0.8,1.0,1.0,1.0,1.0,0.75,0.8571,0.45,0.11,0.811778
params_4918,4,1.0,1.0,0.6,0.5,14,0.75,1.0,0.6667,0.8,1.0,1.0,1.0,1.0,0.75,0.8571,0.45,0.11,0.811778
params_4919,4,1.0,1.0,0.6,0.5,21,0.75,1.0,0.6667,0.8,1.0,1.0,1.0,1.0,0.75,0.8571,0.45,0.11,0.811778
params_4920,4,1.0,1.0,0.6,0.5,30,0.75,1.0,0.6667,0.8,1.0,1.0,1.0,1.0,0.75,0.8571,0.45,0.11,0.811778
params_4922,4,1.0,1.0,0.6,0.7,14,0.75,1.0,0.6667,0.8,1.0,1.0,1.0,1.0,0.75,0.8571,0.45,0.11,0.811778
params_4923,4,1.0,1.0,0.6,0.7,21,0.75,1.0,0.6667,0.8,1.0,1.0,1.0,1.0,0.75,0.8571,0.45,0.11,0.811778
params_4924,4,1.0,1.0,0.6,0.7,30,0.75,1.0,0.6667,0.8,1.0,1.0,1.0,1.0,0.75,0.8571,0.45,0.11,0.811778
params_4994,4,1.0,1.2,0.6,0.3,14,0.75,1.0,0.6667,0.8,1.0,1.0,1.0,1.0,0.75,0.8571,0.45,0.11,0.811778
params_4995,4,1.0,1.2,0.6,0.3,21,0.75,1.0,0.6667,0.8,1.0,1.0,1.0,1.0,0.75,0.8571,0.45,0.11,0.811778
params_4996,4,1.0,1.2,0.6,0.3,30,0.75,1.0,0.6667,0.8,1.0,1.0,1.0,1.0,0.75,0.8571,0.45,0.11,0.811778
params_4998,4,1.0,1.2,0.6,0.5,14,0.75,1.0,0.6667,0.8,1.0,1.0,1.0,1.0,0.75,0.8571,0.45,0.11,0.811778
params_4999,4,1.0,1.2,0.6,0.5,21,0.75,1.0,0.6667,0.8,1.0,1.0,1.0,1.0,0.75,0.8571,0.45,0.11,0.811778
params_5000,4,1.0,1.2,0.6,0.5,30,0.75,1.0,0.6667,0.8,1.0,1.0,1.0,1.0,0.75,0.8571,0.45,0.11,0.811778
params_5002,4,1.0,1.2,0.6,0.7,14,0.75,1.0,0.6667,0.8,1.0,1.0,1.0,1.0,0.75,0.8571,0.45,0.11,0.811778
params_5003,4,1.0,1.2,0.6,0.7,21,0.75,1.0,0.6667,0.8,1.0,1.0,1.0,1.0,0.75,0.8571,0.45,0.11,0.811778
params_5004,4,1.0,1.2,0.6,0.7,30,0.75,1.0,0.6667,0.8,1.0,1.0,1.0,1.0,0.75,0.8571,0.45,0.11,0.811778
params_5074,4,1.0,1.5,0.6,0.3,14,0.75,1.0,0.6667,0.8,1.0,1.0,1.0,1.0,0.75,0.8571,0.45,0.11,0.811778
params_5075,4,1.0,1.5,0.6,0.3,21,0.75,1.0,0.6667,0.8,1.0,1.0,1.0,1.0,0.75,0.8571,0.45,0.11,0.811778
params_5076,4,1.0,1.5,0.6,0.3,30,0.75,1.0,0.6667,0.8,1.0,1.0,1.0,1.0,0.75,0.8571,0.45,0.11,0.811778
params_5078,4,1.0,1.5,0.6,0.5,14,0.75,1.0,0.6667,0.8,1.0,1.0,1.0,1.0,0.75,0.8571,0.45,0.11,0.811778
params_5079,4,1.0,1.5,0.6,0.5,21,0.75,1.0,0.6667,0.8,1.0,1.0,1.0,1.0,0.75,0.8571,0.45,0.11,0.811778
params_5080,4,1.0,1.5,0.6,0.5,30,0.75,1.0,0.6667,0.8,1.0,1.0,1.0,1.0,0.75,0.8571,0.45,0.11,0.811778
params_5082,4,1.0,1.5,0.6,0.7,14,0.75,1.0,0.6667,0.8,1.0,1.0,1.0,1.0,0.75,0.8571,0.45,0.11,0.811778
params_5083,4,1.0,1.5,0.6,0.7,21,0.75,1.0,0.6667,0.8,1.0,1.0,1.0,1.0,0.75,0.8571,0.45,0.11,0.811778
params_5084,4,1.0,1.5,0.6,0.7,30,0.75,1.0,0.6667,0.8,1.0,1.0,1.0,1.0,0.75,0.8571,0.45,0.11,0.811778
params_6034,5,0.5,0.5,0.6,0.3,14,0.75,1.0,0.6667,0.8,1.0,1.0,1.0,1.0,0.75,0.8571,0.45,0.11,0.811778
params_6035,5,0.5,0.5,0.6,0.3,21,0.75,1.0,0.6667,0.8,1.0,1.0,1.0,1.0,0.75,0.8571,0.45,0.11,0.811778
params_6036,5,0.5,0.5,0.6,0.3,30,0.75,1.0,0.6667,0.8,1.0,1.0,1.0,1.0,0.75,0.8571,0.45,0.11,0.811778
params_6038,5,0.5,0.5,0.6,0.5,14,0.75,1.0,0.6667,0.8,1.0,1.0,1.0,1.0,0.75,0.8571,0.45,0.11,0.811778
params_6039,5,0.5,0.5,0.6,0.5,21,0.75,1.0,0.6667,0.8,1.0,1.0,1.0,1.0,0.75,0.8571,0.45,0.11,0.811778
params_6040,5,0.5,0.5,0.6,0.5,30,0.75,1.0,0.6667,0.8,1.0,1.0,1.0,1.0,0.75,0.8571,0.45,0.11,0.811778
params_6042,5,0.5,0.5,0.6,0.7,14,0.75,1.0,0.6667,0.8,1.0,1.0,1.0,1.0,0.75,0.8571,0.45,0.11,0.811778
params_6043,5,0.5,0.5,0.6,0.7,21,0.75,1.0,0.6667,0.8,1.0,1.0,1.0,1.0,0.75,0.8571,0.45,0.11,0.811778
params_6044,5,0.5,0.5,0.6,0.7,30,0.75,1.0,0.6667,0.8,1.0,1.0,1.0,1.0,0.75,0.8571,0.45,0.11,0.811778
params_6114,5,0.5,1.0,0.6,0.3,14,0.75,1.0,0.6667,0.8,1.0,1.0,1.0,1.0,0.75,0.8571,0.45,0.11,0.811778
params_6115,5,0.5,1.0,0.6,0.3,21,0.75,1.0,0.6667,0.8,1.0,1.0,1.0,1.0,0.75,0.8571,0.45,0.11,0.811778
params_6116,5,0.5,1.0,0.6,0.3,30,0.75,1.0,0.6667,0.8,1.0,1.0,1.0,1.0,0.75,0.8571,0.45,0.11,0.811778
params_6118,5,0.5,1.0,0.6,0.5,14,0.75,1.0,0.6667,0.8,1.0,1.0,1.0,1.0,0.75,0.8571,0.45,0.11,0.811778
params_6119,5,0.5,1.0,0.6,0.5,21,0.75,1.0,0.6667,0.8,1.0,1.0,1.0,1.0,0.75,0.8571,0.45,0.11,0.811778
params_6120,5,0.5,1.0,0.6,0.5,30,0.75,1.0,0.6667,0.8,1.0,1.0,1.0,1.0,0.75,0.8571,0.45,0.11,0.811778
params_6122,5,0.5,1.0,0.6,0.7,14,0.75,1.0,0.6667,0.8,1.0,1.0,1.0,1.0,0.75,0.8571,0.45,0.11,0.811778
params_6123,5,0.5,1.0,0.6,0.7,21,0.75,1.0,0.6667,0.8,1.0,1.0,1.0,1.0,0.75,0.8571,0.45,0.11,0.811778
params_6124,5,0.5,1.0,0.6,0.7,30,0.75,1.0,0.6667,0.8,1.0,1.0,1.0,1.0,0.75,0.8571,0.45,0.11,0.811778
params_6194,5,0.5,1.2,0.6,0.3,14,0.75,1.0,0.6667,0.8,1.0,1.0,1.0,1.0,0.75,0.8571,0.45,0.11,0.811778
params_6195,5,0.5,1.2,0.6,0.3,21,0.75,1.0,0.6667,0.8,1.0,1.0,1.0,1.0,0.75,0.8571,0.45,0.11,0.811778
params_6196,5,0.5,1.2,0.6,0.3,30,0.75,1.0,0.6667,0.8,1.0,1.0,1.0,1.0,0.75,0.8571,0.45,0.11,0.811778
params_6198,5,0.5,1.2,0.6,0.5,14,0.75,1.0,0.6667,0.8,1.0,1.0,1.0,1.0,0.75,0.8571,0.45,0.11,0.811778
params_6199,5,0.5,1.2,0.6,0.5,21,0.75,1.0,0.6667,0.8,1.0,1.0,1.0,1.0,0.75,0.8571,0.45,0.11,0.811778
params_6200,5,0.5,1.2,0.6,0.5,30,0.75,1.0,0.6667,0.8,1.0,1.0,1.0,1.0,0.75,0.8571,0.45,0.11,0.811778
params_6202,5,0.5,1.2,0.6,0.7,14,0.75,1.0,0.6667,0.8,1.0,1.0,1.0,1.0,0.75,0.8571,0.45,0.11,0.811778
params_6203,5,0.5,1.2,0.6,0.7,21,0.75,1.0,0.6667,0.8,1.0,1.0,1.0,1.0,0.75,0.8571,0.45,0.11,0.811778
params_6204,5,0.5,1.2,0.6,0.7,30,0.75,1.0,0.6667,0.8,1.0,1.0,1.0,1.0,0.75,0.8571,0.45,0.11,0.811778
params_6274,5,0.5,1.5,0.6,0.3,14,0.75,1.0,0.6667,0.8,1.0,1.0,1.0,1.0,0.75,0.8571,0.45,0.11,0.811778
params_6275,5,0.5,1.5,0.6,0.3,21,0.75,1.0,0.6667,0.8,1.0,1.0,1.0,1.0,0.75,0.8571,0.45,0.11,0.811778
params_6276,5,0.5,1.5,0.6,0.3,30,0.75,1.0,0.6667,0.8,1.0,1.0,1.0,1.0,0.75,0.8571,0.45,0.11,0.811778
params_6278,5,0.5,1.5,0.6,0.5,14,0.75,1.0,0.6667,0.8,1.0,1.0,1.0,1.0,0.75,0.8571,0.45,0.11,0.811778
params_6279,5,0.5,1.5,0.6,0.5,21,0.75,1.0,0.6667,0.8,1.0,1.0,1.0,1.0,0.75,0.8571,0.45,0.11,0.811778
params_6280,5,0.5,1.5,0.6,0.5,30,0.75,1.0,0.6667,0.8,1.0,1.0,1.0,1.0,0.75,0.8571,0.45,0.11,0.811778
params_6282,5,0.5,1.5,0.6,0.7,14,0.75,1.0,0.6667,0.8,1.0,1.0,1.0,1.0,0.75,0.8571,0.45,0.11,0.811778
params_6283,5,0.5,1.5,0.6,0.7,21,0.75,1.0,0.6667,0.8,1.0,1.0,1.0,1.0,0.75,0.8571,0.45,0.11,0.811778
params_6284,5,0.5,1.5,0.6,0.7,30,0.75,1.0,0.6667,0.8,1.0,1.0,1.0,1.0,0.75,0.8571,0.45,0.11,0.811778
params_6434,5,0.75,0.5,0.6,0.3,14,0.75,1.0,0.6667,0.8,1.0,1.0,1.0,1.0,0.75,0.8571,0.45,0.11,0.811778
params_6435,5,0.75,0.5,0.6,0.3,21,0.75,1.0,0.6667,0.8,1.0,1.0,1.0,1.0,0.75,0.8571,0.45,0.11,0.811778
params_6436,5,0.75,0.5,0.6,0.3,30,0.75,1.0,0.6667,0.8,1.0,1.0,1.0,1.0,0.75,0.8571,0.45,0.11,0.811778
params_6438,5,0.75,0.5,0.6,0.5,14,0.75,1.0,0.6667,0.8,1.0,1.0,1.0,1.0,0.75,0.8571,0.45,0.11,0.811778
params_6439,5,0.75,0.5,0.6,0.5,21,0.75,1.0,0.6667,0.8,1.0,1.0,1.0,1.0,0.75,0.8571,0.45,0.11,0.811778
params_6440,5,0.75,0.5,0.6,0.5,30,0.75,1.0,0.6667,0.8,1.0,1.0,1.0,1.0,0.75,0.8571,0.45,0.11,0.811778
params_6442,5,0.75,0.5,0.6,0.7,14,0.75,1.0,0.6667,0.8,1.0,1.0,1.0,1.0,0.75,0.8571,0.45,0.11,0.811778
params_6443,5,0.75,0.5,0.6,0.7,21,0.75,1.0,0.6667,0.8,1.0,1.0,1.0,1.0,0.75,0.8571,0.45,0.11,0.811778
params_6444,5,0.75,0.5,0.6,0.7,30,0.75,1.0,0.6667,0.8,1.0,1.0,1.0,1.0,0.75,0.8571,0.45,0.11,0.811778
params_6514,5,0.75,1.0,0.6,0.3,14,0.75,1.0,0.6667,0.8,1.0,1.0,1.0,1.0,0.75,0.8571,0.45,0.11,0.811778
params_6515,5,0.75,1.0,0.6,0.3,21,0.75,1.0,0.6667,0.8,1.0,1.0,1.0,1.0,0.75,0.8571,0.45,0.11,0.811778
params_6516,5,0.75,1.0,0.6,0.3,30,0.75,1.0,0.6667,0.8,1.0,1.0,1.0,1.0,0.75,0.8571,0.45,0.11,0.811778
params_6518,5,0.75,1.0,0.6,0.5,14,0.75,1.0,0.6667,0.8,1.0,1.0,1.0,1.0,0.75,0.8571,0.45,0.11,0.811778
params_6519,5,0.75,1.0,0.6,0.5,21,0.75,1.0,0.6667,0.8,1.0,1.0,1.0,1.0,0.75,0.8571,0.45,0.11,0.811778
params_6520,5,0.75,1.0,0.6,0.5,30,0.75,1.0,0.6667,0.8,1.0,1.0,1.0,1.0,0.75,0.8571,0.45,0.11,0.811778
params_6522,5,0.75,1.0,0.6,0.7,14,0.75,1.0,0.6667,0.8,1.0,1.0,1.0,1.0,0.75,0.8571,0.45,0.11,0.811778
params_6523,5,0.75,1.0,0.6,0.7,21,0.75,1.0,0.6667,0.8,1.0,1.0,1.0,1.0,0.75,0.8571,0.45,0.11,0.811778
params_6524,5,0.75,1.0,0.6,0.7,30,0.75,1.0,0.6667,0.8,1.0,1.0,1.0,1.0,0.75,0.8571,0.45,0.11,0.811778
params_6594,5,0.75,1.2,0.6,0.3,14,0.75,1.0,0.6667,0.8,1.0,1.0,1.0,1.0,0.75,0.8571,0.45,0.11,0.811778
params_6595,5,0.75,1.2,0.6,0.3,21,0.75,1.0,0.6667,0.8,1.0,1.0,1.0,1.0,0.75,0.8571,0.45,0.11,0.811778
params_6596,5,0.75,1.2,0.6,0.3,30,0.75,1.0,0.6667,0.8,1.0,1.0,1.0,1.0,0.75,0.8571,0.45,0.11,0.811778
params_6598,5,0.75,1.2,0.6,0.5,14,0.75,1.0,0.6667,0.8,1.0,1.0,1.0,1.0,0.75,0.8571,0.45,0.11,0.811778
params_6599,5,0.75,1.2,0.6,0.5,21,0.75,1.0,0.6667,0.8,1.0,1.0,1.0,1.0,0.75,0.8571,0.45,0.11,0.811778
params_6600,5,0.75,1.2,0.6,0.5,30,0.75,1.0,0.6667,0.8,1.0,1.0,1.0,1.0,0.75,0.8571,0.45,0.11,0.811778
params_6602,5,0.75,1.2,0.6,0.7,14,0.75,1.0,0.6667,0.8,1.0,1.0,1.0,1.0,0.75,0.8571,0.45,0.11,0.811778
params_6603,5,0.75,1.2,0.6,0.7,21,0.75,1.0,0.6667,0.8,1.0,1.0,1.0,1.0,0.75,0.8571,0.45,0.11,0.811778
params_6604,5,0.75,1.2,0.6,0.7,30,0.75,1.0,0.6667,0.8,1.0,1.0,1.0,1.0,0.75,0.8571,0.45,0.11,0.811778
params_6674,5,0.75,1.5,0.6,0.3,14,0.75,1.0,0.6667,0.8,1.0,1.0,1.0,1.0,0.75,0.8571,0.45,0.11,0.811778
params_6675,5,0.75,1.5,0.6,0.3,21,0.75,1.0,0.6667,0.8,1.0,1.0,1.0,1.0,0.75,0.8571,0.45,0.11,0.811778
params_6676,5,0.75,1.5,0.6,0.3,30,0.75,1.0,0.6667,0.8,1.0,1.0,1.0,1.0,0.75,0.8571,0.45,0.11,0.811778
params_6678,5,0.75,1.5,0.6,0.5,14,0.75,1.0,0.6667,0.8,1.0,1.0,1.0,1.0,0.75,0.8571,0.45,0.11,0.811778
params_6679,5,0.75,1.5,0.6,0.5,21,0.75,1.0,0.6667,0.8,1.0,1.0,1.0,1.0,0.75,0.8571,0.45,0.11,0.811778
params_6680,5,0.75,1.5,0.6,0.5,30,0.75,1.0,0.6667,0.8,1.0,1.0,1.0,1.0,0.75,0.8571,0.45,0.11,0.811778
params_6682,5,0.75,1.5,0.6,0.7,14,0.75,1.0,0.6667,0.8,1.0,1.0,1.0,1.0,0.75,0.8571,0.45,0.11,0.811778
params_6683,5,0.75,1.5,0.6,0.7,21,0.75,1.0,0.6667,0.8,1.0,1.0,1.0,1.0,0.75,0.8571,0.45,0.11,0.811778
params_6684,5,0.75,1.5,0.6,0.7,30,0.75,1.0,0.6667,0.8,1.0,1.0,1.0,1.0,0.75,0.8571,0.45,0.11,0.811778
params_6834,5,1.0,0.5,0.6,0.3,14,0.75,1.0,0.6667,0.8,1.0,1.0,1.0,1.0,0.75,0.8571,0.45,0.11,0.811778
params_6835,5,1.0,0.5,0.6,0.3,21,0.75,1.0,0.6667,0.8,1.0,1.0,1.0,1.0,0.75,0.8571,0.45,0.11,0.811778
params_6836,5,1.0,0.5,0.6,0.3,30,0.75,1.0,0.6667,0.8,1.0,1.0,1.0,1.0,0.75,0.8571,0.45,0.11,0.811778
params_6838,5,1.0,0.5,0.6,0.5,14,0.75,1.0,0.6667,0.8,1.0,1.0,1.0,1.0,0.75,0.8571,0.45,0.11,0.811778
params_6839,5,1.0,0.5,0.6,0.5,21,0.75,1.0,0.6667,0.8,1.0,1.0,1.0,1.0,0.75,0.8571,0.45,0.11,0.811778
params_6840,5,1.0,0.5,0.6,0.5,30,0.75,1.0,0.6667,0.8,1.0,1.0,1.0,1.0,0.75,0.8571,0.45,0.11,0.811778
params_6842,5,1.0,0.5,0.6,0.7,14,0.75,1.0,0.6667,0.8,1.0,1.0,1.0,1.0,0.75,0.8571,0.45,0.11,0.811778
params_6843,5,1.0,0.5,0.6,0.7,21,0.75,1.0,0.6667,0.8,1.0,1.0,1.0,1.0,0.75,0.8571,0.45,0.11,0.811778
params_6844,5,1.0,0.5,0.6,0.7,30,0.75,1.0,0.6667,0.8,1.0,1.0,1.0,1.0,0.75,0.8571,0.45,0.11,0.811778
params_6914,5,1.0,1.0,0.6,0.3,14,0.75,1.0,0.6667,0.8,1.0,1.0,1.0,1.0,0.75,0.8571,0.45,0.11,0.811778
params_6915,5,1.0,1.0,0.6,0.3,21,0.75,1.0,0.6667,0.8,1.0,1.0,1.0,1.0,0.75,0.8571,0.45,0.11,0.811778
params_6916,5,1.0,1.0,0.6,0.3,30,0.75,1.0,0.6667,0.8,1.0,1.0,1.0,1.0,0.75,0.8571,0.45,0.11,0.811778
params_6918,5,1.0,1.0,0.6,0.5,14,0.75,1.0,0.6667,0.8,1.0,1.0,1.0,1.0,0.75,0.8571,0.45,0.11,0.811778
params_6919,5,1.0,1.0,0.6,0.5,21,0.75,1.0,0.6667,0.8,1.0,1.0,1.0,1.0,0.75,0.8571,0.45,0.11,0.811778
params_6920,5,1.0,1.0,0.6,0.5,30,0.75,1.0,0.6667,0.8,1.0,1.0,1.0,1.0,0.75,0.8571,0.45,0.11,0.811778
params_6922,5,1.0,1.0,0.6,0.7,14,0.75,1.0,0.6667,0.8,1.0,1.0,1.0,1.0,0.75,0.8571,0.45,0.11,0.811778
params_6923,5,1.0,1.0,0.6,0.7,21,0.75,1.0,0.6667,0.8,1.0,1.0,1.0,1.0,0.75,0.8571,0.45,0.11,0.811778
params_6924,5,1.0,1.0,0.6,0.7,30,0.75,1.0,0.6667,0.8,1.0,1.0,1.0,1.0,0.75,0.8571,0.45,0.11,0.811778
params_6994,5,1.0,1.2,0.6,0.3,14,0.75,1.0,0.6667,0.8,1.0,1.0,1.0,1.0,0.75,0.8571,0.45,0.11,0.811778
params_6995,5,1.0,1.2,0.6,0.3,21,0.75,1.0,0.6667,0.8,1.0,1.0,1.0,1.0,0.75,0.8571,0.45,0.11,0.811778
params_6996,5,1.0,1.2,0.6,0.3,30,0.75,1.0,0.6667,0.8,1.0,1.0,1.0,1.0,0.75,0.8571,0.45,0.11,0.811778
params_6998,5,1.0,1.2,0.6,0.5,14,0.75,1.0,0.6667,0.8,1.0,1.0,1.0,1.0,0.75,0.8571,0.45,0.11,0.811778
params_6999,5,1.0,1.2,0.6,0.5,21,0.75,1.0,0.6667,0.8,1.0,1.0,1.0,1.0,0.75,0.8571,0.45,0.11,0.811778
params_7000,5,1.0,1.2,0.6,0.5,30,0.75,1.0,0.6667,0.8,1.0,1.0,1.0,1.0,0.75,0.8571,0.45,0.11,0.811778
params_7002,5,1.0,1.2,0.6,0.7,14,0.75,1.0,0.6667,0.8,1.0,1.0,1.0,1.0,0.75,0.8571,0.45,0.11,0.811778
params_7003,5,1.0,1.2,0.6,0.7,21,0.75,1.0,0.6667,0.8,1.0,1.0,1.0,1.0,0.75,0.8571,0.45,0.11,0.811778
params_7004,5,1.0,1.2,0.6,0.7,30,0.75,1.0,0.6667,0.8,1.0,1.0,1.0,1.0,0.75,0.8571,0.45,0.11,0.811778
params_7074,5,1.0,1.5,0.6,0.3,14,0.75,1.0,0.6667,0.8,1.0,1.0,1.0,1.0,0.75,0.8571,0.45,0.11,0.811778
params_7075,5,1.0,1.5,0.6,0.3,21,0.75,1.0,0.6667,0.8,1.0,1.0,1.0,1.0,0.75,0.8571,0.45,0.11,0.811778
params_7076,5,1.0,1.5,0.6,0.3,30,0.75,1.0,0.6667,0.8,1.0,1.0,1.0,1.0,0.75,0.8571,0.45,0.11,0.811778
params_7078,5,1.0,1.5,0.6,0.5,14,0.75,1.0,0.6667,0.8,1.0,1.0,1.0,1.0,0.75,0.8571,0.45,0.11,0.811778
params_7079,5,1.0,1.5,0.6,0.5,21,0.75,1.0,0.6667,0.8,1.0,1.0,1.0,1.0,0.75,0.8571,0.45,0.11,0.811778
params_7080,5,1.0,1.5,0.6,0.5,30,0.75,1.0,0.6667,0.8,1.0,1.0,1.0,1.0,0.75,0.8571,0.45,0.11,0.811778
params_7082,5,1.0,1.5,0.6,0.7,14,0.75,1.0,0.6667,0.8,1.0,1.0,1.0,1.0,0.75,0.8571,0.45,0.11,0.811778
params_7083,5,1.0,1.5,0.6,0.7,21,0.75,1.0,0.6667,0.8,1.0,1.0,1.0,1.0,0.75,0.8571,0.45,0.11,0.811778
params_7084,5,1.0,1.5,0.6,0.7,30,0.75,1.0,0.6667,0.8,1.0,1.0,1.0,1.0,0.75,0.8571,0.45,0.11,0.811778
params_0033,2,0.5,0.5,0.6,0.3,7,0.75,1.0,0.6667,0.8,1.0,1.0,1.0,1.0,0.75,0.8571,0.45,0.12,0.810572
params_0037,2,0.5,0.5,0.6,0.5,7,0.75,1.0,0.6667,0.8,1.0,1.0,1.0,1.0,0.75,0.8571,0.45,0.12,0.810572
params_0041,2,0.5,0.5,0.6,0.7,7,0.75,1.0,0.6667,0.8,1.0,1.0,1.0,1.0,0.75,0.8571,0.45,0.12,0.810572
params_0113,2,0.5,1.0,0.6,0.3,7,0.75,1.0,0.6667,0.8,1.0,1.0,1.0,1.0,0.75,0.8571,0.45,0.12,0.810572
params_0117,2,0.5,1.0,0.6,0.5,7,0.75,1.0,0.6667,0.8,1.0,1.0,1.0,1.0,0.75,0.8571,0.45,0.12,0.810572
params_0121,2,0.5,1.0,0.6,0.7,7,0.75,1.0,0.6667,0.8,1.0,1.0,1.0,1.0,0.75,0.8571,0.45,0.12,0.810572
params_0193,2,0.5,1.2,0.6,0.3,7,0.75,1.0,0.6667,0.8,1.0,1.0,1.0,1.0,0.75,0.8571,0.45,0.12,0.810572
params_0197,2,0.5,1.2,0.6,0.5,7,0.75,1.0,0.6667,0.8,1.0,1.0,1.0,1.0,0.75,0.8571,0.45,0.12,0.810572
params_0201,2,0.5,1.2,0.6,0.7,7,0.75,1.0,0.6667,0.8,1.0,1.0,1.0,1.0,0.75,0.8571,0.45,0.12,0.810572
params_0273,2,0.5,1.5,0.6,0.3,7,0.75,1.0,0.6667,0.8,1.0,1.0,1.0,1.0,0.75,0.8571,0.45,0.12,0.810572
params_0277,2,0.5,1.5,0.6,0.5,7,0.75,1.0,0.6667,0.8,1.0,1.0,1.0,1.0,0.75,0.8571,0.45,0.12,0.810572
params_0281,2,0.5,1.5,0.6,0.7,7,0.75,1.0,0.6667,0.8,1.0,1.0,1.0,1.0,0.75,0.8571,0.45,0.12,0.810572
params_0433,2,0.75,0.5,0.6,0.3,7,0.75,1.0,0.6667,0.8,1.0,1.0,1.0,1.0,0.75,0.8571,0.45,0.12,0.810572
params_0437,2,0.75,0.5,0.6,0.5,7,0.75,1.0,0.6667,0.8,1.0,1.0,1.0,1.0,0.75,0.8571,0.45,0.12,0.810572
params_0441,2,0.75,0.5,0.6,0.7,7,0.75,1.0,0.6667,0.8,1.0,1.0,1.0,1.0,0.75,0.8571,0.45,0.12,0.810572
params_0513,2,0.75,1.0,0.6,0.3,7,0.75,1.0,0.6667,0.8,1.0,1.0,1.0,1.0,0.75,0.8571,0.45,0.12,0.810572
params_0517,2,0.75,1.0,0.6,0.5,7,0.75,1.0,0.6667,0.8,1.0,1.0,1.0,1.0,0.75,0.8571,0.45,0.12,0.810572
params_0521,2,0.75,1.0,0.6,0.7,7,0.75,1.0,0.6667,0.8,1.0,1.0,1.0,1.0,0.75,0.8571,0.45,0.12,0.810572
params_0593,2,0.75,1.2,0.6,0.3,7,0.75,1.0,0.6667,0.8,1.0,1.0,1.0,1.0,0.75,0.8571,0.45,0.12,0.810572
params_0597,2,0.75,1.2,0.6,0.5,7,0.75,1.0,0.6667,0.8,1.0,1.0,1.0,1.0,0.75,0.8571,0.45,0.12,0.810572
params_0601,2,0.75,1.2,0.6,0.7,7,0.75,1.0,0.6667,0.8,1.0,1.0,1.0,1.0,0.75,0.8571,0.45,0.12,0.810572
params_0673,2,0.75,1.5,0.6,0.3,7,0.75,1.0,0.6667,0.8,1.0,1.0,1.0,1.0,0.75,0.8571,0.45,0.12,0.810572
params_0677,2,0.75,1.5,0.6,0.5,7,0.75,1.0,0.6667,0.8,1.0,1.0,1.0,1.0,0.75,0.8571,0.45,0.12,0.810572
params_0681,2,0.75,1.5,0.6,0.7,7,0.75,1.0,0.6667,0.8,1.0,1.0,1.0,1.0,0.75,0.8571,0.45,0.12,0.810572
params_0833,2,1.0,0.5,0.6,0.3,7,0.75,1.0,0.6667,0.8,1.0,1.0,1.0,1.0,0.75,0.8571,0.45,0.12,0.810572
params_0837,2,1.0,0.5,0.6,0.5,7,0.75,1.0,0.6667,0.8,1.0,1.0,1.0,1.0,0.75,0.8571,0.45,0.12,0.810572
params_0841,2,1.0,0.5,0.6,0.7,7,0.75,1.0,0.6667,0.8,1.0,1.0,1.0,1.0,0.75,0.8571,0.45,0.12,0.810572
params_0913,2,1.0,1.0,0.6,0.3,7,0.75,1.0,0.6667,0.8,1.0,1.0,1.0,1.0,0.75,0.8571,0.45,0.12,0.810572
params_0917,2,1.0,1.0,0.6,0.5,7,0.75,1.0,0.6667,0.8,1.0,1.0,1.0,1.0,0.75,0.8571,0.45,0.12,0.810572
params_0921,2,1.0,1.0,0.6,0.7,7,0.75,1.0,0.6667,0.8,1.0,1.0,1.0,1.0,0.75,0.8571,0.45,0.12,0.810572
params_0993,2,1.0,1.2,0.6,0.3,7,0.75,1.0,0.6667,0.8,1.0,1.0,1.0,1.0,0.75,0.8571,0.45,0.12,0.810572
params_0997,2,1.0,1.2,0.6,0.5,7,0.75,1.0,0.6667,0.8,1.0,1.0,1.0,1.0,0.75,0.8571,0.45,0.12,0.810572
params_1001,2,1.0,1.2,0.6,0.7,7,0.75,1.0,0.6667,0.8,1.0,1.0,1.0,1.0,0.75,0.8571,0.45,0.12,0.810572
params_1073,2,1.0,1.5,0.6,0.3,7,0.75,1.0,0.6667,0.8,1.0,1.0,1.0,1.0,0.75,0.8571,0.45,0.12,0.810572
params_1077,2,1.0,1.5,0.6,0.5,7,0.75,1.0,0.6667,0.8,1.0,1.0,1.0,1.0,0.75,0.8571,0.45,0.12,0.810572
params_1081,2,1.0,1.5,0.6,0.7,7,0.75,1.0,0.6667,0.8,1.0,1.0,1.0,1.0,0.75,0.8571,0.45,0.12,0.810572
params_2033,3,0.5,0.5,0.6,0.3,7,0.75,1.0,0.6667,0.8,1.0,1.0,1.0,1.0,0.75,0.8571,0.45,0.12,0.810572
params_2037,3,0.5,0.5,0.6,0.5,7,0.75,1.0,0.6667,0.8,1.0,1.0,1.0,1.0,0.75,0.8571,0.45,0.12,0.810572
params_2041,3,0.5,0.5,0.6,0.7,7,0.75,1.0,0.6667,0.8,1.0,1.0,1.0,1.0,0.75,0.8571,0.45,0.12,0.810572
params_2113,3,0.5,1.0,0.6,0.3,7,0.75,1.0,0.6667,0.8,1.0,1.0,1.0,1.0,0.75,0.8571,0.45,0.12,0.810572
params_2117,3,0.5,1.0,0.6,0.5,7,0.75,1.0,0.6667,0.8,1.0,1.0,1.0,1.0,0.75,0.8571,0.45,0.12,0.810572
params_2121,3,0.5,1.0,0.6,0.7,7,0.75,1.0,0.6667,0.8,1.0,1.0,1.0,1.0,0.75,0.8571,0.45,0.12,0.810572
params_2193,3,0.5,1.2,0.6,0.3,7,0.75,1.0,0.6667,0.8,1.0,1.0,1.0,1.0,0.75,0.8571,0.45,0.12,0.810572
params_2197,3,0.5,1.2,0.6,0.5,7,0.75,1.0,0.6667,0.8,1.0,1.0,1.0,1.0,0.75,0.8571,0.45,0.12,0.810572
params_2201,3,0.5,1.2,0.6,0.7,7,0.75,1.0,0.6667,0.8,1.0,1.0,1.0,1.0,0.75,0.8571,0.45,0.12,0.810572
params_2273,3,0.5,1.5,0.6,0.3,7,0.75,1.0,0.6667,0.8,1.0,1.0,1.0,1.0,0.75,0.8571,0.45,0.12,0.810572
params_2277,3,0.5,1.5,0.6,0.5,7,0.75,1.0,0.6667,0.8,1.0,1.0,1.0,1.0,0.75,0.8571,0.45,0.12,0.810572
params_2281,3,0.5,1.5,0.6,0.7,7,0.75,1.0,0.6667,0.8,1.0,1.0,1.0,1.0,0.75,0.8571,0.45,0.12,0.810572
params_2433,3,0.75,0.5,0.6,0.3,7,0.75,1.0,0.6667,0.8,1.0,1.0,1.0,1.0,0.75,0.8571,0.45,0.12,0.810572
params_2437,3,0.75,0.5,0.6,0.5,7,0.75,1.0,0.6667,0.8,1.0,1.0,1.0,1.0,0.75,0.8571,0.45,0.12,0.810572
params_2441,3,0.75,0.5,0.6,0.7,7,0.75,1.0,0.6667,0.8,1.0,1.0,1.0,1.0,0.75,0.8571,0.45,0.12,0.810572
params_2513,3,0.75,1.0,0.6,0.3,7,0.75,1.0,0.6667,0.8,1.0,1.0,1.0,1.0,0.75,0.8571,0.45,0.12,0.810572
params_2517,3,0.75,1.0,0.6,0.5,7,0.75,1.0,0.6667,0.8,1.0,1.0,1.0,1.0,0.75,0.8571,0.45,0.12,0.810572
params_2521,3,0.75,1.0,0.6,0.7,7,0.75,1.0,0.6667,0.8,1.0,1.0,1.0,1.0,0.75,0.8571,0.45,0.12,0.810572
params_2593,3,0.75,1.2,0.6,0.3,7,0.75,1.0,0.6667,0.8,1.0,1.0,1.0,1.0,0.75,0.8571,0.45,0.12,0.810572
params_2597,3,0.75,1.2,0.6,0.5,7,0.75,1.0,0.6667,0.8,1.0,1.0,1.0,1.0,0.75,0.8571,0.45,0.12,0.810572
params_2601,3,0.75,1.2,0.6,0.7,7,0.75,1.0,0.6667,0.8,1.0,1.0,1.0,1.0,0.75,0.8571,0.45,0.12,0.810572
params_2673,3,0.75,1.5,0.6,0.3,7,0.75,1.0,0.6667,0.8,1.0,1.0,1.0,1.0,0.75,0.8571,0.45,0.12,0.810572
params_2677,3,0.75,1.5,0.6,0.5,7,0.75,1.0,0.6667,0.8,1.0,1.0,1.0,1.0,0.75,0.8571,0.45,0.12,0.810572
params_2681,3,0.75,1.5,0.6,0.7,7,0.75,1.0,0.6667,0.8,1.0,1.0,1.0,1.0,0.75,0.8571,0.45,0.12,0.810572
params_2833,3,1.0,0.5,0.6,0.3,7,0.75,1.0,0.6667,0.8,1.0,1.0,1.0,1.0,0.75,0.8571,0.45,0.12,0.810572
params_2837,3,1.0,0.5,0.6,0.5,7,0.75,1.0,0.6667,0.8,1.0,1.0,1.0,1.0,0.75,0.8571,0.45,0.12,0.810572
params_2841,3,1.0,0.5,0.6,0.7,7,0.75,1.0,0.6667,0.8,1.0,1.0,1.0,1.0,0.75,0.8571,0.45,0.12,0.810572
params_2913,3,1.0,1.0,0.6,0.3,7,0.75,1.0,0.6667,0.8,1.0,1.0,1.0,1.0,0.75,0.8571,0.45,0.12,0.810572
params_2917,3,1.0,1.0,0.6,0.5,7,0.75,1.0,0.6667,0.8,1.0,1.0,1.0,1.0,0.75,0.8571,0.45,0.12,0.810572
params_2921,3,1.0,1.0,0.6,0.7,7,0.75,1.0,0.6667,0.8,1.0,1.0,1.0,1.0,0.75,0.8571,0.45,0.12,0.810572
params_2993,3,1.0,1.2,0.6,0.3,7,0.75,1.0,0.6667,0.8,1.0,1.0,1.0,1.0,0.75,0.8571,0.45,0.12,0.810572
params_2997,3,1.0,1.2,0.6,0.5,7,0.75,1.0,0.6667,0.8,1.0,1.0,1.0,1.0,0.75,0.8571,0.45,0.12,0.810572
params_3001,3,1.0,1.2,0.6,0.7,7,0.75,1.0,0.6667,0.8,1.0,1.0,1.0,1.0,0.75,0.8571,0.45,0.12,0.810572
params_3073,3,1.0,1.5,0.6,0.3,7,0.75,1.0,0.6667,0.8,1.0,1.0,1.0,1.0,0.75,0.8571,0.45,0.12,0.810572
params_3077,3,1.0,1.5,0.6,0.5,7,0.75,1.0,0.6667,0.8,1.0,1.0,1.0,1.0,0.75,0.8571,0.45,0.12,0.810572
params_3081,3,1.0,1.5,0.6,0.7,7,0.75,1.0,0.6667,0.8,1.0,1.0,1.0,1.0,0.75,0.8571,0.45,0.12,0.810572
params_4033,4,0.5,0.5,0.6,0.3,7,0.75,1.0,0.6667,0.8,1.0,1.0,1.0,1.0,0.75,0.8571,0.45,0.12,0.810572
params_4037,4,0.5,0.5,0.6,0.5,7,0.75,1.0,0.6667,0.8,1.0,1.0,1.0,1.0,0.75,0.8571,0.45,0.12,0.810572
params_4041,4,0.5,0.5,0.6,0.7,7,0.75,1.0,0.6667,0.8,1.0,1.0,1.0,1.0,0.75,0.8571,0.45,0.12,0.810572
params_4113,4,0.5,1.0,0.6,0.3,7,0.75,1.0,0.6667,0.8,1.0,1.0,1.0,1.0,0.75,0.8571,0.45,0.12,0.810572
params_4117,4,0.5,1.0,0.6,0.5,7,0.75,1.0,0.6667,0.8,1.0,1.0,1.0,1.0,0.75,0.8571,0.45,0.12,0.810572
params_4121,4,0.5,1.0,0.6,0.7,7,0.75,1.0,0.6667,0.8,1.0,1.0,1.0,1.0,0.75,0.8571,0.45,0.12,0.810572
params_4193,4,0.5,1.2,0.6,0.3,7,0.75,1.0,0.6667,0.8,1.0,1.0,1.0,1.0,0.75,0.8571,0.45,0.12,0.810572
params_4197,4,0.5,1.2,0.6,0.5,7,0.75,1.0,0.6667,0.8,1.0,1.0,1.0,1.0,0.75,0.8571,0.45,0.12,0.810572
params_4201,4,0.5,1.2,0.6,0.7,7,0.75,1.0,0.6667,0.8,1.0,1.0,1.0,1.0,0.75,0.8571,0.45,0.12,0.810572
params_4273,4,0.5,1.5,0.6,0.3,7,0.75,1.0,0.6667,0.8,1.0,1.0,1.0,1.0,0.75,0.8571,0.45,0.12,0.810572
params_4277,4,0.5,1.5,0.6,0.5,7,0.75,1.0,0.6667,0.8,1.0,1.0,1.0,1.0,0.75,0.8571,0.45,0.12,0.810572
params_4281,4,0.5,1.5,0.6,0.7,7,0.75,1.0,0.6667,0.8,1.0,1.0,1.0,1.0,0.75,0.8571,0.45,0.12,0.810572
params_4433,4,0.75,0.5,0.6,0.3,7,0.75,1.0,0.6667,0.8,1.0,1.0,1.0,1.0,0.75,0.8571,0.45,0.12,0.810572
params_4437,4,0.75,0.5,0.6,0.5,7,0.75,1.0,0.6667,0.8,1.0,1.0,1.0,1.0,0.75,0.8571,0.45,0.12,0.810572
params_4441,4,0.75,0.5,0.6,0.7,7,0.75,1.0,0.6667,0.8,1.0,1.0,1.0,1.0,0.75,0.8571,0.45,0.12,0.810572
params_4513,4,0.75,1.0,0.6,0.3,7,0.75,1.0,0.6667,0.8,1.0,1.0,1.0,1.0,0.75,0.8571,0.45,0.12,0.810572
params_4517,4,0.75,1.0,0.6,0.5,7,0.75,1.0,0.6667,0.8,1.0,1.0,1.0,1.0,0.75,0.8571,0.45,0.12,0.810572
params_4521,4,0.75,1.0,0.6,0.7,7,0.75,1.0,0.6667,0.8,1.0,1.0,1.0,1.0,0.75,0.8571,0.45,0.12,0.810572
params_4593,4,0.75,1.2,0.6,0.3,7,0.75,1.0,0.6667,0.8,1.0,1.0,1.0,1.0,0.75,0.8571,0.45,0.12,0.810572
params_4597,4,0.75,1.2,0.6,0.5,7,0.75,1.0,0.6667,0.8,1.0,1.0,1.0,1.0,0.75,0.8571,0.45,0.12,0.810572
params_4601,4,0.75,1.2,0.6,0.7,7,0.75,1.0,0.6667,0.8,1.0,1.0,1.0,1.0,0.75,0.8571,0.45,0.12,0.810572
params_4673,4,0.75,1.5,0.6,0.3,7,0.75,1.0,0.6667,0.8,1.0,1.0,1.0,1.0,0.75,0.8571,0.45,0.12,0.810572
params_4677,4,0.75,1.5,0.6,0.5,7,0.75,1.0,0.6667,0.8,1.0,1.0,1.0,1.0,0.75,0.8571,0.45,0.12,0.810572
params_4681,4,0.75,1.5,0.6,0.7,7,0.75,1.0,0.6667,0.8,1.0,1.0,1.0,1.0,0.75,0.8571,0.45,0.12,0.810572
params_4833,4,1.0,0.5,0.6,0.3,7,0.75,1.0,0.6667,0.8,1.0,1.0,1.0,1.0,0.75,0.8571,0.45,0.12,0.810572
params_4837,4,1.0,0.5,0.6,0.5,7,0.75,1.0,0.6667,0.8,1.0,1.0,1.0,1.0,0.75,0.8571,0.45,0.12,0.810572
params_4841,4,1.0,0.5,0.6,0.7,7,0.75,1.0,0.6667,0.8,1.0,1.0,1.0,1.0,0.75,0.8571,0.45,0.12,0.810572
params_4913,4,1.0,1.0,0.6,0.3,7,0.75,1.0,0.6667,0.8,1.0,1.0,1.0,1.0,0.75,0.8571,0.45,0.12,0.810572
params_4917,4,1.0,1.0,0.6,0.5,7,0.75,1.0,0.6667,0.8,1.0,1.0,1.0,1.0,0.75,0.8571,0.45,0.12,0.810572
params_4921,4,1.0,1.0,0.6,0.7,7,0.75,1.0,0.6667,0.8,1.0,1.0,1.0,1.0,0.75,0.8571,0.45,0.12,0.810572
params_4993,4,1.0,1.2,0.6,0.3,7,0.75,1.0,0.6667,0.8,1.0,1.0,1.0,1.0,0.75,0.8571,0.45,0.12,0.810572
params_4997,4,1.0,1.2,0.6,0.5,7,0.75,1.0,0.6667,0.8,1.0,1.0,1.0,1.0,0.75,0.8571,0.45,0.12,0.810572
params_5001,4,1.0,1.2,0.6,0.7,7,0.75,1.0,0.6667,0.8,1.0,1.0,1.0,1.0,0.75,0.8571,0.45,0.12,0.810572
params_5073,4,1.0,1.5,0.6,0.3,7,0.75,1.0,0.6667,0.8,1.0,1.0,1.0,1.0,0.75,0.8571,0.45,0.12,0.810572
params_5077,4,1.0,1.5,0.6,0.5,7,0.75,1.0,0.6667,0.8,1.0,1.0,1.0,1.0,0.75,0.8571,0.45,0.12,0.810572
params_5081,4,1.0,1.5,0.6,0.7,7,0.75,1.0,0.6667,0.8,1.0,1.0,1.0,1.0,0.75,0.8571,0.45,0.12,0.810572
params_6033,5,0.5,0.5,0.6,0.3,7,0.75,1.0,0.6667,0.8,1.0,1.0,1.0,1.0,0.75,0.8571,0.45,0.12,0.810572
params_6037,5,0.5,0.5,0.6,0.5,7,0.75,1.0,0.6667,0.8,1.0,1.0,1.0,1.0,0.75,0.8571,0.45,0.12,0.810572
params_6041,5,0.5,0.5,0.6,0.7,7,0.75,1.0,0.6667,0.8,1.0,1.0,1.0,1.0,0.75,0.8571,0.45,0.12,0.810572
params_6113,5,0.5,1.0,0.6,0.3,7,0.75,1.0,0.6667,0.8,1.0,1.0,1.0,1.0,0.75,0.8571,0.45,0.12,0.810572
params_6117,5,0.5,1.0,0.6,0.5,7,0.75,1.0,0.6667,0.8,1.0,1.0,1.0,1.0,0.75,0.8571,0.45,0.12,0.810572
params_6121,5,0.5,1.0,0.6,0.7,7,0.75,1.0,0.6667,0.8,1.0,1.0,1.0,1.0,0.75,0.8571,0.45,0.12,0.810572
params_6193,5,0.5,1.2,0.6,0.3,7,0.75,1.0,0.6667,0.8,1.0,1.0,1.0,1.0,0.75,0.8571,0.45,0.12,0.810572
params_6197,5,0.5,1.2,0.6,0.5,7,0.75,1.0,0.6667,0.8,1.0,1.0,1.0,1.0,0.75,0.8571,0.45,0.12,0.810572
params_6201,5,0.5,1.2,0.6,0.7,7,0.75,1.0,0.6667,0.8,1.0,1.0,1.0,1.0,0.75,0.8571,0.45,0.12,0.810572
params_6273,5,0.5,1.5,0.6,0.3,7,0.75,1.0,0.6667,0.8,1.0,1.0,1.0,1.0,0.75,0.8571,0.45,0.12,0.810572
params_6277,5,0.5,1.5,0.6,0.5,7,0.75,1.0,0.6667,0.8,1.0,1.0,1.0,1.0,0.75,0.8571,0.45,0.12,0.810572
params_6281,5,0.5,1.5,0.6,0.7,7,0.75,1.0,0.6667,0.8,1.0,1.0,1.0,1.0,0.75,0.8571,0.45,0.12,0.810572
params_6433,5,0.75,0.5,0.6,0.3,7,0.75,1.0,0.6667,0.8,1.0,1.0,1.0,1.0,0.75,0.8571,0.45,0.12,0.810572
params_6437,5,0.75,0.5,0.6,0.5,7,0.75,1.0,0.6667,0.8,1.0,1.0,1.0,1.0,0.75,0.8571,0.45,0.12,0.810572
params_6441,5,0.75,0.5,0.6,0.7,7,0.75,1.0,0.6667,0.8,1.0,1.0,1.0,1.0,0.75,0.8571,0.45,0.12,0.810572
params_6513,5,0.75,1.0,0.6,0.3,7,0.75,1.0,0.6667,0.8,1.0,1.0,1.0,1.0,0.75,0.8571,0.45,0.12,0.810572
params_6517,5,0.75,1.0,0.6,0.5,7,0.75,1.0,0.6667,0.8,1.0,1.0,1.0,1.0,0.75,0.8571,0.45,0.12,0.810572
params_6521,5,0.75,1.0,0.6,0.7,7,0.75,1.0,0.6667,0.8,1.0,1.0,1.0,1.0,0.75,0.8571,0.45,0.12,0.810572
params_6593,5,0.75,1.2,0.6,0.3,7,0.75,1.0,0.6667,0.8,1.0,1.0,1.0,1.0,0.75,0.8571,0.45,0.12,0.810572
params_6597,5,0.75,1.2,0.6,0.5,7,0.75,1.0,0.6667,0.8,1.0,1.0,1.0,1.0,0.75,0.8571,0.45,0.12,0.810572
params_6601,5,0.75,1.2,0.6,0.7,7,0.75,1.0,0.6667,0.8,1.0,1.0,1.0,1.0,0.75,0.8571,0.45,0.12,0.810572
params_6673,5,0.75,1.5,0.6,0.3,7,0.75,1.0,0.6667,0.8,1.0,1.0,1.0,1.0,0.75,0.8571,0.45,0.12,0.810572
params_6677,5,0.75,1.5,0.6,0.5,7,0.75,1.0,0.6667,0.8,1.0,1.0,1.0,1.0,0.75,0.8571,0.45,0.12,0.810572
params_6681,5,0.75,1.5,0.6,0.7,7,0.75,1.0,0.6667,0.8,1.0,1.0,1.0,1.0,0.75,0.8571,0.45,0.12,0.810572
params_6833,5,1.0,0.5,0.6,0.3,7,0.75,1.0,0.6667,0.8,1.0,1.0,1.0,1.0,0.75,0.8571,0.45,0.12,0.810572
params_6837,5,1.0,0.5,0.6,0.5,7,0.75,1.0,0.6667,0.8,1.0,1.0,1.0,1.0,0.75,0.8571,0.45,0.12,0.810572
params_6841,5,1.0,0.5,0.6,0.7,7,0.75,1.0,0.6667,0.8,1.0,1.0,1.0,1.0,0.75,0.8571,0.45,0.12,0.810572
params_6913,5,1.0,1.0,0.6,0.3,7,0.75,1.0,0.6667,0.8,1.0,1.0,1.0,1.0,0.75,0.8571,0.45,0.12,0.810572
params_6917,5,1.0,1.0,0.6,0.5,7,0.75,1.0,0.6667,0.8,1.0,1.0,1.0,1.0,0.75,0.8571,0.45,0.12,0.810572
params_6921,5,1.0,1.0,0.6,0.7,7,0.75,1.0,0.6667,0.8,1.0,1.0,1.0,1.0,0.75,0.8571,0.45,0.12,0.810572
params_6993,5,1.0,1.2,0.6,0.3,7,0.75,1.0,0.6667,0.8,1.0,1.0,1.0,1.0,0.75,0.8571,0.45,0.12,0.810572
params_6997,5,1.0,1.2,0.6,0.5,7,0.75,1.0,0.6667,0.8,1.0,1.0,1.0,1.0,0.75,0.8571,0.45,0.12,0.810572
params_7001,5,1.0,1.2,0.6,0.7,7,0.75,1.0,0.6667,0.8,1.0,1.0,1.0,1.0,0.75,0.8571,0.45,0.12,0.810572
params_7073,5,1.0,1.5,0.6,0.3,7,0.75,1.0,0.6667,0.8,1.0,1.0,1.0,1.0,0.75,0.8571,0.45,0.12,0.810572
params_7077,5,1.0,1.5,0.6,0.5,7,0.75,1.0,0.6667,0.8,1.0,1.0,1.0,1.0,0.75,0.8571,0.45,0.12,0.810572
params_7081,5,1.0,1.5,0.6,0.7,7,0.75,1.0,0.6667,0.8,1.0,1.0,1.0,1.0,0.75,0.8571,0.45,0.12,0.810572
params_0365,2,0.5,2.0,0.6,1.0,7,0.75,1.0,1.0,1.0,0,0.0,0,1.0,0.75,0.8571,0.3,0.25,0.80858
params_0366,2,0.5,2.0,0.6,1.0,14,0.75,1.0,1.0,1.0,0,0.0,0,1.0,0.75,0.8571,0.3,0.25,0.80858
params_0367,2,0.5,2.0,0.6,1.0,21,0.75,1.0,1.0,1.0,0,0.0,0,1.0,0.75,0.8571,0.3,0.25,0.80858
params_0368,2,0.5,2.0,0.6,1.0,30,0.75,1.0,1.0,1.0,0,0.0,0,1.0,0.75,0.8571,0.3,0.25,0.80858
params_0765,2,0.75,2.0,0.6,1.0,7,0.75,1.0,1.0,1.0,0,0.0,0,1.0,0.75,0.8571,0.3,0.25,0.80858
params_0766,2,0.75,2.0,0.6,1.0,14,0.75,1.0,1.0,1.0,0,0.0,0,1.0,0.75,0.8571,0.3,0.25,0.80858
params_0767,2,0.75,2.0,0.6,1.0,21,0.75,1.0,1.0,1.0,0,0.0,0,1.0,0.75,0.8571,0.3,0.25,0.80858
params_0768,2,0.75,2.0,0.6,1.0,30,0.75,1.0,1.0,1.0,0,0.0,0,1.0,0.75,0.8571,0.3,0.25,0.80858
params_1165,2,1.0,2.0,0.6,1.0,7,0.75,1.0,1.0,1.0,0,0.0,0,1.0,0.75,0.8571,0.3,0.25,0.80858
params_1166,2,1.0,2.0,0.6,1.0,14,0.75,1.0,1.0,1.0,0,0.0,0,1.0,0.75,0.8571,0.3,0.25,0.80858
params_1167,2,1.0,2.0,0.6,1.0,21,0.75,1.0,1.0,1.0,0,0.0,0,1.0,0.75,0.8571,0.3,0.25,0.80858
params_1168,2,1.0,2.0,0.6,1.0,30,0.75,1.0,1.0,1.0,0,0.0,0,1.0,0.75,0.8571,0.3,0.25,0.80858
params_2365,3,0.5,2.0,0.6,1.0,7,0.75,1.0,1.0,1.0,0,0.0,0,1.0,0.75,0.8571,0.3,0.25,0.80858
params_2366,3,0.5,2.0,0.6,1.0,14,0.75,1.0,1.0,1.0,0,0.0,0,1.0,0.75,0.8571,0.3,0.25,0.80858
params_2367,3,0.5,2.0,0.6,1.0,21,0.75,1.0,1.0,1.0,0,0.0,0,1.0,0.75,0.8571,0.3,0.25,0.80858
params_2368,3,0.5,2.0,0.6,1.0,30,0.75,1.0,1.0,1.0,0,0.0,0,1.0,0.75,0.8571,0.3,0.25,0.80858
params_2765,3,0.75,2.0,0.6,1.0,7,0.75,1.0,1.0,1.0,0,0.0,0,1.0,0.75,0.8571,0.3,0.25,0.80858
params_2766,3,0.75,2.0,0.6,1.0,14,0.75,1.0,1.0,1.0,0,0.0,0,1.0,0.75,0.8571,0.3,0.25,0.80858
params_2767,3,0.75,2.0,0.6,1.0,21,0.75,1.0,1.0,1.0,0,0.0,0,1.0,0.75,0.8571,0.3,0.25,0.80858
params_2768,3,0.75,2.0,0.6,1.0,30,0.75,1.0,1.0,1.0,0,0.0,0,1.0,0.75,0.8571,0.3,0.25,0.80858
params_3165,3,1.0,2.0,0.6,1.0,7,0.75,1.0,1.0,1.0,0,0.0,0,1.0,0.75,0.8571,0.3,0.25,0.80858
params_3166,3,1.0,2.0,0.6,1.0,14,0.75,1.0,1.0,1.0,0,0.0,0,1.0,0.75,0.8571,0.3,0.25,0.80858
params_3167,3,1.0,2.0,0.6,1.0,21,0.75,1.0,1.0,1.0,0,0.0,0,1.0,0.75,0.8571,0.3,0.25,0.80858
params_3168,3,1.0,2.0,0.6,1.0,30,0.75,1.0,1.0,1.0,0,0.0,0,1.0,0.75,0.8571,0.3,0.25,0.80858
params_4365,4,0.5,2.0,0.6,1.0,7,0.75,1.0,1.0,1.0,0,0.0,0,1.0,0.75,0.8571,0.3,0.25,0.80858
params_4366,4,0.5,2.0,0.6,1.0,14,0.75,1.0,1.0,1.0,0,0.0,0,1.0,0.75,0.8571,0.3,0.25,0.80858
params_4367,4,0.5,2.0,0.6,1.0,21,0.75,1.0,1.0,1.0,0,0.0,0,1.0,0.75,0.8571,0.3,0.25,0.80858
params_4368,4,0.5,2.0,0.6,1.0,30,0.75,1.0,1.0,1.0,0,0.0,0,1.0,0.75,0.8571,0.3,0.25,0.80858
params_4765,4,0.75,2.0,0.6,1.0,7,0.75,1.0,1.0,1.0,0,0.0,0,1.0,0.75,0.8571,0.3,0.25,0.80858
params_4766,4,0.75,2.0,0.6,1.0,14,0.75,1.0,1.0,1.0,0,0.0,0,1.0,0.75,0.8571,0.3,0.25,0.80858
params_4767,4,0.75,2.0,0.6,1.0,21,0.75,1.0,1.0,1.0,0,0.0,0,1.0,0.75,0.8571,0.3,0.25,0.80858
params_4768,4,0.75,2.0,0.6,1.0,30,0.75,1.0,1.0,1.0,0,0.0,0,1.0,0.75,0.8571,0.3,0.25,0.80858
params_5165,4,1.0,2.0,0.6,1.0,7,0.75,1.0,1.0,1.0,0,0.0,0,1.0,0.75,0.8571,0.3,0.25,0.80858
params_5166,4,1.0,2.0,0.6,1.0,14,0.75,1.0,1.0,1.0,0,0.0,0,1.0,0.75,0.8571,0.3,0.25,0.80858
params_5167,4,1.0,2.0,0.6,1.0,21,0.75,1.0,1.0,1.0,0,0.0,0,1.0,0.75,0.8571,0.3,0.25,0.80858
params_5168,4,1.0,2.0,0.6,1.0,30,0.75,1.0,1.0,1.0,0,0.0,0,1.0,0.75,0.8571,0.3,0.25,0.80858
params_6365,5,0.5,2.0,0.6,1.0,7,0.75,1.0,1.0,1.0,0,0.0,0,1.0,0.75,0.8571,0.3,0.25,0.80858
params_6366,5,0.5,2.0,0.6,1.0,14,0.75,1.0,1.0,1.0,0,0.0,0,1.0,0.75,0.8571,0.3,0.25,0.80858
params_6367,5,0.5,2.0,0.6,1.0,21,0.75,1.0,1.0,1.0,0,0.0,0,1.0,0.75,0.8571,0.3,0.25,0.80858
params_6368,5,0.5,2.0,0.6,1.0,30,0.75,1.0,1.0,1.0,0,0.0,0,1.0,0.75,0.8571,0.3,0.25,0.80858
params_6765,5,0.75,2.0,0.6,1.0,7,0.75,1.0,1.0,1.0,0,0.0,0,1.0,0.75,0.8571,0.3,0.25,0.80858
params_6766,5,0.75,2.0,0.6,1.0,14,0.75,1.0,1.0,1.0,0,0.0,0,1.0,0.75,0.8571,0.3,0.25,0.80858
params_6767,5,0.75,2.0,0.6,1.0,21,0.75,1.0,1.0,1.0,0,0.0,0,1.0,0.75,0.8571,0.3,0.25,0.80858
params_6768,5,0.75,2.0,0.6,1.0,30,0.75,1.0,1.0,1.0,0,0.0,0,1.0,0.75,0.8571,0.3,0.25,0.80858
params_7165,5,1.0,2.0,0.6,1.0,7,0.75,1.0,1.0,1.0,0,0.0,0,1.0,0.75,0.8571,0.3,0.25,0.80858
params_7166,5,1.0,2.0,0.6,1.0,14,0.75,1.0,1.0,1.0,0,0.0,0,1.0,0.75,0.8571,0.3,0.25,0.80858
params_7167,5,1.0,2.0,0.6,1.0,21,0.75,1.0,1.0,1.0,0,0.0,0,1.0,0.75,0.8571,0.3,0.25,0.80858
params_7168,5,1.0,2.0,0.6,1.0,30,0.75,1.0,1.0,1.0,0,0.0,0,1.0,0.75,0.8571,0.3,0.25,0.80858
params_0017,2,0.5,0.5,0.5,0.3,7,0.75,1.0,0.6667,0.8,1.0,1.0,1.0,1.0,0.75,0.8571,0.5,0.14,0.804774
params_0018,2,0.5,0.5,0.5,0.3,14,0.75,1.0,0.6667,0.8,1.0,1.0,1.0,1.0,0.75,0.8571,0.5,0.14,0.804774
params_0019,2,0.5,0.5,0.5,0.3,21,0.75,1.0,0.6667,0.8,1.0,1.0,1.0,1.0,0.75,0.8571,0.5,0.14,0.804774
params_0020,2,0.5,0.5,0.5,0.3,30,0.75,1.0,0.6667,0.8,1.0,1.0,1.0,1.0,0.75,0.8571,0.5,0.14,0.804774
params_0021,2,0.5,0.5,0.5,0.5,7,0.75,1.0,0.6667,0.8,1.0,1.0,1.0,1.0,0.75,0.8571,0.5,0.14,0.804774
params_0022,2,0.5,0.5,0.5,0.5,14,0.75,1.0,0.6667,0.8,1.0,1.0,1.0,1.0,0.75,0.8571,0.5,0.14,0.804774
params_0023,2,0.5,0.5,0.5,0.5,21,0.75,1.0,0.6667,0.8,1.0,1.0,1.0,1.0,0.75,0.8571,0.5,0.14,0.804774
params_0024,2,0.5,0.5,0.5,0.5,30,0.75,1.0,0.6667,0.8,1.0,1.0,1.0,1.0,0.75,0.8571,0.5,0.14,0.804774
params_0025,2,0.5,0.5,0.5,0.7,7,0.75,1.0,0.6667,0.8,1.0,1.0,1.0,1.0,0.75,0.8571,0.5,0.14,0.804774
params_0026,2,0.5,0.5,0.5,0.7,14,0.75,1.0,0.6667,0.8,1.0,1.0,1.0,1.0,0.75,0.8571,0.5,0.14,0.804774
params_0027,2,0.5,0.5,0.5,0.7,21,0.75,1.0,0.6667,0.8,1.0,1.0,1.0,1.0,0.75,0.8571,0.5,0.14,0.804774
params_0028,2,0.5,0.5,0.5,0.7,30,0.75,1.0,0.6667,0.8,1.0,1.0,1.0,1.0,0.75,0.8571,0.5,0.14,0.804774
params_0097,2,0.5,1.0,0.5,0.3,7,0.75,1.0,0.6667,0.8,1.0,1.0,1.0,1.0,0.75,0.8571,0.5,0.14,0.804774
params_0098,2,0.5,1.0,0.5,0.3,14,0.75,1.0,0.6667,0.8,1.0,1.0,1.0,1.0,0.75,0.8571,0.5,0.14,0.804774
params_0099,2,0.5,1.0,0.5,0.3,21,0.75,1.0,0.6667,0.8,1.0,1.0,1.0,1.0,0.75,0.8571,0.5,0.14,0.804774
params_0100,2,0.5,1.0,0.5,0.3,30,0.75,1.0,0.6667,0.8,1.0,1.0,1.0,1.0,0.75,0.8571,0.5,0.14,0.804774
params_0101,2,0.5,1.0,0.5,0.5,7,0.75,1.0,0.6667,0.8,1.0,1.0,1.0,1.0,0.75,0.8571,0.5,0.14,0.804774
params_0102,2,0.5,1.0,0.5,0.5,14,0.75,1.0,0.6667,0.8,1.0,1.0,1.0,1.0,0.75,0.8571,0.5,0.14,0.804774
params_0103,2,0.5,1.0,0.5,0.5,21,0.75,1.0,0.6667,0.8,1.0,1.0,1.0,1.0,0.75,0.8571,0.5,0.14,0.804774
params_0104,2,0.5,1.0,0.5,0.5,30,0.75,1.0,0.6667,0.8,1.0,1.0,1.0,1.0,0.75,0.8571,0.5,0.14,0.804774
params_0105,2,0.5,1.0,0.5,0.7,7,0.75,1.0,0.6667,0.8,1.0,1.0,1.0,1.0,0.75,0.8571,0.5,0.14,0.804774
params_0106,2,0.5,1.0,0.5,0.7,14,0.75,1.0,0.6667,0.8,1.0,1.0,1.0,1.0,0.75,0.8571,0.5,0.14,0.804774
params_0107,2,0.5,1.0,0.5,0.7,21,0.75,1.0,0.6667,0.8,1.0,1.0,1.0,1.0,0.75,0.8571,0.5,0.14,0.804774
params_0108,2,0.5,1.0,0.5,0.7,30,0.75,1.0,0.6667,0.8,1.0,1.0,1.0,1.0,0.75,0.8571,0.5,0.14,0.804774
params_0177,2,0.5,1.2,0.5,0.3,7,0.75,1.0,0.6667,0.8,1.0,1.0,1.0,1.0,0.75,0.8571,0.5,0.14,0.804774
params_0178,2,0.5,1.2,0.5,0.3,14,0.75,1.0,0.6667,0.8,1.0,1.0,1.0,1.0,0.75,0.8571,0.5,0.14,0.804774
params_0179,2,0.5,1.2,0.5,0.3,21,0.75,1.0,0.6667,0.8,1.0,1.0,1.0,1.0,0.75,0.8571,0.5,0.14,0.804774
params_0180,2,0.5,1.2,0.5,0.3,30,0.75,1.0,0.6667,0.8,1.0,1.0,1.0,1.0,0.75,0.8571,0.5,0.14,0.804774
params_0181,2,0.5,1.2,0.5,0.5,7,0.75,1.0,0.6667,0.8,1.0,1.0,1.0,1.0,0.75,0.8571,0.5,0.14,0.804774
params_0182,2,0.5,1.2,0.5,0.5,14,0.75,1.0,0.6667,0.8,1.0,1.0,1.0,1.0,0.75,0.8571,0.5,0.14,0.804774
params_0183,2,0.5,1.2,0.5,0.5,21,0.75,1.0,0.6667,0.8,1.0,1.0,1.0,1.0,0.75,0.8571,0.5,0.14,0.804774
params_0184,2,0.5,1.2,0.5,0.5,30,0.75,1.0,0.6667,0.8,1.0,1.0,1.0,1.0,0.75,0.8571,0.5,0.14,0.804774
params_0185,2,0.5,1.2,0.5,0.7,7,0.75,1.0,0.6667,0.8,1.0,1.0,1.0,1.0,0.75,0.8571,0.5,0.14,0.804774
params_0186,2,0.5,1.2,0.5,0.7,14,0.75,1.0,0.6667,0.8,1.0,1.0,1.0,1.0,0.75,0.8571,0.5,0.14,0.804774
params_0187,2,0.5,1.2,0.5,0.7,21,0.75,1.0,0.6667,0.8,1.0,1.0,1.0,1.0,0.75,0.8571,0.5,0.14,0.804774
params_0188,2,0.5,1.2,0.5,0.7,30,0.75,1.0,0.6667,0.8,1.0,1.0,1.0,1.0,0.75,0.8571,0.5,0.14,0.804774
params_0257,2,0.5,1.5,0.5,0.3,7,0.75,1.0,0.6667,0.8,1.0,1.0,1.0,1.0,0.75,0.8571,0.5,0.14,0.804774
params_0258,2,0.5,1.5,0.5,0.3,14,0.75,1.0,0.6667,0.8,1.0,1.0,1.0,1.0,0.75,0.8571,0.5,0.14,0.804774
params_0259,2,0.5,1.5,0.5,0.3,21,0.75,1.0,0.6667,0.8,1.0,1.0,1.0,1.0,0.75,0.8571,0.5,0.14,0.804774
params_0260,2,0.5,1.5,0.5,0.3,30,0.75,1.0,0.6667,0.8,1.0,1.0,1.0,1.0,0.75,0.8571,0.5,0.14,0.804774
params_0261,2,0.5,1.5,0.5,0.5,7,0.75,1.0,0.6667,0.8,1.0,1.0,1.0,1.0,0.75,0.8571,0.5,0.14,0.804774
params_0262,2,0.5,1.5,0.5,0.5,14,0.75,1.0,0.6667,0.8,1.0,1.0,1.0,1.0,0.75,0.8571,0.5,0.14,0.804774
params_0263,2,0.5,1.5,0.5,0.5,21,0.75,1.0,0.6667,0.8,1.0,1.0,1.0,1.0,0.75,0.8571,0.5,0.14,0.804774
params_0264,2,0.5,1.5,0.5,0.5,30,0.75,1.0,0.6667,0.8,1.0,1.0,1.0,1.0,0.75,0.8571,0.5,0.14,0.804774
params_0265,2,0.5,1.5,0.5,0.7,7,0.75,1.0,0.6667,0.8,1.0,1.0,1.0,1.0,0.75,0.8571,0.5,0.14,0.804774
params_0266,2,0.5,1.5,0.5,0.7,14,0.75,1.0,0.6667,0.8,1.0,1.0,1.0,1.0,0.75,0.8571,0.5,0.14,0.804774
params_0267,2,0.5,1.5,0.5,0.7,21,0.75,1.0,0.6667,0.8,1.0,1.0,1.0,1.0,0.75,0.8571,0.5,0.14,0.804774
params_0268,2,0.5,1.5,0.5,0.7,30,0.75,1.0,0.6667,0.8,1.0,1.0,1.0,1.0,0.75,0.8571,0.5,0.14,0.804774
params_0417,2,0.75,0.5,0.5,0.3,7,0.75,1.0,0.6667,0.8,1.0,1.0,1.0,1.0,0.75,0.8571,0.5,0.14,0.804774
params_0418,2,0.75,0.5,0.5,0.3,14,0.75,1.0,0.6667,0.8,1.0,1.0,1.0,1.0,0.75,0.8571,0.5,0.14,0.804774
params_0419,2,0.75,0.5,0.5,0.3,21,0.75,1.0,0.6667,0.8,1.0,1.0,1.0,1.0,0.75,0.8571,0.5,0.14,0.804774
params_0420,2,0.75,0.5,0.5,0.3,30,0.75,1.0,0.6667,0.8,1.0,1.0,1.0,1.0,0.75,0.8571,0.5,0.14,0.804774
params_0421,2,0.75,0.5,0.5,0.5,7,0.75,1.0,0.6667,0.8,1.0,1.0,1.0,1.0,0.75,0.8571,0.5,0.14,0.804774
params_0422,2,0.75,0.5,0.5,0.5,14,0.75,1.0,0.6667,0.8,1.0,1.0,1.0,1.0,0.75,0.8571,0.5,0.14,0.804774
params_0423,2,0.75,0.5,0.5,0.5,21,0.75,1.0,0.6667,0.8,1.0,1.0,1.0,1.0,0.75,0.8571,0.5,0.14,0.804774
params_0424,2,0.75,0.5,0.5,0.5,30,0.75,1.0,0.6667,0.8,1.0,1.0,1.0,1.0,0.75,0.8571,0.5,0.14,0.804774
params_0425,2,0.75,0.5,0.5,0.7,7,0.75,1.0,0.6667,0.8,1.0,1.0,1.0,1.0,0.75,0.8571,0.5,0.14,0.804774
params_0426,2,0.75,0.5,0.5,0.7,14,0.75,1.0,0.6667,0.8,1.0,1.0,1.0,1.0,0.75,0.8571,0.5,0.14,0.804774
params_0427,2,0.75,0.5,0.5,0.7,21,0.75,1.0,0.6667,0.8,1.0,1.0,1.0,1.0,0.75,0.8571,0.5,0.14,0.804774
params_0428,2,0.75,0.5,0.5,0.7,30,0.75,1.0,0.6667,0.8,1.0,1.0,1.0,1.0,0.75,0.8571,0.5,0.14,0.804774
params_0497,2,0.75,1.0,0.5,0.3,7,0.75,1.0,0.6667,0.8,1.0,1.0,1.0,1.0,0.75,0.8571,0.5,0.14,0.804774
params_0498,2,0.75,1.0,0.5,0.3,14,0.75,1.0,0.6667,0.8,1.0,1.0,1.0,1.0,0.75,0.8571,0.5,0.14,0.804774
params_0499,2,0.75,1.0,0.5,0.3,21,0.75,1.0,0.6667,0.8,1.0,1.0,1.0,1.0,0.75,0.8571,0.5,0.14,0.804774
params_0500,2,0.75,1.0,0.5,0.3,30,0.75,1.0,0.6667,0.8,1.0,1.0,1.0,1.0,0.75,0.8571,0.5,0.14,0.804774
params_0501,2,0.75,1.0,0.5,0.5,7,0.75,1.0,0.6667,0.8,1.0,1.0,1.0,1.0,0.75,0.8571,0.5,0.14,0.804774
params_0502,2,0.75,1.0,0.5,0.5,14,0.75,1.0,0.6667,0.8,1.0,1.0,1.0,1.0,0.75,0.8571,0.5,0.14,0.804774
params_0503,2,0.75,1.0,0.5,0.5,21,0.75,1.0,0.6667,0.8,1.0,1.0,1.0,1.0,0.75,0.8571,0.5,0.14,0.804774
params_0504,2,0.75,1.0,0.5,0.5,30,0.75,1.0,0.6667,0.8,1.0,1.0,1.0,1.0,0.75,0.8571,0.5,0.14,0.804774
params_0505,2,0.75,1.0,0.5,0.7,7,0.75,1.0,0.6667,0.8,1.0,1.0,1.0,1.0,0.75,0.8571,0.5,0.14,0.804774
params_0506,2,0.75,1.0,0.5,0.7,14,0.75,1.0,0.6667,0.8,1.0,1.0,1.0,1.0,0.75,0.8571,0.5,0.14,0.804774
params_0507,2,0.75,1.0,0.5,0.7,21,0.75,1.0,0.6667,0.8,1.0,1.0,1.0,1.0,0.75,0.8571,0.5,0.14,0.804774
params_0508,2,0.75,1.0,0.5,0.7,30,0.75,1.0,0.6667,0.8,1.0,1.0,1.0,1.0,0.75,0.8571,0.5,0.14,0.804774
params_0577,2,0.75,1.2,0.5,0.3,7,0.75,1.0,0.6667,0.8,1.0,1.0,1.0,1.0,0.75,0.8571,0.5,0.14,0.804774
params_0578,2,0.75,1.2,0.5,0.3,14,0.75,1.0,0.6667,0.8,1.0,1.0,1.0,1.0,0.75,0.8571,0.5,0.14,0.804774
params_0579,2,0.75,1.2,0.5,0.3,21,0.75,1.0,0.6667,0.8,1.0,1.0,1.0,1.0,0.75,0.8571,0.5,0.14,0.804774
params_0580,2,0.75,1.2,0.5,0.3,30,0.75,1.0,0.6667,0.8,1.0,1.0,1.0,1.0,0.75,0.8571,0.5,0.14,0.804774
params_0581,2,0.75,1.2,0.5,0.5,7,0.75,1.0,0.6667,0.8,1.0,1.0,1.0,1.0,0.75,0.8571,0.5,0.14,0.804774
params_0582,2,0.75,1.2,0.5,0.5,14,0.75,1.0,0.6667,0.8,1.0,1.0,1.0,1.0,0.75,0.8571,0.5,0.14,0.804774
params_0583,2,0.75,1.2,0.5,0.5,21,0.75,1.0,0.6667,0.8,1.0,1.0,1.0,1.0,0.75,0.8571,0.5,0.14,0.804774
params_0584,2,0.75,1.2,0.5,0.5,30,0.75,1.0,0.6667,0.8,1.0,1.0,1.0,1.0,0.75,0.8571,0.5,0.14,0.804774
params_0585,2,0.75,1.2,0.5,0.7,7,0.75,1.0,0.6667,0.8,1.0,1.0,1.0,1.0,0.75,0.8571,0.5,0.14,0.804774
params_0586,2,0.75,1.2,0.5,0.7,14,0.75,1.0,0.6667,0.8,1.0,1.0,1.0,1.0,0.75,0.8571,0.5,0.14,0.804774
params_0587,2,0.75,1.2,0.5,0.7,21,0.75,1.0,0.6667,0.8,1.0,1.0,1.0,1.0,0.75,0.8571,0.5,0.14,0.804774
params_0588,2,0.75,1.2,0.5,0.7,30,0.75,1.0,0.6667,0.8,1.0,1.0,1.0,1.0,0.75,0.8571,0.5,0.14,0.804774
params_0657,2,0.75,1.5,0.5,0.3,7,0.75,1.0,0.6667,0.8,1.0,1.0,1.0,1.0,0.75,0.8571,0.5,0.14,0.804774
params_0658,2,0.75,1.5,0.5,0.3,14,0.75,1.0,0.6667,0.8,1.0,1.0,1.0,1.0,0.75,0.8571,0.5,0.14,0.804774
params_0659,2,0.75,1.5,0.5,0.3,21,0.75,1.0,0.6667,0.8,1.0,1.0,1.0,1.0,0.75,0.8571,0.5,0.14,0.804774
params_0660,2,0.75,1.5,0.5,0.3,30,0.75,1.0,0.6667,0.8,1.0,1.0,1.0,1.0,0.75,0.8571,0.5,0.14,0.804774
params_0661,2,0.75,1.5,0.5,0.5,7,0.75,1.0,0.6667,0.8,1.0,1.0,1.0,1.0,0.75,0.8571,0.5,0.14,0.804774
params_0662,2,0.75,1.5,0.5,0.5,14,0.75,1.0,0.6667,0.8,1.0,1.0,1.0,1.0,0.75,0.8571,0.5,0.14,0.804774
params_0663,2,0.75,1.5,0.5,0.5,21,0.75,1.0,0.6667,0.8,1.0,1.0,1.0,1.0,0.75,0.8571,0.5,0.14,0.804774
params_0664,2,0.75,1.5,0.5,0.5,30,0.75,1.0,0.6667,0.8,1.0,1.0,1.0,1.0,0.75,0.8571,0.5,0.14,0.804774
params_0665,2,0.75,1.5,0.5,0.7,7,0.75,1.0,0.6667,0.8,1.0,1.0,1.0,1.0,0.75,0.8571,0.5,0.14,0.804774
params_0666,2,0.75,1.5,0.5,0.7,14,0.75,1.0,0.6667,0.8,1.0,1.0,1.0,1.0,0.75,0.8571,0.5,0.14,0.804774
params_0667,2,0.75,1.5,0.5,0.7,21,0.75,1.0,0.6667,0.8,1.0,1.0,1.0,1.0,0.75,0.8571,0.5,0.14,0.804774
params_0668,2,0.75,1.5,0.5,0.7,30,0.75,1.0,0.6667,0.8,1.0,1.0,1.0,1.0,0.75,0.8571,0.5,0.14,0.804774
params_0817,2,1.0,0.5,0.5,0.3,7,0.75,1.0,0.6667,0.8,1.0,1.0,1.0,1.0,0.75,0.8571,0.5,0.14,0.804774
params_0818,2,1.0,0.5,0.5,0.3,14,0.75,1.0,0.6667,0.8,1.0,1.0,1.0,1.0,0.75,0.8571,0.5,0.14,0.804774
params_0819,2,1.0,0.5,0.5,0.3,21,0.75,1.0,0.6667,0.8,1.0,1.0,1.0,1.0,0.75,0.8571,0.5,0.14,0.804774
params_0820,2,1.0,0.5,0.5,0.3,30,0.75,1.0,0.6667,0.8,1.0,1.0,1.0,1.0,0.75,0.8571,0.5,0.14,0.804774
params_0821,2,1.0,0.5,0.5,0.5,7,0.75,1.0,0.6667,0.8,1.0,1.0,1.0,1.0,0.75,0.8571,0.5,0.14,0.804774
params_0822,2,1.0,0.5,0.5,0.5,14,0.75,1.0,0.6667,0.8,1.0,1.0,1.0,1.0,0.75,0.8571,0.5,0.14,0.804774
params_0823,2,1.0,0.5,0.5,0.5,21,0.75,1.0,0.6667,0.8,1.0,1.0,1.0,1.0,0.75,0.8571,0.5,0.14,0.804774
params_0824,2,1.0,0.5,0.5,0.5,30,0.75,1.0,0.6667,0.8,1.0,1.0,1.0,1.0,0.75,0.8571,0.5,0.14,0.804774
params_0825,2,1.0,0.5,0.5,0.7,7,0.75,1.0,0.6667,0.8,1.0,1.0,1.0,1.0,0.75,0.8571,0.5,0.14,0.804774
params_0826,2,1.0,0.5,0.5,0.7,14,0.75,1.0,0.6667,0.8,1.0,1.0,1.0,1.0,0.75,0.8571,0.5,0.14,0.804774
params_0827,2,1.0,0.5,0.5,0.7,21,0.75,1.0,0.6667,0.8,1.0,1.0,1.0,1.0,0.75,0.8571,0.5,0.14,0.804774
params_0828,2,1.0,0.5,0.5,0.7,30,0.75,1.0,0.6667,0.8,1.0,1.0,1.0,1.0,0.75,0.8571,0.5,0.14,0.804774
params_0897,2,1.0,1.0,0.5,0.3,7,0.75,1.0,0.6667,0.8,1.0,1.0,1.0,1.0,0.75,0.8571,0.5,0.14,0.804774
params_0898,2,1.0,1.0,0.5,0.3,14,0.75,1.0,0.6667,0.8,1.0,1.0,1.0,1.0,0.75,0.8571,0.5,0.14,0.804774
params_0899,2,1.0,1.0,0.5,0.3,21,0.75,1.0,0.6667,0.8,1.0,1.0,1.0,1.0,0.75,0.8571,0.5,0.14,0.804774
params_0900,2,1.0,1.0,0.5,0.3,30,0.75,1.0,0.6667,0.8,1.0,1.0,1.0,1.0,0.75,0.8571,0.5,0.14,0.804774
params_0901,2,1.0,1.0,0.5,0.5,7,0.75,1.0,0.6667,0.8,1.0,1.0,1.0,1.0,0.75,0.8571,0.5,0.14,0.804774
params_0902,2,1.0,1.0,0.5,0.5,14,0.75,1.0,0.6667,0.8,1.0,1.0,1.0,1.0,0.75,0.8571,0.5,0.14,0.804774
params_0903,2,1.0,1.0,0.5,0.5,21,0.75,1.0,0.6667,0.8,1.0,1.0,1.0,1.0,0.75,0.8571,0.5,0.14,0.804774
params_0904,2,1.0,1.0,0.5,0.5,30,0.75,1.0,0.6667,0.8,1.0,1.0,1.0,1.0,0.75,0.8571,0.5,0.14,0.804774
params_0905,2,1.0,1.0,0.5,0.7,7,0.75,1.0,0.6667,0.8,1.0,1.0,1.0,1.0,0.75,0.8571,0.5,0.14,0.804774
params_0906,2,1.0,1.0,0.5,0.7,14,0.75,1.0,0.6667,0.8,1.0,1.0,1.0,1.0,0.75,0.8571,0.5,0.14,0.804774
params_0907,2,1.0,1.0,0.5,0.7,21,0.75,1.0,0.6667,0.8,1.0,1.0,1.0,1.0,0.75,0.8571,0.5,0.14,0.804774
params_0908,2,1.0,1.0,0.5,0.7,30,0.75,1.0,0.6667,0.8,1.0,1.0,1.0,1.0,0.75,0.8571,0.5,0.14,0.804774
params_0977,2,1.0,1.2,0.5,0.3,7,0.75,1.0,0.6667,0.8,1.0,1.0,1.0,1.0,0.75,0.8571,0.5,0.14,0.804774
params_0978,2,1.0,1.2,0.5,0.3,14,0.75,1.0,0.6667,0.8,1.0,1.0,1.0,1.0,0.75,0.8571,0.5,0.14,0.804774
params_0979,2,1.0,1.2,0.5,0.3,21,0.75,1.0,0.6667,0.8,1.0,1.0,1.0,1.0,0.75,0.8571,0.5,0.14,0.804774
params_0980,2,1.0,1.2,0.5,0.3,30,0.75,1.0,0.6667,0.8,1.0,1.0,1.0,1.0,0.75,0.8571,0.5,0.14,0.804774
params_0981,2,1.0,1.2,0.5,0.5,7,0.75,1.0,0.6667,0.8,1.0,1.0,1.0,1.0,0.75,0.8571,0.5,0.14,0.804774
params_0982,2,1.0,1.2,0.5,0.5,14,0.75,1.0,0.6667,0.8,1.0,1.0,1.0,1.0,0.75,0.8571,0.5,0.14,0.804774
params_0983,2,1.0,1.2,0.5,0.5,21,0.75,1.0,0.6667,0.8,1.0,1.0,1.0,1.0,0.75,0.8571,0.5,0.14,0.804774
params_0984,2,1.0,1.2,0.5,0.5,30,0.75,1.0,0.6667,0.8,1.0,1.0,1.0,1.0,0.75,0.8571,0.5,0.14,0.804774
params_0985,2,1.0,1.2,0.5,0.7,7,0.75,1.0,0.6667,0.8,1.0,1.0,1.0,1.0,0.75,0.8571,0.5,0.14,0.804774
params_0986,2,1.0,1.2,0.5,0.7,14,0.75,1.0,0.6667,0.8,1.0,1.0,1.0,1.0,0.75,0.8571,0.5,0.14,0.804774
params_0987,2,1.0,1.2,0.5,0.7,21,0.75,1.0,0.6667,0.8,1.0,1.0,1.0,1.0,0.75,0.8571,0.5,0.14,0.804774
params_0988,2,1.0,1.2,0.5,0.7,30,0.75,1.0,0.6667,0.8,1.0,1.0,1.0,1.0,0.75,0.8571,0.5,0.14,0.804774
params_1057,2,1.0,1.5,0.5,0.3,7,0.75,1.0,0.6667,0.8,1.0,1.0,1.0,1.0,0.75,0.8571,0.5,0.14,0.804774
params_1058,2,1.0,1.5,0.5,0.3,14,0.75,1.0,0.6667,0.8,1.0,1.0,1.0,1.0,0.75,0.8571,0.5,0.14,0.804774
params_1059,2,1.0,1.5,0.5,0.3,21,0.75,1.0,0.6667,0.8,1.0,1.0,1.0,1.0,0.75,0.8571,0.5,0.14,0.804774
params_1060,2,1.0,1.5,0.5,0.3,30,0.75,1.0,0.6667,0.8,1.0,1.0,1.0,1.0,0.75,0.8571,0.5,0.14,0.804774
params_1061,2,1.0,1.5,0.5,0.5,7,0.75,1.0,0.6667,0.8,1.0,1.0,1.0,1.0,0.75,0.8571,0.5,0.14,0.804774
params_1062,2,1.0,1.5,0.5,0.5,14,0.75,1.0,0.6667,0.8,1.0,1.0,1.0,1.0,0.75,0.8571,0.5,0.14,0.804774
params_1063,2,1.0,1.5,0.5,0.5,21,0.75,1.0,0.6667,0.8,1.0,1.0,1.0,1.0,0.75,0.8571,0.5,0.14,0.804774
params_1064,2,1.0,1.5,0.5,0.5,30,0.75,1.0,0.6667,0.8,1.0,1.0,1.0,1.0,0.75,0.8571,0.5,0.14,0.804774
params_1065,2,1.0,1.5,0.5,0.7,7,0.75,1.0,0.6667,0.8,1.0,1.0,1.0,1.0,0.75,0.8571,0.5,0.14,0.804774
params_1066,2,1.0,1.5,0.5,0.7,14,0.75,1.0,0.6667,0.8,1.0,1.0,1.0,1.0,0.75,0.8571,0.5,0.14,0.804774
params_1067,2,1.0,1.5,0.5,0.7,21,0.75,1.0,0.6667,0.8,1.0,1.0,1.0,1.0,0.75,0.8571,0.5,0.14,0.804774
params_1068,2,1.0,1.5,0.5,0.7,30,0.75,1.0,0.6667,0.8,1.0,1.0,1.0,1.0,0.75,0.8571,0.5,0.14,0.804774
params_2017,3,0.5,0.5,0.5,0.3,7,0.75,1.0,0.6667,0.8,1.0,1.0,1.0,1.0,0.75,0.8571,0.5,0.14,0.804774
params_2018,3,0.5,0.5,0.5,0.3,14,0.75,1.0,0.6667,0.8,1.0,1.0,1.0,1.0,0.75,0.8571,0.5,0.14,0.804774
params_2019,3,0.5,0.5,0.5,0.3,21,0.75,1.0,0.6667,0.8,1.0,1.0,1.0,1.0,0.75,0.8571,0.5,0.14,0.804774
params_2020,3,0.5,0.5,0.5,0.3,30,0.75,1.0,0.6667,0.8,1.0,1.0,1.0,1.0,0.75,0.8571,0.5,0.14,0.804774
params_2021,3,0.5,0.5,0.5,0.5,7,0.75,1.0,0.6667,0.8,1.0,1.0,1.0,1.0,0.75,0.8571,0.5,0.14,0.804774
params_2022,3,0.5,0.5,0.5,0.5,14,0.75,1.0,0.6667,0.8,1.0,1.0,1.0,1.0,0.75,0.8571,0.5,0.14,0.804774
params_2023,3,0.5,0.5,0.5,0.5,21,0.75,1.0,0.6667,0.8,1.0,1.0,1.0,1.0,0.75,0.8571,0.5,0.14,0.804774
params_2024,3,0.5,0.5,0.5,0.5,30,0.75,1.0,0.6667,0.8,1.0,1.0,1.0,1.0,0.75,0.8571,0.5,0.14,0.804774
params_2025,3,0.5,0.5,0.5,0.7,7,0.75,1.0,0.6667,0.8,1.0,1.0,1.0,1.0,0.75,0.8571,0.5,0.14,0.804774
params_2026,3,0.5,0.5,0.5,0.7,14,0.75,1.0,0.6667,0.8,1.0,1.0,1.0,1.0,0.75,0.8571,0.5,0.14,0.804774
params_2027,3,0.5,0.5,0.5,0.7,21,0.75,1.0,0.6667,0.8,1.0,1.0,1.0,1.0,0.75,0.8571,0.5,0.14,0.804774
params_2028,3,0.5,0.5,0.5,0.7,30,0.75,1.0,0.6667,0.8,1.0,1.0,1.0,1.0,0.75,0.8571,0.5,0.14,0.804774
params_2097,3,0.5,1.0,0.5,0.3,7,0.75,1.0,0.6667,0.8,1.0,1.0,1.0,1.0,0.75,0.8571,0.5,0.14,0.804774
params_2098,3,0.5,1.0,0.5,0.3,14,0.75,1.0,0.6667,0.8,1.0,1.0,1.0,1.0,0.75,0.8571,0.5,0.14,0.804774
params_2099,3,0.5,1.0,0.5,0.3,21,0.75,1.0,0.6667,0.8,1.0,1.0,1.0,1.0,0.75,0.8571,0.5,0.14,0.804774
params_2100,3,0.5,1.0,0.5,0.3,30,0.75,1.0,0.6667,0.8,1.0,1.0,1.0,1.0,0.75,0.8571,0.5,0.14,0.804774
params_2101,3,0.5,1.0,0.5,0.5,7,0.75,1.0,0.6667,0.8,1.0,1.0,1.0,1.0,0.75,0.8571,0.5,0.14,0.804774
params_2102,3,0.5,1.0,0.5,0.5,14,0.75,1.0,0.6667,0.8,1.0,1.0,1.0,1.0,0.75,0.8571,0.5,0.14,0.804774
params_2103,3,0.5,1.0,0.5,0.5,21,0.75,1.0,0.6667,0.8,1.0,1.0,1.0,1.0,0.75,0.8571,0.5,0.14,0.804774
params_2104,3,0.5,1.0,0.5,0.5,30,0.75,1.0,0.6667,0.8,1.0,1.0,1.0,1.0,0.75,0.8571,0.5,0.14,0.804774
params_2105,3,0.5,1.0,0.5,0.7,7,0.75,1.0,0.6667,0.8,1.0,1.0,1.0,1.0,0.75,0.8571,0.5,0.14,0.804774
params_2106,3,0.5,1.0,0.5,0.7,14,0.75,1.0,0.6667,0.8,1.0,1.0,1.0,1.0,0.75,0.8571,0.5,0.14,0.804774
params_2107,3,0.5,1.0,0.5,0.7,21,0.75,1.0,0.6667,0.8,1.0,1.0,1.0,1.0,0.75,0.8571,0.5,0.14,0.804774
params_2108,3,0.5,1.0,0.5,0.7,30,0.75,1.0,0.6667,0.8,1.0,1.0,1.0,1.0,0.75,0.8571,0.5,0.14,0.804774
params_2177,3,0.5,1.2,0.5,0.3,7,0.75,1.0,0.6667,0.8,1.0,1.0,1.0,1.0,0.75,0.8571,0.5,0.14,0.804774
params_2178,3,0.5,1.2,0.5,0.3,14,0.75,1.0,0.6667,0.8,1.0,1.0,1.0,1.0,0.75,0.8571,0.5,0.14,0.804774
params_2179,3,0.5,1.2,0.5,0.3,21,0.75,1.0,0.6667,0.8,1.0,1.0,1.0,1.0,0.75,0.8571,0.5,0.14,0.804774
params_2180,3,0.5,1.2,0.5,0.3,30,0.75,1.0,0.6667,0.8,1.0,1.0,1.0,1.0,0.75,0.8571,0.5,0.14,0.804774
params_2181,3,0.5,1.2,0.5,0.5,7,0.75,1.0,0.6667,0.8,1.0,1.0,1.0,1.0,0.75,0.8571,0.5,0.14,0.804774
params_2182,3,0.5,1.2,0.5,0.5,14,0.75,1.0,0.6667,0.8,1.0,1.0,1.0,1.0,0.75,0.8571,0.5,0.14,0.804774
params_2183,3,0.5,1.2,0.5,0.5,21,0.75,1.0,0.6667,0.8,1.0,1.0,1.0,1.0,0.75,0.8571,0.5,0.14,0.804774
params_2184,3,0.5,1.2,0.5,0.5,30,0.75,1.0,0.6667,0.8,1.0,1.0,1.0,1.0,0.75,0.8571,0.5,0.14,0.804774
params_2185,3,0.5,1.2,0.5,0.7,7,0.75,1.0,0.6667,0.8,1.0,1.0,1.0,1.0,0.75,0.8571,0.5,0.14,0.804774
params_2186,3,0.5,1.2,0.5,0.7,14,0.75,1.0,0.6667,0.8,1.0,1.0,1.0,1.0,0.75,0.8571,0.5,0.14,0.804774
params_2187,3,0.5,1.2,0.5,0.7,21,0.75,1.0,0.6667,0.8,1.0,1.0,1.0,1.0,0.75,0.8571,0.5,0.14,0.804774
params_2188,3,0.5,1.2,0.5,0.7,30,0.75,1.0,0.6667,0.8,1.0,1.0,1.0,1.0,0.75,0.8571,0.5,0.14,0.804774
params_2257,3,0.5,1.5,0.5,0.3,7,0.75,1.0,0.6667,0.8,1.0,1.0,1.0,1.0,0.75,0.8571,0.5,0.14,0.804774
params_2258,3,0.5,1.5,0.5,0.3,14,0.75,1.0,0.6667,0.8,1.0,1.0,1.0,1.0,0.75,0.8571,0.5,0.14,0.804774
params_2259,3,0.5,1.5,0.5,0.3,21,0.75,1.0,0.6667,0.8,1.0,1.0,1.0,1.0,0.75,0.8571,0.5,0.14,0.804774
params_2260,3,0.5,1.5,0.5,0.3,30,0.75,1.0,0.6667,0.8,1.0,1.0,1.0,1.0,0.75,0.8571,0.5,0.14,0.804774
params_2261,3,0.5,1.5,0.5,0.5,7,0.75,1.0,0.6667,0.8,1.0,1.0,1.0,1.0,0.75,0.8571,0.5,0.14,0.804774
params_2262,3,0.5,1.5,0.5,0.5,14,0.75,1.0,0.6667,0.8,1.0,1.0,1.0,1.0,0.75,0.8571,0.5,0.14,0.804774
params_2263,3,0.5,1.5,0.5,0.5,21,0.75,1.0,0.6667,0.8,1.0,1.0,1.0,1.0,0.75,0.8571,0.5,0.14,0.804774
params_2264,3,0.5,1.5,0.5,0.5,30,0.75,1.0,0.6667,0.8,1.0,1.0,1.0,1.0,0.75,0.8571,0.5,0.14,0.804774
params_2265,3,0.5,1.5,0.5,0.7,7,0.75,1.0,0.6667,0.8,1.0,1.0,1.0,1.0,0.75,0.8571,0.5,0.14,0.804774
params_2266,3,0.5,1.5,0.5,0.7,14,0.75,1.0,0.6667,0.8,1.0,1.0,1.0,1.0,0.75,0.8571,0.5,0.14,0.804774
params_2267,3,0.5,1.5,0.5,0.7,21,0.75,1.0,0.6667,0.8,1.0,1.0,1.0,1.0,0.75,0.8571,0.5,0.14,0.804774
params_2268,3,0.5,1.5,0.5,0.7,30,0.75,1.0,0.6667,0.8,1.0,1.0,1.0,1.0,0.75,0.8571,0.5,0.14,0.804774
params_2417,3,0.75,0.5,0.5,0.3,7,0.75,1.0,0.6667,0.8,1.0,1.0,1.0,1.0,0.75,0.8571,0.5,0.14,0.804774
params_2418,3,0.75,0.5,0.5,0.3,14,0.75,1.0,0.6667,0.8,1.0,1.0,1.0,1.0,0.75,0.8571,0.5,0.14,0.804774
params_2419,3,0.75,0.5,0.5,0.3,21,0.75,1.0,0.6667,0.8,1.0,1.0,1.0,1.0,0.75,0.8571,0.5,0.14,0.804774
params_2420,3,0.75,0.5,0.5,0.3,30,0.75,1.0,0.6667,0.8,1.0,1.0,1.0,1.0,0.75,0.8571,0.5,0.14,0.804774
params_2421,3,0.75,0.5,0.5,0.5,7,0.75,1.0,0.6667,0.8,1.0,1.0,1.0,1.0,0.75,0.8571,0.5,0.14,0.804774
params_2422,3,0.75,0.5,0.5,0.5,14,0.75,1.0,0.6667,0.8,1.0,1.0,1.0,1.0,0.75,0.8571,0.5,0.14,0.804774
params_2423,3,0.75,0.5,0.5,0.5,21,0.75,1.0,0.6667,0.8,1.0,1.0,1.0,1.0,0.75,0.8571,0.5,0.14,0.804774
params_2424,3,0.75,0.5,0.5,0.5,30,0.75,1.0,0.6667,0.8,1.0,1.0,1.0,1.0,0.75,0.8571,0.5,0.14,0.804774
params_2425,3,0.75,0.5,0.5,0.7,7,0.75,1.0,0.6667,0.8,1.0,1.0,1.0,1.0,0.75,0.8571,0.5,0.14,0.804774
params_2426,3,0.75,0.5,0.5,0.7,14,0.75,1.0,0.6667,0.8,1.0,1.0,1.0,1.0,0.75,0.8571,0.5,0.14,0.804774
params_2427,3,0.75,0.5,0.5,0.7,21,0.75,1.0,0.6667,0.8,1.0,1.0,1.0,1.0,0.75,0.8571,0.5,0.14,0.804774
params_2428,3,0.75,0.5,0.5,0.7,30,0.75,1.0,0.6667,0.8,1.0,1.0,1.0,1.0,0.75,0.8571,0.5,0.14,0.804774
params_2497,3,0.75,1.0,0.5,0.3,7,0.75,1.0,0.6667,0.8,1.0,1.0,1.0,1.0,0.75,0.8571,0.5,0.14,0.804774
params_2498,3,0.75,1.0,0.5,0.3,14,0.75,1.0,0.6667,0.8,1.0,1.0,1.0,1.0,0.75,0.8571,0.5,0.14,0.804774
params_2499,3,0.75,1.0,0.5,0.3,21,0.75,1.0,0.6667,0.8,1.0,1.0,1.0,1.0,0.75,0.8571,0.5,0.14,0.804774
params_2500,3,0.75,1.0,0.5,0.3,30,0.75,1.0,0.6667,0.8,1.0,1.0,1.0,1.0,0.75,0.8571,0.5,0.14,0.804774
params_2501,3,0.75,1.0,0.5,0.5,7,0.75,1.0,0.6667,0.8,1.0,1.0,1.0,1.0,0.75,0.8571,0.5,0.14,0.804774
params_2502,3,0.75,1.0,0.5,0.5,14,0.75,1.0,0.6667,0.8,1.0,1.0,1.0,1.0,0.75,0.8571,0.5,0.14,0.804774
params_2503,3,0.75,1.0,0.5,0.5,21,0.75,1.0,0.6667,0.8,1.0,1.0,1.0,1.0,0.75,0.8571,0.5,0.14,0.804774
params_2504,3,0.75,1.0,0.5,0.5,30,0.75,1.0,0.6667,0.8,1.0,1.0,1.0,1.0,0.75,0.8571,0.5,0.14,0.804774
params_2505,3,0.75,1.0,0.5,0.7,7,0.75,1.0,0.6667,0.8,1.0,1.0,1.0,1.0,0.75,0.8571,0.5,0.14,0.804774
params_2506,3,0.75,1.0,0.5,0.7,14,0.75,1.0,0.6667,0.8,1.0,1.0,1.0,1.0,0.75,0.8571,0.5,0.14,0.804774
params_2507,3,0.75,1.0,0.5,0.7,21,0.75,1.0,0.6667,0.8,1.0,1.0,1.0,1.0,0.75,0.8571,0.5,0.14,0.804774
params_2508,3,0.75,1.0,0.5,0.7,30,0.75,1.0,0.6667,0.8,1.0,1.0,1.0,1.0,0.75,0.8571,0.5,0.14,0.804774
params_2577,3,0.75,1.2,0.5,0.3,7,0.75,1.0,0.6667,0.8,1.0,1.0,1.0,1.0,0.75,0.8571,0.5,0.14,0.804774
params_2578,3,0.75,1.2,0.5,0.3,14,0.75,1.0,0.6667,0.8,1.0,1.0,1.0,1.0,0.75,0.8571,0.5,0.14,0.804774
params_2579,3,0.75,1.2,0.5,0.3,21,0.75,1.0,0.6667,0.8,1.0,1.0,1.0,1.0,0.75,0.8571,0.5,0.14,0.804774
params_2580,3,0.75,1.2,0.5,0.3,30,0.75,1.0,0.6667,0.8,1.0,1.0,1.0,1.0,0.75,0.8571,0.5,0.14,0.804774
params_2581,3,0.75,1.2,0.5,0.5,7,0.75,1.0,0.6667,0.8,1.0,1.0,1.0,1.0,0.75,0.8571,0.5,0.14,0.804774
params_2582,3,0.75,1.2,0.5,0.5,14,0.75,1.0,0.6667,0.8,1.0,1.0,1.0,1.0,0.75,0.8571,0.5,0.14,0.804774
params_2583,3,0.75,1.2,0.5,0.5,21,0.75,1.0,0.6667,0.8,1.0,1.0,1.0,1.0,0.75,0.8571,0.5,0.14,0.804774
params_2584,3,0.75,1.2,0.5,0.5,30,0.75,1.0,0.6667,0.8,1.0,1.0,1.0,1.0,0.75,0.8571,0.5,0.14,0.804774
params_2585,3,0.75,1.2,0.5,0.7,7,0.75,1.0,0.6667,0.8,1.0,1.0,1.0,1.0,0.75,0.8571,0.5,0.14,0.804774
params_2586,3,0.75,1.2,0.5,0.7,14,0.75,1.0,0.6667,0.8,1.0,1.0,1.0,1.0,0.75,0.8571,0.5,0.14,0.804774
params_2587,3,0.75,1.2,0.5,0.7,21,0.75,1.0,0.6667,0.8,1.0,1.0,1.0,1.0,0.75,0.8571,0.5,0.14,0.804774
params_2588,3,0.75,1.2,0.5,0.7,30,0.75,1.0,0.6667,0.8,1.0,1.0,1.0,1.0,0.75,0.8571,0.5,0.14,0.804774
params_2657,3,0.75,1.5,0.5,0.3,7,0.75,1.0,0.6667,0.8,1.0,1.0,1.0,1.0,0.75,0.8571,0.5,0.14,0.804774
params_2658,3,0.75,1.5,0.5,0.3,14,0.75,1.0,0.6667,0.8,1.0,1.0,1.0,1.0,0.75,0.8571,0.5,0.14,0.804774
params_2659,3,0.75,1.5,0.5,0.3,21,0.75,1.0,0.6667,0.8,1.0,1.0,1.0,1.0,0.75,0.8571,0.5,0.14,0.804774
params_2660,3,0.75,1.5,0.5,0.3,30,0.75,1.0,0.6667,0.8,1.0,1.0,1.0,1.0,0.75,0.8571,0.5,0.14,0.804774
params_2661,3,0.75,1.5,0.5,0.5,7,0.75,1.0,0.6667,0.8,1.0,1.0,1.0,1.0,0.75,0.8571,0.5,0.14,0.804774
params_2662,3,0.75,1.5,0.5,0.5,14,0.75,1.0,0.6667,0.8,1.0,1.0,1.0,1.0,0.75,0.8571,0.5,0.14,0.804774
params_2663,3,0.75,1.5,0.5,0.5,21,0.75,1.0,0.6667,0.8,1.0,1.0,1.0,1.0,0.75,0.8571,0.5,0.14,0.804774
params_2664,3,0.75,1.5,0.5,0.5,30,0.75,1.0,0.6667,0.8,1.0,1.0,1.0,1.0,0.75,0.8571,0.5,0.14,0.804774
params_2665,3,0.75,1.5,0.5,0.7,7,0.75,1.0,0.6667,0.8,1.0,1.0,1.0,1.0,0.75,0.8571,0.5,0.14,0.804774
params_2666,3,0.75,1.5,0.5,0.7,14,0.75,1.0,0.6667,0.8,1.0,1.0,1.0,1.0,0.75,0.8571,0.5,0.14,0.804774
params_2667,3,0.75,1.5,0.5,0.7,21,0.75,1.0,0.6667,0.8,1.0,1.0,1.0,1.0,0.75,0.8571,0.5,0.14,0.804774
params_2668,3,0.75,1.5,0.5,0.7,30,0.75,1.0,0.6667,0.8,1.0,1.0,1.0,1.0,0.75,0.8571,0.5,0.14,0.804774
params_2817,3,1.0,0.5,0.5,0.3,7,0.75,1.0,0.6667,0.8,1.0,1.0,1.0,1.0,0.75,0.8571,0.5,0.14,0.804774
params_2818,3,1.0,0.5,0.5,0.3,14,0.75,1.0,0.6667,0.8,1.0,1.0,1.0,1.0,0.75,0.8571,0.5,0.14,0.804774
params_2819,3,1.0,0.5,0.5,0.3,21,0.75,1.0,0.6667,0.8,1.0,1.0,1.0,1.0,0.75,0.8571,0.5,0.14,0.804774
params_2820,3,1.0,0.5,0.5,0.3,30,0.75,1.0,0.6667,0.8,1.0,1.0,1.0,1.0,0.75,0.8571,0.5,0.14,0.804774
params_2821,3,1.0,0.5,0.5,0.5,7,0.75,1.0,0.6667,0.8,1.0,1.0,1.0,1.0,0.75,0.8571,0.5,0.14,0.804774
params_2822,3,1.0,0.5,0.5,0.5,14,0.75,1.0,0.6667,0.8,1.0,1.0,1.0,1.0,0.75,0.8571,0.5,0.14,0.804774
params_2823,3,1.0,0.5,0.5,0.5,21,0.75,1.0,0.6667,0.8,1.0,1.0,1.0,1.0,0.75,0.8571,0.5,0.14,0.804774
params_2824,3,1.0,0.5,0.5,0.5,30,0.75,1.0,0.6667,0.8,1.0,1.0,1.0,1.0,0.75,0.8571,0.5,0.14,0.804774
params_2825,3,1.0,0.5,0.5,0.7,7,0.75,1.0,0.6667,0.8,1.0,1.0,1.0,1.0,0.75,0.8571,0.5,0.14,0.804774
params_2826,3,1.0,0.5,0.5,0.7,14,0.75,1.0,0.6667,0.8,1.0,1.0,1.0,1.0,0.75,0.8571,0.5,0.14,0.804774
params_2827,3,1.0,0.5,0.5,0.7,21,0.75,1.0,0.6667,0.8,1.0,1.0,1.0,1.0,0.75,0.8571,0.5,0.14,0.804774
params_2828,3,1.0,0.5,0.5,0.7,30,0.75,1.0,0.6667,0.8,1.0,1.0,1.0,1.0,0.75,0.8571,0.5,0.14,0.804774
params_2897,3,1.0,1.0,0.5,0.3,7,0.75,1.0,0.6667,0.8,1.0,1.0,1.0,1.0,0.75,0.8571,0.5,0.14,0.804774
params_2898,3,1.0,1.0,0.5,0.3,14,0.75,1.0,0.6667,0.8,1.0,1.0,1.0,1.0,0.75,0.8571,0.5,0.14,0.804774
params_2899,3,1.0,1.0,0.5,0.3,21,0.75,1.0,0.6667,0.8,1.0,1.0,1.0,1.0,0.75,0.8571,0.5,0.14,0.804774
params_2900,3,1.0,1.0,0.5,0.3,30,0.75,1.0,0.6667,0.8,1.0,1.0,1.0,1.0,0.75,0.8571,0.5,0.14,0.804774
params_2901,3,1.0,1.0,0.5,0.5,7,0.75,1.0,0.6667,0.8,1.0,1.0,1.0,1.0,0.75,0.8571,0.5,0.14,0.804774
params_2902,3,1.0,1.0,0.5,0.5,14,0.75,1.0,0.6667,0.8,1.0,1.0,1.0,1.0,0.75,0.8571,0.5,0.14,0.804774
params_2903,3,1.0,1.0,0.5,0.5,21,0.75,1.0,0.6667,0.8,1.0,1.0,1.0,1.0,0.75,0.8571,0.5,0.14,0.804774
params_2904,3,1.0,1.0,0.5,0.5,30,0.75,1.0,0.6667,0.8,1.0,1.0,1.0,1.0,0.75,0.8571,0.5,0.14,0.804774
params_2905,3,1.0,1.0,0.5,0.7,7,0.75,1.0,0.6667,0.8,1.0,1.0,1.0,1.0,0.75,0.8571,0.5,0.14,0.804774
params_2906,3,1.0,1.0,0.5,0.7,14,0.75,1.0,0.6667,0.8,1.0,1.0,1.0,1.0,0.75,0.8571,0.5,0.14,0.804774
params_2907,3,1.0,1.0,0.5,0.7,21,0.75,1.0,0.6667,0.8,1.0,1.0,1.0,1.0,0.75,0.8571,0.5,0.14,0.804774
params_2908,3,1.0,1.0,0.5,0.7,30,0.75,1.0,0.6667,0.8,1.0,1.0,1.0,1.0,0.75,0.8571,0.5,0.14,0.804774
params_2977,3,1.0,1.2,0.5,0.3,7,0.75,1.0,0.6667,0.8,1.0,1.0,1.0,1.0,0.75,0.8571,0.5,0.14,0.804774
params_2978,3,1.0,1.2,0.5,0.3,14,0.75,1.0,0.6667,0.8,1.0,1.0,1.0,1.0,0.75,0.8571,0.5,0.14,0.804774
params_2979,3,1.0,1.2,0.5,0.3,21,0.75,1.0,0.6667,0.8,1.0,1.0,1.0,1.0,0.75,0.8571,0.5,0.14,0.804774
params_2980,3,1.0,1.2,0.5,0.3,30,0.75,1.0,0.6667,0.8,1.0,1.0,1.0,1.0,0.75,0.8571,0.5,0.14,0.804774
params_2981,3,1.0,1.2,0.5,0.5,7,0.75,1.0,0.6667,0.8,1.0,1.0,1.0,1.0,0.75,0.8571,0.5,0.14,0.804774
params_2982,3,1.0,1.2,0.5,0.5,14,0.75,1.0,0.6667,0.8,1.0,1.0,1.0,1.0,0.75,0.8571,0.5,0.14,0.804774
params_2983,3,1.0,1.2,0.5,0.5,21,0.75,1.0,0.6667,0.8,1.0,1.0,1.0,1.0,0.75,0.8571,0.5,0.14,0.804774
params_2984,3,1.0,1.2,0.5,0.5,30,0.75,1.0,0.6667,0.8,1.0,1.0,1.0,1.0,0.75,0.8571,0.5,0.14,0.804774
params_2985,3,1.0,1.2,0.5,0.7,7,0.75,1.0,0.6667,0.8,1.0,1.0,1.0,1.0,0.75,0.8571,0.5,0.14,0.804774
params_2986,3,1.0,1.2,0.5,0.7,14,0.75,1.0,0.6667,0.8,1.0,1.0,1.0,1.0,0.75,0.8571,0.5,0.14,0.804774
params_2987,3,1.0,1.2,0.5,0.7,21,0.75,1.0,0.6667,0.8,1.0,1.0,1.0,1.0,0.75,0.8571,0.5,0.14,0.804774
params_2988,3,1.0,1.2,0.5,0.7,30,0.75,1.0,0.6667,0.8,1.0,1.0,1.0,1.0,0.75,0.8571,0.5,0.14,0.804774
params_3057,3,1.0,1.5,0.5,0.3,7,0.75,1.0,0.6667,0.8,1.0,1.0,1.0,1.0,0.75,0.8571,0.5,0.14,0.804774
params_3058,3,1.0,1.5,0.5,0.3,14,0.75,1.0,0.6667,0.8,1.0,1.0,1.0,1.0,0.75,0.8571,0.5,0.14,0.804774
params_3059,3,1.0,1.5,0.5,0.3,21,0.75,1.0,0.6667,0.8,1.0,1.0,1.0,1.0,0.75,0.8571,0.5,0.14,0.804774
params_3060,3,1.0,1.5,0.5,0.3,30,0.75,1.0,0.6667,0.8,1.0,1.0,1.0,1.0,0.75,0.8571,0.5,0.14,0.804774
params_3061,3,1.0,1.5,0.5,0.5,7,0.75,1.0,0.6667,0.8,1.0,1.0,1.0,1.0,0.75,0.8571,0.5,0.14,0.804774
params_3062,3,1.0,1.5,0.5,0.5,14,0.75,1.0,0.6667,0.8,1.0,1.0,1.0,1.0,0.75,0.8571,0.5,0.14,0.804774
params_3063,3,1.0,1.5,0.5,0.5,21,0.75,1.0,0.6667,0.8,1.0,1.0,1.0,1.0,0.75,0.8571,0.5,0.14,0.804774
params_3064,3,1.0,1.5,0.5,0.5,30,0.75,1.0,0.6667,0.8,1.0,1.0,1.0,1.0,0.75,0.8571,0.5,0.14,0.804774
params_3065,3,1.0,1.5,0.5,0.7,7,0.75,1.0,0.6667,0.8,1.0,1.0,1.0,1.0,0.75,0.8571,0.5,0.14,0.804774
params_3066,3,1.0,1.5,0.5,0.7,14,0.75,1.0,0.6667,0.8,1.0,1.0,1.0,1.0,0.75,0.8571,0.5,0.14,0.804774
params_3067,3,1.0,1.5,0.5,0.7,21,0.75,1.0,0.6667,0.8,1.0,1.0,1.0,1.0,0.75,0.8571,0.5,0.14,0.804774
params_3068,3,1.0,1.5,0.5,0.7,30,0.75,1.0,0.6667,0.8,1.0,1.0,1.0,1.0,0.75,0.8571,0.5,0.14,0.804774
params_4017,4,0.5,0.5,0.5,0.3,7,0.75,1.0,0.6667,0.8,1.0,1.0,1.0,1.0,0.75,0.8571,0.5,0.14,0.804774
params_4018,4,0.5,0.5,0.5,0.3,14,0.75,1.0,0.6667,0.8,1.0,1.0,1.0,1.0,0.75,0.8571,0.5,0.14,0.804774
params_4019,4,0.5,0.5,0.5,0.3,21,0.75,1.0,0.6667,0.8,1.0,1.0,1.0,1.0,0.75,0.8571,0.5,0.14,0.804774
params_4020,4,0.5,0.5,0.5,0.3,30,0.75,1.0,0.6667,0.8,1.0,1.0,1.0,1.0,0.75,0.8571,0.5,0.14,0.804774
params_4021,4,0.5,0.5,0.5,0.5,7,0.75,1.0,0.6667,0.8,1.0,1.0,1.0,1.0,0.75,0.8571,0.5,0.14,0.804774
params_4022,4,0.5,0.5,0.5,0.5,14,0.75,1.0,0.6667,0.8,1.0,1.0,1.0,1.0,0.75,0.8571,0.5,0.14,0.804774
params_4023,4,0.5,0.5,0.5,0.5,21,0.75,1.0,0.6667,0.8,1.0,1.0,1.0,1.0,0.75,0.8571,0.5,0.14,0.804774
params_4024,4,0.5,0.5,0.5,0.5,30,0.75,1.0,0.6667,0.8,1.0,1.0,1.0,1.0,0.75,0.8571,0.5,0.14,0.804774
params_4025,4,0.5,0.5,0.5,0.7,7,0.75,1.0,0.6667,0.8,1.0,1.0,1.0,1.0,0.75,0.8571,0.5,0.14,0.804774
params_4026,4,0.5,0.5,0.5,0.7,14,0.75,1.0,0.6667,0.8,1.0,1.0,1.0,1.0,0.75,0.8571,0.5,0.14,0.804774
params_4027,4,0.5,0.5,0.5,0.7,21,0.75,1.0,0.6667,0.8,1.0,1.0,1.0,1.0,0.75,0.8571,0.5,0.14,0.804774
params_4028,4,0.5,0.5,0.5,0.7,30,0.75,1.0,0.6667,0.8,1.0,1.0,1.0,1.0,0.75,0.8571,0.5,0.14,0.804774
params_4097,4,0.5,1.0,0.5,0.3,7,0.75,1.0,0.6667,0.8,1.0,1.0,1.0,1.0,0.75,0.8571,0.5,0.14,0.804774
params_4098,4,0.5,1.0,0.5,0.3,14,0.75,1.0,0.6667,0.8,1.0,1.0,1.0,1.0,0.75,0.8571,0.5,0.14,0.804774
params_4099,4,0.5,1.0,0.5,0.3,21,0.75,1.0,0.6667,0.8,1.0,1.0,1.0,1.0,0.75,0.8571,0.5,0.14,0.804774
params_4100,4,0.5,1.0,0.5,0.3,30,0.75,1.0,0.6667,0.8,1.0,1.0,1.0,1.0,0.75,0.8571,0.5,0.14,0.804774
params_4101,4,0.5,1.0,0.5,0.5,7,0.75,1.0,0.6667,0.8,1.0,1.0,1.0,1.0,0.75,0.8571,0.5,0.14,0.804774
params_4102,4,0.5,1.0,0.5,0.5,14,0.75,1.0,0.6667,0.8,1.0,1.0,1.0,1.0,0.75,0.8571,0.5,0.14,0.804774
params_4103,4,0.5,1.0,0.5,0.5,21,0.75,1.0,0.6667,0.8,1.0,1.0,1.0,1.0,0.75,0.8571,0.5,0.14,0.804774
params_4104,4,0.5,1.0,0.5,0.5,30,0.75,1.0,0.6667,0.8,1.0,1.0,1.0,1.0,0.75,0.8571,0.5,0.14,0.804774
params_4105,4,0.5,1.0,0.5,0.7,7,0.75,1.0,0.6667,0.8,1.0,1.0,1.0,1.0,0.75,0.8571,0.5,0.14,0.804774
params_4106,4,0.5,1.0,0.5,0.7,14,0.75,1.0,0.6667,0.8,1.0,1.0,1.0,1.0,0.75,0.8571,0.5,0.14,0.804774
params_4107,4,0.5,1.0,0.5,0.7,21,0.75,1.0,0.6667,0.8,1.0,1.0,1.0,1.0,0.75,0.8571,0.5,0.14,0.804774
params_4108,4,0.5,1.0,0.5,0.7,30,0.75,1.0,0.6667,0.8,1.0,1.0,1.0,1.0,0.75,0.8571,0.5,0.14,0.804774
params_4177,4,0.5,1.2,0.5,0.3,7,0.75,1.0,0.6667,0.8,1.0,1.0,1.0,1.0,0.75,0.8571,0.5,0.14,0.804774
params_4178,4,0.5,1.2,0.5,0.3,14,0.75,1.0,0.6667,0.8,1.0,1.0,1.0,1.0,0.75,0.8571,0.5,0.14,0.804774
params_4179,4,0.5,1.2,0.5,0.3,21,0.75,1.0,0.6667,0.8,1.0,1.0,1.0,1.0,0.75,0.8571,0.5,0.14,0.804774
params_4180,4,0.5,1.2,0.5,0.3,30,0.75,1.0,0.6667,0.8,1.0,1.0,1.0,1.0,0.75,0.8571,0.5,0.14,0.804774
params_4181,4,0.5,1.2,0.5,0.5,7,0.75,1.0,0.6667,0.8,1.0,1.0,1.0,1.0,0.75,0.8571,0.5,0.14,0.804774
params_4182,4,0.5,1.2,0.5,0.5,14,0.75,1.0,0.6667,0.8,1.0,1.0,1.0,1.0,0.75,0.8571,0.5,0.14,0.804774
params_4183,4,0.5,1.2,0.5,0.5,21,0.75,1.0,0.6667,0.8,1.0,1.0,1.0,1.0,0.75,0.8571,0.5,0.14,0.804774
params_4184,4,0.5,1.2,0.5,0.5,30,0.75,1.0,0.6667,0.8,1.0,1.0,1.0,1.0,0.75,0.8571,0.5,0.14,0.804774
params_4185,4,0.5,1.2,0.5,0.7,7,0.75,1.0,0.6667,0.8,1.0,1.0,1.0,1.0,0.75,0.8571,0.5,0.14,0.804774
params_4186,4,0.5,1.2,0.5,0.7,14,0.75,1.0,0.6667,0.8,1.0,1.0,1.0,1.0,0.75,0.8571,0.5,0.14,0.804774
params_4187,4,0.5,1.2,0.5,0.7,21,0.75,1.0,0.6667,0.8,1.0,1.0,1.0,1.0,0.75,0.8571,0.5,0.14,0.804774
params_4188,4,0.5,1.2,0.5,0.7,30,0.75,1.0,0.6667,0.8,1.0,1.0,1.0,1.0,0.75,0.8571,0.5,0.14,0.804774
params_4257,4,0.5,1.5,0.5,0.3,7,0.75,1.0,0.6667,0.8,1.0,1.0,1.0,1.0,0.75,0.8571,0.5,0.14,0.804774
params_4258,4,0.5,1.5,0.5,0.3,14,0.75,1.0,0.6667,0.8,1.0,1.0,1.0,1.0,0.75,0.8571,0.5,0.14,0.804774
params_4259,4,0.5,1.5,0.5,0.3,21,0.75,1.0,0.6667,0.8,1.0,1.0,1.0,1.0,0.75,0.8571,0.5,0.14,0.804774
params_4260,4,0.5,1.5,0.5,0.3,30,0.75,1.0,0.6667,0.8,1.0,1.0,1.0,1.0,0.75,0.8571,0.5,0.14,0.804774
params_4261,4,0.5,1.5,0.5,0.5,7,0.75,1.0,0.6667,0.8,1.0,1.0,1.0,1.0,0.75,0.8571,0.5,0.14,0.804774
params_4262,4,0.5,1.5,0.5,0.5,14,0.75,1.0,0.6667,0.8,1.0,1.0,1.0,1.0,0.75,0.8571,0.5,0.14,0.804774
params_4263,4,0.5,1.5,0.5,0.5,21,0.75,1.0,0.6667,0.8,1.0,1.0,1.0,1.0,0.75,0.8571,0.5,0.14,0.804774
params_4264,4,0.5,1.5,0.5,0.5,30,0.75,1.0,0.6667,0.8,1.0,1.0,1.0,1.0,0.75,0.8571,0.5,0.14,0.804774
params_4265,4,0.5,1.5,0.5,0.7,7,0.75,1.0,0.6667,0.8,1.0,1.0,1.0,1.0,0.75,0.8571,0.5,0.14,0.804774
params_4266,4,0.5,1.5,0.5,0.7,14,0.75,1.0,0.6667,0.8,1.0,1.0,1.0,1.0,0.75,0.8571,0.5,0.14,0.804774
params_4267,4,0.5,1.5,0.5,0.7,21,0.75,1.0,0.6667,0.8,1.0,1.0,1.0,1.0,0.75,0.8571,0.5,0.14,0.804774
params_4268,4,0.5,1.5,0.5,0.7,30,0.75,1.0,0.6667,0.8,1.0,1.0,1.0,1.0,0.75,0.8571,0.5,0.14,0.804774
params_4417,4,0.75,0.5,0.5,0.3,7,0.75,1.0,0.6667,0.8,1.0,1.0,1.0,1.0,0.75,0.8571,0.5,0.14,0.804774
params_4418,4,0.75,0.5,0.5,0.3,14,0.75,1.0,0.6667,0.8,1.0,1.0,1.0,1.0,0.75,0.8571,0.5,0.14,0.804774
params_4419,4,0.75,0.5,0.5,0.3,21,0.75,1.0,0.6667,0.8,1.0,1.0,1.0,1.0,0.75,0.8571,0.5,0.14,0.804774
params_4420,4,0.75,0.5,0.5,0.3,30,0.75,1.0,0.6667,0.8,1.0,1.0,1.0,1.0,0.75,0.8571,0.5,0.14,0.804774
params_4421,4,0.75,0.5,0.5,0.5,7,0.75,1.0,0.6667,0.8,1.0,1.0,1.0,1.0,0.75,0.8571,0.5,0.14,0.804774
params_4422,4,0.75,0.5,0.5,0.5,14,0.75,1.0,0.6667,0.8,1.0,1.0,1.0,1.0,0.75,0.8571,0.5,0.14,0.804774
params_4423,4,0.75,0.5,0.5,0.5,21,0.75,1.0,0.6667,0.8,1.0,1.0,1.0,1.0,0.75,0.8571,0.5,0.14,0.804774
params_4424,4,0.75,0.5,0.5,0.5,30,0.75,1.0,0.6667,0.8,1.0,1.0,1.0,1.0,0.75,0.8571,0.5,0.14,0.804774
params_4425,4,0.75,0.5,0.5,0.7,7,0.75,1.0,0.6667,0.8,1.0,1.0,1.0,1.0,0.75,0.8571,0.5,0.14,0.804774
params_4426,4,0.75,0.5,0.5,0.7,14,0.75,1.0,0.6667,0.8,1.0,1.0,1.0,1.0,0.75,0.8571,0.5,0.14,0.804774
params_4427,4,0.75,0.5,0.5,0.7,21,0.75,1.0,0.6667,0.8,1.0,1.0,1.0,1.0,0.75,0.8571,0.5,0.14,0.804774
params_4428,4,0.75,0.5,0.5,0.7,30,0.75,1.0,0.6667,0.8,1.0,1.0,1.0,1.0,0.75,0.8571,0.5,0.14,0.804774
params_4497,4,0.75,1.0,0.5,0.3,7,0.75,1.0,0.6667,0.8,1.0,1.0,1.0,1.0,0.75,0.8571,0.5,0.14,0.804774
params_4498,4,0.75,1.0,0.5,0.3,14,0.75,1.0,0.6667,0.8,1.0,1.0,1.0,1.0,0.75,0.8571,0.5,0.14,0.804774
params_4499,4,0.75,1.0,0.5,0.3,21,0.75,1.0,0.6667,0.8,1.0,1.0,1.0,1.0,0.75,0.8571,0.5,0.14,0.804774
params_4500,4,0.75,1.0,0.5,0.3,30,0.75,1.0,0.6667,0.8,1.0,1.0,1.0,1.0,0.75,0.8571,0.5,0.14,0.804774
params_4501,4,0.75,1.0,0.5,0.5,7,0.75,1.0,0.6667,0.8,1.0,1.0,1.0,1.0,0.75,0.8571,0.5,0.14,0.804774
params_4502,4,0.75,1.0,0.5,0.5,14,0.75,1.0,0.6667,0.8,1.0,1.0,1.0,1.0,0.75,0.8571,0.5,0.14,0.804774
params_4503,4,0.75,1.0,0.5,0.5,21,0.75,1.0,0.6667,0.8,1.0,1.0,1.0,1.0,0.75,0.8571,0.5,0.14,0.804774
params_4504,4,0.75,1.0,0.5,0.5,30,0.75,1.0,0.6667,0.8,1.0,1.0,1.0,1.0,0.75,0.8571,0.5,0.14,0.804774
params_4505,4,0.75,1.0,0.5,0.7,7,0.75,1.0,0.6667,0.8,1.0,1.0,1.0,1.0,0.75,0.8571,0.5,0.14,0.804774
params_4506,4,0.75,1.0,0.5,0.7,14,0.75,1.0,0.6667,0.8,1.0,1.0,1.0,1.0,0.75,0.8571,0.5,0.14,0.804774
params_4507,4,0.75,1.0,0.5,0.7,21,0.75,1.0,0.6667,0.8,1.0,1.0,1.0,1.0,0.75,0.8571,0.5,0.14,0.804774
params_4508,4,0.75,1.0,0.5,0.7,30,0.75,1.0,0.6667,0.8,1.0,1.0,1.0,1.0,0.75,0.8571,0.5,0.14,0.804774
params_4577,4,0.75,1.2,0.5,0.3,7,0.75,1.0,0.6667,0.8,1.0,1.0,1.0,1.0,0.75,0.8571,0.5,0.14,0.804774
params_4578,4,0.75,1.2,0.5,0.3,14,0.75,1.0,0.6667,0.8,1.0,1.0,1.0,1.0,0.75,0.8571,0.5,0.14,0.804774
params_4579,4,0.75,1.2,0.5,0.3,21,0.75,1.0,0.6667,0.8,1.0,1.0,1.0,1.0,0.75,0.8571,0.5,0.14,0.804774
params_4580,4,0.75,1.2,0.5,0.3,30,0.75,1.0,0.6667,0.8,1.0,1.0,1.0,1.0,0.75,0.8571,0.5,0.14,0.804774
params_4581,4,0.75,1.2,0.5,0.5,7,0.75,1.0,0.6667,0.8,1.0,1.0,1.0,1.0,0.75,0.8571,0.5,0.14,0.804774
params_4582,4,0.75,1.2,0.5,0.5,14,0.75,1.0,0.6667,0.8,1.0,1.0,1.0,1.0,0.75,0.8571,0.5,0.14,0.804774
params_4583,4,0.75,1.2,0.5,0.5,21,0.75,1.0,0.6667,0.8,1.0,1.0,1.0,1.0,0.75,0.8571,0.5,0.14,0.804774
params_4584,4,0.75,1.2,0.5,0.5,30,0.75,1.0,0.6667,0.8,1.0,1.0,1.0,1.0,0.75,0.8571,0.5,0.14,0.804774
params_4585,4,0.75,1.2,0.5,0.7,7,0.75,1.0,0.6667,0.8,1.0,1.0,1.0,1.0,0.75,0.8571,0.5,0.14,0.804774
params_4586,4,0.75,1.2,0.5,0.7,14,0.75,1.0,0.6667,0.8,1.0,1.0,1.0,1.0,0.75,0.8571,0.5,0.14,0.804774
params_4587,4,0.75,1.2,0.5,0.7,21,0.75,1.0,0.6667,0.8,1.0,1.0,1.0,1.0,0.75,0.8571,0.5,0.14,0.804774
params_4588,4,0.75,1.2,0.5,0.7,30,0.75,1.0,0.6667,0.8,1.0,1.0,1.0,1.0,0.75,0.8571,0.5,0.14,0.804774
params_4657,4,0.75,1.5,0.5,0.3,7,0.75,1.0,0.6667,0.8,1.0,1.0,1.0,1.0,0.75,0.8571,0.5,0.14,0.804774
params_4658,4,0.75,1.5,0.5,0.3,14,0.75,1.0,0.6667,0.8,1.0,1.0,1.0,1.0,0.75,0.8571,0.5,0.14,0.804774
params_4659,4,0.75,1.5,0.5,0.3,21,0.75,1.0,0.6667,0.8,1.0,1.0,1.0,1.0,0.75,0.8571,0.5,0.14,0.804774
params_4660,4,0.75,1.5,0.5,0.3,30,0.75,1.0,0.6667,0.8,1.0,1.0,1.0,1.0,0.75,0.8571,0.5,0.14,0.804774
params_4661,4,0.75,1.5,0.5,0.5,7,0.75,1.0,0.6667,0.8,1.0,1.0,1.0,1.0,0.75,0.8571,0.5,0.14,0.804774
params_4662,4,0.75,1.5,0.5,0.5,14,0.75,1.0,0.6667,0.8,1.0,1.0,1.0,1.0,0.75,0.8571,0.5,0.14,0.804774
params_4663,4,0.75,1.5,0.5,0.5,21,0.75,1.0,0.6667,0.8,1.0,1.0,1.0,1.0,0.75,0.8571,0.5,0.14,0.804774
params_4664,4,0.75,1.5,0.5,0.5,30,0.75,1.0,0.6667,0.8,1.0,1.0,1.0,1.0,0.75,0.8571,0.5,0.14,0.804774
params_4665,4,0.75,1.5,0.5,0.7,7,0.75,1.0,0.6667,0.8,1.0,1.0,1.0,1.0,0.75,0.8571,0.5,0.14,0.804774
params_4666,4,0.75,1.5,0.5,0.7,14,0.75,1.0,0.6667,0.8,1.0,1.0,1.0,1.0,0.75,0.8571,0.5,0.14,0.804774
params_4667,4,0.75,1.5,0.5,0.7,21,0.75,1.0,0.6667,0.8,1.0,1.0,1.0,1.0,0.75,0.8571,0.5,0.14,0.804774
params_4668,4,0.75,1.5,0.5,0.7,30,0.75,1.0,0.6667,0.8,1.0,1.0,1.0,1.0,0.75,0.8571,0.5,0.14,0.804774
params_4817,4,1.0,0.5,0.5,0.3,7,0.75,1.0,0.6667,0.8,1.0,1.0,1.0,1.0,0.75,0.8571,0.5,0.14,0.804774
params_4818,4,1.0,0.5,0.5,0.3,14,0.75,1.0,0.6667,0.8,1.0,1.0,1.0,1.0,0.75,0.8571,0.5,0.14,0.804774
params_4819,4,1.0,0.5,0.5,0.3,21,0.75,1.0,0.6667,0.8,1.0,1.0,1.0,1.0,0.75,0.8571,0.5,0.14,0.804774
params_4820,4,1.0,0.5,0.5,0.3,30,0.75,1.0,0.6667,0.8,1.0,1.0,1.0,1.0,0.75,0.8571,0.5,0.14,0.804774
params_4821,4,1.0,0.5,0.5,0.5,7,0.75,1.0,0.6667,0.8,1.0,1.0,1.0,1.0,0.75,0.8571,0.5,0.14,0.804774
params_4822,4,1.0,0.5,0.5,0.5,14,0.75,1.0,0.6667,0.8,1.0,1.0,1.0,1.0,0.75,0.8571,0.5,0.14,0.804774
params_4823,4,1.0,0.5,0.5,0.5,21,0.75,1.0,0.6667,0.8,1.0,1.0,1.0,1.0,0.75,0.8571,0.5,0.14,0.804774
params_4824,4,1.0,0.5,0.5,0.5,30,0.75,1.0,0.6667,0.8,1.0,1.0,1.0,1.0,0.75,0.8571,0.5,0.14,0.804774
params_4825,4,1.0,0.5,0.5,0.7,7,0.75,1.0,0.6667,0.8,1.0,1.0,1.0,1.0,0.75,0.8571,0.5,0.14,0.804774
params_4826,4,1.0,0.5,0.5,0.7,14,0.75,1.0,0.6667,0.8,1.0,1.0,1.0,1.0,0.75,0.8571,0.5,0.14,0.804774
params_4827,4,1.0,0.5,0.5,0.7,21,0.75,1.0,0.6667,0.8,1.0,1.0,1.0,1.0,0.75,0.8571,0.5,0.14,0.804774
params_4828,4,1.0,0.5,0.5,0.7,30,0.75,1.0,0.6667,0.8,1.0,1.0,1.0,1.0,0.75,0.8571,0.5,0.14,0.804774
params_4897,4,1.0,1.0,0.5,0.3,7,0.75,1.0,0.6667,0.8,1.0,1.0,1.0,1.0,0.75,0.8571,0.5,0.14,0.804774
params_4898,4,1.0,1.0,0.5,0.3,14,0.75,1.0,0.6667,0.8,1.0,1.0,1.0,1.0,0.75,0.8571,0.5,0.14,0.804774
params_4899,4,1.0,1.0,0.5,0.3,21,0.75,1.0,0.6667,0.8,1.0,1.0,1.0,1.0,0.75,0.8571,0.5,0.14,0.804774
params_4900,4,1.0,1.0,0.5,0.3,30,0.75,1.0,0.6667,0.8,1.0,1.0,1.0,1.0,0.75,0.8571,0.5,0.14,0.804774
params_4901,4,1.0,1.0,0.5,0.5,7,0.75,1.0,0.6667,0.8,1.0,1.0,1.0,1.0,0.75,0.8571,0.5,0.14,0.804774
params_4902,4,1.0,1.0,0.5,0.5,14,0.75,1.0,0.6667,0.8,1.0,1.0,1.0,1.0,0.75,0.8571,0.5,0.14,0.804774
params_4903,4,1.0,1.0,0.5,0.5,21,0.75,1.0,0.6667,0.8,1.0,1.0,1.0,1.0,0.75,0.8571,0.5,0.14,0.804774
params_4904,4,1.0,1.0,0.5,0.5,30,0.75,1.0,0.6667,0.8,1.0,1.0,1.0,1.0,0.75,0.8571,0.5,0.14,0.804774
params_4905,4,1.0,1.0,0.5,0.7,7,0.75,1.0,0.6667,0.8,1.0,1.0,1.0,1.0,0.75,0.8571,0.5,0.14,0.804774
params_4906,4,1.0,1.0,0.5,0.7,14,0.75,1.0,0.6667,0.8,1.0,1.0,1.0,1.0,0.75,0.8571,0.5,0.14,0.804774
params_4907,4,1.0,1.0,0.5,0.7,21,0.75,1.0,0.6667,0.8,1.0,1.0,1.0,1.0,0.75,0.8571,0.5,0.14,0.804774
params_4908,4,1.0,1.0,0.5,0.7,30,0.75,1.0,0.6667,0.8,1.0,1.0,1.0,1.0,0.75,0.8571,0.5,0.14,0.804774
params_4977,4,1.0,1.2,0.5,0.3,7,0.75,1.0,0.6667,0.8,1.0,1.0,1.0,1.0,0.75,0.8571,0.5,0.14,0.804774
params_4978,4,1.0,1.2,0.5,0.3,14,0.75,1.0,0.6667,0.8,1.0,1.0,1.0,1.0,0.75,0.8571,0.5,0.14,0.804774
params_4979,4,1.0,1.2,0.5,0.3,21,0.75,1.0,0.6667,0.8,1.0,1.0,1.0,1.0,0.75,0.8571,0.5,0.14,0.804774
params_4980,4,1.0,1.2,0.5,0.3,30,0.75,1.0,0.6667,0.8,1.0,1.0,1.0,1.0,0.75,0.8571,0.5,0.14,0.804774
params_4981,4,1.0,1.2,0.5,0.5,7,0.75,1.0,0.6667,0.8,1.0,1.0,1.0,1.0,0.75,0.8571,0.5,0.14,0.804774
params_4982,4,1.0,1.2,0.5,0.5,14,0.75,1.0,0.6667,0.8,1.0,1.0,1.0,1.0,0.75,0.8571,0.5,0.14,0.804774
params_4983,4,1.0,1.2,0.5,0.5,21,0.75,1.0,0.6667,0.8,1.0,1.0,1.0,1.0,0.75,0.8571,0.5,0.14,0.804774
params_4984,4,1.0,1.2,0.5,0.5,30,0.75,1.0,0.6667,0.8,1.0,1.0,1.0,1.0,0.75,0.8571,0.5,0.14,0.804774
params_4985,4,1.0,1.2,0.5,0.7,7,0.75,1.0,0.6667,0.8,1.0,1.0,1.0,1.0,0.75,0.8571,0.5,0.14,0.804774
params_4986,4,1.0,1.2,0.5,0.7,14,0.75,1.0,0.6667,0.8,1.0,1.0,1.0,1.0,0.75,0.8571,0.5,0.14,0.804774
params_4987,4,1.0,1.2,0.5,0.7,21,0.75,1.0,0.6667,0.8,1.0,1.0,1.0,1.0,0.75,0.8571,0.5,0.14,0.804774
params_4988,4,1.0,1.2,0.5,0.7,30,0.75,1.0,0.6667,0.8,1.0,1.0,1.0,1.0,0.75,0.8571,0.5,0.14,0.804774
params_5057,4,1.0,1.5,0.5,0.3,7,0.75,1.0,0.6667,0.8,1.0,1.0,1.0,1.0,0.75,0.8571,0.5,0.14,0.804774
params_5058,4,1.0,1.5,0.5,0.3,14,0.75,1.0,0.6667,0.8,1.0,1.0,1.0,1.0,0.75,0.8571,0.5,0.14,0.804774
params_5059,4,1.0,1.5,0.5,0.3,21,0.75,1.0,0.6667,0.8,1.0,1.0,1.0,1.0,0.75,0.8571,0.5,0.14,0.804774
params_5060,4,1.0,1.5,0.5,0.3,30,0.75,1.0,0.6667,0.8,1.0,1.0,1.0,1.0,0.75,0.8571,0.5,0.14,0.804774
params_5061,4,1.0,1.5,0.5,0.5,7,0.75,1.0,0.6667,0.8,1.0,1.0,1.0,1.0,0.75,0.8571,0.5,0.14,0.804774
params_5062,4,1.0,1.5,0.5,0.5,14,0.75,1.0,0.6667,0.8,1.0,1.0,1.0,1.0,0.75,0.8571,0.5,0.14,0.804774
params_5063,4,1.0,1.5,0.5,0.5,21,0.75,1.0,0.6667,0.8,1.0,1.0,1.0,1.0,0.75,0.8571,0.5,0.14,0.804774
params_5064,4,1.0,1.5,0.5,0.5,30,0.75,1.0,0.6667,0.8,1.0,1.0,1.0,1.0,0.75,0.8571,0.5,0.14,0.804774
params_5065,4,1.0,1.5,0.5,0.7,7,0.75,1.0,0.6667,0.8,1.0,1.0,1.0,1.0,0.75,0.8571,0.5,0.14,0.804774
params_5066,4,1.0,1.5,0.5,0.7,14,0.75,1.0,0.6667,0.8,1.0,1.0,1.0,1.0,0.75,0.8571,0.5,0.14,0.804774
params_5067,4,1.0,1.5,0.5,0.7,21,0.75,1.0,0.6667,0.8,1.0,1.0,1.0,1.0,0.75,0.8571,0.5,0.14,0.804774
params_5068,4,1.0,1.5,0.5,0.7,30,0.75,1.0,0.6667,0.8,1.0,1.0,1.0,1.0,0.75,0.8571,0.5,0.14,0.804774
params_6017,5,0.5,0.5,0.5,0.3,7,0.75,1.0,0.6667,0.8,1.0,1.0,1.0,1.0,0.75,0.8571,0.5,0.14,0.804774
params_6018,5,0.5,0.5,0.5,0.3,14,0.75,1.0,0.6667,0.8,1.0,1.0,1.0,1.0,0.75,0.8571,0.5,0.14,0.804774
params_6019,5,0.5,0.5,0.5,0.3,21,0.75,1.0,0.6667,0.8,1.0,1.0,1.0,1.0,0.75,0.8571,0.5,0.14,0.804774
params_6020,5,0.5,0.5,0.5,0.3,30,0.75,1.0,0.6667,0.8,1.0,1.0,1.0,1.0,0.75,0.8571,0.5,0.14,0.804774
params_6021,5,0.5,0.5,0.5,0.5,7,0.75,1.0,0.6667,0.8,1.0,1.0,1.0,1.0,0.75,0.8571,0.5,0.14,0.804774
params_6022,5,0.5,0.5,0.5,0.5,14,0.75,1.0,0.6667,0.8,1.0,1.0,1.0,1.0,0.75,0.8571,0.5,0.14,0.804774
params_6023,5,0.5,0.5,0.5,0.5,21,0.75,1.0,0.6667,0.8,1.0,1.0,1.0,1.0,0.75,0.8571,0.5,0.14,0.804774
params_6024,5,0.5,0.5,0.5,0.5,30,0.75,1.0,0.6667,0.8,1.0,1.0,1.0,1.0,0.75,0.8571,0.5,0.14,0.804774
params_6025,5,0.5,0.5,0.5,0.7,7,0.75,1.0,0.6667,0.8,1.0,1.0,1.0,1.0,0.75,0.8571,0.5,0.14,0.804774
params_6026,5,0.5,0.5,0.5,0.7,14,0.75,1.0,0.6667,0.8,1.0,1.0,1.0,1.0,0.75,0.8571,0.5,0.14,0.804774
params_6027,5,0.5,0.5,0.5,0.7,21,0.75,1.0,0.6667,0.8,1.0,1.0,1.0,1.0,0.75,0.8571,0.5,0.14,0.804774
params_6028,5,0.5,0.5,0.5,0.7,30,0.75,1.0,0.6667,0.8,1.0,1.0,1.0,1.0,0.75,0.8571,0.5,0.14,0.804774
params_6097,5,0.5,1.0,0.5,0.3,7,0.75,1.0,0.6667,0.8,1.0,1.0,1.0,1.0,0.75,0.8571,0.5,0.14,0.804774
params_6098,5,0.5,1.0,0.5,0.3,14,0.75,1.0,0.6667,0.8,1.0,1.0,1.0,1.0,0.75,0.8571,0.5,0.14,0.804774
params_6099,5,0.5,1.0,0.5,0.3,21,0.75,1.0,0.6667,0.8,1.0,1.0,1.0,1.0,0.75,0.8571,0.5,0.14,0.804774
params_6100,5,0.5,1.0,0.5,0.3,30,0.75,1.0,0.6667,0.8,1.0,1.0,1.0,1.0,0.75,0.8571,0.5,0.14,0.804774
params_6101,5,0.5,1.0,0.5,0.5,7,0.75,1.0,0.6667,0.8,1.0,1.0,1.0,1.0,0.75,0.8571,0.5,0.14,0.804774
params_6102,5,0.5,1.0,0.5,0.5,14,0.75,1.0,0.6667,0.8,1.0,1.0,1.0,1.0,0.75,0.8571,0.5,0.14,0.804774
params_6103,5,0.5,1.0,0.5,0.5,21,0.75,1.0,0.6667,0.8,1.0,1.0,1.0,1.0,0.75,0.8571,0.5,0.14,0.804774
params_6104,5,0.5,1.0,0.5,0.5,30,0.75,1.0,0.6667,0.8,1.0,1.0,1.0,1.0,0.75,0.8571,0.5,0.14,0.804774
params_6105,5,0.5,1.0,0.5,0.7,7,0.75,1.0,0.6667,0.8,1.0,1.0,1.0,1.0,0.75,0.8571,0.5,0.14,0.804774
params_6106,5,0.5,1.0,0.5,0.7,14,0.75,1.0,0.6667,0.8,1.0,1.0,1.0,1.0,0.75,0.8571,0.5,0.14,0.804774
params_6107,5,0.5,1.0,0.5,0.7,21,0.75,1.0,0.6667,0.8,1.0,1.0,1.0,1.0,0.75,0.8571,0.5,0.14,0.804774
params_6108,5,0.5,1.0,0.5,0.7,30,0.75,1.0,0.6667,0.8,1.0,1.0,1.0,1.0,0.75,0.8571,0.5,0.14,0.804774
params_6177,5,0.5,1.2,0.5,0.3,7,0.75,1.0,0.6667,0.8,1.0,1.0,1.0,1.0,0.75,0.8571,0.5,0.14,0.804774
params_6178,5,0.5,1.2,0.5,0.3,14,0.75,1.0,0.6667,0.8,1.0,1.0,1.0,1.0,0.75,0.8571,0.5,0.14,0.804774
params_6179,5,0.5,1.2,0.5,0.3,21,0.75,1.0,0.6667,0.8,1.0,1.0,1.0,1.0,0.75,0.8571,0.5,0.14,0.804774
params_6180,5,0.5,1.2,0.5,0.3,30,0.75,1.0,0.6667,0.8,1.0,1.0,1.0,1.0,0.75,0.8571,0.5,0.14,0.804774
params_6181,5,0.5,1.2,0.5,0.5,7,0.75,1.0,0.6667,0.8,1.0,1.0,1.0,1.0,0.75,0.8571,0.5,0.14,0.804774
params_6182,5,0.5,1.2,0.5,0.5,14,0.75,1.0,0.6667,0.8,1.0,1.0,1.0,1.0,0.75,0.8571,0.5,0.14,0.804774
params_6183,5,0.5,1.2,0.5,0.5,21,0.75,1.0,0.6667,0.8,1.0,1.0,1.0,1.0,0.75,0.8571,0.5,0.14,0.804774
params_6184,5,0.5,1.2,0.5,0.5,30,0.75,1.0,0.6667,0.8,1.0,1.0,1.0,1.0,0.75,0.8571,0.5,0.14,0.804774
params_6185,5,0.5,1.2,0.5,0.7,7,0.75,1.0,0.6667,0.8,1.0,1.0,1.0,1.0,0.75,0.8571,0.5,0.14,0.804774
params_6186,5,0.5,1.2,0.5,0.7,14,0.75,1.0,0.6667,0.8,1.0,1.0,1.0,1.0,0.75,0.8571,0.5,0.14,0.804774
params_6187,5,0.5,1.2,0.5,0.7,21,0.75,1.0,0.6667,0.8,1.0,1.0,1.0,1.0,0.75,0.8571,0.5,0.14,0.804774
params_6188,5,0.5,1.2,0.5,0.7,30,0.75,1.0,0.6667,0.8,1.0,1.0,1.0,1.0,0.75,0.8571,0.5,0.14,0.804774
params_6257,5,0.5,1.5,0.5,0.3,7,0.75,1.0,0.6667,0.8,1.0,1.0,1.0,1.0,0.75,0.8571,0.5,0.14,0.804774
params_6258,5,0.5,1.5,0.5,0.3,14,0.75,1.0,0.6667,0.8,1.0,1.0,1.0,1.0,0.75,0.8571,0.5,0.14,0.804774
params_6259,5,0.5,1.5,0.5,0.3,21,0.75,1.0,0.6667,0.8,1.0,1.0,1.0,1.0,0.75,0.8571,0.5,0.14,0.804774
params_6260,5,0.5,1.5,0.5,0.3,30,0.75,1.0,0.6667,0.8,1.0,1.0,1.0,1.0,0.75,0.8571,0.5,0.14,0.804774
params_6261,5,0.5,1.5,0.5,0.5,7,0.75,1.0,0.6667,0.8,1.0,1.0,1.0,1.0,0.75,0.8571,0.5,0.14,0.804774
params_6262,5,0.5,1.5,0.5,0.5,14,0.75,1.0,0.6667,0.8,1.0,1.0,1.0,1.0,0.75,0.8571,0.5,0.14,0.804774
params_6263,5,0.5,1.5,0.5,0.5,21,0.75,1.0,0.6667,0.8,1.0,1.0,1.0,1.0,0.75,0.8571,0.5,0.14,0.804774
params_6264,5,0.5,1.5,0.5,0.5,30,0.75,1.0,0.6667,0.8,1.0,1.0,1.0,1.0,0.75,0.8571,0.5,0.14,0.804774
params_6265,5,0.5,1.5,0.5,0.7,7,0.75,1.0,0.6667,0.8,1.0,1.0,1.0,1.0,0.75,0.8571,0.5,0.14,0.804774
params_6266,5,0.5,1.5,0.5,0.7,14,0.75,1.0,0.6667,0.8,1.0,1.0,1.0,1.0,0.75,0.8571,0.5,0.14,0.804774
params_6267,5,0.5,1.5,0.5,0.7,21,0.75,1.0,0.6667,0.8,1.0,1.0,1.0,1.0,0.75,0.8571,0.5,0.14,0.804774
params_6268,5,0.5,1.5,0.5,0.7,30,0.75,1.0,0.6667,0.8,1.0,1.0,1.0,1.0,0.75,0.8571,0.5,0.14,0.804774
params_6417,5,0.75,0.5,0.5,0.3,7,0.75,1.0,0.6667,0.8,1.0,1.0,1.0,1.0,0.75,0.8571,0.5,0.14,0.804774
params_6418,5,0.75,0.5,0.5,0.3,14,0.75,1.0,0.6667,0.8,1.0,1.0,1.0,1.0,0.75,0.8571,0.5,0.14,0.804774
params_6419,5,0.75,0.5,0.5,0.3,21,0.75,1.0,0.6667,0.8,1.0,1.0,1.0,1.0,0.75,0.8571,0.5,0.14,0.804774
params_6420,5,0.75,0.5,0.5,0.3,30,0.75,1.0,0.6667,0.8,1.0,1.0,1.0,1.0,0.75,0.8571,0.5,0.14,0.804774
params_6421,5,0.75,0.5,0.5,0.5,7,0.75,1.0,0.6667,0.8,1.0,1.0,1.0,1.0,0.75,0.8571,0.5,0.14,0.804774
params_6422,5,0.75,0.5,0.5,0.5,14,0.75,1.0,0.6667,0.8,1.0,1.0,1.0,1.0,0.75,0.8571,0.5,0.14,0.804774
params_6423,5,0.75,0.5,0.5,0.5,21,0.75,1.0,0.6667,0.8,1.0,1.0,1.0,1.0,0.75,0.8571,0.5,0.14,0.804774
params_6424,5,0.75,0.5,0.5,0.5,30,0.75,1.0,0.6667,0.8,1.0,1.0,1.0,1.0,0.75,0.8571,0.5,0.14,0.804774
params_6425,5,0.75,0.5,0.5,0.7,7,0.75,1.0,0.6667,0.8,1.0,1.0,1.0,1.0,0.75,0.8571,0.5,0.14,0.804774
params_6426,5,0.75,0.5,0.5,0.7,14,0.75,1.0,0.6667,0.8,1.0,1.0,1.0,1.0,0.75,0.8571,0.5,0.14,0.804774
params_6427,5,0.75,0.5,0.5,0.7,21,0.75,1.0,0.6667,0.8,1.0,1.0,1.0,1.0,0.75,0.8571,0.5,0.14,0.804774
params_6428,5,0.75,0.5,0.5,0.7,30,0.75,1.0,0.6667,0.8,1.0,1.0,1.0,1.0,0.75,0.8571,0.5,0.14,0.804774
params_6497,5,0.75,1.0,0.5,0.3,7,0.75,1.0,0.6667,0.8,1.0,1.0,1.0,1.0,0.75,0.8571,0.5,0.14,0.804774
params_6498,5,0.75,1.0,0.5,0.3,14,0.75,1.0,0.6667,0.8,1.0,1.0,1.0,1.0,0.75,0.8571,0.5,0.14,0.804774
params_6499,5,0.75,1.0,0.5,0.3,21,0.75,1.0,0.6667,0.8,1.0,1.0,1.0,1.0,0.75,0.8571,0.5,0.14,0.804774
params_6500,5,0.75,1.0,0.5,0.3,30,0.75,1.0,0.6667,0.8,1.0,1.0,1.0,1.0,0.75,0.8571,0.5,0.14,0.804774
params_6501,5,0.75,1.0,0.5,0.5,7,0.75,1.0,0.6667,0.8,1.0,1.0,1.0,1.0,0.75,0.8571,0.5,0.14,0.804774
params_6502,5,0.75,1.0,0.5,0.5,14,0.75,1.0,0.6667,0.8,1.0,1.0,1.0,1.0,0.75,0.8571,0.5,0.14,0.804774
params_6503,5,0.75,1.0,0.5,0.5,21,0.75,1.0,0.6667,0.8,1.0,1.0,1.0,1.0,0.75,0.8571,0.5,0.14,0.804774
params_6504,5,0.75,1.0,0.5,0.5,30,0.75,1.0,0.6667,0.8,1.0,1.0,1.0,1.0,0.75,0.8571,0.5,0.14,0.804774
params_6505,5,0.75,1.0,0.5,0.7,7,0.75,1.0,0.6667,0.8,1.0,1.0,1.0,1.0,0.75,0.8571,0.5,0.14,0.804774
params_6506,5,0.75,1.0,0.5,0.7,14,0.75,1.0,0.6667,0.8,1.0,1.0,1.0,1.0,0.75,0.8571,0.5,0.14,0.804774
params_6507,5,0.75,1.0,0.5,0.7,21,0.75,1.0,0.6667,0.8,1.0,1.0,1.0,1.0,0.75,0.8571,0.5,0.14,0.804774
params_6508,5,0.75,1.0,0.5,0.7,30,0.75,1.0,0.6667,0.8,1.0,1.0,1.0,1.0,0.75,0.8571,0.5,0.14,0.804774
params_6577,5,0.75,1.2,0.5,0.3,7,0.75,1.0,0.6667,0.8,1.0,1.0,1.0,1.0,0.75,0.8571,0.5,0.14,0.804774
params_6578,5,0.75,1.2,0.5,0.3,14,0.75,1.0,0.6667,0.8,1.0,1.0,1.0,1.0,0.75,0.8571,0.5,0.14,0.804774
params_6579,5,0.75,1.2,0.5,0.3,21,0.75,1.0,0.6667,0.8,1.0,1.0,1.0,1.0,0.75,0.8571,0.5,0.14,0.804774
params_6580,5,0.75,1.2,0.5,0.3,30,0.75,1.0,0.6667,0.8,1.0,1.0,1.0,1.0,0.75,0.8571,0.5,0.14,0.804774
params_6581,5,0.75,1.2,0.5,0.5,7,0.75,1.0,0.6667,0.8,1.0,1.0,1.0,1.0,0.75,0.8571,0.5,0.14,0.804774
params_6582,5,0.75,1.2,0.5,0.5,14,0.75,1.0,0.6667,0.8,1.0,1.0,1.0,1.0,0.75,0.8571,0.5,0.14,0.804774
params_6583,5,0.75,1.2,0.5,0.5,21,0.75,1.0,0.6667,0.8,1.0,1.0,1.0,1.0,0.75,0.8571,0.5,0.14,0.804774
params_6584,5,0.75,1.2,0.5,0.5,30,0.75,1.0,0.6667,0.8,1.0,1.0,1.0,1.0,0.75,0.8571,0.5,0.14,0.804774
params_6585,5,0.75,1.2,0.5,0.7,7,0.75,1.0,0.6667,0.8,1.0,1.0,1.0,1.0,0.75,0.8571,0.5,0.14,0.804774
params_6586,5,0.75,1.2,0.5,0.7,14,0.75,1.0,0.6667,0.8,1.0,1.0,1.0,1.0,0.75,0.8571,0.5,0.14,0.804774
params_6587,5,0.75,1.2,0.5,0.7,21,0.75,1.0,0.6667,0.8,1.0,1.0,1.0,1.0,0.75,0.8571,0.5,0.14,0.804774
params_6588,5,0.75,1.2,0.5,0.7,30,0.75,1.0,0.6667,0.8,1.0,1.0,1.0,1.0,0.75,0.8571,0.5,0.14,0.804774
params_6657,5,0.75,1.5,0.5,0.3,7,0.75,1.0,0.6667,0.8,1.0,1.0,1.0,1.0,0.75,0.8571,0.5,0.14,0.804774
params_6658,5,0.75,1.5,0.5,0.3,14,0.75,1.0,0.6667,0.8,1.0,1.0,1.0,1.0,0.75,0.8571,0.5,0.14,0.804774
params_6659,5,0.75,1.5,0.5,0.3,21,0.75,1.0,0.6667,0.8,1.0,1.0,1.0,1.0,0.75,0.8571,0.5,0.14,0.804774
params_6660,5,0.75,1.5,0.5,0.3,30,0.75,1.0,0.6667,0.8,1.0,1.0,1.0,1.0,0.75,0.8571,0.5,0.14,0.804774
params_6661,5,0.75,1.5,0.5,0.5,7,0.75,1.0,0.6667,0.8,1.0,1.0,1.0,1.0,0.75,0.8571,0.5,0.14,0.804774
params_6662,5,0.75,1.5,0.5,0.5,14,0.75,1.0,0.6667,0.8,1.0,1.0,1.0,1.0,0.75,0.8571,0.5,0.14,0.804774
params_6663,5,0.75,1.5,0.5,0.5,21,0.75,1.0,0.6667,0.8,1.0,1.0,1.0,1.0,0.75,0.8571,0.5,0.14,0.804774
params_6664,5,0.75,1.5,0.5,0.5,30,0.75,1.0,0.6667,0.8,1.0,1.0,1.0,1.0,0.75,0.8571,0.5,0.14,0.804774
params_6665,5,0.75,1.5,0.5,0.7,7,0.75,1.0,0.6667,0.8,1.0,1.0,1.0,1.0,0.75,0.8571,0.5,0.14,0.804774
params_6666,5,0.75,1.5,0.5,0.7,14,0.75,1.0,0.6667,0.8,1.0,1.0,1.0,1.0,0.75,0.8571,0.5,0.14,0.804774
params_6667,5,0.75,1.5,0.5,0.7,21,0.75,1.0,0.6667,0.8,1.0,1.0,1.0,1.0,0.75,0.8571,0.5,0.14,0.804774
params_6668,5,0.75,1.5,0.5,0.7,30,0.75,1.0,0.6667,0.8,1.0,1.0,1.0,1.0,0.75,0.8571,0.5,0.14,0.804774
params_6817,5,1.0,0.5,0.5,0.3,7,0.75,1.0,0.6667,0.8,1.0,1.0,1.0,1.0,0.75,0.8571,0.5,0.14,0.804774
params_6818,5,1.0,0.5,0.5,0.3,14,0.75,1.0,0.6667,0.8,1.0,1.0,1.0,1.0,0.75,0.8571,0.5,0.14,0.804774
params_6819,5,1.0,0.5,0.5,0.3,21,0.75,1.0,0.6667,0.8,1.0,1.0,1.0,1.0,0.75,0.8571,0.5,0.14,0.804774
params_6820,5,1.0,0.5,0.5,0.3,30,0.75,1.0,0.6667,0.8,1.0,1.0,1.0,1.0,0.75,0.8571,0.5,0.14,0.804774
params_6821,5,1.0,0.5,0.5,0.5,7,0.75,1.0,0.6667,0.8,1.0,1.0,1.0,1.0,0.75,0.8571,0.5,0.14,0.804774
params_6822,5,1.0,0.5,0.5,0.5,14,0.75,1.0,0.6667,0.8,1.0,1.0,1.0,1.0,0.75,0.8571,0.5,0.14,0.804774
params_6823,5,1.0,0.5,0.5,0.5,21,0.75,1.0,0.6667,0.8,1.0,1.0,1.0,1.0,0.75,0.8571,0.5,0.14,0.804774
params_6824,5,1.0,0.5,0.5,0.5,30,0.75,1.0,0.6667,0.8,1.0,1.0,1.0,1.0,0.75,0.8571,0.5,0.14,0.804774
params_6825,5,1.0,0.5,0.5,0.7,7,0.75,1.0,0.6667,0.8,1.0,1.0,1.0,1.0,0.75,0.8571,0.5,0.14,0.804774
params_6826,5,1.0,0.5,0.5,0.7,14,0.75,1.0,0.6667,0.8,1.0,1.0,1.0,1.0,0.75,0.8571,0.5,0.14,0.804774
params_6827,5,1.0,0.5,0.5,0.7,21,0.75,1.0,0.6667,0.8,1.0,1.0,1.0,1.0,0.75,0.8571,0.5,0.14,0.804774
params_6828,5,1.0,0.5,0.5,0.7,30,0.75,1.0,0.6667,0.8,1.0,1.0,1.0,1.0,0.75,0.8571,0.5,0.14,0.804774
params_6897,5,1.0,1.0,0.5,0.3,7,0.75,1.0,0.6667,0.8,1.0,1.0,1.0,1.0,0.75,0.8571,0.5,0.14,0.804774
params_6898,5,1.0,1.0,0.5,0.3,14,0.75,1.0,0.6667,0.8,1.0,1.0,1.0,1.0,0.75,0.8571,0.5,0.14,0.804774
params_6899,5,1.0,1.0,0.5,0.3,21,0.75,1.0,0.6667,0.8,1.0,1.0,1.0,1.0,0.75,0.8571,0.5,0.14,0.804774
params_6900,5,1.0,1.0,0.5,0.3,30,0.75,1.0,0.6667,0.8,1.0,1.0,1.0,1.0,0.75,0.8571,0.5,0.14,0.804774
params_6901,5,1.0,1.0,0.5,0.5,7,0.75,1.0,0.6667,0.8,1.0,1.0,1.0,1.0,0.75,0.8571,0.5,0.14,0.804774
params_6902,5,1.0,1.0,0.5,0.5,14,0.75,1.0,0.6667,0.8,1.0,1.0,1.0,1.0,0.75,0.8571,0.5,0.14,0.804774
params_6903,5,1.0,1.0,0.5,0.5,21,0.75,1.0,0.6667,0.8,1.0,1.0,1.0,1.0,0.75,0.8571,0.5,0.14,0.804774
params_6904,5,1.0,1.0,0.5,0.5,30,0.75,1.0,0.6667,0.8,1.0,1.0,1.0,1.0,0.75,0.8571,0.5,0.14,0.804774
params_6905,5,1.0,1.0,0.5,0.7,7,0.75,1.0,0.6667,0.8,1.0,1.0,1.0,1.0,0.75,0.8571,0.5,0.14,0.804774
params_6906,5,1.0,1.0,0.5,0.7,14,0.75,1.0,0.6667,0.8,1.0,1.0,1.0,1.0,0.75,0.8571,0.5,0.14,0.804774
params_6907,5,1.0,1.0,0.5,0.7,21,0.75,1.0,0.6667,0.8,1.0,1.0,1.0,1.0,0.75,0.8571,0.5,0.14,0.804774
params_6908,5,1.0,1.0,0.5,0.7,30,0.75,1.0,0.6667,0.8,1.0,1.0,1.0,1.0,0.75,0.8571,0.5,0.14,0.804774
params_6977,5,1.0,1.2,0.5,0.3,7,0.75,1.0,0.6667,0.8,1.0,1.0,1.0,1.0,0.75,0.8571,0.5,0.14,0.804774
params_6978,5,1.0,1.2,0.5,0.3,14,0.75,1.0,0.6667,0.8,1.0,1.0,1.0,1.0,0.75,0.8571,0.5,0.14,0.804774
params_6979,5,1.0,1.2,0.5,0.3,21,0.75,1.0,0.6667,0.8,1.0,1.0,1.0,1.0,0.75,0.8571,0.5,0.14,0.804774
params_6980,5,1.0,1.2,0.5,0.3,30,0.75,1.0,0.6667,0.8,1.0,1.0,1.0,1.0,0.75,0.8571,0.5,0.14,0.804774
params_6981,5,1.0,1.2,0.5,0.5,7,0.75,1.0,0.6667,0.8,1.0,1.0,1.0,1.0,0.75,0.8571,0.5,0.14,0.804774
params_6982,5,1.0,1.2,0.5,0.5,14,0.75,1.0,0.6667,0.8,1.0,1.0,1.0,1.0,0.75,0.8571,0.5,0.14,0.804774
params_6983,5,1.0,1.2,0.5,0.5,21,0.75,1.0,0.6667,0.8,1.0,1.0,1.0,1.0,0.75,0.8571,0.5,0.14,0.804774
params_6984,5,1.0,1.2,0.5,0.5,30,0.75,1.0,0.6667,0.8,1.0,1.0,1.0,1.0,0.75,0.8571,0.5,0.14,0.804774
params_6985,5,1.0,1.2,0.5,0.7,7,0.75,1.0,0.6667,0.8,1.0,1.0,1.0,1.0,0.75,0.8571,0.5,0.14,0.804774
params_6986,5,1.0,1.2,0.5,0.7,14,0.75,1.0,0.6667,0.8,1.0,1.0,1.0,1.0,0.75,0.8571,0.5,0.14,0.804774
params_6987,5,1.0,1.2,0.5,0.7,21,0.75,1.0,0.6667,0.8,1.0,1.0,1.0,1.0,0.75,0.8571,0.5,0.14,0.804774
params_6988,5,1.0,1.2,0.5,0.7,30,0.75,1.0,0.6667,0.8,1.0,1.0,1.0,1.0,0.75,0.8571,0.5,0.14,0.804774
params_7057,5,1.0,1.5,0.5,0.3,7,0.75,1.0,0.6667,0.8,1.0,1.0,1.0,1.0,0.75,0.8571,0.5,0.14,0.804774
params_7058,5,1.0,1.5,0.5,0.3,14,0.75,1.0,0.6667,0.8,1.0,1.0,1.0,1.0,0.75,0.8571,0.5,0.14,0.804774
params_7059,5,1.0,1.5,0.5,0.3,21,0.75,1.0,0.6667,0.8,1.0,1.0,1.0,1.0,0.75,0.8571,0.5,0.14,0.804774
params_7060,5,1.0,1.5,0.5,0.3,30,0.75,1.0,0.6667,0.8,1.0,1.0,1.0,1.0,0.75,0.8571,0.5,0.14,0.804774
params_7061,5,1.0,1.5,0.5,0.5,7,0.75,1.0,0.6667,0.8,1.0,1.0,1.0,1.0,0.75,0.8571,0.5,0.14,0.804774
params_7062,5,1.0,1.5,0.5,0.5,14,0.75,1.0,0.6667,0.8,1.0,1.0,1.0,1.0,0.75,0.8571,0.5,0.14,0.804774
params_7063,5,1.0,1.5,0.5,0.5,21,0.75,1.0,0.6667,0.8,1.0,1.0,1.0,1.0,0.75,0.8571,0.5,0.14,0.804774
params_7064,5,1.0,1.5,0.5,0.5,30,0.75,1.0,0.6667,0.8,1.0,1.0,1.0,1.0,0.75,0.8571,0.5,0.14,0.804774
params_7065,5,1.0,1.5,0.5,0.7,7,0.75,1.0,0.6667,0.8,1.0,1.0,1.0,1.0,0.75,0.8571,0.5,0.14,0.804774
params_7066,5,1.0,1.5,0.5,0.7,14,0.75,1.0,0.6667,0.8,1.0,1.0,1.0,1.0,0.75,0.8571,0.5,0.14,0.804774
params_7067,5,1.0,1.5,0.5,0.7,21,0.75,1.0,0.6667,0.8,1.0,1.0,1.0,1.0,0.75,0.8571,0.5,0.14,0.804774
params_7068,5,1.0,1.5,0.5,0.7,30,0.75,1.0,0.6667,0.8,1.0,1.0,1.0,1.0,0.75,0.8571,0.5,0.14,0.804774
params_0349,2,0.5,2.0,0.5,1.0,7,0.75,1.0,1.0,1.0,0,0.0,0,1.0,0.75,0.8571,0.38,0.25,0.801891
params_0350,2,0.5,2.0,0.5,1.0,14,0.75,1.0,1.0,1.0,0,0.0,0,1.0,0.75,0.8571,0.38,0.25,0.801891
params_0351,2,0.5,2.0,0.5,1.0,21,0.75,1.0,1.0,1.0,0,0.0,0,1.0,0.75,0.8571,0.38,0.25,0.801891
params_0352,2,0.5,2.0,0.5,1.0,30,0.75,1.0,1.0,1.0,0,0.0,0,1.0,0.75,0.8571,0.38,0.25,0.801891
params_0749,2,0.75,2.0,0.5,1.0,7,0.75,1.0,1.0,1.0,0,0.0,0,1.0,0.75,0.8571,0.38,0.25,0.801891
params_0750,2,0.75,2.0,0.5,1.0,14,0.75,1.0,1.0,1.0,0,0.0,0,1.0,0.75,0.8571,0.38,0.25,0.801891
params_0751,2,0.75,2.0,0.5,1.0,21,0.75,1.0,1.0,1.0,0,0.0,0,1.0,0.75,0.8571,0.38,0.25,0.801891
params_0752,2,0.75,2.0,0.5,1.0,30,0.75,1.0,1.0,1.0,0,0.0,0,1.0,0.75,0.8571,0.38,0.25,0.801891
params_1149,2,1.0,2.0,0.5,1.0,7,0.75,1.0,1.0,1.0,0,0.0,0,1.0,0.75,0.8571,0.38,0.25,0.801891
params_1150,2,1.0,2.0,0.5,1.0,14,0.75,1.0,1.0,1.0,0,0.0,0,1.0,0.75,0.8571,0.38,0.25,0.801891
params_1151,2,1.0,2.0,0.5,1.0,21,0.75,1.0,1.0,1.0,0,0.0,0,1.0,0.75,0.8571,0.38,0.25,0.801891
params_1152,2,1.0,2.0,0.5,1.0,30,0.75,1.0,1.0,1.0,0,0.0,0,1.0,0.75,0.8571,0.38,0.25,0.801891
params_2349,3,0.5,2.0,0.5,1.0,7,0.75,1.0,1.0,1.0,0,0.0,0,1.0,0.75,0.8571,0.38,0.25,0.801891
params_2350,3,0.5,2.0,0.5,1.0,14,0.75,1.0,1.0,1.0,0,0.0,0,1.0,0.75,0.8571,0.38,0.25,0.801891
params_2351,3,0.5,2.0,0.5,1.0,21,0.75,1.0,1.0,1.0,0,0.0,0,1.0,0.75,0.8571,0.38,0.25,0.801891
params_2352,3,0.5,2.0,0.5,1.0,30,0.75,1.0,1.0,1.0,0,0.0,0,1.0,0.75,0.8571,0.38,0.25,0.801891
params_2749,3,0.75,2.0,0.5,1.0,7,0.75,1.0,1.0,1.0,0,0.0,0,1.0,0.75,0.8571,0.38,0.25,0.801891
params_2750,3,0.75,2.0,0.5,1.0,14,0.75,1.0,1.0,1.0,0,0.0,0,1.0,0.75,0.8571,0.38,0.25,0.801891
params_2751,3,0.75,2.0,0.5,1.0,21,0.75,1.0,1.0,1.0,0,0.0,0,1.0,0.75,0.8571,0.38,0.25,0.801891
params_2752,3,0.75,2.0,0.5,1.0,30,0.75,1.0,1.0,1.0,0,0.0,0,1.0,0.75,0.8571,0.38,0.25,0.801891
params_3149,3,1.0,2.0,0.5,1.0,7,0.75,1.0,1.0,1.0,0,0.0,0,1.0,0.75,0.8571,0.38,0.25,0.801891
params_3150,3,1.0,2.0,0.5,1.0,14,0.75,1.0,1.0,1.0,0,0.0,0,1.0,0.75,0.8571,0.38,0.25,0.801891
params_3151,3,1.0,2.0,0.5,1.0,21,0.75,1.0,1.0,1.0,0,0.0,0,1.0,0.75,0.8571,0.38,0.25,0.801891
params_3152,3,1.0,2.0,0.5,1.0,30,0.75,1.0,1.0,1.0,0,0.0,0,1.0,0.75,0.8571,0.38,0.25,0.801891
params_4349,4,0.5,2.0,0.5,1.0,7,0.75,1.0,1.0,1.0,0,0.0,0,1.0,0.75,0.8571,0.38,0.25,0.801891
params_4350,4,0.5,2.0,0.5,1.0,14,0.75,1.0,1.0,1.0,0,0.0,0,1.0,0.75,0.8571,0.38,0.25,0.801891
params_4351,4,0.5,2.0,0.5,1.0,21,0.75,1.0,1.0,1.0,0,0.0,0,1.0,0.75,0.8571,0.38,0.25,0.801891
params_4352,4,0.5,2.0,0.5,1.0,30,0.75,1.0,1.0,1.0,0,0.0,0,1.0,0.75,0.8571,0.38,0.25,0.801891
params_4749,4,0.75,2.0,0.5,1.0,7,0.75,1.0,1.0,1.0,0,0.0,0,1.0,0.75,0.8571,0.38,0.25,0.801891
params_4750,4,0.75,2.0,0.5,1.0,14,0.75,1.0,1.0,1.0,0,0.0,0,1.0,0.75,0.8571,0.38,0.25,0.801891
params_4751,4,0.75,2.0,0.5,1.0,21,0.75,1.0,1.0,1.0,0,0.0,0,1.0,0.75,0.8571,0.38,0.25,0.801891
params_4752,4,0.75,2.0,0.5,1.0,30,0.75,1.0,1.0,1.0,0,0.0,0,1.0,0.75,0.8571,0.38,0.25,0.801891
params_5149,4,1.0,2.0,0.5,1.0,7,0.75,1.0,1.0,1.0,0,0.0,0,1.0,0.75,0.8571,0.38,0.25,0.801891
params_5150,4,1.0,2.0,0.5,1.0,14,0.75,1.0,1.0,1.0,0,0.0,0,1.0,0.75,0.8571,0.38,0.25,0.801891
params_5151,4,1.0,2.0,0.5,1.0,21,0.75,1.0,1.0,1.0,0,0.0,0,1.0,0.75,0.8571,0.38,0.25,0.801891
params_5152,4,1.0,2.0,0.5,1.0,30,0.75,1.0,1.0,1.0,0,0.0,0,1.0,0.75,0.8571,0.38,0.25,0.801891
params_6349,5,0.5,2.0,0.5,1.0,7,0.75,1.0,1.0,1.0,0,0.0,0,1.0,0.75,0.8571,0.38,0.25,0.801891
params_6350,5,0.5,2.0,0.5,1.0,14,0.75,1.0,1.0,1.0,0,0.0,0,1.0,0.75,0.8571,0.38,0.25,0.801891
params_6351,5,0.5,2.0,0.5,1.0,21,0.75,1.0,1.0,1.0,0,0.0,0,1.0,0.75,0.8571,0.38,0.25,0.801891
params_6352,5,0.5,2.0,0.5,1.0,30,0.75,1.0,1.0,1.0,0,0.0,0,1.0,0.75,0.8571,0.38,0.25,0.801891
params_6749,5,0.75,2.0,0.5,1.0,7,0.75,1.0,1.0,1.0,0,0.0,0,1.0,0.75,0.8571,0.38,0.25,0.801891
params_6750,5,0.75,2.0,0.5,1.0,14,0.75,1.0,1.0,1.0,0,0.0,0,1.0,0.75,0.8571,0.38,0.25,0.801891
params_6751,5,0.75,2.0,0.5,1.0,21,0.75,1.0,1.0,1.0,0,0.0,0,1.0,0.75,0.8571,0.38,0.25,0.801891
params_6752,5,0.75,2.0,0.5,1.0,30,0.75,1.0,1.0,1.0,0,0.0,0,1.0,0.75,0.8571,0.38,0.25,0.801891
params_7149,5,1.0,2.0,0.5,1.0,7,0.75,1.0,1.0,1.0,0,0.0,0,1.0,0.75,0.8571,0.38,0.25,0.801891
params_7150,5,1.0,2.0,0.5,1.0,14,0.75,1.0,1.0,1.0,0,0.0,0,1.0,0.75,0.8571,0.38,0.25,0.801891
params_7151,5,1.0,2.0,0.5,1.0,21,0.75,1.0,1.0,1.0,0,0.0,0,1.0,0.75,0.8571,0.38,0.25,0.801891
params_7152,5,1.0,2.0,0.5,1.0,30,0.75,1.0,1.0,1.0,0,0.0,0,1.0,0.75,0.8571,0.38,0.25,0.801891
params_0001,2,0.5,0.5,0.3,0.3,7,0.75,1.0,0.6667,0.8,1.0,1.0,1.0,1.0,0.75,0.8571,0.6,0.18,0.794064
params_0002,2,0.5,0.5,0.3,0.3,14,0.75,1.0,0.6667,0.8,1.0,1.0,1.0,1.0,0.75,0.8571,0.6,0.18,0.794064
params_0003,2,0.5,0.5,0.3,0.3,21,0.75,1.0,0.6667,0.8,1.0,1.0,1.0,1.0,0.75,0.8571,0.6,0.18,0.794064
params_0004,2,0.5,0.5,0.3,0.3,30,0.75,1.0,0.6667,0.8,1.0,1.0,1.0,1.0,0.75,0.8571,0.6,0.18,0.794064
params_0005,2,0.5,0.5,0.3,0.5,7,0.75,1.0,0.6667,0.8,1.0,1.0,1.0,1.0,0.75,0.8571,0.6,0.18,0.794064
params_0006,2,0.5,0.5,0.3,0.5,14,0.75,1.0,0.6667,0.8,1.0,1.0,1.0,1.0,0.75,0.8571,0.6,0.18,0.794064
params_0007,2,0.5,0.5,0.3,0.5,21,0.75,1.0,0.6667,0.8,1.0,1.0,1.0,1.0,0.75,0.8571,0.6,0.18,0.794064
params_0008,2,0.5,0.5,0.3,0.5,30,0.75,1.0,0.6667,0.8,1.0,1.0,1.0,1.0,0.75,0.8571,0.6,0.18,0.794064
params_0009,2,0.5,0.5,0.3,0.7,7,0.75,1.0,0.6667,0.8,1.0,1.0,1.0,1.0,0.75,0.8571,0.6,0.18,0.794064
params_0010,2,0.5,0.5,0.3,0.7,14,0.75,1.0,0.6667,0.8,1.0,1.0,1.0,1.0,0.75,0.8571,0.6,0.18,0.794064
params_0011,2,0.5,0.5,0.3,0.7,21,0.75,1.0,0.6667,0.8,1.0,1.0,1.0,1.0,0.75,0.8571,0.6,0.18,0.794064
params_0012,2,0.5,0.5,0.3,0.7,30,0.75,1.0,0.6667,0.8,1.0,1.0,1.0,1.0,0.75,0.8571,0.6,0.18,0.794064
params_0081,2,0.5,1.0,0.3,0.3,7,0.75,1.0,0.6667,0.8,1.0,1.0,1.0,1.0,0.75,0.8571,0.6,0.18,0.794064
params_0082,2,0.5,1.0,0.3,0.3,14,0.75,1.0,0.6667,0.8,1.0,1.0,1.0,1.0,0.75,0.8571,0.6,0.18,0.794064
params_0083,2,0.5,1.0,0.3,0.3,21,0.75,1.0,0.6667,0.8,1.0,1.0,1.0,1.0,0.75,0.8571,0.6,0.18,0.794064
params_0084,2,0.5,1.0,0.3,0.3,30,0.75,1.0,0.6667,0.8,1.0,1.0,1.0,1.0,0.75,0.8571,0.6,0.18,0.794064
params_0085,2,0.5,1.0,0.3,0.5,7,0.75,1.0,0.6667,0.8,1.0,1.0,1.0,1.0,0.75,0.8571,0.6,0.18,0.794064
params_0086,2,0.5,1.0,0.3,0.5,14,0.75,1.0,0.6667,0.8,1.0,1.0,1.0,1.0,0.75,0.8571,0.6,0.18,0.794064
params_0087,2,0.5,1.0,0.3,0.5,21,0.75,1.0,0.6667,0.8,1.0,1.0,1.0,1.0,0.75,0.8571,0.6,0.18,0.794064
params_0088,2,0.5,1.0,0.3,0.5,30,0.75,1.0,0.6667,0.8,1.0,1.0,1.0,1.0,0.75,0.8571,0.6,0.18,0.794064
params_0089,2,0.5,1.0,0.3,0.7,7,0.75,1.0,0.6667,0.8,1.0,1.0,1.0,1.0,0.75,0.8571,0.6,0.18,0.794064
params_0090,2,0.5,1.0,0.3,0.7,14,0.75,1.0,0.6667,0.8,1.0,1.0,1.0,1.0,0.75,0.8571,0.6,0.18,0.794064
params_0091,2,0.5,1.0,0.3,0.7,21,0.75,1.0,0.6667,0.8,1.0,1.0,1.0,1.0,0.75,0.8571,0.6,0.18,0.794064
params_0092,2,0.5,1.0,0.3,0.7,30,0.75,1.0,0.6667,0.8,1.0,1.0,1.0,1.0,0.75,0.8571,0.6,0.18,0.794064
params_0161,2,0.5,1.2,0.3,0.3,7,0.75,1.0,0.6667,0.8,1.0,1.0,1.0,1.0,0.75,0.8571,0.6,0.18,0.794064
params_0162,2,0.5,1.2,0.3,0.3,14,0.75,1.0,0.6667,0.8,1.0,1.0,1.0,1.0,0.75,0.8571,0.6,0.18,0.794064
params_0163,2,0.5,1.2,0.3,0.3,21,0.75,1.0,0.6667,0.8,1.0,1.0,1.0,1.0,0.75,0.8571,0.6,0.18,0.794064
params_0164,2,0.5,1.2,0.3,0.3,30,0.75,1.0,0.6667,0.8,1.0,1.0,1.0,1.0,0.75,0.8571,0.6,0.18,0.794064
params_0165,2,0.5,1.2,0.3,0.5,7,0.75,1.0,0.6667,0.8,1.0,1.0,1.0,1.0,0.75,0.8571,0.6,0.18,0.794064
params_0166,2,0.5,1.2,0.3,0.5,14,0.75,1.0,0.6667,0.8,1.0,1.0,1.0,1.0,0.75,0.8571,0.6,0.18,0.794064
params_0167,2,0.5,1.2,0.3,0.5,21,0.75,1.0,0.6667,0.8,1.0,1.0,1.0,1.0,0.75,0.8571,0.6,0.18,0.794064
params_0168,2,0.5,1.2,0.3,0.5,30,0.75,1.0,0.6667,0.8,1.0,1.0,1.0,1.0,0.75,0.8571,0.6,0.18,0.794064
params_0169,2,0.5,1.2,0.3,0.7,7,0.75,1.0,0.6667,0.8,1.0,1.0,1.0,1.0,0.75,0.8571,0.6,0.18,0.794064
params_0170,2,0.5,1.2,0.3,0.7,14,0.75,1.0,0.6667,0.8,1.0,1.0,1.0,1.0,0.75,0.8571,0.6,0.18,0.794064
params_0171,2,0.5,1.2,0.3,0.7,21,0.75,1.0,0.6667,0.8,1.0,1.0,1.0,1.0,0.75,0.8571,0.6,0.18,0.794064
params_0172,2,0.5,1.2,0.3,0.7,30,0.75,1.0,0.6667,0.8,1.0,1.0,1.0,1.0,0.75,0.8571,0.6,0.18,0.794064
params_0241,2,0.5,1.5,0.3,0.3,7,0.75,1.0,0.6667,0.8,1.0,1.0,1.0,1.0,0.75,0.8571,0.6,0.18,0.794064
params_0242,2,0.5,1.5,0.3,0.3,14,0.75,1.0,0.6667,0.8,1.0,1.0,1.0,1.0,0.75,0.8571,0.6,0.18,0.794064
params_0243,2,0.5,1.5,0.3,0.3,21,0.75,1.0,0.6667,0.8,1.0,1.0,1.0,1.0,0.75,0.8571,0.6,0.18,0.794064
params_0244,2,0.5,1.5,0.3,0.3,30,0.75,1.0,0.6667,0.8,1.0,1.0,1.0,1.0,0.75,0.8571,0.6,0.18,0.794064
params_0245,2,0.5,1.5,0.3,0.5,7,0.75,1.0,0.6667,0.8,1.0,1.0,1.0,1.0,0.75,0.8571,0.6,0.18,0.794064
params_0246,2,0.5,1.5,0.3,0.5,14,0.75,1.0,0.6667,0.8,1.0,1.0,1.0,1.0,0.75,0.8571,0.6,0.18,0.794064
params_0247,2,0.5,1.5,0.3,0.5,21,0.75,1.0,0.6667,0.8,1.0,1.0,1.0,1.0,0.75,0.8571,0.6,0.18,0.794064
params_0248,2,0.5,1.5,0.3,0.5,30,0.75,1.0,0.6667,0.8,1.0,1.0,1.0,1.0,0.75,0.8571,0.6,0.18,0.794064
params_0249,2,0.5,1.5,0.3,0.7,7,0.75,1.0,0.6667,0.8,1.0,1.0,1.0,1.0,0.75,0.8571,0.6,0.18,0.794064
params_0250,2,0.5,1.5,0.3,0.7,14,0.75,1.0,0.6667,0.8,1.0,1.0,1.0,1.0,0.75,0.8571,0.6,0.18,0.794064
params_0251,2,0.5,1.5,0.3,0.7,21,0.75,1.0,0.6667,0.8,1.0,1.0,1.0,1.0,0.75,0.8571,0.6,0.18,0.794064
params_0252,2,0.5,1.5,0.3,0.7,30,0.75,1.0,0.6667,0.8,1.0,1.0,1.0,1.0,0.75,0.8571,0.6,0.18,0.794064
params_0401,2,0.75,0.5,0.3,0.3,7,0.75,1.0,0.6667,0.8,1.0,1.0,1.0,1.0,0.75,0.8571,0.6,0.18,0.794064
params_0402,2,0.75,0.5,0.3,0.3,14,0.75,1.0,0.6667,0.8,1.0,1.0,1.0,1.0,0.75,0.8571,0.6,0.18,0.794064
params_0403,2,0.75,0.5,0.3,0.3,21,0.75,1.0,0.6667,0.8,1.0,1.0,1.0,1.0,0.75,0.8571,0.6,0.18,0.794064
params_0404,2,0.75,0.5,0.3,0.3,30,0.75,1.0,0.6667,0.8,1.0,1.0,1.0,1.0,0.75,0.8571,0.6,0.18,0.794064
params_0405,2,0.75,0.5,0.3,0.5,7,0.75,1.0,0.6667,0.8,1.0,1.0,1.0,1.0,0.75,0.8571,0.6,0.18,0.794064
params_0406,2,0.75,0.5,0.3,0.5,14,0.75,1.0,0.6667,0.8,1.0,1.0,1.0,1.0,0.75,0.8571,0.6,0.18,0.794064
params_0407,2,0.75,0.5,0.3,0.5,21,0.75,1.0,0.6667,0.8,1.0,1.0,1.0,1.0,0.75,0.8571,0.6,0.18,0.794064
params_0408,2,0.75,0.5,0.3,0.5,30,0.75,1.0,0.6667,0.8,1.0,1.0,1.0,1.0,0.75,0.8571,0.6,0.18,0.794064
params_0409,2,0.75,0.5,0.3,0.7,7,0.75,1.0,0.6667,0.8,1.0,1.0,1.0,1.0,0.75,0.8571,0.6,0.18,0.794064
params_0410,2,0.75,0.5,0.3,0.7,14,0.75,1.0,0.6667,0.8,1.0,1.0,1.0,1.0,0.75,0.8571,0.6,0.18,0.794064
params_0411,2,0.75,0.5,0.3,0.7,21,0.75,1.0,0.6667,0.8,1.0,1.0,1.0,1.0,0.75,0.8571,0.6,0.18,0.794064
params_0412,2,0.75,0.5,0.3,0.7,30,0.75,1.0,0.6667,0.8,1.0,1.0,1.0,1.0,0.75,0.8571,0.6,0.18,0.794064
params_0481,2,0.75,1.0,0.3,0.3,7,0.75,1.0,0.6667,0.8,1.0,1.0,1.0,1.0,0.75,0.8571,0.6,0.18,0.794064
params_0482,2,0.75,1.0,0.3,0.3,14,0.75,1.0,0.6667,0.8,1.0,1.0,1.0,1.0,0.75,0.8571,0.6,0.18,0.794064
params_0483,2,0.75,1.0,0.3,0.3,21,0.75,1.0,0.6667,0.8,1.0,1.0,1.0,1.0,0.75,0.8571,0.6,0.18,0.794064
params_0484,2,0.75,1.0,0.3,0.3,30,0.75,1.0,0.6667,0.8,1.0,1.0,1.0,1.0,0.75,0.8571,0.6,0.18,0.794064
params_0485,2,0.75,1.0,0.3,0.5,7,0.75,1.0,0.6667,0.8,1.0,1.0,1.0,1.0,0.75,0.8571,0.6,0.18,0.794064
params_0486,2,0.75,1.0,0.3,0.5,14,0.75,1.0,0.6667,0.8,1.0,1.0,1.0,1.0,0.75,0.8571,0.6,0.18,0.794064
params_0487,2,0.75,1.0,0.3,0.5,21,0.75,1.0,0.6667,0.8,1.0,1.0,1.0,1.0,0.75,0.8571,0.6,0.18,0.794064
params_0488,2,0.75,1.0,0.3,0.5,30,0.75,1.0,0.6667,0.8,1.0,1.0,1.0,1.0,0.75,0.8571,0.6,0.18,0.794064
params_0489,2,0.75,1.0,0.3,0.7,7,0.75,1.0,0.6667,0.8,1.0,1.0,1.0,1.0,0.75,0.8571,0.6,0.18,0.794064
params_0490,2,0.75,1.0,0.3,0.7,14,0.75,1.0,0.6667,0.8,1.0,1.0,1.0,1.0,0.75,0.8571,0.6,0.18,0.794064
params_0491,2,0.75,1.0,0.3,0.7,21,0.75,1.0,0.6667,0.8,1.0,1.0,1.0,1.0,0.75,0.8571,0.6,0.18,0.794064
params_0492,2,0.75,1.0,0.3,0.7,30,0.75,1.0,0.6667,0.8,1.0,1.0,1.0,1.0,0.75,0.8571,0.6,0.18,0.794064
params_0561,2,0.75,1.2,0.3,0.3,7,0.75,1.0,0.6667,0.8,1.0,1.0,1.0,1.0,0.75,0.8571,0.6,0.18,0.794064
params_0562,2,0.75,1.2,0.3,0.3,14,0.75,1.0,0.6667,0.8,1.0,1.0,1.0,1.0,0.75,0.8571,0.6,0.18,0.794064
params_0563,2,0.75,1.2,0.3,0.3,21,0.75,1.0,0.6667,0.8,1.0,1.0,1.0,1.0,0.75,0.8571,0.6,0.18,0.794064
params_0564,2,0.75,1.2,0.3,0.3,30,0.75,1.0,0.6667,0.8,1.0,1.0,1.0,1.0,0.75,0.8571,0.6,0.18,0.794064
params_0565,2,0.75,1.2,0.3,0.5,7,0.75,1.0,0.6667,0.8,1.0,1.0,1.0,1.0,0.75,0.8571,0.6,0.18,0.794064
params_0566,2,0.75,1.2,0.3,0.5,14,0.75,1.0,0.6667,0.8,1.0,1.0,1.0,1.0,0.75,0.8571,0.6,0.18,0.794064
params_0567,2,0.75,1.2,0.3,0.5,21,0.75,1.0,0.6667,0.8,1.0,1.0,1.0,1.0,0.75,0.8571,0.6,0.18,0.794064
params_0568,2,0.75,1.2,0.3,0.5,30,0.75,1.0,0.6667,0.8,1.0,1.0,1.0,1.0,0.75,0.8571,0.6,0.18,0.794064
params_0569,2,0.75,1.2,0.3,0.7,7,0.75,1.0,0.6667,0.8,1.0,1.0,1.0,1.0,0.75,0.8571,0.6,0.18,0.794064
params_0570,2,0.75,1.2,0.3,0.7,14,0.75,1.0,0.6667,0.8,1.0,1.0,1.0,1.0,0.75,0.8571,0.6,0.18,0.794064
params_0571,2,0.75,1.2,0.3,0.7,21,0.75,1.0,0.6667,0.8,1.0,1.0,1.0,1.0,0.75,0.8571,0.6,0.18,0.794064
params_0572,2,0.75,1.2,0.3,0.7,30,0.75,1.0,0.6667,0.8,1.0,1.0,1.0,1.0,0.75,0.8571,0.6,0.18,0.794064
params_0641,2,0.75,1.5,0.3,0.3,7,0.75,1.0,0.6667,0.8,1.0,1.0,1.0,1.0,0.75,0.8571,0.6,0.18,0.794064
params_0642,2,0.75,1.5,0.3,0.3,14,0.75,1.0,0.6667,0.8,1.0,1.0,1.0,1.0,0.75,0.8571,0.6,0.18,0.794064
params_0643,2,0.75,1.5,0.3,0.3,21,0.75,1.0,0.6667,0.8,1.0,1.0,1.0,1.0,0.75,0.8571,0.6,0.18,0.794064
params_0644,2,0.75,1.5,0.3,0.3,30,0.75,1.0,0.6667,0.8,1.0,1.0,1.0,1.0,0.75,0.8571,0.6,0.18,0.794064
params_0645,2,0.75,1.5,0.3,0.5,7,0.75,1.0,0.6667,0.8,1.0,1.0,1.0,1.0,0.75,0.8571,0.6,0.18,0.794064
params_0646,2,0.75,1.5,0.3,0.5,14,0.75,1.0,0.6667,0.8,1.0,1.0,1.0,1.0,0.75,0.8571,0.6,0.18,0.794064
params_0647,2,0.75,1.5,0.3,0.5,21,0.75,1.0,0.6667,0.8,1.0,1.0,1.0,1.0,0.75,0.8571,0.6,0.18,0.794064
params_0648,2,0.75,1.5,0.3,0.5,30,0.75,1.0,0.6667,0.8,1.0,1.0,1.0,1.0,0.75,0.8571,0.6,0.18,0.794064
params_0649,2,0.75,1.5,0.3,0.7,7,0.75,1.0,0.6667,0.8,1.0,1.0,1.0,1.0,0.75,0.8571,0.6,0.18,0.794064
params_0650,2,0.75,1.5,0.3,0.7,14,0.75,1.0,0.6667,0.8,1.0,1.0,1.0,1.0,0.75,0.8571,0.6,0.18,0.794064
params_0651,2,0.75,1.5,0.3,0.7,21,0.75,1.0,0.6667,0.8,1.0,1.0,1.0,1.0,0.75,0.8571,0.6,0.18,0.794064
params_0652,2,0.75,1.5,0.3,0.7,30,0.75,1.0,0.6667,0.8,1.0,1.0,1.0,1.0,0.75,0.8571,0.6,0.18,0.794064
params_0801,2,1.0,0.5,0.3,0.3,7,0.75,1.0,0.6667,0.8,1.0,1.0,1.0,1.0,0.75,0.8571,0.6,0.18,0.794064
params_0802,2,1.0,0.5,0.3,0.3,14,0.75,1.0,0.6667,0.8,1.0,1.0,1.0,1.0,0.75,0.8571,0.6,0.18,0.794064
params_0803,2,1.0,0.5,0.3,0.3,21,0.75,1.0,0.6667,0.8,1.0,1.0,1.0,1.0,0.75,0.8571,0.6,0.18,0.794064
params_0804,2,1.0,0.5,0.3,0.3,30,0.75,1.0,0.6667,0.8,1.0,1.0,1.0,1.0,0.75,0.8571,0.6,0.18,0.794064
params_0805,2,1.0,0.5,0.3,0.5,7,0.75,1.0,0.6667,0.8,1.0,1.0,1.0,1.0,0.75,0.8571,0.6,0.18,0.794064
params_0806,2,1.0,0.5,0.3,0.5,14,0.75,1.0,0.6667,0.8,1.0,1.0,1.0,1.0,0.75,0.8571,0.6,0.18,0.794064
params_0807,2,1.0,0.5,0.3,0.5,21,0.75,1.0,0.6667,0.8,1.0,1.0,1.0,1.0,0.75,0.8571,0.6,0.18,0.794064
params_0808,2,1.0,0.5,0.3,0.5,30,0.75,1.0,0.6667,0.8,1.0,1.0,1.0,1.0,0.75,0.8571,0.6,0.18,0.794064
params_0809,2,1.0,0.5,0.3,0.7,7,0.75,1.0,0.6667,0.8,1.0,1.0,1.0,1.0,0.75,0.8571,0.6,0.18,0.794064
params_0810,2,1.0,0.5,0.3,0.7,14,0.75,1.0,0.6667,0.8,1.0,1.0,1.0,1.0,0.75,0.8571,0.6,0.18,0.794064
params_0811,2,1.0,0.5,0.3,0.7,21,0.75,1.0,0.6667,0.8,1.0,1.0,1.0,1.0,0.75,0.8571,0.6,0.18,0.794064
params_0812,2,1.0,0.5,0.3,0.7,30,0.75,1.0,0.6667,0.8,1.0,1.0,1.0,1.0,0.75,0.8571,0.6,0.18,0.794064
params_0881,2,1.0,1.0,0.3,0.3,7,0.75,1.0,0.6667,0.8,1.0,1.0,1.0,1.0,0.75,0.8571,0.6,0.18,0.794064
params_0882,2,1.0,1.0,0.3,0.3,14,0.75,1.0,0.6667,0.8,1.0,1.0,1.0,1.0,0.75,0.8571,0.6,0.18,0.794064
params_0883,2,1.0,1.0,0.3,0.3,21,0.75,1.0,0.6667,0.8,1.0,1.0,1.0,1.0,0.75,0.8571,0.6,0.18,0.794064
params_0884,2,1.0,1.0,0.3,0.3,30,0.75,1.0,0.6667,0.8,1.0,1.0,1.0,1.0,0.75,0.8571,0.6,0.18,0.794064
params_0885,2,1.0,1.0,0.3,0.5,7,0.75,1.0,0.6667,0.8,1.0,1.0,1.0,1.0,0.75,0.8571,0.6,0.18,0.794064
params_0886,2,1.0,1.0,0.3,0.5,14,0.75,1.0,0.6667,0.8,1.0,1.0,1.0,1.0,0.75,0.8571,0.6,0.18,0.794064
params_0887,2,1.0,1.0,0.3,0.5,21,0.75,1.0,0.6667,0.8,1.0,1.0,1.0,1.0,0.75,0.8571,0.6,0.18,0.794064
params_0888,2,1.0,1.0,0.3,0.5,30,0.75,1.0,0.6667,0.8,1.0,1.0,1.0,1.0,0.75,0.8571,0.6,0.18,0.794064
params_0889,2,1.0,1.0,0.3,0.7,7,0.75,1.0,0.6667,0.8,1.0,1.0,1.0,1.0,0.75,0.8571,0.6,0.18,0.794064
params_0890,2,1.0,1.0,0.3,0.7,14,0.75,1.0,0.6667,0.8,1.0,1.0,1.0,1.0,0.75,0.8571,0.6,0.18,0.794064
params_0891,2,1.0,1.0,0.3,0.7,21,0.75,1.0,0.6667,0.8,1.0,1.0,1.0,1.0,0.75,0.8571,0.6,0.18,0.794064
params_0892,2,1.0,1.0,0.3,0.7,30,0.75,1.0,0.6667,0.8,1.0,1.0,1.0,1.0,0.75,0.8571,0.6,0.18,0.794064
params_0961,2,1.0,1.2,0.3,0.3,7,0.75,1.0,0.6667,0.8,1.0,1.0,1.0,1.0,0.75,0.8571,0.6,0.18,0.794064
params_0962,2,1.0,1.2,0.3,0.3,14,0.75,1.0,0.6667,0.8,1.0,1.0,1.0,1.0,0.75,0.8571,0.6,0.18,0.794064
params_0963,2,1.0,1.2,0.3,0.3,21,0.75,1.0,0.6667,0.8,1.0,1.0,1.0,1.0,0.75,0.8571,0.6,0.18,0.794064
params_0964,2,1.0,1.2,0.3,0.3,30,0.75,1.0,0.6667,0.8,1.0,1.0,1.0,1.0,0.75,0.8571,0.6,0.18,0.794064
params_0965,2,1.0,1.2,0.3,0.5,7,0.75,1.0,0.6667,0.8,1.0,1.0,1.0,1.0,0.75,0.8571,0.6,0.18,0.794064
params_0966,2,1.0,1.2,0.3,0.5,14,0.75,1.0,0.6667,0.8,1.0,1.0,1.0,1.0,0.75,0.8571,0.6,0.18,0.794064
params_0967,2,1.0,1.2,0.3,0.5,21,0.75,1.0,0.6667,0.8,1.0,1.0,1.0,1.0,0.75,0.8571,0.6,0.18,0.794064
params_0968,2,1.0,1.2,0.3,0.5,30,0.75,1.0,0.6667,0.8,1.0,1.0,1.0,1.0,0.75,0.8571,0.6,0.18,0.794064
params_0969,2,1.0,1.2,0.3,0.7,7,0.75,1.0,0.6667,0.8,1.0,1.0,1.0,1.0,0.75,0.8571,0.6,0.18,0.794064
params_0970,2,1.0,1.2,0.3,0.7,14,0.75,1.0,0.6667,0.8,1.0,1.0,1.0,1.0,0.75,0.8571,0.6,0.18,0.794064
params_0971,2,1.0,1.2,0.3,0.7,21,0.75,1.0,0.6667,0.8,1.0,1.0,1.0,1.0,0.75,0.8571,0.6,0.18,0.794064
params_0972,2,1.0,1.2,0.3,0.7,30,0.75,1.0,0.6667,0.8,1.0,1.0,1.0,1.0,0.75,0.8571,0.6,0.18,0.794064
params_1041,2,1.0,1.5,0.3,0.3,7,0.75,1.0,0.6667,0.8,1.0,1.0,1.0,1.0,0.75,0.8571,0.6,0.18,0.794064
params_1042,2,1.0,1.5,0.3,0.3,14,0.75,1.0,0.6667,0.8,1.0,1.0,1.0,1.0,0.75,0.8571,0.6,0.18,0.794064
params_1043,2,1.0,1.5,0.3,0.3,21,0.75,1.0,0.6667,0.8,1.0,1.0,1.0,1.0,0.75,0.8571,0.6,0.18,0.794064
params_1044,2,1.0,1.5,0.3,0.3,30,0.75,1.0,0.6667,0.8,1.0,1.0,1.0,1.0,0.75,0.8571,0.6,0.18,0.794064
params_1045,2,1.0,1.5,0.3,0.5,7,0.75,1.0,0.6667,0.8,1.0,1.0,1.0,1.0,0.75,0.8571,0.6,0.18,0.794064
params_1046,2,1.0,1.5,0.3,0.5,14,0.75,1.0,0.6667,0.8,1.0,1.0,1.0,1.0,0.75,0.8571,0.6,0.18,0.794064
params_1047,2,1.0,1.5,0.3,0.5,21,0.75,1.0,0.6667,0.8,1.0,1.0,1.0,1.0,0.75,0.8571,0.6,0.18,0.794064
params_1048,2,1.0,1.5,0.3,0.5,30,0.75,1.0,0.6667,0.8,1.0,1.0,1.0,1.0,0.75,0.8571,0.6,0.18,0.794064
params_1049,2,1.0,1.5,0.3,0.7,7,0.75,1.0,0.6667,0.8,1.0,1.0,1.0,1.0,0.75,0.8571,0.6,0.18,0.794064
params_1050,2,1.0,1.5,0.3,0.7,14,0.75,1.0,0.6667,0.8,1.0,1.0,1.0,1.0,0.75,0.8571,0.6,0.18,0.794064
params_1051,2,1.0,1.5,0.3,0.7,21,0.75,1.0,0.6667,0.8,1.0,1.0,1.0,1.0,0.75,0.8571,0.6,0.18,0.794064
params_1052,2,1.0,1.5,0.3,0.7,30,0.75,1.0,0.6667,0.8,1.0,1.0,1.0,1.0,0.75,0.8571,0.6,0.18,0.794064
params_2001,3,0.5,0.5,0.3,0.3,7,0.75,1.0,0.6667,0.8,1.0,1.0,1.0,1.0,0.75,0.8571,0.6,0.18,0.794064
params_2002,3,0.5,0.5,0.3,0.3,14,0.75,1.0,0.6667,0.8,1.0,1.0,1.0,1.0,0.75,0.8571,0.6,0.18,0.794064
params_2003,3,0.5,0.5,0.3,0.3,21,0.75,1.0,0.6667,0.8,1.0,1.0,1.0,1.0,0.75,0.8571,0.6,0.18,0.794064
params_2004,3,0.5,0.5,0.3,0.3,30,0.75,1.0,0.6667,0.8,1.0,1.0,1.0,1.0,0.75,0.8571,0.6,0.18,0.794064
params_2005,3,0.5,0.5,0.3,0.5,7,0.75,1.0,0.6667,0.8,1.0,1.0,1.0,1.0,0.75,0.8571,0.6,0.18,0.794064
params_2006,3,0.5,0.5,0.3,0.5,14,0.75,1.0,0.6667,0.8,1.0,1.0,1.0,1.0,0.75,0.8571,0.6,0.18,0.794064
params_2007,3,0.5,0.5,0.3,0.5,21,0.75,1.0,0.6667,0.8,1.0,1.0,1.0,1.0,0.75,0.8571,0.6,0.18,0.794064
params_2008,3,0.5,0.5,0.3,0.5,30,0.75,1.0,0.6667,0.8,1.0,1.0,1.0,1.0,0.75,0.8571,0.6,0.18,0.794064
params_2009,3,0.5,0.5,0.3,0.7,7,0.75,1.0,0.6667,0.8,1.0,1.0,1.0,1.0,0.75,0.8571,0.6,0.18,0.794064
params_2010,3,0.5,0.5,0.3,0.7,14,0.75,1.0,0.6667,0.8,1.0,1.0,1.0,1.0,0.75,0.8571,0.6,0.18,0.794064
params_2011,3,0.5,0.5,0.3,0.7,21,0.75,1.0,0.6667,0.8,1.0,1.0,1.0,1.0,0.75,0.8571,0.6,0.18,0.794064
params_2012,3,0.5,0.5,0.3,0.7,30,0.75,1.0,0.6667,0.8,1.0,1.0,1.0,1.0,0.75,0.8571,0.6,0.18,0.794064
params_2081,3,0.5,1.0,0.3,0.3,7,0.75,1.0,0.6667,0.8,1.0,1.0,1.0,1.0,0.75,0.8571,0.6,0.18,0.794064
params_2082,3,0.5,1.0,0.3,0.3,14,0.75,1.0,0.6667,0.8,1.0,1.0,1.0,1.0,0.75,0.8571,0.6,0.18,0.794064
params_2083,3,0.5,1.0,0.3,0.3,21,0.75,1.0,0.6667,0.8,1.0,1.0,1.0,1.0,0.75,0.8571,0.6,0.18,0.794064
params_2084,3,0.5,1.0,0.3,0.3,30,0.75,1.0,0.6667,0.8,1.0,1.0,1.0,1.0,0.75,0.8571,0.6,0.18,0.794064
params_2085,3,0.5,1.0,0.3,0.5,7,0.75,1.0,0.6667,0.8,1.0,1.0,1.0,1.0,0.75,0.8571,0.6,0.18,0.794064
params_2086,3,0.5,1.0,0.3,0.5,14,0.75,1.0,0.6667,0.8,1.0,1.0,1.0,1.0,0.75,0.8571,0.6,0.18,0.794064
params_2087,3,0.5,1.0,0.3,0.5,21,0.75,1.0,0.6667,0.8,1.0,1.0,1.0,1.0,0.75,0.8571,0.6,0.18,0.794064
params_2088,3,0.5,1.0,0.3,0.5,30,0.75,1.0,0.6667,0.8,1.0,1.0,1.0,1.0,0.75,0.8571,0.6,0.18,0.794064
params_2089,3,0.5,1.0,0.3,0.7,7,0.75,1.0,0.6667,0.8,1.0,1.0,1.0,1.0,0.75,0.8571,0.6,0.18,0.794064
params_2090,3,0.5,1.0,0.3,0.7,14,0.75,1.0,0.6667,0.8,1.0,1.0,1.0,1.0,0.75,0.8571,0.6,0.18,0.794064
params_2091,3,0.5,1.0,0.3,0.7,21,0.75,1.0,0.6667,0.8,1.0,1.0,1.0,1.0,0.75,0.8571,0.6,0.18,0.794064
params_2092,3,0.5,1.0,0.3,0.7,30,0.75,1.0,0.6667,0.8,1.0,1.0,1.0,1.0,0.75,0.8571,0.6,0.18,0.794064
params_2161,3,0.5,1.2,0.3,0.3,7,0.75,1.0,0.6667,0.8,1.0,1.0,1.0,1.0,0.75,0.8571,0.6,0.18,0.794064
params_2162,3,0.5,1.2,0.3,0.3,14,0.75,1.0,0.6667,0.8,1.0,1.0,1.0,1.0,0.75,0.8571,0.6,0.18,0.794064
params_2163,3,0.5,1.2,0.3,0.3,21,0.75,1.0,0.6667,0.8,1.0,1.0,1.0,1.0,0.75,0.8571,0.6,0.18,0.794064
params_2164,3,0.5,1.2,0.3,0.3,30,0.75,1.0,0.6667,0.8,1.0,1.0,1.0,1.0,0.75,0.8571,0.6,0.18,0.794064
params_2165,3,0.5,1.2,0.3,0.5,7,0.75,1.0,0.6667,0.8,1.0,1.0,1.0,1.0,0.75,0.8571,0.6,0.18,0.794064
params_2166,3,0.5,1.2,0.3,0.5,14,0.75,1.0,0.6667,0.8,1.0,1.0,1.0,1.0,0.75,0.8571,0.6,0.18,0.794064
params_2167,3,0.5,1.2,0.3,0.5,21,0.75,1.0,0.6667,0.8,1.0,1.0,1.0,1.0,0.75,0.8571,0.6,0.18,0.794064
params_2168,3,0.5,1.2,0.3,0.5,30,0.75,1.0,0.6667,0.8,1.0,1.0,1.0,1.0,0.75,0.8571,0.6,0.18,0.794064
params_2169,3,0.5,1.2,0.3,0.7,7,0.75,1.0,0.6667,0.8,1.0,1.0,1.0,1.0,0.75,0.8571,0.6,0.18,0.794064
params_2170,3,0.5,1.2,0.3,0.7,14,0.75,1.0,0.6667,0.8,1.0,1.0,1.0,1.0,0.75,0.8571,0.6,0.18,0.794064
params_2171,3,0.5,1.2,0.3,0.7,21,0.75,1.0,0.6667,0.8,1.0,1.0,1.0,1.0,0.75,0.8571,0.6,0.18,0.794064
params_2172,3,0.5,1.2,0.3,0.7,30,0.75,1.0,0.6667,0.8,1.0,1.0,1.0,1.0,0.75,0.8571,0.6,0.18,0.794064
params_2241,3,0.5,1.5,0.3,0.3,7,0.75,1.0,0.6667,0.8,1.0,1.0,1.0,1.0,0.75,0.8571,0.6,0.18,0.794064
params_2242,3,0.5,1.5,0.3,0.3,14,0.75,1.0,0.6667,0.8,1.0,1.0,1.0,1.0,0.75,0.8571,0.6,0.18,0.794064
params_2243,3,0.5,1.5,0.3,0.3,21,0.75,1.0,0.6667,0.8,1.0,1.0,1.0,1.0,0.75,0.8571,0.6,0.18,0.794064
params_2244,3,0.5,1.5,0.3,0.3,30,0.75,1.0,0.6667,0.8,1.0,1.0,1.0,1.0,0.75,0.8571,0.6,0.18,0.794064
params_2245,3,0.5,1.5,0.3,0.5,7,0.75,1.0,0.6667,0.8,1.0,1.0,1.0,1.0,0.75,0.8571,0.6,0.18,0.794064
params_2246,3,0.5,1.5,0.3,0.5,14,0.75,1.0,0.6667,0.8,1.0,1.0,1.0,1.0,0.75,0.8571,0.6,0.18,0.794064
params_2247,3,0.5,1.5,0.3,0.5,21,0.75,1.0,0.6667,0.8,1.0,1.0,1.0,1.0,0.75,0.8571,0.6,0.18,0.794064
params_2248,3,0.5,1.5,0.3,0.5,30,0.75,1.0,0.6667,0.8,1.0,1.0,1.0,1.0,0.75,0.8571,0.6,0.18,0.794064
params_2249,3,0.5,1.5,0.3,0.7,7,0.75,1.0,0.6667,0.8,1.0,1.0,1.0,1.0,0.75,0.8571,0.6,0.18,0.794064
params_2250,3,0.5,1.5,0.3,0.7,14,0.75,1.0,0.6667,0.8,1.0,1.0,1.0,1.0,0.75,0.8571,0.6,0.18,0.794064
params_2251,3,0.5,1.5,0.3,0.7,21,0.75,1.0,0.6667,0.8,1.0,1.0,1.0,1.0,0.75,0.8571,0.6,0.18,0.794064
params_2252,3,0.5,1.5,0.3,0.7,30,0.75,1.0,0.6667,0.8,1.0,1.0,1.0,1.0,0.75,0.8571,0.6,0.18,0.794064
params_2401,3,0.75,0.5,0.3,0.3,7,0.75,1.0,0.6667,0.8,1.0,1.0,1.0,1.0,0.75,0.8571,0.6,0.18,0.794064
params_2402,3,0.75,0.5,0.3,0.3,14,0.75,1.0,0.6667,0.8,1.0,1.0,1.0,1.0,0.75,0.8571,0.6,0.18,0.794064
params_2403,3,0.75,0.5,0.3,0.3,21,0.75,1.0,0.6667,0.8,1.0,1.0,1.0,1.0,0.75,0.8571,0.6,0.18,0.794064
params_2404,3,0.75,0.5,0.3,0.3,30,0.75,1.0,0.6667,0.8,1.0,1.0,1.0,1.0,0.75,0.8571,0.6,0.18,0.794064
params_2405,3,0.75,0.5,0.3,0.5,7,0.75,1.0,0.6667,0.8,1.0,1.0,1.0,1.0,0.75,0.8571,0.6,0.18,0.794064
params_2406,3,0.75,0.5,0.3,0.5,14,0.75,1.0,0.6667,0.8,1.0,1.0,1.0,1.0,0.75,0.8571,0.6,0.18,0.794064
params_2407,3,0.75,0.5,0.3,0.5,21,0.75,1.0,0.6667,0.8,1.0,1.0,1.0,1.0,0.75,0.8571,0.6,0.18,0.794064
params_2408,3,0.75,0.5,0.3,0.5,30,0.75,1.0,0.6667,0.8,1.0,1.0,1.0,1.0,0.75,0.8571,0.6,0.18,0.794064
params_2409,3,0.75,0.5,0.3,0.7,7,0.75,1.0,0.6667,0.8,1.0,1.0,1.0,1.0,0.75,0.8571,0.6,0.18,0.794064
params_2410,3,0.75,0.5,0.3,0.7,14,0.75,1.0,0.6667,0.8,1.0,1.0,1.0,1.0,0.75,0.8571,0.6,0.18,0.794064
params_2411,3,0.75,0.5,0.3,0.7,21,0.75,1.0,0.6667,0.8,1.0,1.0,1.0,1.0,0.75,0.8571,0.6,0.18,0.794064
params_2412,3,0.75,0.5,0.3,0.7,30,0.75,1.0,0.6667,0.8,1.0,1.0,1.0,1.0,0.75,0.8571,0.6,0.18,0.794064
params_2481,3,0.75,1.0,0.3,0.3,7,0.75,1.0,0.6667,0.8,1.0,1.0,1.0,1.0,0.75,0.8571,0.6,0.18,0.794064
params_2482,3,0.75,1.0,0.3,0.3,14,0.75,1.0,0.6667,0.8,1.0,1.0,1.0,1.0,0.75,0.8571,0.6,0.18,0.794064
params_2483,3,0.75,1.0,0.3,0.3,21,0.75,1.0,0.6667,0.8,1.0,1.0,1.0,1.0,0.75,0.8571,0.6,0.18,0.794064
params_2484,3,0.75,1.0,0.3,0.3,30,0.75,1.0,0.6667,0.8,1.0,1.0,1.0,1.0,0.75,0.8571,0.6,0.18,0.794064
params_2485,3,0.75,1.0,0.3,0.5,7,0.75,1.0,0.6667,0.8,1.0,1.0,1.0,1.0,0.75,0.8571,0.6,0.18,0.794064
params_2486,3,0.75,1.0,0.3,0.5,14,0.75,1.0,0.6667,0.8,1.0,1.0,1.0,1.0,0.75,0.8571,0.6,0.18,0.794064
params_2487,3,0.75,1.0,0.3,0.5,21,0.75,1.0,0.6667,0.8,1.0,1.0,1.0,1.0,0.75,0.8571,0.6,0.18,0.794064
params_2488,3,0.75,1.0,0.3,0.5,30,0.75,1.0,0.6667,0.8,1.0,1.0,1.0,1.0,0.75,0.8571,0.6,0.18,0.794064
params_2489,3,0.75,1.0,0.3,0.7,7,0.75,1.0,0.6667,0.8,1.0,1.0,1.0,1.0,0.75,0.8571,0.6,0.18,0.794064
params_2490,3,0.75,1.0,0.3,0.7,14,0.75,1.0,0.6667,0.8,1.0,1.0,1.0,1.0,0.75,0.8571,0.6,0.18,0.794064
params_2491,3,0.75,1.0,0.3,0.7,21,0.75,1.0,0.6667,0.8,1.0,1.0,1.0,1.0,0.75,0.8571,0.6,0.18,0.794064
params_2492,3,0.75,1.0,0.3,0.7,30,0.75,1.0,0.6667,0.8,1.0,1.0,1.0,1.0,0.75,0.8571,0.6,0.18,0.794064
params_2561,3,0.75,1.2,0.3,0.3,7,0.75,1.0,0.6667,0.8,1.0,1.0,1.0,1.0,0.75,0.8571,0.6,0.18,0.794064
params_2562,3,0.75,1.2,0.3,0.3,14,0.75,1.0,0.6667,0.8,1.0,1.0,1.0,1.0,0.75,0.8571,0.6,0.18,0.794064
params_2563,3,0.75,1.2,0.3,0.3,21,0.75,1.0,0.6667,0.8,1.0,1.0,1.0,1.0,0.75,0.8571,0.6,0.18,0.794064
params_2564,3,0.75,1.2,0.3,0.3,30,0.75,1.0,0.6667,0.8,1.0,1.0,1.0,1.0,0.75,0.8571,0.6,0.18,0.794064
params_2565,3,0.75,1.2,0.3,0.5,7,0.75,1.0,0.6667,0.8,1.0,1.0,1.0,1.0,0.75,0.8571,0.6,0.18,0.794064
params_2566,3,0.75,1.2,0.3,0.5,14,0.75,1.0,0.6667,0.8,1.0,1.0,1.0,1.0,0.75,0.8571,0.6,0.18,0.794064
params_2567,3,0.75,1.2,0.3,0.5,21,0.75,1.0,0.6667,0.8,1.0,1.0,1.0,1.0,0.75,0.8571,0.6,0.18,0.794064
params_2568,3,0.75,1.2,0.3,0.5,30,0.75,1.0,0.6667,0.8,1.0,1.0,1.0,1.0,0.75,0.8571,0.6,0.18,0.794064
params_2569,3,0.75,1.2,0.3,0.7,7,0.75,1.0,0.6667,0.8,1.0,1.0,1.0,1.0,0.75,0.8571,0.6,0.18,0.794064
params_2570,3,0.75,1.2,0.3,0.7,14,0.75,1.0,0.6667,0.8,1.0,1.0,1.0,1.0,0.75,0.8571,0.6,0.18,0.794064
params_2571,3,0.75,1.2,0.3,0.7,21,0.75,1.0,0.6667,0.8,1.0,1.0,1.0,1.0,0.75,0.8571,0.6,0.18,0.794064
params_2572,3,0.75,1.2,0.3,0.7,30,0.75,1.0,0.6667,0.8,1.0,1.0,1.0,1.0,0.75,0.8571,0.6,0.18,0.794064
params_2641,3,0.75,1.5,0.3,0.3,7,0.75,1.0,0.6667,0.8,1.0,1.0,1.0,1.0,0.75,0.8571,0.6,0.18,0.794064
params_2642,3,0.75,1.5,0.3,0.3,14,0.75,1.0,0.6667,0.8,1.0,1.0,1.0,1.0,0.75,0.8571,0.6,0.18,0.794064
params_2643,3,0.75,1.5,0.3,0.3,21,0.75,1.0,0.6667,0.8,1.0,1.0,1.0,1.0,0.75,0.8571,0.6,0.18,0.794064
params_2644,3,0.75,1.5,0.3,0.3,30,0.75,1.0,0.6667,0.8,1.0,1.0,1.0,1.0,0.75,0.8571,0.6,0.18,0.794064
params_2645,3,0.75,1.5,0.3,0.5,7,0.75,1.0,0.6667,0.8,1.0,1.0,1.0,1.0,0.75,0.8571,0.6,0.18,0.794064
params_2646,3,0.75,1.5,0.3,0.5,14,0.75,1.0,0.6667,0.8,1.0,1.0,1.0,1.0,0.75,0.8571,0.6,0.18,0.794064
params_2647,3,0.75,1.5,0.3,0.5,21,0.75,1.0,0.6667,0.8,1.0,1.0,1.0,1.0,0.75,0.8571,0.6,0.18,0.794064
params_2648,3,0.75,1.5,0.3,0.5,30,0.75,1.0,0.6667,0.8,1.0,1.0,1.0,1.0,0.75,0.8571,0.6,0.18,0.794064
params_2649,3,0.75,1.5,0.3,0.7,7,0.75,1.0,0.6667,0.8,1.0,1.0,1.0,1.0,0.75,0.8571,0.6,0.18,0.794064
params_2650,3,0.75,1.5,0.3,0.7,14,0.75,1.0,0.6667,0.8,1.0,1.0,1.0,1.0,0.75,0.8571,0.6,0.18,0.794064
params_2651,3,0.75,1.5,0.3,0.7,21,0.75,1.0,0.6667,0.8,1.0,1.0,1.0,1.0,0.75,0.8571,0.6,0.18,0.794064
params_2652,3,0.75,1.5,0.3,0.7,30,0.75,1.0,0.6667,0.8,1.0,1.0,1.0,1.0,0.75,0.8571,0.6,0.18,0.794064
params_2801,3,1.0,0.5,0.3,0.3,7,0.75,1.0,0.6667,0.8,1.0,1.0,1.0,1.0,0.75,0.8571,0.6,0.18,0.794064
params_2802,3,1.0,0.5,0.3,0.3,14,0.75,1.0,0.6667,0.8,1.0,1.0,1.0,1.0,0.75,0.8571,0.6,0.18,0.794064
params_2803,3,1.0,0.5,0.3,0.3,21,0.75,1.0,0.6667,0.8,1.0,1.0,1.0,1.0,0.75,0.8571,0.6,0.18,0.794064
params_2804,3,1.0,0.5,0.3,0.3,30,0.75,1.0,0.6667,0.8,1.0,1.0,1.0,1.0,0.75,0.8571,0.6,0.18,0.794064
params_2805,3,1.0,0.5,0.3,0.5,7,0.75,1.0,0.6667,0.8,1.0,1.0,1.0,1.0,0.75,0.8571,0.6,0.18,0.794064
params_2806,3,1.0,0.5,0.3,0.5,14,0.75,1.0,0.6667,0.8,1.0,1.0,1.0,1.0,0.75,0.8571,0.6,0.18,0.794064
params_2807,3,1.0,0.5,0.3,0.5,21,0.75,1.0,0.6667,0.8,1.0,1.0,1.0,1.0,0.75,0.8571,0.6,0.18,0.794064
params_2808,3,1.0,0.5,0.3,0.5,30,0.75,1.0,0.6667,0.8,1.0,1.0,1.0,1.0,0.75,0.8571,0.6,0.18,0.794064
params_2809,3,1.0,0.5,0.3,0.7,7,0.75,1.0,0.6667,0.8,1.0,1.0,1.0,1.0,0.75,0.8571,0.6,0.18,0.794064
params_2810,3,1.0,0.5,0.3,0.7,14,0.75,1.0,0.6667,0.8,1.0,1.0,1.0,1.0,0.75,0.8571,0.6,0.18,0.794064
params_2811,3,1.0,0.5,0.3,0.7,21,0.75,1.0,0.6667,0.8,1.0,1.0,1.0,1.0,0.75,0.8571,0.6,0.18,0.794064
params_2812,3,1.0,0.5,0.3,0.7,30,0.75,1.0,0.6667,0.8,1.0,1.0,1.0,1.0,0.75,0.8571,0.6,0.18,0.794064
params_2881,3,1.0,1.0,0.3,0.3,7,0.75,1.0,0.6667,0.8,1.0,1.0,1.0,1.0,0.75,0.8571,0.6,0.18,0.794064
params_2882,3,1.0,1.0,0.3,0.3,14,0.75,1.0,0.6667,0.8,1.0,1.0,1.0,1.0,0.75,0.8571,0.6,0.18,0.794064
params_2883,3,1.0,1.0,0.3,0.3,21,0.75,1.0,0.6667,0.8,1.0,1.0,1.0,1.0,0.75,0.8571,0.6,0.18,0.794064
params_2884,3,1.0,1.0,0.3,0.3,30,0.75,1.0,0.6667,0.8,1.0,1.0,1.0,1.0,0.75,0.8571,0.6,0.18,0.794064
params_2885,3,1.0,1.0,0.3,0.5,7,0.75,1.0,0.6667,0.8,1.0,1.0,1.0,1.0,0.75,0.8571,0.6,0.18,0.794064
params_2886,3,1.0,1.0,0.3,0.5,14,0.75,1.0,0.6667,0.8,1.0,1.0,1.0,1.0,0.75,0.8571,0.6,0.18,0.794064
params_2887,3,1.0,1.0,0.3,0.5,21,0.75,1.0,0.6667,0.8,1.0,1.0,1.0,1.0,0.75,0.8571,0.6,0.18,0.794064
params_2888,3,1.0,1.0,0.3,0.5,30,0.75,1.0,0.6667,0.8,1.0,1.0,1.0,1.0,0.75,0.8571,0.6,0.18,0.794064
params_2889,3,1.0,1.0,0.3,0.7,7,0.75,1.0,0.6667,0.8,1.0,1.0,1.0,1.0,0.75,0.8571,0.6,0.18,0.794064
params_2890,3,1.0,1.0,0.3,0.7,14,0.75,1.0,0.6667,0.8,1.0,1.0,1.0,1.0,0.75,0.8571,0.6,0.18,0.794064
params_2891,3,1.0,1.0,0.3,0.7,21,0.75,1.0,0.6667,0.8,1.0,1.0,1.0,1.0,0.75,0.8571,0.6,0.18,0.794064
params_2892,3,1.0,1.0,0.3,0.7,30,0.75,1.0,0.6667,0.8,1.0,1.0,1.0,1.0,0.75,0.8571,0.6,0.18,0.794064
params_2961,3,1.0,1.2,0.3,0.3,7,0.75,1.0,0.6667,0.8,1.0,1.0,1.0,1.0,0.75,0.8571,0.6,0.18,0.794064
params_2962,3,1.0,1.2,0.3,0.3,14,0.75,1.0,0.6667,0.8,1.0,1.0,1.0,1.0,0.75,0.8571,0.6,0.18,0.794064
params_2963,3,1.0,1.2,0.3,0.3,21,0.75,1.0,0.6667,0.8,1.0,1.0,1.0,1.0,0.75,0.8571,0.6,0.18,0.794064
params_2964,3,1.0,1.2,0.3,0.3,30,0.75,1.0,0.6667,0.8,1.0,1.0,1.0,1.0,0.75,0.8571,0.6,0.18,0.794064
params_2965,3,1.0,1.2,0.3,0.5,7,0.75,1.0,0.6667,0.8,1.0,1.0,1.0,1.0,0.75,0.8571,0.6,0.18,0.794064
params_2966,3,1.0,1.2,0.3,0.5,14,0.75,1.0,0.6667,0.8,1.0,1.0,1.0,1.0,0.75,0.8571,0.6,0.18,0.794064
params_2967,3,1.0,1.2,0.3,0.5,21,0.75,1.0,0.6667,0.8,1.0,1.0,1.0,1.0,0.75,0.8571,0.6,0.18,0.794064
params_2968,3,1.0,1.2,0.3,0.5,30,0.75,1.0,0.6667,0.8,1.0,1.0,1.0,1.0,0.75,0.8571,0.6,0.18,0.794064
params_2969,3,1.0,1.2,0.3,0.7,7,0.75,1.0,0.6667,0.8,1.0,1.0,1.0,1.0,0.75,0.8571,0.6,0.18,0.794064
params_2970,3,1.0,1.2,0.3,0.7,14,0.75,1.0,0.6667,0.8,1.0,1.0,1.0,1.0,0.75,0.8571,0.6,0.18,0.794064
params_2971,3,1.0,1.2,0.3,0.7,21,0.75,1.0,0.6667,0.8,1.0,1.0,1.0,1.0,0.75,0.8571,0.6,0.18,0.794064
params_2972,3,1.0,1.2,0.3,0.7,30,0.75,1.0,0.6667,0.8,1.0,1.0,1.0,1.0,0.75,0.8571,0.6,0.18,0.794064
params_3041,3,1.0,1.5,0.3,0.3,7,0.75,1.0,0.6667,0.8,1.0,1.0,1.0,1.0,0.75,0.8571,0.6,0.18,0.794064
params_3042,3,1.0,1.5,0.3,0.3,14,0.75,1.0,0.6667,0.8,1.0,1.0,1.0,1.0,0.75,0.8571,0.6,0.18,0.794064
params_3043,3,1.0,1.5,0.3,0.3,21,0.75,1.0,0.6667,0.8,1.0,1.0,1.0,1.0,0.75,0.8571,0.6,0.18,0.794064
params_3044,3,1.0,1.5,0.3,0.3,30,0.75,1.0,0.6667,0.8,1.0,1.0,1.0,1.0,0.75,0.8571,0.6,0.18,0.794064
params_3045,3,1.0,1.5,0.3,0.5,7,0.75,1.0,0.6667,0.8,1.0,1.0,1.0,1.0,0.75,0.8571,0.6,0.18,0.794064
params_3046,3,1.0,1.5,0.3,0.5,14,0.75,1.0,0.6667,0.8,1.0,1.0,1.0,1.0,0.75,0.8571,0.6,0.18,0.794064
params_3047,3,1.0,1.5,0.3,0.5,21,0.75,1.0,0.6667,0.8,1.0,1.0,1.0,1.0,0.75,0.8571,0.6,0.18,0.794064
params_3048,3,1.0,1.5,0.3,0.5,30,0.75,1.0,0.6667,0.8,1.0,1.0,1.0,1.0,0.75,0.8571,0.6,0.18,0.794064
params_3049,3,1.0,1.5,0.3,0.7,7,0.75,1.0,0.6667,0.8,1.0,1.0,1.0,1.0,0.75,0.8571,0.6,0.18,0.794064
params_3050,3,1.0,1.5,0.3,0.7,14,0.75,1.0,0.6667,0.8,1.0,1.0,1.0,1.0,0.75,0.8571,0.6,0.18,0.794064
params_3051,3,1.0,1.5,0.3,0.7,21,0.75,1.0,0.6667,0.8,1.0,1.0,1.0,1.0,0.75,0.8571,0.6,0.18,0.794064
params_3052,3,1.0,1.5,0.3,0.7,30,0.75,1.0,0.6667,0.8,1.0,1.0,1.0,1.0,0.75,0.8571,0.6,0.18,0.794064
params_4001,4,0.5,0.5,0.3,0.3,7,0.75,1.0,0.6667,0.8,1.0,1.0,1.0,1.0,0.75,0.8571,0.6,0.18,0.794064
params_4002,4,0.5,0.5,0.3,0.3,14,0.75,1.0,0.6667,0.8,1.0,1.0,1.0,1.0,0.75,0.8571,0.6,0.18,0.794064
params_4003,4,0.5,0.5,0.3,0.3,21,0.75,1.0,0.6667,0.8,1.0,1.0,1.0,1.0,0.75,0.8571,0.6,0.18,0.794064
params_4004,4,0.5,0.5,0.3,0.3,30,0.75,1.0,0.6667,0.8,1.0,1.0,1.0,1.0,0.75,0.8571,0.6,0.18,0.794064
params_4005,4,0.5,0.5,0.3,0.5,7,0.75,1.0,0.6667,0.8,1.0,1.0,1.0,1.0,0.75,0.8571,0.6,0.18,0.794064
params_4006,4,0.5,0.5,0.3,0.5,14,0.75,1.0,0.6667,0.8,1.0,1.0,1.0,1.0,0.75,0.8571,0.6,0.18,0.794064
params_4007,4,0.5,0.5,0.3,0.5,21,0.75,1.0,0.6667,0.8,1.0,1.0,1.0,1.0,0.75,0.8571,0.6,0.18,0.794064
params_4008,4,0.5,0.5,0.3,0.5,30,0.75,1.0,0.6667,0.8,1.0,1.0,1.0,1.0,0.75,0.8571,0.6,0.18,0.794064
params_4009,4,0.5,0.5,0.3,0.7,7,0.75,1.0,0.6667,0.8,1.0,1.0,1.0,1.0,0.75,0.8571,0.6,0.18,0.794064
params_4010,4,0.5,0.5,0.3,0.7,14,0.75,1.0,0.6667,0.8,1.0,1.0,1.0,1.0,0.75,0.8571,0.6,0.18,0.794064
params_4011,4,0.5,0.5,0.3,0.7,21,0.75,1.0,0.6667,0.8,1.0,1.0,1.0,1.0,0.75,0.8571,0.6,0.18,0.794064
params_4012,4,0.5,0.5,0.3,0.7,30,0.75,1.0,0.6667,0.8,1.0,1.0,1.0,1.0,0.75,0.8571,0.6,0.18,0.794064
params_4081,4,0.5,1.0,0.3,0.3,7,0.75,1.0,0.6667,0.8,1.0,1.0,1.0,1.0,0.75,0.8571,0.6,0.18,0.794064
params_4082,4,0.5,1.0,0.3,0.3,14,0.75,1.0,0.6667,0.8,1.0,1.0,1.0,1.0,0.75,0.8571,0.6,0.18,0.794064
params_4083,4,0.5,1.0,0.3,0.3,21,0.75,1.0,0.6667,0.8,1.0,1.0,1.0,1.0,0.75,0.8571,0.6,0.18,0.794064
params_4084,4,0.5,1.0,0.3,0.3,30,0.75,1.0,0.6667,0.8,1.0,1.0,1.0,1.0,0.75,0.8571,0.6,0.18,0.794064
params_4085,4,0.5,1.0,0.3,0.5,7,0.75,1.0,0.6667,0.8,1.0,1.0,1.0,1.0,0.75,0.8571,0.6,0.18,0.794064
params_4086,4,0.5,1.0,0.3,0.5,14,0.75,1.0,0.6667,0.8,1.0,1.0,1.0,1.0,0.75,0.8571,0.6,0.18,0.794064
params_4087,4,0.5,1.0,0.3,0.5,21,0.75,1.0,0.6667,0.8,1.0,1.0,1.0,1.0,0.75,0.8571,0.6,0.18,0.794064
params_4088,4,0.5,1.0,0.3,0.5,30,0.75,1.0,0.6667,0.8,1.0,1.0,1.0,1.0,0.75,0.8571,0.6,0.18,0.794064
params_4089,4,0.5,1.0,0.3,0.7,7,0.75,1.0,0.6667,0.8,1.0,1.0,1.0,1.0,0.75,0.8571,0.6,0.18,0.794064
params_4090,4,0.5,1.0,0.3,0.7,14,0.75,1.0,0.6667,0.8,1.0,1.0,1.0,1.0,0.75,0.8571,0.6,0.18,0.794064
params_4091,4,0.5,1.0,0.3,0.7,21,0.75,1.0,0.6667,0.8,1.0,1.0,1.0,1.0,0.75,0.8571,0.6,0.18,0.794064
params_4092,4,0.5,1.0,0.3,0.7,30,0.75,1.0,0.6667,0.8,1.0,1.0,1.0,1.0,0.75,0.8571,0.6,0.18,0.794064
params_4161,4,0.5,1.2,0.3,0.3,7,0.75,1.0,0.6667,0.8,1.0,1.0,1.0,1.0,0.75,0.8571,0.6,0.18,0.794064
params_4162,4,0.5,1.2,0.3,0.3,14,0.75,1.0,0.6667,0.8,1.0,1.0,1.0,1.0,0.75,0.8571,0.6,0.18,0.794064
params_4163,4,0.5,1.2,0.3,0.3,21,0.75,1.0,0.6667,0.8,1.0,1.0,1.0,1.0,0.75,0.8571,0.6,0.18,0.794064
params_4164,4,0.5,1.2,0.3,0.3,30,0.75,1.0,0.6667,0.8,1.0,1.0,1.0,1.0,0.75,0.8571,0.6,0.18,0.794064
params_4165,4,0.5,1.2,0.3,0.5,7,0.75,1.0,0.6667,0.8,1.0,1.0,1.0,1.0,0.75,0.8571,0.6,0.18,0.794064
params_4166,4,0.5,1.2,0.3,0.5,14,0.75,1.0,0.6667,0.8,1.0,1.0,1.0,1.0,0.75,0.8571,0.6,0.18,0.794064
params_4167,4,0.5,1.2,0.3,0.5,21,0.75,1.0,0.6667,0.8,1.0,1.0,1.0,1.0,0.75,0.8571,0.6,0.18,0.794064
params_4168,4,0.5,1.2,0.3,0.5,30,0.75,1.0,0.6667,0.8,1.0,1.0,1.0,1.0,0.75,0.8571,0.6,0.18,0.794064
params_4169,4,0.5,1.2,0.3,0.7,7,0.75,1.0,0.6667,0.8,1.0,1.0,1.0,1.0,0.75,0.8571,0.6,0.18,0.794064
params_4170,4,0.5,1.2,0.3,0.7,14,0.75,1.0,0.6667,0.8,1.0,1.0,1.0,1.0,0.75,0.8571,0.6,0.18,0.794064
params_4171,4,0.5,1.2,0.3,0.7,21,0.75,1.0,0.6667,0.8,1.0,1.0,1.0,1.0,0.75,0.8571,0.6,0.18,0.794064
params_4172,4,0.5,1.2,0.3,0.7,30,0.75,1.0,0.6667,0.8,1.0,1.0,1.0,1.0,0.75,0.8571,0.6,0.18,0.794064
params_4241,4,0.5,1.5,0.3,0.3,7,0.75,1.0,0.6667,0.8,1.0,1.0,1.0,1.0,0.75,0.8571,0.6,0.18,0.794064
params_4242,4,0.5,1.5,0.3,0.3,14,0.75,1.0,0.6667,0.8,1.0,1.0,1.0,1.0,0.75,0.8571,0.6,0.18,0.794064
params_4243,4,0.5,1.5,0.3,0.3,21,0.75,1.0,0.6667,0.8,1.0,1.0,1.0,1.0,0.75,0.8571,0.6,0.18,0.794064
params_4244,4,0.5,1.5,0.3,0.3,30,0.75,1.0,0.6667,0.8,1.0,1.0,1.0,1.0,0.75,0.8571,0.6,0.18,0.794064
params_4245,4,0.5,1.5,0.3,0.5,7,0.75,1.0,0.6667,0.8,1.0,1.0,1.0,1.0,0.75,0.8571,0.6,0.18,0.794064
params_4246,4,0.5,1.5,0.3,0.5,14,0.75,1.0,0.6667,0.8,1.0,1.0,1.0,1.0,0.75,0.8571,0.6,0.18,0.794064
params_4247,4,0.5,1.5,0.3,0.5,21,0.75,1.0,0.6667,0.8,1.0,1.0,1.0,1.0,0.75,0.8571,0.6,0.18,0.794064
params_4248,4,0.5,1.5,0.3,0.5,30,0.75,1.0,0.6667,0.8,1.0,1.0,1.0,1.0,0.75,0.8571,0.6,0.18,0.794064
params_4249,4,0.5,1.5,0.3,0.7,7,0.75,1.0,0.6667,0.8,1.0,1.0,1.0,1.0,0.75,0.8571,0.6,0.18,0.794064
params_4250,4,0.5,1.5,0.3,0.7,14,0.75,1.0,0.6667,0.8,1.0,1.0,1.0,1.0,0.75,0.8571,0.6,0.18,0.794064
params_4251,4,0.5,1.5,0.3,0.7,21,0.75,1.0,0.6667,0.8,1.0,1.0,1.0,1.0,0.75,0.8571,0.6,0.18,0.794064
params_4252,4,0.5,1.5,0.3,0.7,30,0.75,1.0,0.6667,0.8,1.0,1.0,1.0,1.0,0.75,0.8571,0.6,0.18,0.794064
params_4401,4,0.75,0.5,0.3,0.3,7,0.75,1.0,0.6667,0.8,1.0,1.0,1.0,1.0,0.75,0.8571,0.6,0.18,0.794064
params_4402,4,0.75,0.5,0.3,0.3,14,0.75,1.0,0.6667,0.8,1.0,1.0,1.0,1.0,0.75,0.8571,0.6,0.18,0.794064
params_4403,4,0.75,0.5,0.3,0.3,21,0.75,1.0,0.6667,0.8,1.0,1.0,1.0,1.0,0.75,0.8571,0.6,0.18,0.794064
params_4404,4,0.75,0.5,0.3,0.3,30,0.75,1.0,0.6667,0.8,1.0,1.0,1.0,1.0,0.75,0.8571,0.6,0.18,0.794064
params_4405,4,0.75,0.5,0.3,0.5,7,0.75,1.0,0.6667,0.8,1.0,1.0,1.0,1.0,0.75,0.8571,0.6,0.18,0.794064
params_4406,4,0.75,0.5,0.3,0.5,14,0.75,1.0,0.6667,0.8,1.0,1.0,1.0,1.0,0.75,0.8571,0.6,0.18,0.794064
params_4407,4,0.75,0.5,0.3,0.5,21,0.75,1.0,0.6667,0.8,1.0,1.0,1.0,1.0,0.75,0.8571,0.6,0.18,0.794064
params_4408,4,0.75,0.5,0.3,0.5,30,0.75,1.0,0.6667,0.8,1.0,1.0,1.0,1.0,0.75,0.8571,0.6,0.18,0.794064
params_4409,4,0.75,0.5,0.3,0.7,7,0.75,1.0,0.6667,0.8,1.0,1.0,1.0,1.0,0.75,0.8571,0.6,0.18,0.794064
params_4410,4,0.75,0.5,0.3,0.7,14,0.75,1.0,0.6667,0.8,1.0,1.0,1.0,1.0,0.75,0.8571,0.6,0.18,0.794064
params_4411,4,0.75,0.5,0.3,0.7,21,0.75,1.0,0.6667,0.8,1.0,1.0,1.0,1.0,0.75,0.8571,0.6,0.18,0.794064
params_4412,4,0.75,0.5,0.3,0.7,30,0.75,1.0,0.6667,0.8,1.0,1.0,1.0,1.0,0.75,0.8571,0.6,0.18,0.794064
params_4481,4,0.75,1.0,0.3,0.3,7,0.75,1.0,0.6667,0.8,1.0,1.0,1.0,1.0,0.75,0.8571,0.6,0.18,0.794064
params_4482,4,0.75,1.0,0.3,0.3,14,0.75,1.0,0.6667,0.8,1.0,1.0,1.0,1.0,0.75,0.8571,0.6,0.18,0.794064
params_4483,4,0.75,1.0,0.3,0.3,21,0.75,1.0,0.6667,0.8,1.0,1.0,1.0,1.0,0.75,0.8571,0.6,0.18,0.794064
params_4484,4,0.75,1.0,0.3,0.3,30,0.75,1.0,0.6667,0.8,1.0,1.0,1.0,1.0,0.75,0.8571,0.6,0.18,0.794064
params_4485,4,0.75,1.0,0.3,0.5,7,0.75,1.0,0.6667,0.8,1.0,1.0,1.0,1.0,0.75,0.8571,0.6,0.18,0.794064
params_4486,4,0.75,1.0,0.3,0.5,14,0.75,1.0,0.6667,0.8,1.0,1.0,1.0,1.0,0.75,0.8571,0.6,0.18,0.794064
params_4487,4,0.75,1.0,0.3,0.5,21,0.75,1.0,0.6667,0.8,1.0,1.0,1.0,1.0,0.75,0.8571,0.6,0.18,0.794064
params_4488,4,0.75,1.0,0.3,0.5,30,0.75,1.0,0.6667,0.8,1.0,1.0,1.0,1.0,0.75,0.8571,0.6,0.18,0.794064
params_4489,4,0.75,1.0,0.3,0.7,7,0.75,1.0,0.6667,0.8,1.0,1.0,1.0,1.0,0.75,0.8571,0.6,0.18,0.794064
params_4490,4,0.75,1.0,0.3,0.7,14,0.75,1.0,0.6667,0.8,1.0,1.0,1.0,1.0,0.75,0.8571,0.6,0.18,0.794064
params_4491,4,0.75,1.0,0.3,0.7,21,0.75,1.0,0.6667,0.8,1.0,1.0,1.0,1.0,0.75,0.8571,0.6,0.18,0.794064
params_4492,4,0.75,1.0,0.3,0.7,30,0.75,1.0,0.6667,0.8,1.0,1.0,1.0,1.0,0.75,0.8571,0.6,0.18,0.794064
params_4561,4,0.75,1.2,0.3,0.3,7,0.75,1.0,0.6667,0.8,1.0,1.0,1.0,1.0,0.75,0.8571,0.6,0.18,0.794064
params_4562,4,0.75,1.2,0.3,0.3,14,0.75,1.0,0.6667,0.8,1.0,1.0,1.0,1.0,0.75,0.8571,0.6,0.18,0.794064
params_4563,4,0.75,1.2,0.3,0.3,21,0.75,1.0,0.6667,0.8,1.0,1.0,1.0,1.0,0.75,0.8571,0.6,0.18,0.794064
params_4564,4,0.75,1.2,0.3,0.3,30,0.75,1.0,0.6667,0.8,1.0,1.0,1.0,1.0,0.75,0.8571,0.6,0.18,0.794064
params_4565,4,0.75,1.2,0.3,0.5,7,0.75,1.0,0.6667,0.8,1.0,1.0,1.0,1.0,0.75,0.8571,0.6,0.18,0.794064
params_4566,4,0.75,1.2,0.3,0.5,14,0.75,1.0,0.6667,0.8,1.0,1.0,1.0,1.0,0.75,0.8571,0.6,0.18,0.794064
params_4567,4,0.75,1.2,0.3,0.5,21,0.75,1.0,0.6667,0.8,1.0,1.0,1.0,1.0,0.75,0.8571,0.6,0.18,0.794064
params_4568,4,0.75,1.2,0.3,0.5,30,0.75,1.0,0.6667,0.8,1.0,1.0,1.0,1.0,0.75,0.8571,0.6,0.18,0.794064
params_4569,4,0.75,1.2,0.3,0.7,7,0.75,1.0,0.6667,0.8,1.0,1.0,1.0,1.0,0.75,0.8571,0.6,0.18,0.794064
params_4570,4,0.75,1.2,0.3,0.7,14,0.75,1.0,0.6667,0.8,1.0,1.0,1.0,1.0,0.75,0.8571,0.6,0.18,0.794064
params_4571,4,0.75,1.2,0.3,0.7,21,0.75,1.0,0.6667,0.8,1.0,1.0,1.0,1.0,0.75,0.8571,0.6,0.18,0.794064
params_4572,4,0.75,1.2,0.3,0.7,30,0.75,1.0,0.6667,0.8,1.0,1.0,1.0,1.0,0.75,0.8571,0.6,0.18,0.794064
params_4641,4,0.75,1.5,0.3,0.3,7,0.75,1.0,0.6667,0.8,1.0,1.0,1.0,1.0,0.75,0.8571,0.6,0.18,0.794064
params_4642,4,0.75,1.5,0.3,0.3,14,0.75,1.0,0.6667,0.8,1.0,1.0,1.0,1.0,0.75,0.8571,0.6,0.18,0.794064
params_4643,4,0.75,1.5,0.3,0.3,21,0.75,1.0,0.6667,0.8,1.0,1.0,1.0,1.0,0.75,0.8571,0.6,0.18,0.794064
params_4644,4,0.75,1.5,0.3,0.3,30,0.75,1.0,0.6667,0.8,1.0,1.0,1.0,1.0,0.75,0.8571,0.6,0.18,0.794064
params_4645,4,0.75,1.5,0.3,0.5,7,0.75,1.0,0.6667,0.8,1.0,1.0,1.0,1.0,0.75,0.8571,0.6,0.18,0.794064
params_4646,4,0.75,1.5,0.3,0.5,14,0.75,1.0,0.6667,0.8,1.0,1.0,1.0,1.0,0.75,0.8571,0.6,0.18,0.794064
params_4647,4,0.75,1.5,0.3,0.5,21,0.75,1.0,0.6667,0.8,1.0,1.0,1.0,1.0,0.75,0.8571,0.6,0.18,0.794064
params_4648,4,0.75,1.5,0.3,0.5,30,0.75,1.0,0.6667,0.8,1.0,1.0,1.0,1.0,0.75,0.8571,0.6,0.18,0.794064
params_4649,4,0.75,1.5,0.3,0.7,7,0.75,1.0,0.6667,0.8,1.0,1.0,1.0,1.0,0.75,0.8571,0.6,0.18,0.794064
params_4650,4,0.75,1.5,0.3,0.7,14,0.75,1.0,0.6667,0.8,1.0,1.0,1.0,1.0,0.75,0.8571,0.6,0.18,0.794064
params_4651,4,0.75,1.5,0.3,0.7,21,0.75,1.0,0.6667,0.8,1.0,1.0,1.0,1.0,0.75,0.8571,0.6,0.18,0.794064
params_4652,4,0.75,1.5,0.3,0.7,30,0.75,1.0,0.6667,0.8,1.0,1.0,1.0,1.0,0.75,0.8571,0.6,0.18,0.794064
params_4801,4,1.0,0.5,0.3,0.3,7,0.75,1.0,0.6667,0.8,1.0,1.0,1.0,1.0,0.75,0.8571,0.6,0.18,0.794064
params_4802,4,1.0,0.5,0.3,0.3,14,0.75,1.0,0.6667,0.8,1.0,1.0,1.0,1.0,0.75,0.8571,0.6,0.18,0.794064
params_4803,4,1.0,0.5,0.3,0.3,21,0.75,1.0,0.6667,0.8,1.0,1.0,1.0,1.0,0.75,0.8571,0.6,0.18,0.794064
params_4804,4,1.0,0.5,0.3,0.3,30,0.75,1.0,0.6667,0.8,1.0,1.0,1.0,1.0,0.75,0.8571,0.6,0.18,0.794064
params_4805,4,1.0,0.5,0.3,0.5,7,0.75,1.0,0.6667,0.8,1.0,1.0,1.0,1.0,0.75,0.8571,0.6,0.18,0.794064
params_4806,4,1.0,0.5,0.3,0.5,14,0.75,1.0,0.6667,0.8,1.0,1.0,1.0,1.0,0.75,0.8571,0.6,0.18,0.794064
params_4807,4,1.0,0.5,0.3,0.5,21,0.75,1.0,0.6667,0.8,1.0,1.0,1.0,1.0,0.75,0.8571,0.6,0.18,0.794064
params_4808,4,1.0,0.5,0.3,0.5,30,0.75,1.0,0.6667,0.8,1.0,1.0,1.0,1.0,0.75,0.8571,0.6,0.18,0.794064
params_4809,4,1.0,0.5,0.3,0.7,7,0.75,1.0,0.6667,0.8,1.0,1.0,1.0,1.0,0.75,0.8571,0.6,0.18,0.794064
params_4810,4,1.0,0.5,0.3,0.7,14,0.75,1.0,0.6667,0.8,1.0,1.0,1.0,1.0,0.75,0.8571,0.6,0.18,0.794064
params_4811,4,1.0,0.5,0.3,0.7,21,0.75,1.0,0.6667,0.8,1.0,1.0,1.0,1.0,0.75,0.8571,0.6,0.18,0.794064
params_4812,4,1.0,0.5,0.3,0.7,30,0.75,1.0,0.6667,0.8,1.0,1.0,1.0,1.0,0.75,0.8571,0.6,0.18,0.794064
params_4881,4,1.0,1.0,0.3,0.3,7,0.75,1.0,0.6667,0.8,1.0,1.0,1.0,1.0,0.75,0.8571,0.6,0.18,0.794064
params_4882,4,1.0,1.0,0.3,0.3,14,0.75,1.0,0.6667,0.8,1.0,1.0,1.0,1.0,0.75,0.8571,0.6,0.18,0.794064
params_4883,4,1.0,1.0,0.3,0.3,21,0.75,1.0,0.6667,0.8,1.0,1.0,1.0,1.0,0.75,0.8571,0.6,0.18,0.794064
params_4884,4,1.0,1.0,0.3,0.3,30,0.75,1.0,0.6667,0.8,1.0,1.0,1.0,1.0,0.75,0.8571,0.6,0.18,0.794064
params_4885,4,1.0,1.0,0.3,0.5,7,0.75,1.0,0.6667,0.8,1.0,1.0,1.0,1.0,0.75,0.8571,0.6,0.18,0.794064
params_4886,4,1.0,1.0,0.3,0.5,14,0.75,1.0,0.6667,0.8,1.0,1.0,1.0,1.0,0.75,0.8571,0.6,0.18,0.794064
params_4887,4,1.0,1.0,0.3,0.5,21,0.75,1.0,0.6667,0.8,1.0,1.0,1.0,1.0,0.75,0.8571,0.6,0.18,0.794064
params_4888,4,1.0,1.0,0.3,0.5,30,0.75,1.0,0.6667,0.8,1.0,1.0,1.0,1.0,0.75,0.8571,0.6,0.18,0.794064
params_4889,4,1.0,1.0,0.3,0.7,7,0.75,1.0,0.6667,0.8,1.0,1.0,1.0,1.0,0.75,0.8571,0.6,0.18,0.794064
params_4890,4,1.0,1.0,0.3,0.7,14,0.75,1.0,0.6667,0.8,1.0,1.0,1.0,1.0,0.75,0.8571,0.6,0.18,0.794064
params_4891,4,1.0,1.0,0.3,0.7,21,0.75,1.0,0.6667,0.8,1.0,1.0,1.0,1.0,0.75,0.8571,0.6,0.18,0.794064
params_4892,4,1.0,1.0,0.3,0.7,30,0.75,1.0,0.6667,0.8,1.0,1.0,1.0,1.0,0.75,0.8571,0.6,0.18,0.794064
params_4961,4,1.0,1.2,0.3,0.3,7,0.75,1.0,0.6667,0.8,1.0,1.0,1.0,1.0,0.75,0.8571,0.6,0.18,0.794064
params_4962,4,1.0,1.2,0.3,0.3,14,0.75,1.0,0.6667,0.8,1.0,1.0,1.0,1.0,0.75,0.8571,0.6,0.18,0.794064
params_4963,4,1.0,1.2,0.3,0.3,21,0.75,1.0,0.6667,0.8,1.0,1.0,1.0,1.0,0.75,0.8571,0.6,0.18,0.794064
params_4964,4,1.0,1.2,0.3,0.3,30,0.75,1.0,0.6667,0.8,1.0,1.0,1.0,1.0,0.75,0.8571,0.6,0.18,0.794064
params_4965,4,1.0,1.2,0.3,0.5,7,0.75,1.0,0.6667,0.8,1.0,1.0,1.0,1.0,0.75,0.8571,0.6,0.18,0.794064
params_4966,4,1.0,1.2,0.3,0.5,14,0.75,1.0,0.6667,0.8,1.0,1.0,1.0,1.0,0.75,0.8571,0.6,0.18,0.794064
params_4967,4,1.0,1.2,0.3,0.5,21,0.75,1.0,0.6667,0.8,1.0,1.0,1.0,1.0,0.75,0.8571,0.6,0.18,0.794064
params_4968,4,1.0,1.2,0.3,0.5,30,0.75,1.0,0.6667,0.8,1.0,1.0,1.0,1.0,0.75,0.8571,0.6,0.18,0.794064
params_4969,4,1.0,1.2,0.3,0.7,7,0.75,1.0,0.6667,0.8,1.0,1.0,1.0,1.0,0.75,0.8571,0.6,0.18,0.794064
params_4970,4,1.0,1.2,0.3,0.7,14,0.75,1.0,0.6667,0.8,1.0,1.0,1.0,1.0,0.75,0.8571,0.6,0.18,0.794064
params_4971,4,1.0,1.2,0.3,0.7,21,0.75,1.0,0.6667,0.8,1.0,1.0,1.0,1.0,0.75,0.8571,0.6,0.18,0.794064
params_4972,4,1.0,1.2,0.3,0.7,30,0.75,1.0,0.6667,0.8,1.0,1.0,1.0,1.0,0.75,0.8571,0.6,0.18,0.794064
params_5041,4,1.0,1.5,0.3,0.3,7,0.75,1.0,0.6667,0.8,1.0,1.0,1.0,1.0,0.75,0.8571,0.6,0.18,0.794064
params_5042,4,1.0,1.5,0.3,0.3,14,0.75,1.0,0.6667,0.8,1.0,1.0,1.0,1.0,0.75,0.8571,0.6,0.18,0.794064
params_5043,4,1.0,1.5,0.3,0.3,21,0.75,1.0,0.6667,0.8,1.0,1.0,1.0,1.0,0.75,0.8571,0.6,0.18,0.794064
params_5044,4,1.0,1.5,0.3,0.3,30,0.75,1.0,0.6667,0.8,1.0,1.0,1.0,1.0,0.75,0.8571,0.6,0.18,0.794064
params_5045,4,1.0,1.5,0.3,0.5,7,0.75,1.0,0.6667,0.8,1.0,1.0,1.0,1.0,0.75,0.8571,0.6,0.18,0.794064
params_5046,4,1.0,1.5,0.3,0.5,14,0.75,1.0,0.6667,0.8,1.0,1.0,1.0,1.0,0.75,0.8571,0.6,0.18,0.794064
params_5047,4,1.0,1.5,0.3,0.5,21,0.75,1.0,0.6667,0.8,1.0,1.0,1.0,1.0,0.75,0.8571,0.6,0.18,0.794064
params_5048,4,1.0,1.5,0.3,0.5,30,0.75,1.0,0.6667,0.8,1.0,1.0,1.0,1.0,0.75,0.8571,0.6,0.18,0.794064
params_5049,4,1.0,1.5,0.3,0.7,7,0.75,1.0,0.6667,0.8,1.0,1.0,1.0,1.0,0.75,0.8571,0.6,0.18,0.794064
params_5050,4,1.0,1.5,0.3,0.7,14,0.75,1.0,0.6667,0.8,1.0,1.0,1.0,1.0,0.75,0.8571,0.6,0.18,0.794064
params_5051,4,1.0,1.5,0.3,0.7,21,0.75,1.0,0.6667,0.8,1.0,1.0,1.0,1.0,0.75,0.8571,0.6,0.18,0.794064
params_5052,4,1.0,1.5,0.3,0.7,30,0.75,1.0,0.6667,0.8,1.0,1.0,1.0,1.0,0.75,0.8571,0.6,0.18,0.794064
params_6001,5,0.5,0.5,0.3,0.3,7,0.75,1.0,0.6667,0.8,1.0,1.0,1.0,1.0,0.75,0.8571,0.6,0.18,0.794064
params_6002,5,0.5,0.5,0.3,0.3,14,0.75,1.0,0.6667,0.8,1.0,1.0,1.0,1.0,0.75,0.8571,0.6,0.18,0.794064
params_6003,5,0.5,0.5,0.3,0.3,21,0.75,1.0,0.6667,0.8,1.0,1.0,1.0,1.0,0.75,0.8571,0.6,0.18,0.794064
params_6004,5,0.5,0.5,0.3,0.3,30,0.75,1.0,0.6667,0.8,1.0,1.0,1.0,1.0,0.75,0.8571,0.6,0.18,0.794064
params_6005,5,0.5,0.5,0.3,0.5,7,0.75,1.0,0.6667,0.8,1.0,1.0,1.0,1.0,0.75,0.8571,0.6,0.18,0.794064
params_6006,5,0.5,0.5,0.3,0.5,14,0.75,1.0,0.6667,0.8,1.0,1.0,1.0,1.0,0.75,0.8571,0.6,0.18,0.794064
params_6007,5,0.5,0.5,0.3,0.5,21,0.75,1.0,0.6667,0.8,1.0,1.0,1.0,1.0,0.75,0.8571,0.6,0.18,0.794064
params_6008,5,0.5,0.5,0.3,0.5,30,0.75,1.0,0.6667,0.8,1.0,1.0,1.0,1.0,0.75,0.8571,0.6,0.18,0.794064
params_6009,5,0.5,0.5,0.3,0.7,7,0.75,1.0,0.6667,0.8,1.0,1.0,1.0,1.0,0.75,0.8571,0.6,0.18,0.794064
params_6010,5,0.5,0.5,0.3,0.7,14,0.75,1.0,0.6667,0.8,1.0,1.0,1.0,1.0,0.75,0.8571,0.6,0.18,0.794064
params_6011,5,0.5,0.5,0.3,0.7,21,0.75,1.0,0.6667,0.8,1.0,1.0,1.0,1.0,0.75,0.8571,0.6,0.18,0.794064
params_6012,5,0.5,0.5,0.3,0.7,30,0.75,1.0,0.6667,0.8,1.0,1.0,1.0,1.0,0.75,0.8571,0.6,0.18,0.794064
params_6081,5,0.5,1.0,0.3,0.3,7,0.75,1.0,0.6667,0.8,1.0,1.0,1.0,1.0,0.75,0.8571,0.6,0.18,0.794064
params_6082,5,0.5,1.0,0.3,0.3,14,0.75,1.0,0.6667,0.8,1.0,1.0,1.0,1.0,0.75,0.8571,0.6,0.18,0.794064
params_6083,5,0.5,1.0,0.3,0.3,21,0.75,1.0,0.6667,0.8,1.0,1.0,1.0,1.0,0.75,0.8571,0.6,0.18,0.794064
params_6084,5,0.5,1.0,0.3,0.3,30,0.75,1.0,0.6667,0.8,1.0,1.0,1.0,1.0,0.75,0.8571,0.6,0.18,0.794064
params_6085,5,0.5,1.0,0.3,0.5,7,0.75,1.0,0.6667,0.8,1.0,1.0,1.0,1.0,0.75,0.8571,0.6,0.18,0.794064
params_6086,5,0.5,1.0,0.3,0.5,14,0.75,1.0,0.6667,0.8,1.0,1.0,1.0,1.0,0.75,0.8571,0.6,0.18,0.794064
params_6087,5,0.5,1.0,0.3,0.5,21,0.75,1.0,0.6667,0.8,1.0,1.0,1.0,1.0,0.75,0.8571,0.6,0.18,0.794064
params_6088,5,0.5,1.0,0.3,0.5,30,0.75,1.0,0.6667,0.8,1.0,1.0,1.0,1.0,0.75,0.8571,0.6,0.18,0.794064
params_6089,5,0.5,1.0,0.3,0.7,7,0.75,1.0,0.6667,0.8,1.0,1.0,1.0,1.0,0.75,0.8571,0.6,0.18,0.794064
params_6090,5,0.5,1.0,0.3,0.7,14,0.75,1.0,0.6667,0.8,1.0,1.0,1.0,1.0,0.75,0.8571,0.6,0.18,0.794064
params_6091,5,0.5,1.0,0.3,0.7,21,0.75,1.0,0.6667,0.8,1.0,1.0,1.0,1.0,0.75,0.8571,0.6,0.18,0.794064
params_6092,5,0.5,1.0,0.3,0.7,30,0.75,1.0,0.6667,0.8,1.0,1.0,1.0,1.0,0.75,0.8571,0.6,0.18,0.794064
params_6161,5,0.5,1.2,0.3,0.3,7,0.75,1.0,0.6667,0.8,1.0,1.0,1.0,1.0,0.75,0.8571,0.6,0.18,0.794064
params_6162,5,0.5,1.2,0.3,0.3,14,0.75,1.0,0.6667,0.8,1.0,1.0,1.0,1.0,0.75,0.8571,0.6,0.18,0.794064
params_6163,5,0.5,1.2,0.3,0.3,21,0.75,1.0,0.6667,0.8,1.0,1.0,1.0,1.0,0.75,0.8571,0.6,0.18,0.794064
params_6164,5,0.5,1.2,0.3,0.3,30,0.75,1.0,0.6667,0.8,1.0,1.0,1.0,1.0,0.75,0.8571,0.6,0.18,0.794064
params_6165,5,0.5,1.2,0.3,0.5,7,0.75,1.0,0.6667,0.8,1.0,1.0,1.0,1.0,0.75,0.8571,0.6,0.18,0.794064
params_6166,5,0.5,1.2,0.3,0.5,14,0.75,1.0,0.6667,0.8,1.0,1.0,1.0,1.0,0.75,0.8571,0.6,0.18,0.794064
params_6167,5,0.5,1.2,0.3,0.5,21,0.75,1.0,0.6667,0.8,1.0,1.0,1.0,1.0,0.75,0.8571,0.6,0.18,0.794064
params_6168,5,0.5,1.2,0.3,0.5,30,0.75,1.0,0.6667,0.8,1.0,1.0,1.0,1.0,0.75,0.8571,0.6,0.18,0.794064
params_6169,5,0.5,1.2,0.3,0.7,7,0.75,1.0,0.6667,0.8,1.0,1.0,1.0,1.0,0.75,0.8571,0.6,0.18,0.794064
params_6170,5,0.5,1.2,0.3,0.7,14,0.75,1.0,0.6667,0.8,1.0,1.0,1.0,1.0,0.75,0.8571,0.6,0.18,0.794064
params_6171,5,0.5,1.2,0.3,0.7,21,0.75,1.0,0.6667,0.8,1.0,1.0,1.0,1.0,0.75,0.8571,0.6,0.18,0.794064
params_6172,5,0.5,1.2,0.3,0.7,30,0.75,1.0,0.6667,0.8,1.0,1.0,1.0,1.0,0.75,0.8571,0.6,0.18,0.794064
params_6241,5,0.5,1.5,0.3,0.3,7,0.75,1.0,0.6667,0.8,1.0,1.0,1.0,1.0,0.75,0.8571,0.6,0.18,0.794064
params_6242,5,0.5,1.5,0.3,0.3,14,0.75,1.0,0.6667,0.8,1.0,1.0,1.0,1.0,0.75,0.8571,0.6,0.18,0.794064
params_6243,5,0.5,1.5,0.3,0.3,21,0.75,1.0,0.6667,0.8,1.0,1.0,1.0,1.0,0.75,0.8571,0.6,0.18,0.794064
params_6244,5,0.5,1.5,0.3,0.3,30,0.75,1.0,0.6667,0.8,1.0,1.0,1.0,1.0,0.75,0.8571,0.6,0.18,0.794064
params_6245,5,0.5,1.5,0.3,0.5,7,0.75,1.0,0.6667,0.8,1.0,1.0,1.0,1.0,0.75,0.8571,0.6,0.18,0.794064
params_6246,5,0.5,1.5,0.3,0.5,14,0.75,1.0,0.6667,0.8,1.0,1.0,1.0,1.0,0.75,0.8571,0.6,0.18,0.794064
params_6247,5,0.5,1.5,0.3,0.5,21,0.75,1.0,0.6667,0.8,1.0,1.0,1.0,1.0,0.75,0.8571,0.6,0.18,0.794064
params_6248,5,0.5,1.5,0.3,0.5,30,0.75,1.0,0.6667,0.8,1.0,1.0,1.0,1.0,0.75,0.8571,0.6,0.18,0.794064
params_6249,5,0.5,1.5,0.3,0.7,7,0.75,1.0,0.6667,0.8,1.0,1.0,1.0,1.0,0.75,0.8571,0.6,0.18,0.794064
params_6250,5,0.5,1.5,0.3,0.7,14,0.75,1.0,0.6667,0.8,1.0,1.0,1.0,1.0,0.75,0.8571,0.6,0.18,0.794064
params_6251,5,0.5,1.5,0.3,0.7,21,0.75,1.0,0.6667,0.8,1.0,1.0,1.0,1.0,0.75,0.8571,0.6,0.18,0.794064
params_6252,5,0.5,1.5,0.3,0.7,30,0.75,1.0,0.6667,0.8,1.0,1.0,1.0,1.0,0.75,0.8571,0.6,0.18,0.794064
params_6401,5,0.75,0.5,0.3,0.3,7,0.75,1.0,0.6667,0.8,1.0,1.0,1.0,1.0,0.75,0.8571,0.6,0.18,0.794064
params_6402,5,0.75,0.5,0.3,0.3,14,0.75,1.0,0.6667,0.8,1.0,1.0,1.0,1.0,0.75,0.8571,0.6,0.18,0.794064
params_6403,5,0.75,0.5,0.3,0.3,21,0.75,1.0,0.6667,0.8,1.0,1.0,1.0,1.0,0.75,0.8571,0.6,0.18,0.794064
params_6404,5,0.75,0.5,0.3,0.3,30,0.75,1.0,0.6667,0.8,1.0,1.0,1.0,1.0,0.75,0.8571,0.6,0.18,0.794064
params_6405,5,0.75,0.5,0.3,0.5,7,0.75,1.0,0.6667,0.8,1.0,1.0,1.0,1.0,0.75,0.8571,0.6,0.18,0.794064
params_6406,5,0.75,0.5,0.3,0.5,14,0.75,1.0,0.6667,0.8,1.0,1.0,1.0,1.0,0.75,0.8571,0.6,0.18,0.794064
params_6407,5,0.75,0.5,0.3,0.5,21,0.75,1.0,0.6667,0.8,1.0,1.0,1.0,1.0,0.75,0.8571,0.6,0.18,0.794064
params_6408,5,0.75,0.5,0.3,0.5,30,0.75,1.0,0.6667,0.8,1.0,1.0,1.0,1.0,0.75,0.8571,0.6,0.18,0.794064
params_6409,5,0.75,0.5,0.3,0.7,7,0.75,1.0,0.6667,0.8,1.0,1.0,1.0,1.0,0.75,0.8571,0.6,0.18,0.794064
params_6410,5,0.75,0.5,0.3,0.7,14,0.75,1.0,0.6667,0.8,1.0,1.0,1.0,1.0,0.75,0.8571,0.6,0.18,0.794064
params_6411,5,0.75,0.5,0.3,0.7,21,0.75,1.0,0.6667,0.8,1.0,1.0,1.0,1.0,0.75,0.8571,0.6,0.18,0.794064
params_6412,5,0.75,0.5,0.3,0.7,30,0.75,1.0,0.6667,0.8,1.0,1.0,1.0,1.0,0.75,0.8571,0.6,0.18,0.794064
params_6481,5,0.75,1.0,0.3,0.3,7,0.75,1.0,0.6667,0.8,1.0,1.0,1.0,1.0,0.75,0.8571,0.6,0.18,0.794064
params_6482,5,0.75,1.0,0.3,0.3,14,0.75,1.0,0.6667,0.8,1.0,1.0,1.0,1.0,0.75,0.8571,0.6,0.18,0.794064
params_6483,5,0.75,1.0,0.3,0.3,21,0.75,1.0,0.6667,0.8,1.0,1.0,1.0,1.0,0.75,0.8571,0.6,0.18,0.794064
params_6484,5,0.75,1.0,0.3,0.3,30,0.75,1.0,0.6667,0.8,1.0,1.0,1.0,1.0,0.75,0.8571,0.6,0.18,0.794064
params_6485,5,0.75,1.0,0.3,0.5,7,0.75,1.0,0.6667,0.8,1.0,1.0,1.0,1.0,0.75,0.8571,0.6,0.18,0.794064
params_6486,5,0.75,1.0,0.3,0.5,14,0.75,1.0,0.6667,0.8,1.0,1.0,1.0,1.0,0.75,0.8571,0.6,0.18,0.794064
params_6487,5,0.75,1.0,0.3,0.5,21,0.75,1.0,0.6667,0.8,1.0,1.0,1.0,1.0,0.75,0.8571,0.6,0.18,0.794064
params_6488,5,0.75,1.0,0.3,0.5,30,0.75,1.0,0.6667,0.8,1.0,1.0,1.0,1.0,0.75,0.8571,0.6,0.18,0.794064
params_6489,5,0.75,1.0,0.3,0.7,7,0.75,1.0,0.6667,0.8,1.0,1.0,1.0,1.0,0.75,0.8571,0.6,0.18,0.794064
params_6490,5,0.75,1.0,0.3,0.7,14,0.75,1.0,0.6667,0.8,1.0,1.0,1.0,1.0,0.75,0.8571,0.6,0.18,0.794064
params_6491,5,0.75,1.0,0.3,0.7,21,0.75,1.0,0.6667,0.8,1.0,1.0,1.0,1.0,0.75,0.8571,0.6,0.18,0.794064
params_6492,5,0.75,1.0,0.3,0.7,30,0.75,1.0,0.6667,0.8,1.0,1.0,1.0,1.0,0.75,0.8571,0.6,0.18,0.794064
params_6561,5,0.75,1.2,0.3,0.3,7,0.75,1.0,0.6667,0.8,1.0,1.0,1.0,1.0,0.75,0.8571,0.6,0.18,0.794064
params_6562,5,0.75,1.2,0.3,0.3,14,0.75,1.0,0.6667,0.8,1.0,1.0,1.0,1.0,0.75,0.8571,0.6,0.18,0.794064
params_6563,5,0.75,1.2,0.3,0.3,21,0.75,1.0,0.6667,0.8,1.0,1.0,1.0,1.0,0.75,0.8571,0.6,0.18,0.794064
params_6564,5,0.75,1.2,0.3,0.3,30,0.75,1.0,0.6667,0.8,1.0,1.0,1.0,1.0,0.75,0.8571,0.6,0.18,0.794064
params_6565,5,0.75,1.2,0.3,0.5,7,0.75,1.0,0.6667,0.8,1.0,1.0,1.0,1.0,0.75,0.8571,0.6,0.18,0.794064
params_6566,5,0.75,1.2,0.3,0.5,14,0.75,1.0,0.6667,0.8,1.0,1.0,1.0,1.0,0.75,0.8571,0.6,0.18,0.794064
params_6567,5,0.75,1.2,0.3,0.5,21,0.75,1.0,0.6667,0.8,1.0,1.0,1.0,1.0,0.75,0.8571,0.6,0.18,0.794064
params_6568,5,0.75,1.2,0.3,0.5,30,0.75,1.0,0.6667,0.8,1.0,1.0,1.0,1.0,0.75,0.8571,0.6,0.18,0.794064
params_6569,5,0.75,1.2,0.3,0.7,7,0.75,1.0,0.6667,0.8,1.0,1.0,1.0,1.0,0.75,0.8571,0.6,0.18,0.794064
params_6570,5,0.75,1.2,0.3,0.7,14,0.75,1.0,0.6667,0.8,1.0,1.0,1.0,1.0,0.75,0.8571,0.6,0.18,0.794064
params_6571,5,0.75,1.2,0.3,0.7,21,0.75,1.0,0.6667,0.8,1.0,1.0,1.0,1.0,0.75,0.8571,0.6,0.18,0.794064
params_6572,5,0.75,1.2,0.3,0.7,30,0.75,1.0,0.6667,0.8,1.0,1.0,1.0,1.0,0.75,0.8571,0.6,0.18,0.794064
params_6641,5,0.75,1.5,0.3,0.3,7,0.75,1.0,0.6667,0.8,1.0,1.0,1.0,1.0,0.75,0.8571,0.6,0.18,0.794064
params_6642,5,0.75,1.5,0.3,0.3,14,0.75,1.0,0.6667,0.8,1.0,1.0,1.0,1.0,0.75,0.8571,0.6,0.18,0.794064
params_6643,5,0.75,1.5,0.3,0.3,21,0.75,1.0,0.6667,0.8,1.0,1.0,1.0,1.0,0.75,0.8571,0.6,0.18,0.794064
params_6644,5,0.75,1.5,0.3,0.3,30,0.75,1.0,0.6667,0.8,1.0,1.0,1.0,1.0,0.75,0.8571,0.6,0.18,0.794064
params_6645,5,0.75,1.5,0.3,0.5,7,0.75,1.0,0.6667,0.8,1.0,1.0,1.0,1.0,0.75,0.8571,0.6,0.18,0.794064
params_6646,5,0.75,1.5,0.3,0.5,14,0.75,1.0,0.6667,0.8,1.0,1.0,1.0,1.0,0.75,0.8571,0.6,0.18,0.794064
params_6647,5,0.75,1.5,0.3,0.5,21,0.75,1.0,0.6667,0.8,1.0,1.0,1.0,1.0,0.75,0.8571,0.6,0.18,0.794064
params_6648,5,0.75,1.5,0.3,0.5,30,0.75,1.0,0.6667,0.8,1.0,1.0,1.0,1.0,0.75,0.8571,0.6,0.18,0.794064
params_6649,5,0.75,1.5,0.3,0.7,7,0.75,1.0,0.6667,0.8,1.0,1.0,1.0,1.0,0.75,0.8571,0.6,0.18,0.794064
params_6650,5,0.75,1.5,0.3,0.7,14,0.75,1.0,0.6667,0.8,1.0,1.0,1.0,1.0,0.75,0.8571,0.6,0.18,0.794064
params_6651,5,0.75,1.5,0.3,0.7,21,0.75,1.0,0.6667,0.8,1.0,1.0,1.0,1.0,0.75,0.8571,0.6,0.18,0.794064
params_6652,5,0.75,1.5,0.3,0.7,30,0.75,1.0,0.6667,0.8,1.0,1.0,1.0,1.0,0.75,0.8571,0.6,0.18,0.794064
params_6801,5,1.0,0.5,0.3,0.3,7,0.75,1.0,0.6667,0.8,1.0,1.0,1.0,1.0,0.75,0.8571,0.6,0.18,0.794064
params_6802,5,1.0,0.5,0.3,0.3,14,0.75,1.0,0.6667,0.8,1.0,1.0,1.0,1.0,0.75,0.8571,0.6,0.18,0.794064
params_6803,5,1.0,0.5,0.3,0.3,21,0.75,1.0,0.6667,0.8,1.0,1.0,1.0,1.0,0.75,0.8571,0.6,0.18,0.794064
params_6804,5,1.0,0.5,0.3,0.3,30,0.75,1.0,0.6667,0.8,1.0,1.0,1.0,1.0,0.75,0.8571,0.6,0.18,0.794064
params_6805,5,1.0,0.5,0.3,0.5,7,0.75,1.0,0.6667,0.8,1.0,1.0,1.0,1.0,0.75,0.8571,0.6,0.18,0.794064
params_6806,5,1.0,0.5,0.3,0.5,14,0.75,1.0,0.6667,0.8,1.0,1.0,1.0,1.0,0.75,0.8571,0.6,0.18,0.794064
params_6807,5,1.0,0.5,0.3,0.5,21,0.75,1.0,0.6667,0.8,1.0,1.0,1.0,1.0,0.75,0.8571,0.6,0.18,0.794064
params_6808,5,1.0,0.5,0.3,0.5,30,0.75,1.0,0.6667,0.8,1.0,1.0,1.0,1.0,0.75,0.8571,0.6,0.18,0.794064
params_6809,5,1.0,0.5,0.3,0.7,7,0.75,1.0,0.6667,0.8,1.0,1.0,1.0,1.0,0.75,0.8571,0.6,0.18,0.794064
params_6810,5,1.0,0.5,0.3,0.7,14,0.75,1.0,0.6667,0.8,1.0,1.0,1.0,1.0,0.75,0.8571,0.6,0.18,0.794064
params_6811,5,1.0,0.5,0.3,0.7,21,0.75,1.0,0.6667,0.8,1.0,1.0,1.0,1.0,0.75,0.8571,0.6,0.18,0.794064
params_6812,5,1.0,0.5,0.3,0.7,30,0.75,1.0,0.6667,0.8,1.0,1.0,1.0,1.0,0.75,0.8571,0.6,0.18,0.794064
params_6881,5,1.0,1.0,0.3,0.3,7,0.75,1.0,0.6667,0.8,1.0,1.0,1.0,1.0,0.75,0.8571,0.6,0.18,0.794064
params_6882,5,1.0,1.0,0.3,0.3,14,0.75,1.0,0.6667,0.8,1.0,1.0,1.0,1.0,0.75,0.8571,0.6,0.18,0.794064
params_6883,5,1.0,1.0,0.3,0.3,21,0.75,1.0,0.6667,0.8,1.0,1.0,1.0,1.0,0.75,0.8571,0.6,0.18,0.794064
params_6884,5,1.0,1.0,0.3,0.3,30,0.75,1.0,0.6667,0.8,1.0,1.0,1.0,1.0,0.75,0.8571,0.6,0.18,0.794064
params_6885,5,1.0,1.0,0.3,0.5,7,0.75,1.0,0.6667,0.8,1.0,1.0,1.0,1.0,0.75,0.8571,0.6,0.18,0.794064
params_6886,5,1.0,1.0,0.3,0.5,14,0.75,1.0,0.6667,0.8,1.0,1.0,1.0,1.0,0.75,0.8571,0.6,0.18,0.794064
params_6887,5,1.0,1.0,0.3,0.5,21,0.75,1.0,0.6667,0.8,1.0,1.0,1.0,1.0,0.75,0.8571,0.6,0.18,0.794064
params_6888,5,1.0,1.0,0.3,0.5,30,0.75,1.0,0.6667,0.8,1.0,1.0,1.0,1.0,0.75,0.8571,0.6,0.18,0.794064
params_6889,5,1.0,1.0,0.3,0.7,7,0.75,1.0,0.6667,0.8,1.0,1.0,1.0,1.0,0.75,0.8571,0.6,0.18,0.794064
params_6890,5,1.0,1.0,0.3,0.7,14,0.75,1.0,0.6667,0.8,1.0,1.0,1.0,1.0,0.75,0.8571,0.6,0.18,0.794064
params_6891,5,1.0,1.0,0.3,0.7,21,0.75,1.0,0.6667,0.8,1.0,1.0,1.0,1.0,0.75,0.8571,0.6,0.18,0.794064
params_6892,5,1.0,1.0,0.3,0.7,30,0.75,1.0,0.6667,0.8,1.0,1.0,1.0,1.0,0.75,0.8571,0.6,0.18,0.794064
params_6961,5,1.0,1.2,0.3,0.3,7,0.75,1.0,0.6667,0.8,1.0,1.0,1.0,1.0,0.75,0.8571,0.6,0.18,0.794064
params_6962,5,1.0,1.2,0.3,0.3,14,0.75,1.0,0.6667,0.8,1.0,1.0,1.0,1.0,0.75,0.8571,0.6,0.18,0.794064
params_6963,5,1.0,1.2,0.3,0.3,21,0.75,1.0,0.6667,0.8,1.0,1.0,1.0,1.0,0.75,0.8571,0.6,0.18,0.794064
params_6964,5,1.0,1.2,0.3,0.3,30,0.75,1.0,0.6667,0.8,1.0,1.0,1.0,1.0,0.75,0.8571,0.6,0.18,0.794064
params_6965,5,1.0,1.2,0.3,0.5,7,0.75,1.0,0.6667,0.8,1.0,1.0,1.0,1.0,0.75,0.8571,0.6,0.18,0.794064
params_6966,5,1.0,1.2,0.3,0.5,14,0.75,1.0,0.6667,0.8,1.0,1.0,1.0,1.0,0.75,0.8571,0.6,0.18,0.794064
params_6967,5,1.0,1.2,0.3,0.5,21,0.75,1.0,0.6667,0.8,1.0,1.0,1.0,1.0,0.75,0.8571,0.6,0.18,0.794064
params_6968,5,1.0,1.2,0.3,0.5,30,0.75,1.0,0.6667,0.8,1.0,1.0,1.0,1.0,0.75,0.8571,0.6,0.18,0.794064
params_6969,5,1.0,1.2,0.3,0.7,7,0.75,1.0,0.6667,0.8,1.0,1.0,1.0,1.0,0.75,0.8571,0.6,0.18,0.794064
params_6970,5,1.0,1.2,0.3,0.7,14,0.75,1.0,0.6667,0.8,1.0,1.0,1.0,1.0,0.75,0.8571,0.6,0.18,0.794064
params_6971,5,1.0,1.2,0.3,0.7,21,0.75,1.0,0.6667,0.8,1.0,1.0,1.0,1.0,0.75,0.8571,0.6,0.18,0.794064
params_6972,5,1.0,1.2,0.3,0.7,30,0.75,1.0,0.6667,0.8,1.0,1.0,1.0,1.0,0.75,0.8571,0.6,0.18,0.794064
params_7041,5,1.0,1.5,0.3,0.3,7,0.75,1.0,0.6667,0.8,1.0,1.0,1.0,1.0,0.75,0.8571,0.6,0.18,0.794064
params_7042,5,1.0,1.5,0.3,0.3,14,0.75,1.0,0.6667,0.8,1.0,1.0,1.0,1.0,0.75,0.8571,0.6,0.18,0.794064
params_7043,5,1.0,1.5,0.3,0.3,21,0.75,1.0,0.6667,0.8,1.0,1.0,1.0,1.0,0.75,0.8571,0.6,0.18,0.794064
params_7044,5,1.0,1.5,0.3,0.3,30,0.75,1.0,0.6667,0.8,1.0,1.0,1.0,1.0,0.75,0.8571,0.6,0.18,0.794064
params_7045,5,1.0,1.5,0.3,0.5,7,0.75,1.0,0.6667,0.8,1.0,1.0,1.0,1.0,0.75,0.8571,0.6,0.18,0.794064
params_7046,5,1.0,1.5,0.3,0.5,14,0.75,1.0,0.6667,0.8,1.0,1.0,1.0,1.0,0.75,0.8571,0.6,0.18,0.794064
params_7047,5,1.0,1.5,0.3,0.5,21,0.75,1.0,0.6667,0.8,1.0,1.0,1.0,1.0,0.75,0.8571,0.6,0.18,0.794064
params_7048,5,1.0,1.5,0.3,0.5,30,0.75,1.0,0.6667,0.8,1.0,1.0,1.0,1.0,0.75,0.8571,0.6,0.18,0.794064
params_7049,5,1.0,1.5,0.3,0.7,7,0.75,1.0,0.6667,0.8,1.0,1.0,1.0,1.0,0.75,0.8571,0.6,0.18,0.794064
params_7050,5,1.0,1.5,0.3,0.7,14,0.75,1.0,0.6667,0.8,1.0,1.0,1.0,1.0,0.75,0.8571,0.6,0.18,0.794064
params_7051,5,1.0,1.5,0.3,0.7,21,0.75,1.0,0.6667,0.8,1.0,1.0,1.0,1.0,0.75,0.8571,0.6,0.18,0.794064
params_7052,5,1.0,1.5,0.3,0.7,30,0.75,1.0,0.6667,0.8,1.0,1.0,1.0,1.0,0.75,0.8571,0.6,0.18,0.794064
params_0333,2,0.5,2.0,0.3,1.0,7,0.75,1.0,1.0,1.0,0,0.0,0,1.0,0.75,0.8571,0.53,0.25,0.791234
params_0334,2,0.5,2.0,0.3,1.0,14,0.75,1.0,1.0,1.0,0,0.0,0,1.0,0.75,0.8571,0.53,0.25,0.791234
params_0335,2,0.5,2.0,0.3,1.0,21,0.75,1.0,1.0,1.0,0,0.0,0,1.0,0.75,0.8571,0.53,0.25,0.791234
params_0336,2,0.5,2.0,0.3,1.0,30,0.75,1.0,1.0,1.0,0,0.0,0,1.0,0.75,0.8571,0.53,0.25,0.791234
params_0733,2,0.75,2.0,0.3,1.0,7,0.75,1.0,1.0,1.0,0,0.0,0,1.0,0.75,0.8571,0.53,0.25,0.791234
params_0734,2,0.75,2.0,0.3,1.0,14,0.75,1.0,1.0,1.0,0,0.0,0,1.0,0.75,0.8571,0.53,0.25,0.791234
params_0735,2,0.75,2.0,0.3,1.0,21,0.75,1.0,1.0,1.0,0,0.0,0,1.0,0.75,0.8571,0.53,0.25,0.791234
params_0736,2,0.75,2.0,0.3,1.0,30,0.75,1.0,1.0,1.0,0,0.0,0,1.0,0.75,0.8571,0.53,0.25,0.791234
params_1133,2,1.0,2.0,0.3,1.0,7,0.75,1.0,1.0,1.0,0,0.0,0,1.0,0.75,0.8571,0.53,0.25,0.791234
params_1134,2,1.0,2.0,0.3,1.0,14,0.75,1.0,1.0,1.0,0,0.0,0,1.0,0.75,0.8571,0.53,0.25,0.791234
params_1135,2,1.0,2.0,0.3,1.0,21,0.75,1.0,1.0,1.0,0,0.0,0,1.0,0.75,0.8571,0.53,0.25,0.791234
params_1136,2,1.0,2.0,0.3,1.0,30,0.75,1.0,1.0,1.0,0,0.0,0,1.0,0.75,0.8571,0.53,0.25,0.791234
params_2333,3,0.5,2.0,0.3,1.0,7,0.75,1.0,1.0,1.0,0,0.0,0,1.0,0.75,0.8571,0.53,0.25,0.791234
params_2334,3,0.5,2.0,0.3,1.0,14,0.75,1.0,1.0,1.0,0,0.0,0,1.0,0.75,0.8571,0.53,0.25,0.791234
params_2335,3,0.5,2.0,0.3,1.0,21,0.75,1.0,1.0,1.0,0,0.0,0,1.0,0.75,0.8571,0.53,0.25,0.791234
params_2336,3,0.5,2.0,0.3,1.0,30,0.75,1.0,1.0,1.0,0,0.0,0,1.0,0.75,0.8571,0.53,0.25,0.791234
params_2733,3,0.75,2.0,0.3,1.0,7,0.75,1.0,1.0,1.0,0,0.0,0,1.0,0.75,0.8571,0.53,0.25,0.791234
params_2734,3,0.75,2.0,0.3,1.0,14,0.75,1.0,1.0,1.0,0,0.0,0,1.0,0.75,0.8571,0.53,0.25,0.791234
params_2735,3,0.75,2.0,0.3,1.0,21,0.75,1.0,1.0,1.0,0,0.0,0,1.0,0.75,0.8571,0.53,0.25,0.791234
params_2736,3,0.75,2.0,0.3,1.0,30,0.75,1.0,1.0,1.0,0,0.0,0,1.0,0.75,0.8571,0.53,0.25,0.791234
params_3133,3,1.0,2.0,0.3,1.0,7,0.75,1.0,1.0,1.0,0,0.0,0,1.0,0.75,0.8571,0.53,0.25,0.791234
params_3134,3,1.0,2.0,0.3,1.0,14,0.75,1.0,1.0,1.0,0,0.0,0,1.0,0.75,0.8571,0.53,0.25,0.791234
params_3135,3,1.0,2.0,0.3,1.0,21,0.75,1.0,1.0,1.0,0,0.0,0,1.0,0.75,0.8571,0.53,0.25,0.791234
params_3136,3,1.0,2.0,0.3,1.0,30,0.75,1.0,1.0,1.0,0,0.0,0,1.0,0.75,0.8571,0.53,0.25,0.791234
params_4333,4,0.5,2.0,0.3,1.0,7,0.75,1.0,1.0,1.0,0,0.0,0,1.0,0.75,0.8571,0.53,0.25,0.791234
params_4334,4,0.5,2.0,0.3,1.0,14,0.75,1.0,1.0,1.0,0,0.0,0,1.0,0.75,0.8571,0.53,0.25,0.791234
params_4335,4,0.5,2.0,0.3,1.0,21,0.75,1.0,1.0,1.0,0,0.0,0,1.0,0.75,0.8571,0.53,0.25,0.791234
params_4336,4,0.5,2.0,0.3,1.0,30,0.75,1.0,1.0,1.0,0,0.0,0,1.0,0.75,0.8571,0.53,0.25,0.791234
params_4733,4,0.75,2.0,0.3,1.0,7,0.75,1.0,1.0,1.0,0,0.0,0,1.0,0.75,0.8571,0.53,0.25,0.791234
params_4734,4,0.75,2.0,0.3,1.0,14,0.75,1.0,1.0,1.0,0,0.0,0,1.0,0.75,0.8571,0.53,0.25,0.791234
params_4735,4,0.75,2.0,0.3,1.0,21,0.75,1.0,1.0,1.0,0,0.0,0,1.0,0.75,0.8571,0.53,0.25,0.791234
params_4736,4,0.75,2.0,0.3,1.0,30,0.75,1.0,1.0,1.0,0,0.0,0,1.0,0.75,0.8571,0.53,0.25,0.791234
params_5133,4,1.0,2.0,0.3,1.0,7,0.75,1.0,1.0,1.0,0,0.0,0,1.0,0.75,0.8571,0.53,0.25,0.791234
params_5134,4,1.0,2.0,0.3,1.0,14,0.75,1.0,1.0,1.0,0,0.0,0,1.0,0.75,0.8571,0.53,0.25,0.791234
params_5135,4,1.0,2.0,0.3,1.0,21,0.75,1.0,1.0,1.0,0,0.0,0,1.0,0.75,0.8571,0.53,0.25,0.791234
params_5136,4,1.0,2.0,0.3,1.0,30,0.75,1.0,1.0,1.0,0,0.0,0,1.0,0.75,0.8571,0.53,0.25,0.791234
params_6333,5,0.5,2.0,0.3,1.0,7,0.75,1.0,1.0,1.0,0,0.0,0,1.0,0.75,0.8571,0.53,0.25,0.791234
params_6334,5,0.5,2.0,0.3,1.0,14,0.75,1.0,1.0,1.0,0,0.0,0,1.0,0.75,0.8571,0.53,0.25,0.791234
params_6335,5,0.5,2.0,0.3,1.0,21,0.75,1.0,1.0,1.0,0,0.0,0,1.0,0.75,0.8571,0.53,0.25,0.791234
params_6336,5,0.5,2.0,0.3,1.0,30,0.75,1.0,1.0,1.0,0,0.0,0,1.0,0.75,0.8571,0.53,0.25,0.791234
params_6733,5,0.75,2.0,0.3,1.0,7,0.75,1.0,1.0,1.0,0,0.0,0,1.0,0.75,0.8571,0.53,0.25,0.791234
params_6734,5,0.75,2.0,0.3,1.0,14,0.75,1.0,1.0,1.0,0,0.0,0,1.0,0.75,0.8571,0.53,0.25,0.791234
params_6735,5,0.75,2.0,0.3,1.0,21,0.75,1.0,1.0,1.0,0,0.0,0,1.0,0.75,0.8571,0.53,0.25,0.791234
params_6736,5,0.75,2.0,0.3,1.0,30,0.75,1.0,1.0,1.0,0,0.0,0,1.0,0.75,0.8571,0.53,0.25,0.791234
params_7133,5,1.0,2.0,0.3,1.0,7,0.75,1.0,1.0,1.0,0,0.0,0,1.0,0.75,0.8571,0.53,0.25,0.791234
params_7134,5,1.0,2.0,0.3,1.0,14,0.75,1.0,1.0,1.0,0,0.0,0,1.0,0.75,0.8571,0.53,0.25,0.791234
params_7135,5,1.0,2.0,0.3,1.0,21,0.75,1.0,1.0,1.0,0,0.0,0,1.0,0.75,0.8571,0.53,0.25,0.791234
params_7136,5,1.0,2.0,0.3,1.0,30,0.75,1.0,1.0,1.0,0,0.0,0,1.0,0.75,0.8571,0.53,0.25,0.791234
params_0077,2,0.5,0.5,0.9,1.0,7,0.5,1.0,0.6667,0.8,0,0.0,0,1.0,0.5,0.6667,0.3,0.25,0.6604
params_0078,2,0.5,0.5,0.9,1.0,14,0.5,1.0,0.6667,0.8,0,0.0,0,1.0,0.5,0.6667,0.3,0.25,0.6604
params_0079,2,0.5,0.5,0.9,1.0,21,0.5,1.0,0.6667,0.8,0,0.0,0,1.0,0.5,0.6667,0.3,0.25,0.6604
params_0080,2,0.5,0.5,0.9,1.0,30,0.5,1.0,0.6667,0.8,0,0.0,0,1.0,0.5,0.6667,0.3,0.25,0.6604
params_0157,2,0.5,1.0,0.9,1.0,7,0.5,1.0,0.6667,0.8,0,0.0,0,1.0,0.5,0.6667,0.3,0.25,0.6604
params_0158,2,0.5,1.0,0.9,1.0,14,0.5,1.0,0.6667,0.8,0,0.0,0,1.0,0.5,0.6667,0.3,0.25,0.6604
params_0159,2,0.5,1.0,0.9,1.0,21,0.5,1.0,0.6667,0.8,0,0.0,0,1.0,0.5,0.6667,0.3,0.25,0.6604
params_0160,2,0.5,1.0,0.9,1.0,30,0.5,1.0,0.6667,0.8,0,0.0,0,1.0,0.5,0.6667,0.3,0.25,0.6604
params_0237,2,0.5,1.2,0.9,1.0,7,0.5,1.0,0.6667,0.8,0,0.0,0,1.0,0.5,0.6667,0.3,0.25,0.6604
params_0238,2,0.5,1.2,0.9,1.0,14,0.5,1.0,0.6667,0.8,0,0.0,0,1.0,0.5,0.6667,0.3,0.25,0.6604
params_0239,2,0.5,1.2,0.9,1.0,21,0.5,1.0,0.6667,0.8,0,0.0,0,1.0,0.5,0.6667,0.3,0.25,0.6604
params_0240,2,0.5,1.2,0.9,1.0,30,0.5,1.0,0.6667,0.8,0,0.0,0,1.0,0.5,0.6667,0.3,0.25,0.6604
params_0317,2,0.5,1.5,0.9,1.0,7,0.5,1.0,0.6667,0.8,0,0.0,0,1.0,0.5,0.6667,0.3,0.25,0.6604
params_0318,2,0.5,1.5,0.9,1.0,14,0.5,1.0,0.6667,0.8,0,0.0,0,1.0,0.5,0.6667,0.3,0.25,0.6604
params_0319,2,0.5,1.5,0.9,1.0,21,0.5,1.0,0.6667,0.8,0,0.0,0,1.0,0.5,0.6667,0.3,0.25,0.6604
params_0320,2,0.5,1.5,0.9,1.0,30,0.5,1.0,0.6667,0.8,0,0.0,0,1.0,0.5,0.6667,0.3,0.25,0.6604
params_0477,2,0.75,0.5,0.9,1.0,7,0.5,1.0,0.6667,0.8,0,0.0,0,1.0,0.5,0.6667,0.3,0.25,0.6604
params_0478,2,0.75,0.5,0.9,1.0,14,0.5,1.0,0.6667,0.8,0,0.0,0,1.0,0.5,0.6667,0.3,0.25,0.6604
params_0479,2,0.75,0.5,0.9,1.0,21,0.5,1.0,0.6667,0.8,0,0.0,0,1.0,0.5,0.6667,0.3,0.25,0.6604
params_0480,2,0.75,0.5,0.9,1.0,30,0.5,1.0,0.6667,0.8,0,0.0,0,1.0,0.5,0.6667,0.3,0.25,0.6604
params_0557,2,0.75,1.0,0.9,1.0,7,0.5,1.0,0.6667,0.8,0,0.0,0,1.0,0.5,0.6667,0.3,0.25,0.6604
params_0558,2,0.75,1.0,0.9,1.0,14,0.5,1.0,0.6667,0.8,0,0.0,0,1.0,0.5,0.6667,0.3,0.25,0.6604
params_0559,2,0.75,1.0,0.9,1.0,21,0.5,1.0,0.6667,0.8,0,0.0,0,1.0,0.5,0.6667,0.3,0.25,0.6604
params_0560,2,0.75,1.0,0.9,1.0,30,0.5,1.0,0.6667,0.8,0,0.0,0,1.0,0.5,0.6667,0.3,0.25,0.6604
params_0637,2,0.75,1.2,0.9,1.0,7,0.5,1.0,0.6667,0.8,0,0.0,0,1.0,0.5,0.6667,0.3,0.25,0.6604
params_0638,2,0.75,1.2,0.9,1.0,14,0.5,1.0,0.6667,0.8,0,0.0,0,1.0,0.5,0.6667,0.3,0.25,0.6604
params_0639,2,0.75,1.2,0.9,1.0,21,0.5,1.0,0.6667,0.8,0,0.0,0,1.0,0.5,0.6667,0.3,0.25,0.6604
params_0640,2,0.75,1.2,0.9,1.0,30,0.5,1.0,0.6667,0.8,0,0.0,0,1.0,0.5,0.6667,0.3,0.25,0.6604
params_0717,2,0.75,1.5,0.9,1.0,7,0.5,1.0,0.6667,0.8,0,0.0,0,1.0,0.5,0.6667,0.3,0.25,0.6604
params_0718,2,0.75,1.5,0.9,1.0,14,0.5,1.0,0.6667,0.8,0,0.0,0,1.0,0.5,0.6667,0.3,0.25,0.6604
params_0719,2,0.75,1.5,0.9,1.0,21,0.5,1.0,0.6667,0.8,0,0.0,0,1.0,0.5,0.6667,0.3,0.25,0.6604
params_0720,2,0.75,1.5,0.9,1.0,30,0.5,1.0,0.6667,0.8,0,0.0,0,1.0,0.5,0.6667,0.3,0.25,0.6604
params_0877,2,1.0,0.5,0.9,1.0,7,0.5,1.0,0.6667,0.8,0,0.0,0,1.0,0.5,0.6667,0.3,0.25,0.6604
params_0878,2,1.0,0.5,0.9,1.0,14,0.5,1.0,0.6667,0.8,0,0.0,0,1.0,0.5,0.6667,0.3,0.25,0.6604
params_0879,2,1.0,0.5,0.9,1.0,21,0.5,1.0,0.6667,0.8,0,0.0,0,1.0,0.5,0.6667,0.3,0.25,0.6604
params_0880,2,1.0,0.5,0.9,1.0,30,0.5,1.0,0.6667,0.8,0,0.0,0,1.0,0.5,0.6667,0.3,0.25,0.6604
params_0957,2,1.0,1.0,0.9,1.0,7,0.5,1.0,0.6667,0.8,0,0.0,0,1.0,0.5,0.6667,0.3,0.25,0.6604
params_0958,2,1.0,1.0,0.9,1.0,14,0.5,1.0,0.6667,0.8,0,0.0,0,1.0,0.5,0.6667,0.3,0.25,0.6604
params_0959,2,1.0,1.0,0.9,1.0,21,0.5,1.0,0.6667,0.8,0,0.0,0,1.0,0.5,0.6667,0.3,0.25,0.6604
params_0960,2,1.0,1.0,0.9,1.0,30,0.5,1.0,0.6667,0.8,0,0.0,0,1.0,0.5,0.6667,0.3,0.25,0.6604
params_1037,2,1.0,1.2,0.9,1.0,7,0.5,1.0,0.6667,0.8,0,0.0,0,1.0,0.5,0.6667,0.3,0.25,0.6604
params_1038,2,1.0,1.2,0.9,1.0,14,0.5,1.0,0.6667,0.8,0,0.0,0,1.0,0.5,0.6667,0.3,0.25,0.6604
params_1039,2,1.0,1.2,0.9,1.0,21,0.5,1.0,0.6667,0.8,0,0.0,0,1.0,0.5,0.6667,0.3,0.25,0.6604
params_1040,2,1.0,1.2,0.9,1.0,30,0.5,1.0,0.6667,0.8,0,0.0,0,1.0,0.5,0.6667,0.3,0.25,0.6604
params_1117,2,1.0,1.5,0.9,1.0,7,0.5,1.0,0.6667,0.8,0,0.0,0,1.0,0.5,0.6667,0.3,0.25,0.6604
params_1118,2,1.0,1.5,0.9,1.0,14,0.5,1.0,0.6667,0.8,0,0.0,0,1.0,0.5,0.6667,0.3,0.25,0.6604
params_1119,2,1.0,1.5,0.9,1.0,21,0.5,1.0,0.6667,0.8,0,0.0,0,1.0,0.5,0.6667,0.3,0.25,0.6604
params_1120,2,1.0,1.5,0.9,1.0,30,0.5,1.0,0.6667,0.8,0,0.0,0,1.0,0.5,0.6667,0.3,0.25,0.6604
params_2077,3,0.5,0.5,0.9,1.0,7,0.5,1.0,0.6667,0.8,0,0.0,0,1.0,0.5,0.6667,0.3,0.25,0.6604
params_2078,3,0.5,0.5,0.9,1.0,14,0.5,1.0,0.6667,0.8,0,0.0,0,1.0,0.5,0.6667,0.3,0.25,0.6604
params_2079,3,0.5,0.5,0.9,1.0,21,0.5,1.0,0.6667,0.8,0,0.0,0,1.0,0.5,0.6667,0.3,0.25,0.6604
params_2080,3,0.5,0.5,0.9,1.0,30,0.5,1.0,0.6667,0.8,0,0.0,0,1.0,0.5,0.6667,0.3,0.25,0.6604
params_2157,3,0.5,1.0,0.9,1.0,7,0.5,1.0,0.6667,0.8,0,0.0,0,1.0,0.5,0.6667,0.3,0.25,0.6604
params_2158,3,0.5,1.0,0.9,1.0,14,0.5,1.0,0.6667,0.8,0,0.0,0,1.0,0.5,0.6667,0.3,0.25,0.6604
params_2159,3,0.5,1.0,0.9,1.0,21,0.5,1.0,0.6667,0.8,0,0.0,0,1.0,0.5,0.6667,0.3,0.25,0.6604
params_2160,3,0.5,1.0,0.9,1.0,30,0.5,1.0,0.6667,0.8,0,0.0,0,1.0,0.5,0.6667,0.3,0.25,0.6604
params_2237,3,0.5,1.2,0.9,1.0,7,0.5,1.0,0.6667,0.8,0,0.0,0,1.0,0.5,0.6667,0.3,0.25,0.6604
params_2238,3,0.5,1.2,0.9,1.0,14,0.5,1.0,0.6667,0.8,0,0.0,0,1.0,0.5,0.6667,0.3,0.25,0.6604
params_2239,3,0.5,1.2,0.9,1.0,21,0.5,1.0,0.6667,0.8,0,0.0,0,1.0,0.5,0.6667,0.3,0.25,0.6604
params_2240,3,0.5,1.2,0.9,1.0,30,0.5,1.0,0.6667,0.8,0,0.0,0,1.0,0.5,0.6667,0.3,0.25,0.6604
params_2317,3,0.5,1.5,0.9,1.0,7,0.5,1.0,0.6667,0.8,0,0.0,0,1.0,0.5,0.6667,0.3,0.25,0.6604
params_2318,3,0.5,1.5,0.9,1.0,14,0.5,1.0,0.6667,0.8,0,0.0,0,1.0,0.5,0.6667,0.3,0.25,0.6604
params_2319,3,0.5,1.5,0.9,1.0,21,0.5,1.0,0.6667,0.8,0,0.0,0,1.0,0.5,0.6667,0.3,0.25,0.6604
params_2320,3,0.5,1.5,0.9,1.0,30,0.5,1.0,0.6667,0.8,0,0.0,0,1.0,0.5,0.6667,0.3,0.25,0.6604
params_2477,3,0.75,0.5,0.9,1.0,7,0.5,1.0,0.6667,0.8,0,0.0,0,1.0,0.5,0.6667,0.3,0.25,0.6604
params_2478,3,0.75,0.5,0.9,1.0,14,0.5,1.0,0.6667,0.8,0,0.0,0,1.0,0.5,0.6667,0.3,0.25,0.6604
params_2479,3,0.75,0.5,0.9,1.0,21,0.5,1.0,0.6667,0.8,0,0.0,0,1.0,0.5,0.6667,0.3,0.25,0.6604
params_2480,3,0.75,0.5,0.9,1.0,30,0.5,1.0,0.6667,0.8,0,0.0,0,1.0,0.5,0.6667,0.3,0.25,0.6604
params_2557,3,0.75,1.0,0.9,1.0,7,0.5,1.0,0.6667,0.8,0,0.0,0,1.0,0.5,0.6667,0.3,0.25,0.6604
params_2558,3,0.75,1.0,0.9,1.0,14,0.5,1.0,0.6667,0.8,0,0.0,0,1.0,0.5,0.6667,0.3,0.25,0.6604
params_2559,3,0.75,1.0,0.9,1.0,21,0.5,1.0,0.6667,0.8,0,0.0,0,1.0,0.5,0.6667,0.3,0.25,0.6604
params_2560,3,0.75,1.0,0.9,1.0,30,0.5,1.0,0.6667,0.8,0,0.0,0,1.0,0.5,0.6667,0.3,0.25,0.6604
params_2637,3,0.75,1.2,0.9,1.0,7,0.5,1.0,0.6667,0.8,0,0.0,0,1.0,0.5,0.6667,0.3,0.25,0.6604
params_2638,3,0.75,1.2,0.9,1.0,14,0.5,1.0,0.6667,0.8,0,0.0,0,1.0,0.5,0.6667,0.3,0.25,0.6604
params_2639,3,0.75,1.2,0.9,1.0,21,0.5,1.0,0.6667,0.8,0,0.0,0,1.0,0.5,0.6667,0.3,0.25,0.6604
params_2640,3,0.75,1.2,0.9,1.0,30,0.5,1.0,0.6667,0.8,0,0.0,0,1.0,0.5,0.6667,0.3,0.25,0.6604
params_2717,3,0.75,1.5,0.9,1.0,7,0.5,1.0,0.6667,0.8,0,0.0,0,1.0,0.5,0.6667,0.3,0.25,0.6604
params_2718,3,0.75,1.5,0.9,1.0,14,0.5,1.0,0.6667,0.8,0,0.0,0,1.0,0.5,0.6667,0.3,0.25,0.6604
params_2719,3,0.75,1.5,0.9,1.0,21,0.5,1.0,0.6667,0.8,0,0.0,0,1.0,0.5,0.6667,0.3,0.25,0.6604
params_2720,3,0.75,1.5,0.9,1.0,30,0.5,1.0,0.6667,0.8,0,0.0,0,1.0,0.5,0.6667,0.3,0.25,0.6604
params_2877,3,1.0,0.5,0.9,1.0,7,0.5,1.0,0.6667,0.8,0,0.0,0,1.0,0.5,0.6667,0.3,0.25,0.6604
params_2878,3,1.0,0.5,0.9,1.0,14,0.5,1.0,0.6667,0.8,0,0.0,0,1.0,0.5,0.6667,0.3,0.25,0.6604
params_2879,3,1.0,0.5,0.9,1.0,21,0.5,1.0,0.6667,0.8,0,0.0,0,1.0,0.5,0.6667,0.3,0.25,0.6604
params_2880,3,1.0,0.5,0.9,1.0,30,0.5,1.0,0.6667,0.8,0,0.0,0,1.0,0.5,0.6667,0.3,0.25,0.6604
params_2957,3,1.0,1.0,0.9,1.0,7,0.5,1.0,0.6667,0.8,0,0.0,0,1.0,0.5,0.6667,0.3,0.25,0.6604
params_2958,3,1.0,1.0,0.9,1.0,14,0.5,1.0,0.6667,0.8,0,0.0,0,1.0,0.5,0.6667,0.3,0.25,0.6604
params_2959,3,1.0,1.0,0.9,1.0,21,0.5,1.0,0.6667,0.8,0,0.0,0,1.0,0.5,0.6667,0.3,0.25,0.6604
params_2960,3,1.0,1.0,0.9,1.0,30,0.5,1.0,0.6667,0.8,0,0.0,0,1.0,0.5,0.6667,0.3,0.25,0.6604
params_3037,3,1.0,1.2,0.9,1.0,7,0.5,1.0,0.6667,0.8,0,0.0,0,1.0,0.5,0.6667,0.3,0.25,0.6604
params_3038,3,1.0,1.2,0.9,1.0,14,0.5,1.0,0.6667,0.8,0,0.0,0,1.0,0.5,0.6667,0.3,0.25,0.6604
params_3039,3,1.0,1.2,0.9,1.0,21,0.5,1.0,0.6667,0.8,0,0.0,0,1.0,0.5,0.6667,0.3,0.25,0.6604
params_3040,3,1.0,1.2,0.9,1.0,30,0.5,1.0,0.6667,0.8,0,0.0,0,1.0,0.5,0.6667,0.3,0.25,0.6604
params_3117,3,1.0,1.5,0.9,1.0,7,0.5,1.0,0.6667,0.8,0,0.0,0,1.0,0.5,0.6667,0.3,0.25,0.6604
params_3118,3,1.0,1.5,0.9,1.0,14,0.5,1.0,0.6667,0.8,0,0.0,0,1.0,0.5,0.6667,0.3,0.25,0.6604
params_3119,3,1.0,1.5,0.9,1.0,21,0.5,1.0,0.6667,0.8,0,0.0,0,1.0,0.5,0.6667,0.3,0.25,0.6604
params_3120,3,1.0,1.5,0.9,1.0,30,0.5,1.0,0.6667,0.8,0,0.0,0,1.0,0.5,0.6667,0.3,0.25,0.6604
params_4077,4,0.5,0.5,0.9,1.0,7,0.5,1.0,0.6667,0.8,0,0.0,0,1.0,0.5,0.6667,0.3,0.25,0.6604
params_4078,4,0.5,0.5,0.9,1.0,14,0.5,1.0,0.6667,0.8,0,0.0,0,1.0,0.5,0.6667,0.3,0.25,0.6604
params_4079,4,0.5,0.5,0.9,1.0,21,0.5,1.0,0.6667,0.8,0,0.0,0,1.0,0.5,0.6667,0.3,0.25,0.6604
params_4080,4,0.5,0.5,0.9,1.0,30,0.5,1.0,0.6667,0.8,0,0.0,0,1.0,0.5,0.6667,0.3,0.25,0.6604
params_4157,4,0.5,1.0,0.9,1.0,7,0.5,1.0,0.6667,0.8,0,0.0,0,1.0,0.5,0.6667,0.3,0.25,0.6604
params_4158,4,0.5,1.0,0.9,1.0,14,0.5,1.0,0.6667,0.8,0,0.0,0,1.0,0.5,0.6667,0.3,0.25,0.6604
params_4159,4,0.5,1.0,0.9,1.0,21,0.5,1.0,0.6667,0.8,0,0.0,0,1.0,0.5,0.6667,0.3,0.25,0.6604
params_4160,4,0.5,1.0,0.9,1.0,30,0.5,1.0,0.6667,0.8,0,0.0,0,1.0,0.5,0.6667,0.3,0.25,0.6604
params_4237,4,0.5,1.2,0.9,1.0,7,0.5,1.0,0.6667,0.8,0,0.0,0,1.0,0.5,0.6667,0.3,0.25,0.6604
params_4238,4,0.5,1.2,0.9,1.0,14,0.5,1.0,0.6667,0.8,0,0.0,0,1.0,0.5,0.6667,0.3,0.25,0.6604
params_4239,4,0.5,1.2,0.9,1.0,21,0.5,1.0,0.6667,0.8,0,0.0,0,1.0,0.5,0.6667,0.3,0.25,0.6604
params_4240,4,0.5,1.2,0.9,1.0,30,0.5,1.0,0.6667,0.8,0,0.0,0,1.0,0.5,0.6667,0.3,0.25,0.6604
params_4317,4,0.5,1.5,0.9,1.0,7,0.5,1.0,0.6667,0.8,0,0.0,0,1.0,0.5,0.6667,0.3,0.25,0.6604
params_4318,4,0.5,1.5,0.9,1.0,14,0.5,1.0,0.6667,0.8,0,0.0,0,1.0,0.5,0.6667,0.3,0.25,0.6604
params_4319,4,0.5,1.5,0.9,1.0,21,0.5,1.0,0.6667,0.8,0,0.0,0,1.0,0.5,0.6667,0.3,0.25,0.6604
params_4320,4,0.5,1.5,0.9,1.0,30,0.5,1.0,0.6667,0.8,0,0.0,0,1.0,0.5,0.6667,0.3,0.25,0.6604
params_4477,4,0.75,0.5,0.9,1.0,7,0.5,1.0,0.6667,0.8,0,0.0,0,1.0,0.5,0.6667,0.3,0.25,0.6604
params_4478,4,0.75,0.5,0.9,1.0,14,0.5,1.0,0.6667,0.8,0,0.0,0,1.0,0.5,0.6667,0.3,0.25,0.6604
params_4479,4,0.75,0.5,0.9,1.0,21,0.5,1.0,0.6667,0.8,0,0.0,0,1.0,0.5,0.6667,0.3,0.25,0.6604
params_4480,4,0.75,0.5,0.9,1.0,30,0.5,1.0,0.6667,0.8,0,0.0,0,1.0,0.5,0.6667,0.3,0.25,0.6604
params_4557,4,0.75,1.0,0.9,1.0,7,0.5,1.0,0.6667,0.8,0,0.0,0,1.0,0.5,0.6667,0.3,0.25,0.6604
params_4558,4,0.75,1.0,0.9,1.0,14,0.5,1.0,0.6667,0.8,0,0.0,0,1.0,0.5,0.6667,0.3,0.25,0.6604
params_4559,4,0.75,1.0,0.9,1.0,21,0.5,1.0,0.6667,0.8,0,0.0,0,1.0,0.5,0.6667,0.3,0.25,0.6604
params_4560,4,0.75,1.0,0.9,1.0,30,0.5,1.0,0.6667,0.8,0,0.0,0,1.0,0.5,0.6667,0.3,0.25,0.6604
params_4637,4,0.75,1.2,0.9,1.0,7,0.5,1.0,0.6667,0.8,0,0.0,0,1.0,0.5,0.6667,0.3,0.25,0.6604
params_4638,4,0.75,1.2,0.9,1.0,14,0.5,1.0,0.6667,0.8,0,0.0,0,1.0,0.5,0.6667,0.3,0.25,0.6604
params_4639,4,0.75,1.2,0.9,1.0,21,0.5,1.0,0.6667,0.8,0,0.0,0,1.0,0.5,0.6667,0.3,0.25,0.6604
params_4640,4,0.75,1.2,0.9,1.0,30,0.5,1.0,0.6667,0.8,0,0.0,0,1.0,0.5,0.6667,0.3,0.25,0.6604
params_4717,4,0.75,1.5,0.9,1.0,7,0.5,1.0,0.6667,0.8,0,0.0,0,1.0,0.5,0.6667,0.3,0.25,0.6604
params_4718,4,0.75,1.5,0.9,1.0,14,0.5,1.0,0.6667,0.8,0,0.0,0,1.0,0.5,0.6667,0.3,0.25,0.6604
params_4719,4,0.75,1.5,0.9,1.0,21,0.5,1.0,0.6667,0.8,0,0.0,0,1.0,0.5,0.6667,0.3,0.25,0.6604
params_4720,4,0.75,1.5,0.9,1.0,30,0.5,1.0,0.6667,0.8,0,0.0,0,1.0,0.5,0.6667,0.3,0.25,0.6604
params_4877,4,1.0,0.5,0.9,1.0,7,0.5,1.0,0.6667,0.8,0,0.0,0,1.0,0.5,0.6667,0.3,0.25,0.6604
params_4878,4,1.0,0.5,0.9,1.0,14,0.5,1.0,0.6667,0.8,0,0.0,0,1.0,0.5,0.6667,0.3,0.25,0.6604
params_4879,4,1.0,0.5,0.9,1.0,21,0.5,1.0,0.6667,0.8,0,0.0,0,1.0,0.5,0.6667,0.3,0.25,0.6604
params_4880,4,1.0,0.5,0.9,1.0,30,0.5,1.0,0.6667,0.8,0,0.0,0,1.0,0.5,0.6667,0.3,0.25,0.6604
params_4957,4,1.0,1.0,0.9,1.0,7,0.5,1.0,0.6667,0.8,0,0.0,0,1.0,0.5,0.6667,0.3,0.25,0.6604
params_4958,4,1.0,1.0,0.9,1.0,14,0.5,1.0,0.6667,0.8,0,0.0,0,1.0,0.5,0.6667,0.3,0.25,0.6604
params_4959,4,1.0,1.0,0.9,1.0,21,0.5,1.0,0.6667,0.8,0,0.0,0,1.0,0.5,0.6667,0.3,0.25,0.6604
params_4960,4,1.0,1.0,0.9,1.0,30,0.5,1.0,0.6667,0.8,0,0.0,0,1.0,0.5,0.6667,0.3,0.25,0.6604
params_5037,4,1.0,1.2,0.9,1.0,7,0.5,1.0,0.6667,0.8,0,0.0,0,1.0,0.5,0.6667,0.3,0.25,0.6604
params_5038,4,1.0,1.2,0.9,1.0,14,0.5,1.0,0.6667,0.8,0,0.0,0,1.0,0.5,0.6667,0.3,0.25,0.6604
params_5039,4,1.0,1.2,0.9,1.0,21,0.5,1.0,0.6667,0.8,0,0.0,0,1.0,0.5,0.6667,0.3,0.25,0.6604
params_5040,4,1.0,1.2,0.9,1.0,30,0.5,1.0,0.6667,0.8,0,0.0,0,1.0,0.5,0.6667,0.3,0.25,0.6604
params_5117,4,1.0,1.5,0.9,1.0,7,0.5,1.0,0.6667,0.8,0,0.0,0,1.0,0.5,0.6667,0.3,0.25,0.6604
params_5118,4,1.0,1.5,0.9,1.0,14,0.5,1.0,0.6667,0.8,0,0.0,0,1.0,0.5,0.6667,0.3,0.25,0.6604
params_5119,4,1.0,1.5,0.9,1.0,21,0.5,1.0,0.6667,0.8,0,0.0,0,1.0,0.5,0.6667,0.3,0.25,0.6604
params_5120,4,1.0,1.5,0.9,1.0,30,0.5,1.0,0.6667,0.8,0,0.0,0,1.0,0.5,0.6667,0.3,0.25,0.6604
params_6077,5,0.5,0.5,0.9,1.0,7,0.5,1.0,0.6667,0.8,0,0.0,0,1.0,0.5,0.6667,0.3,0.25,0.6604
params_6078,5,0.5,0.5,0.9,1.0,14,0.5,1.0,0.6667,0.8,0,0.0,0,1.0,0.5,0.6667,0.3,0.25,0.6604
params_6079,5,0.5,0.5,0.9,1.0,21,0.5,1.0,0.6667,0.8,0,0.0,0,1.0,0.5,0.6667,0.3,0.25,0.6604
params_6080,5,0.5,0.5,0.9,1.0,30,0.5,1.0,0.6667,0.8,0,0.0,0,1.0,0.5,0.6667,0.3,0.25,0.6604
params_6157,5,0.5,1.0,0.9,1.0,7,0.5,1.0,0.6667,0.8,0,0.0,0,1.0,0.5,0.6667,0.3,0.25,0.6604
params_6158,5,0.5,1.0,0.9,1.0,14,0.5,1.0,0.6667,0.8,0,0.0,0,1.0,0.5,0.6667,0.3,0.25,0.6604
params_6159,5,0.5,1.0,0.9,1.0,21,0.5,1.0,0.6667,0.8,0,0.0,0,1.0,0.5,0.6667,0.3,0.25,0.6604
params_6160,5,0.5,1.0,0.9,1.0,30,0.5,1.0,0.6667,0.8,0,0.0,0,1.0,0.5,0.6667,0.3,0.25,0.6604
params_6237,5,0.5,1.2,0.9,1.0,7,0.5,1.0,0.6667,0.8,0,0.0,0,1.0,0.5,0.6667,0.3,0.25,0.6604
params_6238,5,0.5,1.2,0.9,1.0,14,0.5,1.0,0.6667,0.8,0,0.0,0,1.0,0.5,0.6667,0.3,0.25,0.6604
params_6239,5,0.5,1.2,0.9,1.0,21,0.5,1.0,0.6667,0.8,0,0.0,0,1.0,0.5,0.6667,0.3,0.25,0.6604
params_6240,5,0.5,1.2,0.9,1.0,30,0.5,1.0,0.6667,0.8,0,0.0,0,1.0,0.5,0.6667,0.3,0.25,0.6604
params_6317,5,0.5,1.5,0.9,1.0,7,0.5,1.0,0.6667,0.8,0,0.0,0,1.0,0.5,0.6667,0.3,0.25,0.6604
params_6318,5,0.5,1.5,0.9,1.0,14,0.5,1.0,0.6667,0.8,0,0.0,0,1.0,0.5,0.6667,0.3,0.25,0.6604
params_6319,5,0.5,1.5,0.9,1.0,21,0.5,1.0,0.6667,0.8,0,0.0,0,1.0,0.5,0.6667,0.3,0.25,0.6604
params_6320,5,0.5,1.5,0.9,1.0,30,0.5,1.0,0.6667,0.8,0,0.0,0,1.0,0.5,0.6667,0.3,0.25,0.6604
params_6477,5,0.75,0.5,0.9,1.0,7,0.5,1.0,0.6667,0.8,0,0.0,0,1.0,0.5,0.6667,0.3,0.25,0.6604
params_6478,5,0.75,0.5,0.9,1.0,14,0.5,1.0,0.6667,0.8,0,0.0,0,1.0,0.5,0.6667,0.3,0.25,0.6604
params_6479,5,0.75,0.5,0.9,1.0,21,0.5,1.0,0.6667,0.8,0,0.0,0,1.0,0.5,0.6667,0.3,0.25,0.6604
params_6480,5,0.75,0.5,0.9,1.0,30,0.5,1.0,0.6667,0.8,0,0.0,0,1.0,0.5,0.6667,0.3,0.25,0.6604
params_6557,5,0.75,1.0,0.9,1.0,7,0.5,1.0,0.6667,0.8,0,0.0,0,1.0,0.5,0.6667,0.3,0.25,0.6604
params_6558,5,0.75,1.0,0.9,1.0,14,0.5,1.0,0.6667,0.8,0,0.0,0,1.0,0.5,0.6667,0.3,0.25,0.6604
params_6559,5,0.75,1.0,0.9,1.0,21,0.5,1.0,0.6667,0.8,0,0.0,0,1.0,0.5,0.6667,0.3,0.25,0.6604
params_6560,5,0.75,1.0,0.9,1.0,30,0.5,1.0,0.6667,0.8,0,0.0,0,1.0,0.5,0.6667,0.3,0.25,0.6604
params_6637,5,0.75,1.2,0.9,1.0,7,0.5,1.0,0.6667,0.8,0,0.0,0,1.0,0.5,0.6667,0.3,0.25,0.6604
params_6638,5,0.75,1.2,0.9,1.0,14,0.5,1.0,0.6667,0.8,0,0.0,0,1.0,0.5,0.6667,0.3,0.25,0.6604
params_6639,5,0.75,1.2,0.9,1.0,21,0.5,1.0,0.6667,0.8,0,0.0,0,1.0,0.5,0.6667,0.3,0.25,0.6604
params_6640,5,0.75,1.2,0.9,1.0,30,0.5,1.0,0.6667,0.8,0,0.0,0,1.0,0.5,0.6667,0.3,0.25,0.6604
params_6717,5,0.75,1.5,0.9,1.0,7,0.5,1.0,0.6667,0.8,0,0.0,0,1.0,0.5,0.6667,0.3,0.25,0.6604
params_6718,5,0.75,1.5,0.9,1.0,14,0.5,1.0,0.6667,0.8,0,0.0,0,1.0,0.5,0.6667,0.3,0.25,0.6604
params_6719,5,0.75,1.5,0.9,1.0,21,0.5,1.0,0.6667,0.8,0,0.0,0,1.0,0.5,0.6667,0.3,0.25,0.6604
params_6720,5,0.75,1.5,0.9,1.0,30,0.5,1.0,0.6667,0.8,0,0.0,0,1.0,0.5,0.6667,0.3,0.25,0.6604
params_6877,5,1.0,0.5,0.9,1.0,7,0.5,1.0,0.6667,0.8,0,0.0,0,1.0,0.5,0.6667,0.3,0.25,0.6604
params_6878,5,1.0,0.5,0.9,1.0,14,0.5,1.0,0.6667,0.8,0,0.0,0,1.0,0.5,0.6667,0.3,0.25,0.6604
params_6879,5,1.0,0.5,0.9,1.0,21,0.5,1.0,0.6667,0.8,0,0.0,0,1.0,0.5,0.6667,0.3,0.25,0.6604
params_6880,5,1.0,0.5,0.9,1.0,30,0.5,1.0,0.6667,0.8,0,0.0,0,1.0,0.5,0.6667,0.3,0.25,0.6604
params_6957,5,1.0,1.0,0.9,1.0,7,0.5,1.0,0.6667,0.8,0,0.0,0,1.0,0.5,0.6667,0.3,0.25,0.6604
params_6958,5,1.0,1.0,0.9,1.0,14,0.5,1.0,0.6667,0.8,0,0.0,0,1.0,0.5,0.6667,0.3,0.25,0.6604
params_6959,5,1.0,1.0,0.9,1.0,21,0.5,1.0,0.6667,0.8,0,0.0,0,1.0,0.5,0.6667,0.3,0.25,0.6604
params_6960,5,1.0,1.0,0.9,1.0,30,0.5,1.0,0.6667,0.8,0,0.0,0,1.0,0.5,0.6667,0.3,0.25,0.6604
params_7037,5,1.0,1.2,0.9,1.0,7,0.5,1.0,0.6667,0.8,0,0.0,0,1.0,0.5,0.6667,0.3,0.25,0.6604
params_7038,5,1.0,1.2,0.9,1.0,14,0.5,1.0,0.6667,0.8,0,0.0,0,1.0,0.5,0.6667,0.3,0.25,0.6604
params_7039,5,1.0,1.2,0.9,1.0,21,0.5,1.0,0.6667,0.8,0,0.0,0,1.0,0.5,0.6667,0.3,0.25,0.6604
params_7040,5,1.0,1.2,0.9,1.0,30,0.5,1.0,0.6667,0.8,0,0.0,0,1.0,0.5,0.6667,0.3,0.25,0.6604
params_7117,5,1.0,1.5,0.9,1.0,7,0.5,1.0,0.6667,0.8,0,0.0,0,1.0,0.5,0.6667,0.3,0.25,0.6604
params_7118,5,1.0,1.5,0.9,1.0,14,0.5,1.0,0.6667,0.8,0,0.0,0,1.0,0.5,0.6667,0.3,0.25,0.6604
params_7119,5,1.0,1.5,0.9,1.0,21,0.5,1.0,0.6667,0.8,0,0.0,0,1.0,0.5,0.6667,0.3,0.25,0.6604
params_7120,5,1.0,1.5,0.9,1.0,30,0.5,1.0,0.6667,0.8,0,0.0,0,1.0,0.5,0.6667,0.3,0.25,0.6604
params_0061,2,0.5,0.5,0.7,1.0,7,0.5,1.0,0.6667,0.8,0,0.0,0,1.0,0.5,0.6667,0.4,0.25,0.652158
params_0062,2,0.5,0.5,0.7,1.0,14,0.5,1.0,0.6667,0.8,0,0.0,0,1.0,0.5,0.6667,0.4,0.25,0.652158
params_0063,2,0.5,0.5,0.7,1.0,21,0.5,1.0,0.6667,0.8,0,0.0,0,1.0,0.5,0.6667,0.4,0.25,0.652158
params_0064,2,0.5,0.5,0.7,1.0,30,0.5,1.0,0.6667,0.8,0,0.0,0,1.0,0.5,0.6667,0.4,0.25,0.652158
params_0141,2,0.5,1.0,0.7,1.0,7,0.5,1.0,0.6667,0.8,0,0.0,0,1.0,0.5,0.6667,0.4,0.25,0.652158
params_0142,2,0.5,1.0,0.7,1.0,14,0.5,1.0,0.6667,0.8,0,0.0,0,1.0,0.5,0.6667,0.4,0.25,0.652158
params_0143,2,0.5,1.0,0.7,1.0,21,0.5,1.0,0.6667,0.8,0,0.0,0,1.0,0.5,0.6667,0.4,0.25,0.652158
params_0144,2,0.5,1.0,0.7,1.0,30,0.5,1.0,0.6667,0.8,0,0.0,0,1.0,0.5,0.6667,0.4,0.25,0.652158
params_0221,2,0.5,1.2,0.7,1.0,7,0.5,1.0,0.6667,0.8,0,0.0,0,1.0,0.5,0.6667,0.4,0.25,0.652158
params_0222,2,0.5,1.2,0.7,1.0,14,0.5,1.0,0.6667,0.8,0,0.0,0,1.0,0.5,0.6667,0.4,0.25,0.652158
params_0223,2,0.5,1.2,0.7,1.0,21,0.5,1.0,0.6667,0.8,0,0.0,0,1.0,0.5,0.6667,0.4,0.25,0.652158
params_0224,2,0.5,1.2,0.7,1.0,30,0.5,1.0,0.6667,0.8,0,0.0,0,1.0,0.5,0.6667,0.4,0.25,0.652158
params_0301,2,0.5,1.5,0.7,1.0,7,0.5,1.0,0.6667,0.8,0,0.0,0,1.0,0.5,0.6667,0.4,0.25,0.652158
params_0302,2,0.5,1.5,0.7,1.0,14,0.5,1.0,0.6667,0.8,0,0.0,0,1.0,0.5,0.6667,0.4,0.25,0.652158
params_0303,2,0.5,1.5,0.7,1.0,21,0.5,1.0,0.6667,0.8,0,0.0,0,1.0,0.5,0.6667,0.4,0.25,0.652158
params_0304,2,0.5,1.5,0.7,1.0,30,0.5,1.0,0.6667,0.8,0,0.0,0,1.0,0.5,0.6667,0.4,0.25,0.652158
params_0461,2,0.75,0.5,0.7,1.0,7,0.5,1.0,0.6667,0.8,0,0.0,0,1.0,0.5,0.6667,0.4,0.25,0.652158
params_0462,2,0.75,0.5,0.7,1.0,14,0.5,1.0,0.6667,0.8,0,0.0,0,1.0,0.5,0.6667,0.4,0.25,0.652158
params_0463,2,0.75,0.5,0.7,1.0,21,0.5,1.0,0.6667,0.8,0,0.0,0,1.0,0.5,0.6667,0.4,0.25,0.652158
params_0464,2,0.75,0.5,0.7,1.0,30,0.5,1.0,0.6667,0.8,0,0.0,0,1.0,0.5,0.6667,0.4,0.25,0.652158
params_0541,2,0.75,1.0,0.7,1.0,7,0.5,1.0,0.6667,0.8,0,0.0,0,1.0,0.5,0.6667,0.4,0.25,0.652158
params_0542,2,0.75,1.0,0.7,1.0,14,0.5,1.0,0.6667,0.8,0,0.0,0,1.0,0.5,0.6667,0.4,0.25,0.652158
params_0543,2,0.75,1.0,0.7,1.0,21,0.5,1.0,0.6667,0.8,0,0.0,0,1.0,0.5,0.6667,0.4,0.25,0.652158
params_0544,2,0.75,1.0,0.7,1.0,30,0.5,1.0,0.6667,0.8,0,0.0,0,1.0,0.5,0.6667,0.4,0.25,0.652158
params_0621,2,0.75,1.2,0.7,1.0,7,0.5,1.0,0.6667,0.8,0,0.0,0,1.0,0.5,0.6667,0.4,0.25,0.652158
params_0622,2,0.75,1.2,0.7,1.0,14,0.5,1.0,0.6667,0.8,0,0.0,0,1.0,0.5,0.6667,0.4,0.25,0.652158
params_0623,2,0.75,1.2,0.7,1.0,21,0.5,1.0,0.6667,0.8,0,0.0,0,1.0,0.5,0.6667,0.4,0.25,0.652158
params_0624,2,0.75,1.2,0.7,1.0,30,0.5,1.0,0.6667,0.8,0,0.0,0,1.0,0.5,0.6667,0.4,0.25,0.652158
params_0701,2,0.75,1.5,0.7,1.0,7,0.5,1.0,0.6667,0.8,0,0.0,0,1.0,0.5,0.6667,0.4,0.25,0.652158
params_0702,2,0.75,1.5,0.7,1.0,14,0.5,1.0,0.6667,0.8,0,0.0,0,1.0,0.5,0.6667,0.4,0.25,0.652158
params_0703,2,0.75,1.5,0.7,1.0,21,0.5,1.0,0.6667,0.8,0,0.0,0,1.0,0.5,0.6667,0.4,0.25,0.652158
params_0704,2,0.75,1.5,0.7,1.0,30,0.5,1.0,0.6667,0.8,0,0.0,0,1.0,0.5,0.6667,0.4,0.25,0.652158
params_0861,2,1.0,0.5,0.7,1.0,7,0.5,1.0,0.6667,0.8,0,0.0,0,1.0,0.5,0.6667,0.4,0.25,0.652158
params_0862,2,1.0,0.5,0.7,1.0,14,0.5,1.0,0.6667,0.8,0,0.0,0,1.0,0.5,0.6667,0.4,0.25,0.652158
params_0863,2,1.0,0.5,0.7,1.0,21,0.5,1.0,0.6667,0.8,0,0.0,0,1.0,0.5,0.6667,0.4,0.25,0.652158
params_0864,2,1.0,0.5,0.7,1.0,30,0.5,1.0,0.6667,0.8,0,0.0,0,1.0,0.5,0.6667,0.4,0.25,0.652158
params_0941,2,1.0,1.0,0.7,1.0,7,0.5,1.0,0.6667,0.8,0,0.0,0,1.0,0.5,0.6667,0.4,0.25,0.652158
params_0942,2,1.0,1.0,0.7,1.0,14,0.5,1.0,0.6667,0.8,0,0.0,0,1.0,0.5,0.6667,0.4,0.25,0.652158
params_0943,2,1.0,1.0,0.7,1.0,21,0.5,1.0,0.6667,0.8,0,0.0,0,1.0,0.5,0.6667,0.4,0.25,0.652158
params_0944,2,1.0,1.0,0.7,1.0,30,0.5,1.0,0.6667,0.8,0,0.0,0,1.0,0.5,0.6667,0.4,0.25,0.652158
params_1021,2,1.0,1.2,0.7,1.0,7,0.5,1.0,0.6667,0.8,0,0.0,0,1.0,0.5,0.6667,0.4,0.25,0.652158
params_1022,2,1.0,1.2,0.7,1.0,14,0.5,1.0,0.6667,0.8,0,0.0,0,1.0,0.5,0.6667,0.4,0.25,0.652158
params_1023,2,1.0,1.2,0.7,1.0,21,0.5,1.0,0.6667,0.8,0,0.0,0,1.0,0.5,0.6667,0.4,0.25,0.652158
params_1024,2,1.0,1.2,0.7,1.0,30,0.5,1.0,0.6667,0.8,0,0.0,0,1.0,0.5,0.6667,0.4,0.25,0.652158
params_1101,2,1.0,1.5,0.7,1.0,7,0.5,1.0,0.6667,0.8,0,0.0,0,1.0,0.5,0.6667,0.4,0.25,0.652158
params_1102,2,1.0,1.5,0.7,1.0,14,0.5,1.0,0.6667,0.8,0,0.0,0,1.0,0.5,0.6667,0.4,0.25,0.652158
params_1103,2,1.0,1.5,0.7,1.0,21,0.5,1.0,0.6667,0.8,0,0.0,0,1.0,0.5,0.6667,0.4,0.25,0.652158
params_1104,2,1.0,1.5,0.7,1.0,30,0.5,1.0,0.6667,0.8,0,0.0,0,1.0,0.5,0.6667,0.4,0.25,0.652158
params_2061,3,0.5,0.5,0.7,1.0,7,0.5,1.0,0.6667,0.8,0,0.0,0,1.0,0.5,0.6667,0.4,0.25,0.652158
params_2062,3,0.5,0.5,0.7,1.0,14,0.5,1.0,0.6667,0.8,0,0.0,0,1.0,0.5,0.6667,0.4,0.25,0.652158
params_2063,3,0.5,0.5,0.7,1.0,21,0.5,1.0,0.6667,0.8,0,0.0,0,1.0,0.5,0.6667,0.4,0.25,0.652158
params_2064,3,0.5,0.5,0.7,1.0,30,0.5,1.0,0.6667,0.8,0,0.0,0,1.0,0.5,0.6667,0.4,0.25,0.652158
params_2141,3,0.5,1.0,0.7,1.0,7,0.5,1.0,0.6667,0.8,0,0.0,0,1.0,0.5,0.6667,0.4,0.25,0.652158
params_2142,3,0.5,1.0,0.7,1.0,14,0.5,1.0,0.6667,0.8,0,0.0,0,1.0,0.5,0.6667,0.4,0.25,0.652158
params_2143,3,0.5,1.0,0.7,1.0,21,0.5,1.0,0.6667,0.8,0,0.0,0,1.0,0.5,0.6667,0.4,0.25,0.652158
params_2144,3,0.5,1.0,0.7,1.0,30,0.5,1.0,0.6667,0.8,0,0.0,0,1.0,0.5,0.6667,0.4,0.25,0.652158
params_2221,3,0.5,1.2,0.7,1.0,7,0.5,1.0,0.6667,0.8,0,0.0,0,1.0,0.5,0.6667,0.4,0.25,0.652158
params_2222,3,0.5,1.2,0.7,1.0,14,0.5,1.0,0.6667,0.8,0,0.0,0,1.0,0.5,0.6667,0.4,0.25,0.652158
params_2223,3,0.5,1.2,0.7,1.0,21,0.5,1.0,0.6667,0.8,0,0.0,0,1.0,0.5,0.6667,0.4,0.25,0.652158
params_2224,3,0.5,1.2,0.7,1.0,30,0.5,1.0,0.6667,0.8,0,0.0,0,1.0,0.5,0.6667,0.4,0.25,0.652158
params_2301,3,0.5,1.5,0.7,1.0,7,0.5,1.0,0.6667,0.8,0,0.0,0,1.0,0.5,0.6667,0.4,0.25,0.652158
params_2302,3,0.5,1.5,0.7,1.0,14,0.5,1.0,0.6667,0.8,0,0.0,0,1.0,0.5,0.6667,0.4,0.25,0.652158
params_2303,3,0.5,1.5,0.7,1.0,21,0.5,1.0,0.6667,0.8,0,0.0,0,1.0,0.5,0.6667,0.4,0.25,0.652158
params_2304,3,0.5,1.5,0.7,1.0,30,0.5,1.0,0.6667,0.8,0,0.0,0,1.0,0.5,0.6667,0.4,0.25,0.652158
params_2461,3,0.75,0.5,0.7,1.0,7,0.5,1.0,0.6667,0.8,0,0.0,0,1.0,0.5,0.6667,0.4,0.25,0.652158
params_2462,3,0.75,0.5,0.7,1.0,14,0.5,1.0,0.6667,0.8,0,0.0,0,1.0,0.5,0.6667,0.4,0.25,0.652158
params_2463,3,0.75,0.5,0.7,1.0,21,0.5,1.0,0.6667,0.8,0,0.0,0,1.0,0.5,0.6667,0.4,0.25,0.652158
params_2464,3,0.75,0.5,0.7,1.0,30,0.5,1.0,0.6667,0.8,0,0.0,0,1.0,0.5,0.6667,0.4,0.25,0.652158
params_2541,3,0.75,1.0,0.7,1.0,7,0.5,1.0,0.6667,0.8,0,0.0,0,1.0,0.5,0.6667,0.4,0.25,0.652158
params_2542,3,0.75,1.0,0.7,1.0,14,0.5,1.0,0.6667,0.8,0,0.0,0,1.0,0.5,0.6667,0.4,0.25,0.652158
params_2543,3,0.75,1.0,0.7,1.0,21,0.5,1.0,0.6667,0.8,0,0.0,0,1.0,0.5,0.6667,0.4,0.25,0.652158
params_2544,3,0.75,1.0,0.7,1.0,30,0.5,1.0,0.6667,0.8,0,0.0,0,1.0,0.5,0.6667,0.4,0.25,0.652158
params_2621,3,0.75,1.2,0.7,1.0,7,0.5,1.0,0.6667,0.8,0,0.0,0,1.0,0.5,0.6667,0.4,0.25,0.652158
params_2622,3,0.75,1.2,0.7,1.0,14,0.5,1.0,0.6667,0.8,0,0.0,0,1.0,0.5,0.6667,0.4,0.25,0.652158
params_2623,3,0.75,1.2,0.7,1.0,21,0.5,1.0,0.6667,0.8,0,0.0,0,1.0,0.5,0.6667,0.4,0.25,0.652158
params_2624,3,0.75,1.2,0.7,1.0,30,0.5,1.0,0.6667,0.8,0,0.0,0,1.0,0.5,0.6667,0.4,0.25,0.652158
params_2701,3,0.75,1.5,0.7,1.0,7,0.5,1.0,0.6667,0.8,0,0.0,0,1.0,0.5,0.6667,0.4,0.25,0.652158
params_2702,3,0.75,1.5,0.7,1.0,14,0.5,1.0,0.6667,0.8,0,0.0,0,1.0,0.5,0.6667,0.4,0.25,0.652158
params_2703,3,0.75,1.5,0.7,1.0,21,0.5,1.0,0.6667,0.8,0,0.0,0,1.0,0.5,0.6667,0.4,0.25,0.652158
params_2704,3,0.75,1.5,0.7,1.0,30,0.5,1.0,0.6667,0.8,0,0.0,0,1.0,0.5,0.6667,0.4,0.25,0.652158
params_2861,3,1.0,0.5,0.7,1.0,7,0.5,1.0,0.6667,0.8,0,0.0,0,1.0,0.5,0.6667,0.4,0.25,0.652158
params_2862,3,1.0,0.5,0.7,1.0,14,0.5,1.0,0.6667,0.8,0,0.0,0,1.0,0.5,0.6667,0.4,0.25,0.652158
params_2863,3,1.0,0.5,0.7,1.0,21,0.5,1.0,0.6667,0.8,0,0.0,0,1.0,0.5,0.6667,0.4,0.25,0.652158
params_2864,3,1.0,0.5,0.7,1.0,30,0.5,1.0,0.6667,0.8,0,0.0,0,1.0,0.5,0.6667,0.4,0.25,0.652158
params_2941,3,1.0,1.0,0.7,1.0,7,0.5,1.0,0.6667,0.8,0,0.0,0,1.0,0.5,0.6667,0.4,0.25,0.652158
params_2942,3,1.0,1.0,0.7,1.0,14,0.5,1.0,0.6667,0.8,0,0.0,0,1.0,0.5,0.6667,0.4,0.25,0.652158
params_2943,3,1.0,1.0,0.7,1.0,21,0.5,1.0,0.6667,0.8,0,0.0,0,1.0,0.5,0.6667,0.4,0.25,0.652158
params_2944,3,1.0,1.0,0.7,1.0,30,0.5,1.0,0.6667,0.8,0,0.0,0,1.0,0.5,0.6667,0.4,0.25,0.652158
params_3021,3,1.0,1.2,0.7,1.0,7,0.5,1.0,0.6667,0.8,0,0.0,0,1.0,0.5,0.6667,0.4,0.25,0.652158
params_3022,3,1.0,1.2,0.7,1.0,14,0.5,1.0,0.6667,0.8,0,0.0,0,1.0,0.5,0.6667,0.4,0.25,0.652158
params_3023,3,1.0,1.2,0.7,1.0,21,0.5,1.0,0.6667,0.8,0,0.0,0,1.0,0.5,0.6667,0.4,0.25,0.652158
params_3024,3,1.0,1.2,0.7,1.0,30,0.5,1.0,0.6667,0.8,0,0.0,0,1.0,0.5,0.6667,0.4,0.25,0.652158
params_3101,3,1.0,1.5,0.7,1.0,7,0.5,1.0,0.6667,0.8,0,0.0,0,1.0,0.5,0.6667,0.4,0.25,0.652158
params_3102,3,1.0,1.5,0.7,1.0,14,0.5,1.0,0.6667,0.8,0,0.0,0,1.0,0.5,0.6667,0.4,0.25,0.652158
params_3103,3,1.0,1.5,0.7,1.0,21,0.5,1.0,0.6667,0.8,0,0.0,0,1.0,0.5,0.6667,0.4,0.25,0.652158
params_3104,3,1.0,1.5,0.7,1.0,30,0.5,1.0,0.6667,0.8,0,0.0,0,1.0,0.5,0.6667,0.4,0.25,0.652158
params_4061,4,0.5,0.5,0.7,1.0,7,0.5,1.0,0.6667,0.8,0,0.0,0,1.0,0.5,0.6667,0.4,0.25,0.652158
params_4062,4,0.5,0.5,0.7,1.0,14,0.5,1.0,0.6667,0.8,0,0.0,0,1.0,0.5,0.6667,0.4,0.25,0.652158
params_4063,4,0.5,0.5,0.7,1.0,21,0.5,1.0,0.6667,0.8,0,0.0,0,1.0,0.5,0.6667,0.4,0.25,0.652158
params_4064,4,0.5,0.5,0.7,1.0,30,0.5,1.0,0.6667,0.8,0,0.0,0,1.0,0.5,0.6667,0.4,0.25,0.652158
params_4141,4,0.5,1.0,0.7,1.0,7,0.5,1.0,0.6667,0.8,0,0.0,0,1.0,0.5,0.6667,0.4,0.25,0.652158
params_4142,4,0.5,1.0,0.7,1.0,14,0.5,1.0,0.6667,0.8,0,0.0,0,1.0,0.5,0.6667,0.4,0.25,0.652158
params_4143,4,0.5,1.0,0.7,1.0,21,0.5,1.0,0.6667,0.8,0,0.0,0,1.0,0.5,0.6667,0.4,0.25,0.652158
params_4144,4,0.5,1.0,0.7,1.0,30,0.5,1.0,0.6667,0.8,0,0.0,0,1.0,0.5,0.6667,0.4,0.25,0.652158
params_4221,4,0.5,1.2,0.7,1.0,7,0.5,1.0,0.6667,0.8,0,0.0,0,1.0,0.5,0.6667,0.4,0.25,0.652158
params_4222,4,0.5,1.2,0.7,1.0,14,0.5,1.0,0.6667,0.8,0,0.0,0,1.0,0.5,0.6667,0.4,0.25,0.652158
params_4223,4,0.5,1.2,0.7,1.0,21,0.5,1.0,0.6667,0.8,0,0.0,0,1.0,0.5,0.6667,0.4,0.25,0.652158
params_4224,4,0.5,1.2,0.7,1.0,30,0.5,1.0,0.6667,0.8,0,0.0,0,1.0,0.5,0.6667,0.4,0.25,0.652158
params_4301,4,0.5,1.5,0.7,1.0,7,0.5,1.0,0.6667,0.8,0,0.0,0,1.0,0.5,0.6667,0.4,0.25,0.652158
params_4302,4,0.5,1.5,0.7,1.0,14,0.5,1.0,0.6667,0.8,0,0.0,0,1.0,0.5,0.6667,0.4,0.25,0.652158
params_4303,4,0.5,1.5,0.7,1.0,21,0.5,1.0,0.6667,0.8,0,0.0,0,1.0,0.5,0.6667,0.4,0.25,0.652158
params_4304,4,0.5,1.5,0.7,1.0,30,0.5,1.0,0.6667,0.8,0,0.0,0,1.0,0.5,0.6667,0.4,0.25,0.652158
params_4461,4,0.75,0.5,0.7,1.0,7,0.5,1.0,0.6667,0.8,0,0.0,0,1.0,0.5,0.6667,0.4,0.25,0.652158
params_4462,4,0.75,0.5,0.7,1.0,14,0.5,1.0,0.6667,0.8,0,0.0,0,1.0,0.5,0.6667,0.4,0.25,0.652158
params_4463,4,0.75,0.5,0.7,1.0,21,0.5,1.0,0.6667,0.8,0,0.0,0,1.0,0.5,0.6667,0.4,0.25,0.652158
params_4464,4,0.75,0.5,0.7,1.0,30,0.5,1.0,0.6667,0.8,0,0.0,0,1.0,0.5,0.6667,0.4,0.25,0.652158
params_4541,4,0.75,1.0,0.7,1.0,7,0.5,1.0,0.6667,0.8,0,0.0,0,1.0,0.5,0.6667,0.4,0.25,0.652158
params_4542,4,0.75,1.0,0.7,1.0,14,0.5,1.0,0.6667,0.8,0,0.0,0,1.0,0.5,0.6667,0.4,0.25,0.652158
params_4543,4,0.75,1.0,0.7,1.0,21,0.5,1.0,0.6667,0.8,0,0.0,0,1.0,0.5,0.6667,0.4,0.25,0.652158
params_4544,4,0.75,1.0,0.7,1.0,30,0.5,1.0,0.6667,0.8,0,0.0,0,1.0,0.5,0.6667,0.4,0.25,0.652158
params_4621,4,0.75,1.2,0.7,1.0,7,0.5,1.0,0.6667,0.8,0,0.0,0,1.0,0.5,0.6667,0.4,0.25,0.652158
params_4622,4,0.75,1.2,0.7,1.0,14,0.5,1.0,0.6667,0.8,0,0.0,0,1.0,0.5,0.6667,0.4,0.25,0.652158
params_4623,4,0.75,1.2,0.7,1.0,21,0.5,1.0,0.6667,0.8,0,0.0,0,1.0,0.5,0.6667,0.4,0.25,0.652158
params_4624,4,0.75,1.2,0.7,1.0,30,0.5,1.0,0.6667,0.8,0,0.0,0,1.0,0.5,0.6667,0.4,0.25,0.652158
params_4701,4,0.75,1.5,0.7,1.0,7,0.5,1.0,0.6667,0.8,0,0.0,0,1.0,0.5,0.6667,0.4,0.25,0.652158
params_4702,4,0.75,1.5,0.7,1.0,14,0.5,1.0,0.6667,0.8,0,0.0,0,1.0,0.5,0.6667,0.4,0.25,0.652158
params_4703,4,0.75,1.5,0.7,1.0,21,0.5,1.0,0.6667,0.8,0,0.0,0,1.0,0.5,0.6667,0.4,0.25,0.652158
params_4704,4,0.75,1.5,0.7,1.0,30,0.5,1.0,0.6667,0.8,0,0.0,0,1.0,0.5,0.6667,0.4,0.25,0.652158
params_4861,4,1.0,0.5,0.7,1.0,7,0.5,1.0,0.6667,0.8,0,0.0,0,1.0,0.5,0.6667,0.4,0.25,0.652158
params_4862,4,1.0,0.5,0.7,1.0,14,0.5,1.0,0.6667,0.8,0,0.0,0,1.0,0.5,0.6667,0.4,0.25,0.652158
params_4863,4,1.0,0.5,0.7,1.0,21,0.5,1.0,0.6667,0.8,0,0.0,0,1.0,0.5,0.6667,0.4,0.25,0.652158
params_4864,4,1.0,0.5,0.7,1.0,30,0.5,1.0,0.6667,0.8,0,0.0,0,1.0,0.5,0.6667,0.4,0.25,0.652158
params_4941,4,1.0,1.0,0.7,1.0,7,0.5,1.0,0.6667,0.8,0,0.0,0,1.0,0.5,0.6667,0.4,0.25,0.652158
params_4942,4,1.0,1.0,0.7,1.0,14,0.5,1.0,0.6667,0.8,0,0.0,0,1.0,0.5,0.6667,0.4,0.25,0.652158
params_4943,4,1.0,1.0,0.7,1.0,21,0.5,1.0,0.6667,0.8,0,0.0,0,1.0,0.5,0.6667,0.4,0.25,0.652158
params_4944,4,1.0,1.0,0.7,1.0,30,0.5,1.0,0.6667,0.8,0,0.0,0,1.0,0.5,0.6667,0.4,0.25,0.652158
params_5021,4,1.0,1.2,0.7,1.0,7,0.5,1.0,0.6667,0.8,0,0.0,0,1.0,0.5,0.6667,0.4,0.25,0.652158
params_5022,4,1.0,1.2,0.7,1.0,14,0.5,1.0,0.6667,0.8,0,0.0,0,1.0,0.5,0.6667,0.4,0.25,0.652158
params_5023,4,1.0,1.2,0.7,1.0,21,0.5,1.0,0.6667,0.8,0,0.0,0,1.0,0.5,0.6667,0.4,0.25,0.652158
params_5024,4,1.0,1.2,0.7,1.0,30,0.5,1.0,0.6667,0.8,0,0.0,0,1.0,0.5,0.6667,0.4,0.25,0.652158
params_5101,4,1.0,1.5,0.7,1.0,7,0.5,1.0,0.6667,0.8,0,0.0,0,1.0,0.5,0.6667,0.4,0.25,0.652158
params_5102,4,1.0,1.5,0.7,1.0,14,0.5,1.0,0.6667,0.8,0,0.0,0,1.0,0.5,0.6667,0.4,0.25,0.652158
params_5103,4,1.0,1.5,0.7,1.0,21,0.5,1.0,0.6667,0.8,0,0.0,0,1.0,0.5,0.6667,0.4,0.25,0.652158
params_5104,4,1.0,1.5,0.7,1.0,30,0.5,1.0,0.6667,0.8,0,0.0,0,1.0,0.5,0.6667,0.4,0.25,0.652158
params_6061,5,0.5,0.5,0.7,1.0,7,0.5,1.0,0.6667,0.8,0,0.0,0,1.0,0.5,0.6667,0.4,0.25,0.652158
params_6062,5,0.5,0.5,0.7,1.0,14,0.5,1.0,0.6667,0.8,0,0.0,0,1.0,0.5,0.6667,0.4,0.25,0.652158
params_6063,5,0.5,0.5,0.7,1.0,21,0.5,1.0,0.6667,0.8,0,0.0,0,1.0,0.5,0.6667,0.4,0.25,0.652158
params_6064,5,0.5,0.5,0.7,1.0,30,0.5,1.0,0.6667,0.8,0,0.0,0,1.0,0.5,0.6667,0.4,0.25,0.652158
params_6141,5,0.5,1.0,0.7,1.0,7,0.5,1.0,0.6667,0.8,0,0.0,0,1.0,0.5,0.6667,0.4,0.25,0.652158
params_6142,5,0.5,1.0,0.7,1.0,14,0.5,1.0,0.6667,0.8,0,0.0,0,1.0,0.5,0.6667,0.4,0.25,0.652158
params_6143,5,0.5,1.0,0.7,1.0,21,0.5,1.0,0.6667,0.8,0,0.0,0,1.0,0.5,0.6667,0.4,0.25,0.652158
params_6144,5,0.5,1.0,0.7,1.0,30,0.5,1.0,0.6667,0.8,0,0.0,0,1.0,0.5,0.6667,0.4,0.25,0.652158
params_6221,5,0.5,1.2,0.7,1.0,7,0.5,1.0,0.6667,0.8,0,0.0,0,1.0,0.5,0.6667,0.4,0.25,0.652158
params_6222,5,0.5,1.2,0.7,1.0,14,0.5,1.0,0.6667,0.8,0,0.0,0,1.0,0.5,0.6667,0.4,0.25,0.652158
params_6223,5,0.5,1.2,0.7,1.0,21,0.5,1.0,0.6667,0.8,0,0.0,0,1.0,0.5,0.6667,0.4,0.25,0.652158
params_6224,5,0.5,1.2,0.7,1.0,30,0.5,1.0,0.6667,0.8,0,0.0,0,1.0,0.5,0.6667,0.4,0.25,0.652158
params_6301,5,0.5,1.5,0.7,1.0,7,0.5,1.0,0.6667,0.8,0,0.0,0,1.0,0.5,0.6667,0.4,0.25,0.652158
params_6302,5,0.5,1.5,0.7,1.0,14,0.5,1.0,0.6667,0.8,0,0.0,0,1.0,0.5,0.6667,0.4,0.25,0.652158
params_6303,5,0.5,1.5,0.7,1.0,21,0.5,1.0,0.6667,0.8,0,0.0,0,1.0,0.5,0.6667,0.4,0.25,0.652158
params_6304,5,0.5,1.5,0.7,1.0,30,0.5,1.0,0.6667,0.8,0,0.0,0,1.0,0.5,0.6667,0.4,0.25,0.652158
params_6461,5,0.75,0.5,0.7,1.0,7,0.5,1.0,0.6667,0.8,0,0.0,0,1.0,0.5,0.6667,0.4,0.25,0.652158
params_6462,5,0.75,0.5,0.7,1.0,14,0.5,1.0,0.6667,0.8,0,0.0,0,1.0,0.5,0.6667,0.4,0.25,0.652158
params_6463,5,0.75,0.5,0.7,1.0,21,0.5,1.0,0.6667,0.8,0,0.0,0,1.0,0.5,0.6667,0.4,0.25,0.652158
params_6464,5,0.75,0.5,0.7,1.0,30,0.5,1.0,0.6667,0.8,0,0.0,0,1.0,0.5,0.6667,0.4,0.25,0.652158
params_6541,5,0.75,1.0,0.7,1.0,7,0.5,1.0,0.6667,0.8,0,0.0,0,1.0,0.5,0.6667,0.4,0.25,0.652158
params_6542,5,0.75,1.0,0.7,1.0,14,0.5,1.0,0.6667,0.8,0,0.0,0,1.0,0.5,0.6667,0.4,0.25,0.652158
params_6543,5,0.75,1.0,0.7,1.0,21,0.5,1.0,0.6667,0.8,0,0.0,0,1.0,0.5,0.6667,0.4,0.25,0.652158
params_6544,5,0.75,1.0,0.7,1.0,30,0.5,1.0,0.6667,0.8,0,0.0,0,1.0,0.5,0.6667,0.4,0.25,0.652158
params_6621,5,0.75,1.2,0.7,1.0,7,0.5,1.0,0.6667,0.8,0,0.0,0,1.0,0.5,0.6667,0.4,0.25,0.652158
params_6622,5,0.75,1.2,0.7,1.0,14,0.5,1.0,0.6667,0.8,0,0.0,0,1.0,0.5,0.6667,0.4,0.25,0.652158
params_6623,5,0.75,1.2,0.7,1.0,21,0.5,1.0,0.6667,0.8,0,0.0,0,1.0,0.5,0.6667,0.4,0.25,0.652158
params_6624,5,0.75,1.2,0.7,1.0,30,0.5,1.0,0.6667,0.8,0,0.0,0,1.0,0.5,0.6667,0.4,0.25,0.652158
params_6701,5,0.75,1.5,0.7,1.0,7,0.5,1.0,0.6667,0.8,0,0.0,0,1.0,0.5,0.6667,0.4,0.25,0.652158
params_6702,5,0.75,1.5,0.7,1.0,14,0.5,1.0,0.6667,0.8,0,0.0,0,1.0,0.5,0.6667,0.4,0.25,0.652158
params_6703,5,0.75,1.5,0.7,1.0,21,0.5,1.0,0.6667,0.8,0,0.0,0,1.0,0.5,0.6667,0.4,0.25,0.652158
params_6704,5,0.75,1.5,0.7,1.0,30,0.5,1.0,0.6667,0.8,0,0.0,0,1.0,0.5,0.6667,0.4,0.25,0.652158
params_6861,5,1.0,0.5,0.7,1.0,7,0.5,1.0,0.6667,0.8,0,0.0,0,1.0,0.5,0.6667,0.4,0.25,0.652158
params_6862,5,1.0,0.5,0.7,1.0,14,0.5,1.0,0.6667,0.8,0,0.0,0,1.0,0.5,0.6667,0.4,0.25,0.652158
params_6863,5,1.0,0.5,0.7,1.0,21,0.5,1.0,0.6667,0.8,0,0.0,0,1.0,0.5,0.6667,0.4,0.25,0.652158
params_6864,5,1.0,0.5,0.7,1.0,30,0.5,1.0,0.6667,0.8,0,0.0,0,1.0,0.5,0.6667,0.4,0.25,0.652158
params_6941,5,1.0,1.0,0.7,1.0,7,0.5,1.0,0.6667,0.8,0,0.0,0,1.0,0.5,0.6667,0.4,0.25,0.652158
params_6942,5,1.0,1.0,0.7,1.0,14,0.5,1.0,0.6667,0.8,0,0.0,0,1.0,0.5,0.6667,0.4,0.25,0.652158
params_6943,5,1.0,1.0,0.7,1.0,21,0.5,1.0,0.6667,0.8,0,0.0,0,1.0,0.5,0.6667,0.4,0.25,0.652158
params_6944,5,1.0,1.0,0.7,1.0,30,0.5,1.0,0.6667,0.8,0,0.0,0,1.0,0.5,0.6667,0.4,0.25,0.652158
params_7021,5,1.0,1.2,0.7,1.0,7,0.5,1.0,0.6667,0.8,0,0.0,0,1.0,0.5,0.6667,0.4,0.25,0.652158
params_7022,5,1.0,1.2,0.7,1.0,14,0.5,1.0,0.6667,0.8,0,0.0,0,1.0,0.5,0.6667,0.4,0.25,0.652158
params_7023,5,1.0,1.2,0.7,1.0,21,0.5,1.0,0.6667,0.8,0,0.0,0,1.0,0.5,0.6667,0.4,0.25,0.652158
params_7024,5,1.0,1.2,0.7,1.0,30,0.5,1.0,0.6667,0.8,0,0.0,0,1.0,0.5,0.6667,0.4,0.25,0.652158
params_7101,5,1.0,1.5,0.7,1.0,7,0.5,1.0,0.6667,0.8,0,0.0,0,1.0,0.5,0.6667,0.4,0.25,0.652158
params_7102,5,1.0,1.5,0.7,1.0,14,0.5,1.0,0.6667,0.8,0,0.0,0,1.0,0.5,0.6667,0.4,0.25,0.652158
params_7103,5,1.0,1.5,0.7,1.0,21,0.5,1.0,0.6667,0.8,0,0.0,0,1.0,0.5,0.6667,0.4,0.25,0.652158
params_7104,5,1.0,1.5,0.7,1.0,30,0.5,1.0,0.6667,0.8,0,0.0,0,1.0,0.5,0.6667,0.4,0.25,0.652158
params_0045,2,0.5,0.5,0.6,1.0,7,0.5,1.0,0.6667,0.8,0,0.0,0,1.0,0.5,0.6667,0.45,0.25,0.648463
params_0046,2,0.5,0.5,0.6,1.0,14,0.5,1.0,0.6667,0.8,0,0.0,0,1.0,0.5,0.6667,0.45,0.25,0.648463
params_0047,2,0.5,0.5,0.6,1.0,21,0.5,1.0,0.6667,0.8,0,0.0,0,1.0,0.5,0.6667,0.45,0.25,0.648463
params_0048,2,0.5,0.5,0.6,1.0,30,0.5,1.0,0.6667,0.8,0,0.0,0,1.0,0.5,0.6667,0.45,0.25,0.648463
params_0125,2,0.5,1.0,0.6,1.0,7,0.5,1.0,0.6667,0.8,0,0.0,0,1.0,0.5,0.6667,0.45,0.25,0.648463
params_0126,2,0.5,1.0,0.6,1.0,14,0.5,1.0,0.6667,0.8,0,0.0,0,1.0,0.5,0.6667,0.45,0.25,0.648463
params_0127,2,0.5,1.0,0.6,1.0,21,0.5,1.0,0.6667,0.8,0,0.0,0,1.0,0.5,0.6667,0.45,0.25,0.648463
params_0128,2,0.5,1.0,0.6,1.0,30,0.5,1.0,0.6667,0.8,0,0.0,0,1.0,0.5,0.6667,0.45,0.25,0.648463
params_0205,2,0.5,1.2,0.6,1.0,7,0.5,1.0,0.6667,0.8,0,0.0,0,1.0,0.5,0.6667,0.45,0.25,0.648463
params_0206,2,0.5,1.2,0.6,1.0,14,0.5,1.0,0.6667,0.8,0,0.0,0,1.0,0.5,0.6667,0.45,0.25,0.648463
params_0207,2,0.5,1.2,0.6,1.0,21,0.5,1.0,0.6667,0.8,0,0.0,0,1.0,0.5,0.6667,0.45,0.25,0.648463
params_0208,2,0.5,1.2,0.6,1.0,30,0.5,1.0,0.6667,0.8,0,0.0,0,1.0,0.5,0.6667,0.45,0.25,0.648463
params_0285,2,0.5,1.5,0.6,1.0,7,0.5,1.0,0.6667,0.8,0,0.0,0,1.0,0.5,0.6667,0.45,0.25,0.648463
params_0286,2,0.5,1.5,0.6,1.0,14,0.5,1.0,0.6667,0.8,0,0.0,0,1.0,0.5,0.6667,0.45,0.25,0.648463
params_0287,2,0.5,1.5,0.6,1.0,21,0.5,1.0,0.6667,0.8,0,0.0,0,1.0,0.5,0.6667,0.45,0.25,0.648463
params_0288,2,0.5,1.5,0.6,1.0,30,0.5,1.0,0.6667,0.8,0,0.0,0,1.0,0.5,0.6667,0.45,0.25,0.648463
params_0445,2,0.75,0.5,0.6,1.0,7,0.5,1.0,0.6667,0.8,0,0.0,0,1.0,0.5,0.6667,0.45,0.25,0.648463
params_0446,2,0.75,0.5,0.6,1.0,14,0.5,1.0,0.6667,0.8,0,0.0,0,1.0,0.5,0.6667,0.45,0.25,0.648463
params_0447,2,0.75,0.5,0.6,1.0,21,0.5,1.0,0.6667,0.8,0,0.0,0,1.0,0.5,0.6667,0.45,0.25,0.648463
params_0448,2,0.75,0.5,0.6,1.0,30,0.5,1.0,0.6667,0.8,0,0.0,0,1.0,0.5,0.6667,0.45,0.25,0.648463
params_0525,2,0.75,1.0,0.6,1.0,7,0.5,1.0,0.6667,0.8,0,0.0,0,1.0,0.5,0.6667,0.45,0.25,0.648463
params_0526,2,0.75,1.0,0.6,1.0,14,0.5,1.0,0.6667,0.8,0,0.0,0,1.0,0.5,0.6667,0.45,0.25,0.648463
params_0527,2,0.75,1.0,0.6,1.0,21,0.5,1.0,0.6667,0.8,0,0.0,0,1.0,0.5,0.6667,0.45,0.25,0.648463
params_0528,2,0.75,1.0,0.6,1.0,30,0.5,1.0,0.6667,0.8,0,0.0,0,1.0,0.5,0.6667,0.45,0.25,0.648463
params_0605,2,0.75,1.2,0.6,1.0,7,0.5,1.0,0.6667,0.8,0,0.0,0,1.0,0.5,0.6667,0.45,0.25,0.648463
params_0606,2,0.75,1.2,0.6,1.0,14,0.5,1.0,0.6667,0.8,0,0.0,0,1.0,0.5,0.6667,0.45,0.25,0.648463
params_0607,2,0.75,1.2,0.6,1.0,21,0.5,1.0,0.6667,0.8,0,0.0,0,1.0,0.5,0.6667,0.45,0.25,0.648463
params_0608,2,0.75,1.2,0.6,1.0,30,0.5,1.0,0.6667,0.8,0,0.0,0,1.0,0.5,0.6667,0.45,0.25,0.648463
params_0685,2,0.75,1.5,0.6,1.0,7,0.5,1.0,0.6667,0.8,0,0.0,0,1.0,0.5,0.6667,0.45,0.25,0.648463
params_0686,2,0.75,1.5,0.6,1.0,14,0.5,1.0,0.6667,0.8,0,0.0,0,1.0,0.5,0.6667,0.45,0.25,0.648463
params_0687,2,0.75,1.5,0.6,1.0,21,0.5,1.0,0.6667,0.8,0,0.0,0,1.0,0.5,0.6667,0.45,0.25,0.648463
params_0688,2,0.75,1.5,0.6,1.0,30,0.5,1.0,0.6667,0.8,0,0.0,0,1.0,0.5,0.6667,0.45,0.25,0.648463
params_0845,2,1.0,0.5,0.6,1.0,7,0.5,1.0,0.6667,0.8,0,0.0,0,1.0,0.5,0.6667,0.45,0.25,0.648463
params_0846,2,1.0,0.5,0.6,1.0,14,0.5,1.0,0.6667,0.8,0,0.0,0,1.0,0.5,0.6667,0.45,0.25,0.648463
params_0847,2,1.0,0.5,0.6,1.0,21,0.5,1.0,0.6667,0.8,0,0.0,0,1.0,0.5,0.6667,0.45,0.25,0.648463
params_0848,2,1.0,0.5,0.6,1.0,30,0.5,1.0,0.6667,0.8,0,0.0,0,1.0,0.5,0.6667,0.45,0.25,0.648463
params_0925,2,1.0,1.0,0.6,1.0,7,0.5,1.0,0.6667,0.8,0,0.0,0,1.0,0.5,0.6667,0.45,0.25,0.648463
params_0926,2,1.0,1.0,0.6,1.0,14,0.5,1.0,0.6667,0.8,0,0.0,0,1.0,0.5,0.6667,0.45,0.25,0.648463
params_0927,2,1.0,1.0,0.6,1.0,21,0.5,1.0,0.6667,0.8,0,0.0,0,1.0,0.5,0.6667,0.45,0.25,0.648463
params_0928,2,1.0,1.0,0.6,1.0,30,0.5,1.0,0.6667,0.8,0,0.0,0,1.0,0.5,0.6667,0.45,0.25,0.648463
params_1005,2,1.0,1.2,0.6,1.0,7,0.5,1.0,0.6667,0.8,0,0.0,0,1.0,0.5,0.6667,0.45,0.25,0.648463
params_1006,2,1.0,1.2,0.6,1.0,14,0.5,1.0,0.6667,0.8,0,0.0,0,1.0,0.5,0.6667,0.45,0.25,0.648463
params_1007,2,1.0,1.2,0.6,1.0,21,0.5,1.0,0.6667,0.8,0,0.0,0,1.0,0.5,0.6667,0.45,0.25,0.648463
params_1008,2,1.0,1.2,0.6,1.0,30,0.5,1.0,0.6667,0.8,0,0.0,0,1.0,0.5,0.6667,0.45,0.25,0.648463
params_1085,2,1.0,1.5,0.6,1.0,7,0.5,1.0,0.6667,0.8,0,0.0,0,1.0,0.5,0.6667,0.45,0.25,0.648463
params_1086,2,1.0,1.5,0.6,1.0,14,0.5,1.0,0.6667,0.8,0,0.0,0,1.0,0.5,0.6667,0.45,0.25,0.648463
params_1087,2,1.0,1.5,0.6,1.0,21,0.5,1.0,0.6667,0.8,0,0.0,0,1.0,0.5,0.6667,0.45,0.25,0.648463
params_1088,2,1.0,1.5,0.6,1.0,30,0.5,1.0,0.6667,0.8,0,0.0,0,1.0,0.5,0.6667,0.45,0.25,0.648463
params_2045,3,0.5,0.5,0.6,1.0,7,0.5,1.0,0.6667,0.8,0,0.0,0,1.0,0.5,0.6667,0.45,0.25,0.648463
params_2046,3,0.5,0.5,0.6,1.0,14,0.5,1.0,0.6667,0.8,0,0.0,0,1.0,0.5,0.6667,0.45,0.25,0.648463
params_2047,3,0.5,0.5,0.6,1.0,21,0.5,1.0,0.6667,0.8,0,0.0,0,1.0,0.5,0.6667,0.45,0.25,0.648463
params_2048,3,0.5,0.5,0.6,1.0,30,0.5,1.0,0.6667,0.8,0,0.0,0,1.0,0.5,0.6667,0.45,0.25,0.648463
params_2125,3,0.5,1.0,0.6,1.0,7,0.5,1.0,0.6667,0.8,0,0.0,0,1.0,0.5,0.6667,0.45,0.25,0.648463
params_2126,3,0.5,1.0,0.6,1.0,14,0.5,1.0,0.6667,0.8,0,0.0,0,1.0,0.5,0.6667,0.45,0.25,0.648463
params_2127,3,0.5,1.0,0.6,1.0,21,0.5,1.0,0.6667,0.8,0,0.0,0,1.0,0.5,0.6667,0.45,0.25,0.648463
params_2128,3,0.5,1.0,0.6,1.0,30,0.5,1.0,0.6667,0.8,0,0.0,0,1.0,0.5,0.6667,0.45,0.25,0.648463
params_2205,3,0.5,1.2,0.6,1.0,7,0.5,1.0,0.6667,0.8,0,0.0,0,1.0,0.5,0.6667,0.45,0.25,0.648463
params_2206,3,0.5,1.2,0.6,1.0,14,0.5,1.0,0.6667,0.8,0,0.0,0,1.0,0.5,0.6667,0.45,0.25,0.648463
params_2207,3,0.5,1.2,0.6,1.0,21,0.5,1.0,0.6667,0.8,0,0.0,0,1.0,0.5,0.6667,0.45,0.25,0.648463
params_2208,3,0.5,1.2,0.6,1.0,30,0.5,1.0,0.6667,0.8,0,0.0,0,1.0,0.5,0.6667,0.45,0.25,0.648463
params_2285,3,0.5,1.5,0.6,1.0,7,0.5,1.0,0.6667,0.8,0,0.0,0,1.0,0.5,0.6667,0.45,0.25,0.648463
params_2286,3,0.5,1.5,0.6,1.0,14,0.5,1.0,0.6667,0.8,0,0.0,0,1.0,0.5,0.6667,0.45,0.25,0.648463
params_2287,3,0.5,1.5,0.6,1.0,21,0.5,1.0,0.6667,0.8,0,0.0,0,1.0,0.5,0.6667,0.45,0.25,0.648463
params_2288,3,0.5,1.5,0.6,1.0,30,0.5,1.0,0.6667,0.8,0,0.0,0,1.0,0.5,0.6667,0.45,0.25,0.648463
params_2445,3,0.75,0.5,0.6,1.0,7,0.5,1.0,0.6667,0.8,0,0.0,0,1.0,0.5,0.6667,0.45,0.25,0.648463
params_2446,3,0.75,0.5,0.6,1.0,14,0.5,1.0,0.6667,0.8,0,0.0,0,1.0,0.5,0.6667,0.45,0.25,0.648463
params_2447,3,0.75,0.5,0.6,1.0,21,0.5,1.0,0.6667,0.8,0,0.0,0,1.0,0.5,0.6667,0.45,0.25,0.648463
params_2448,3,0.75,0.5,0.6,1.0,30,0.5,1.0,0.6667,0.8,0,0.0,0,1.0,0.5,0.6667,0.45,0.25,0.648463
params_2525,3,0.75,1.0,0.6,1.0,7,0.5,1.0,0.6667,0.8,0,0.0,0,1.0,0.5,0.6667,0.45,0.25,0.648463
params_2526,3,0.75,1.0,0.6,1.0,14,0.5,1.0,0.6667,0.8,0,0.0,0,1.0,0.5,0.6667,0.45,0.25,0.648463
params_2527,3,0.75,1.0,0.6,1.0,21,0.5,1.0,0.6667,0.8,0,0.0,0,1.0,0.5,0.6667,0.45,0.25,0.648463
params_2528,3,0.75,1.0,0.6,1.0,30,0.5,1.0,0.6667,0.8,0,0.0,0,1.0,0.5,0.6667,0.45,0.25,0.648463
params_2605,3,0.75,1.2,0.6,1.0,7,0.5,1.0,0.6667,0.8,0,0.0,0,1.0,0.5,0.6667,0.45,0.25,0.648463
params_2606,3,0.75,1.2,0.6,1.0,14,0.5,1.0,0.6667,0.8,0,0.0,0,1.0,0.5,0.6667,0.45,0.25,0.648463
params_2607,3,0.75,1.2,0.6,1.0,21,0.5,1.0,0.6667,0.8,0,0.0,0,1.0,0.5,0.6667,0.45,0.25,0.648463
params_2608,3,0.75,1.2,0.6,1.0,30,0.5,1.0,0.6667,0.8,0,0.0,0,1.0,0.5,0.6667,0.45,0.25,0.648463
params_2685,3,0.75,1.5,0.6,1.0,7,0.5,1.0,0.6667,0.8,0,0.0,0,1.0,0.5,0.6667,0.45,0.25,0.648463
params_2686,3,0.75,1.5,0.6,1.0,14,0.5,1.0,0.6667,0.8,0,0.0,0,1.0,0.5,0.6667,0.45,0.25,0.648463
params_2687,3,0.75,1.5,0.6,1.0,21,0.5,1.0,0.6667,0.8,0,0.0,0,1.0,0.5,0.6667,0.45,0.25,0.648463
params_2688,3,0.75,1.5,0.6,1.0,30,0.5,1.0,0.6667,0.8,0,0.0,0,1.0,0.5,0.6667,0.45,0.25,0.648463
params_2845,3,1.0,0.5,0.6,1.0,7,0.5,1.0,0.6667,0.8,0,0.0,0,1.0,0.5,0.6667,0.45,0.25,0.648463
params_2846,3,1.0,0.5,0.6,1.0,14,0.5,1.0,0.6667,0.8,0,0.0,0,1.0,0.5,0.6667,0.45,0.25,0.648463
params_2847,3,1.0,0.5,0.6,1.0,21,0.5,1.0,0.6667,0.8,0,0.0,0,1.0,0.5,0.6667,0.45,0.25,0.648463
params_2848,3,1.0,0.5,0.6,1.0,30,0.5,1.0,0.6667,0.8,0,0.0,0,1.0,0.5,0.6667,0.45,0.25,0.648463
params_2925,3,1.0,1.0,0.6,1.0,7,0.5,1.0,0.6667,0.8,0,0.0,0,1.0,0.5,0.6667,0.45,0.25,0.648463
params_2926,3,1.0,1.0,0.6,1.0,14,0.5,1.0,0.6667,0.8,0,0.0,0,1.0,0.5,0.6667,0.45,0.25,0.648463
params_2927,3,1.0,1.0,0.6,1.0,21,0.5,1.0,0.6667,0.8,0,0.0,0,1.0,0.5,0.6667,0.45,0.25,0.648463
params_2928,3,1.0,1.0,0.6,1.0,30,0.5,1.0,0.6667,0.8,0,0.0,0,1.0,0.5,0.6667,0.45,0.25,0.648463
params_3005,3,1.0,1.2,0.6,1.0,7,0.5,1.0,0.6667,0.8,0,0.0,0,1.0,0.5,0.6667,0.45,0.25,0.648463
params_3006,3,1.0,1.2,0.6,1.0,14,0.5,1.0,0.6667,0.8,0,0.0,0,1.0,0.5,0.6667,0.45,0.25,0.648463
params_3007,3,1.0,1.2,0.6,1.0,21,0.5,1.0,0.6667,0.8,0,0.0,0,1.0,0.5,0.6667,0.45,0.25,0.648463
params_3008,3,1.0,1.2,0.6,1.0,30,0.5,1.0,0.6667,0.8,0,0.0,0,1.0,0.5,0.6667,0.45,0.25,0.648463
params_3085,3,1.0,1.5,0.6,1.0,7,0.5,1.0,0.6667,0.8,0,0.0,0,1.0,0.5,0.6667,0.45,0.25,0.648463
params_3086,3,1.0,1.5,0.6,1.0,14,0.5,1.0,0.6667,0.8,0,0.0,0,1.0,0.5,0.6667,0.45,0.25,0.648463
params_3087,3,1.0,1.5,0.6,1.0,21,0.5,1.0,0.6667,0.8,0,0.0,0,1.0,0.5,0.6667,0.45,0.25,0.648463
params_3088,3,1.0,1.5,0.6,1.0,30,0.5,1.0,0.6667,0.8,0,0.0,0,1.0,0.5,0.6667,0.45,0.25,0.648463
params_4045,4,0.5,0.5,0.6,1.0,7,0.5,1.0,0.6667,0.8,0,0.0,0,1.0,0.5,0.6667,0.45,0.25,0.648463
params_4046,4,0.5,0.5,0.6,1.0,14,0.5,1.0,0.6667,0.8,0,0.0,0,1.0,0.5,0.6667,0.45,0.25,0.648463
params_4047,4,0.5,0.5,0.6,1.0,21,0.5,1.0,0.6667,0.8,0,0.0,0,1.0,0.5,0.6667,0.45,0.25,0.648463
params_4048,4,0.5,0.5,0.6,1.0,30,0.5,1.0,0.6667,0.8,0,0.0,0,1.0,0.5,0.6667,0.45,0.25,0.648463
params_4125,4,0.5,1.0,0.6,1.0,7,0.5,1.0,0.6667,0.8,0,0.0,0,1.0,0.5,0.6667,0.45,0.25,0.648463
params_4126,4,0.5,1.0,0.6,1.0,14,0.5,1.0,0.6667,0.8,0,0.0,0,1.0,0.5,0.6667,0.45,0.25,0.648463
params_4127,4,0.5,1.0,0.6,1.0,21,0.5,1.0,0.6667,0.8,0,0.0,0,1.0,0.5,0.6667,0.45,0.25,0.648463
params_4128,4,0.5,1.0,0.6,1.0,30,0.5,1.0,0.6667,0.8,0,0.0,0,1.0,0.5,0.6667,0.45,0.25,0.648463
params_4205,4,0.5,1.2,0.6,1.0,7,0.5,1.0,0.6667,0.8,0,0.0,0,1.0,0.5,0.6667,0.45,0.25,0.648463
params_4206,4,0.5,1.2,0.6,1.0,14,0.5,1.0,0.6667,0.8,0,0.0,0,1.0,0.5,0.6667,0.45,0.25,0.648463
params_4207,4,0.5,1.2,0.6,1.0,21,0.5,1.0,0.6667,0.8,0,0.0,0,1.0,0.5,0.6667,0.45,0.25,0.648463
params_4208,4,0.5,1.2,0.6,1.0,30,0.5,1.0,0.6667,0.8,0,0.0,0,1.0,0.5,0.6667,0.45,0.25,0.648463
params_4285,4,0.5,1.5,0.6,1.0,7,0.5,1.0,0.6667,0.8,0,0.0,0,1.0,0.5,0.6667,0.45,0.25,0.648463
params_4286,4,0.5,1.5,0.6,1.0,14,0.5,1.0,0.6667,0.8,0,0.0,0,1.0,0.5,0.6667,0.45,0.25,0.648463
params_4287,4,0.5,1.5,0.6,1.0,21,0.5,1.0,0.6667,0.8,0,0.0,0,1.0,0.5,0.6667,0.45,0.25,0.648463
params_4288,4,0.5,1.5,0.6,1.0,30,0.5,1.0,0.6667,0.8,0,0.0,0,1.0,0.5,0.6667,0.45,0.25,0.648463
params_4445,4,0.75,0.5,0.6,1.0,7,0.5,1.0,0.6667,0.8,0,0.0,0,1.0,0.5,0.6667,0.45,0.25,0.648463
params_4446,4,0.75,0.5,0.6,1.0,14,0.5,1.0,0.6667,0.8,0,0.0,0,1.0,0.5,0.6667,0.45,0.25,0.648463
params_4447,4,0.75,0.5,0.6,1.0,21,0.5,1.0,0.6667,0.8,0,0.0,0,1.0,0.5,0.6667,0.45,0.25,0.648463
params_4448,4,0.75,0.5,0.6,1.0,30,0.5,1.0,0.6667,0.8,0,0.0,0,1.0,0.5,0.6667,0.45,0.25,0.648463
params_4525,4,0.75,1.0,0.6,1.0,7,0.5,1.0,0.6667,0.8,0,0.0,0,1.0,0.5,0.6667,0.45,0.25,0.648463
params_4526,4,0.75,1.0,0.6,1.0,14,0.5,1.0,0.6667,0.8,0,0.0,0,1.0,0.5,0.6667,0.45,0.25,0.648463
params_4527,4,0.75,1.0,0.6,1.0,21,0.5,1.0,0.6667,0.8,0,0.0,0,1.0,0.5,0.6667,0.45,0.25,0.648463
params_4528,4,0.75,1.0,0.6,1.0,30,0.5,1.0,0.6667,0.8,0,0.0,0,1.0,0.5,0.6667,0.45,0.25,0.648463
params_4605,4,0.75,1.2,0.6,1.0,7,0.5,1.0,0.6667,0.8,0,0.0,0,1.0,0.5,0.6667,0.45,0.25,0.648463
params_4606,4,0.75,1.2,0.6,1.0,14,0.5,1.0,0.6667,0.8,0,0.0,0,1.0,0.5,0.6667,0.45,0.25,0.648463
params_4607,4,0.75,1.2,0.6,1.0,21,0.5,1.0,0.6667,0.8,0,0.0,0,1.0,0.5,0.6667,0.45,0.25,0.648463
params_4608,4,0.75,1.2,0.6,1.0,30,0.5,1.0,0.6667,0.8,0,0.0,0,1.0,0.5,0.6667,0.45,0.25,0.648463
params_4685,4,0.75,1.5,0.6,1.0,7,0.5,1.0,0.6667,0.8,0,0.0,0,1.0,0.5,0.6667,0.45,0.25,0.648463
params_4686,4,0.75,1.5,0.6,1.0,14,0.5,1.0,0.6667,0.8,0,0.0,0,1.0,0.5,0.6667,0.45,0.25,0.648463
params_4687,4,0.75,1.5,0.6,1.0,21,0.5,1.0,0.6667,0.8,0,0.0,0,1.0,0.5,0.6667,0.45,0.25,0.648463
params_4688,4,0.75,1.5,0.6,1.0,30,0.5,1.0,0.6667,0.8,0,0.0,0,1.0,0.5,0.6667,0.45,0.25,0.648463
params_4845,4,1.0,0.5,0.6,1.0,7,0.5,1.0,0.6667,0.8,0,0.0,0,1.0,0.5,0.6667,0.45,0.25,0.648463
params_4846,4,1.0,0.5,0.6,1.0,14,0.5,1.0,0.6667,0.8,0,0.0,0,1.0,0.5,0.6667,0.45,0.25,0.648463
params_4847,4,1.0,0.5,0.6,1.0,21,0.5,1.0,0.6667,0.8,0,0.0,0,1.0,0.5,0.6667,0.45,0.25,0.648463
params_4848,4,1.0,0.5,0.6,1.0,30,0.5,1.0,0.6667,0.8,0,0.0,0,1.0,0.5,0.6667,0.45,0.25,0.648463
params_4925,4,1.0,1.0,0.6,1.0,7,0.5,1.0,0.6667,0.8,0,0.0,0,1.0,0.5,0.6667,0.45,0.25,0.648463
params_4926,4,1.0,1.0,0.6,1.0,14,0.5,1.0,0.6667,0.8,0,0.0,0,1.0,0.5,0.6667,0.45,0.25,0.648463
params_4927,4,1.0,1.0,0.6,1.0,21,0.5,1.0,0.6667,0.8,0,0.0,0,1.0,0.5,0.6667,0.45,0.25,0.648463
params_4928,4,1.0,1.0,0.6,1.0,30,0.5,1.0,0.6667,0.8,0,0.0,0,1.0,0.5,0.6667,0.45,0.25,0.648463
params_5005,4,1.0,1.2,0.6,1.0,7,0.5,1.0,0.6667,0.8,0,0.0,0,1.0,0.5,0.6667,0.45,0.25,0.648463
params_5006,4,1.0,1.2,0.6,1.0,14,0.5,1.0,0.6667,0.8,0,0.0,0,1.0,0.5,0.6667,0.45,0.25,0.648463
params_5007,4,1.0,1.2,0.6,1.0,21,0.5,1.0,0.6667,0.8,0,0.0,0,1.0,0.5,0.6667,0.45,0.25,0.648463
params_5008,4,1.0,1.2,0.6,1.0,30,0.5,1.0,0.6667,0.8,0,0.0,0,1.0,0.5,0.6667,0.45,0.25,0.648463
params_5085,4,1.0,1.5,0.6,1.0,7,0.5,1.0,0.6667,0.8,0,0.0,0,1.0,0.5,0.6667,0.45,0.25,0.648463
params_5086,4,1.0,1.5,0.6,1.0,14,0.5,1.0,0.6667,0.8,0,0.0,0,1.0,0.5,0.6667,0.45,0.25,0.648463
params_5087,4,1.0,1.5,0.6,1.0,21,0.5,1.0,0.6667,0.8,0,0.0,0,1.0,0.5,0.6667,0.45,0.25,0.648463
params_5088,4,1.0,1.5,0.6,1.0,30,0.5,1.0,0.6667,0.8,0,0.0,0,1.0,0.5,0.6667,0.45,0.25,0.648463
params_6045,5,0.5,0.5,0.6,1.0,7,0.5,1.0,0.6667,0.8,0,0.0,0,1.0,0.5,0.6667,0.45,0.25,0.648463
params_6046,5,0.5,0.5,0.6,1.0,14,0.5,1.0,0.6667,0.8,0,0.0,0,1.0,0.5,0.6667,0.45,0.25,0.648463
params_6047,5,0.5,0.5,0.6,1.0,21,0.5,1.0,0.6667,0.8,0,0.0,0,1.0,0.5,0.6667,0.45,0.25,0.648463
params_6048,5,0.5,0.5,0.6,1.0,30,0.5,1.0,0.6667,0.8,0,0.0,0,1.0,0.5,0.6667,0.45,0.25,0.648463
params_6125,5,0.5,1.0,0.6,1.0,7,0.5,1.0,0.6667,0.8,0,0.0,0,1.0,0.5,0.6667,0.45,0.25,0.648463
params_6126,5,0.5,1.0,0.6,1.0,14,0.5,1.0,0.6667,0.8,0,0.0,0,1.0,0.5,0.6667,0.45,0.25,0.648463
params_6127,5,0.5,1.0,0.6,1.0,21,0.5,1.0,0.6667,0.8,0,0.0,0,1.0,0.5,0.6667,0.45,0.25,0.648463
params_6128,5,0.5,1.0,0.6,1.0,30,0.5,1.0,0.6667,0.8,0,0.0,0,1.0,0.5,0.6667,0.45,0.25,0.648463
params_6205,5,0.5,1.2,0.6,1.0,7,0.5,1.0,0.6667,0.8,0,0.0,0,1.0,0.5,0.6667,0.45,0.25,0.648463
params_6206,5,0.5,1.2,0.6,1.0,14,0.5,1.0,0.6667,0.8,0,0.0,0,1.0,0.5,0.6667,0.45,0.25,0.648463
params_6207,5,0.5,1.2,0.6,1.0,21,0.5,1.0,0.6667,0.8,0,0.0,0,1.0,0.5,0.6667,0.45,0.25,0.648463
params_6208,5,0.5,1.2,0.6,1.0,30,0.5,1.0,0.6667,0.8,0,0.0,0,1.0,0.5,0.6667,0.45,0.25,0.648463
params_6285,5,0.5,1.5,0.6,1.0,7,0.5,1.0,0.6667,0.8,0,0.0,0,1.0,0.5,0.6667,0.45,0.25,0.648463
params_6286,5,0.5,1.5,0.6,1.0,14,0.5,1.0,0.6667,0.8,0,0.0,0,1.0,0.5,0.6667,0.45,0.25,0.648463
params_6287,5,0.5,1.5,0.6,1.0,21,0.5,1.0,0.6667,0.8,0,0.0,0,1.0,0.5,0.6667,0.45,0.25,0.648463
params_6288,5,0.5,1.5,0.6,1.0,30,0.5,1.0,0.6667,0.8,0,0.0,0,1.0,0.5,0.6667,0.45,0.25,0.648463
params_6445,5,0.75,0.5,0.6,1.0,7,0.5,1.0,0.6667,0.8,0,0.0,0,1.0,0.5,0.6667,0.45,0.25,0.648463
params_6446,5,0.75,0.5,0.6,1.0,14,0.5,1.0,0.6667,0.8,0,0.0,0,1.0,0.5,0.6667,0.45,0.25,0.648463
params_6447,5,0.75,0.5,0.6,1.0,21,0.5,1.0,0.6667,0.8,0,0.0,0,1.0,0.5,0.6667,0.45,0.25,0.648463
params_6448,5,0.75,0.5,0.6,1.0,30,0.5,1.0,0.6667,0.8,0,0.0,0,1.0,0.5,0.6667,0.45,0.25,0.648463
params_6525,5,0.75,1.0,0.6,1.0,7,0.5,1.0,0.6667,0.8,0,0.0,0,1.0,0.5,0.6667,0.45,0.25,0.648463
params_6526,5,0.75,1.0,0.6,1.0,14,0.5,1.0,0.6667,0.8,0,0.0,0,1.0,0.5,0.6667,0.45,0.25,0.648463
params_6527,5,0.75,1.0,0.6,1.0,21,0.5,1.0,0.6667,0.8,0,0.0,0,1.0,0.5,0.6667,0.45,0.25,0.648463
params_6528,5,0.75,1.0,0.6,1.0,30,0.5,1.0,0.6667,0.8,0,0.0,0,1.0,0.5,0.6667,0.45,0.25,0.648463
params_6605,5,0.75,1.2,0.6,1.0,7,0.5,1.0,0.6667,0.8,0,0.0,0,1.0,0.5,0.6667,0.45,0.25,0.648463
params_6606,5,0.75,1.2,0.6,1.0,14,0.5,1.0,0.6667,0.8,0,0.0,0,1.0,0.5,0.6667,0.45,0.25,0.648463
params_6607,5,0.75,1.2,0.6,1.0,21,0.5,1.0,0.6667,0.8,0,0.0,0,1.0,0.5,0.6667,0.45,0.25,0.648463
params_6608,5,0.75,1.2,0.6,1.0,30,0.5,1.0,0.6667,0.8,0,0.0,0,1.0,0.5,0.6667,0.45,0.25,0.648463
params_6685,5,0.75,1.5,0.6,1.0,7,0.5,1.0,0.6667,0.8,0,0.0,0,1.0,0.5,0.6667,0.45,0.25,0.648463
params_6686,5,0.75,1.5,0.6,1.0,14,0.5,1.0,0.6667,0.8,0,0.0,0,1.0,0.5,0.6667,0.45,0.25,0.648463
params_6687,5,0.75,1.5,0.6,1.0,21,0.5,1.0,0.6667,0.8,0,0.0,0,1.0,0.5,0.6667,0.45,0.25,0.648463
params_6688,5,0.75,1.5,0.6,1.0,30,0.5,1.0,0.6667,0.8,0,0.0,0,1.0,0.5,0.6667,0.45,0.25,0.648463
params_6845,5,1.0,0.5,0.6,1.0,7,0.5,1.0,0.6667,0.8,0,0.0,0,1.0,0.5,0.6667,0.45,0.25,0.648463
params_6846,5,1.0,0.5,0.6,1.0,14,0.5,1.0,0.6667,0.8,0,0.0,0,1.0,0.5,0.6667,0.45,0.25,0.648463
params_6847,5,1.0,0.5,0.6,1.0,21,0.5,1.0,0.6667,0.8,0,0.0,0,1.0,0.5,0.6667,0.45,0.25,0.648463
params_6848,5,1.0,0.5,0.6,1.0,30,0.5,1.0,0.6667,0.8,0,0.0,0,1.0,0.5,0.6667,0.45,0.25,0.648463
params_6925,5,1.0,1.0,0.6,1.0,7,0.5,1.0,0.6667,0.8,0,0.0,0,1.0,0.5,0.6667,0.45,0.25,0.648463
params_6926,5,1.0,1.0,0.6,1.0,14,0.5,1.0,0.6667,0.8,0,0.0,0,1.0,0.5,0.6667,0.45,0.25,0.648463
params_6927,5,1.0,1.0,0.6,1.0,21,0.5,1.0,0.6667,0.8,0,0.0,0,1.0,0.5,0.6667,0.45,0.25,0.648463
params_6928,5,1.0,1.0,0.6,1.0,30,0.5,1.0,0.6667,0.8,0,0.0,0,1.0,0.5,0.6667,0.45,0.25,0.648463
params_7005,5,1.0,1.2,0.6,1.0,7,0.5,1.0,0.6667,0.8,0,0.0,0,1.0,0.5,0.6667,0.45,0.25,0.648463
params_7006,5,1.0,1.2,0.6,1.0,14,0.5,1.0,0.6667,0.8,0,0.0,0,1.0,0.5,0.6667,0.45,0.25,0.648463
params_7007,5,1.0,1.2,0.6,1.0,21,0.5,1.0,0.6667,0.8,0,0.0,0,1.0,0.5,0.6667,0.45,0.25,0.648463
params_7008,5,1.0,1.2,0.6,1.0,30,0.5,1.0,0.6667,0.8,0,0.0,0,1.0,0.5,0.6667,0.45,0.25,0.648463
params_7085,5,1.0,1.5,0.6,1.0,7,0.5,1.0,0.6667,0.8,0,0.0,0,1.0,0.5,0.6667,0.45,0.25,0.648463
params_7086,5,1.0,1.5,0.6,1.0,14,0.5,1.0,0.6667,0.8,0,0.0,0,1.0,0.5,0.6667,0.45,0.25,0.648463
params_7087,5,1.0,1.5,0.6,1.0,21,0.5,1.0,0.6667,0.8,0,0.0,0,1.0,0.5,0.6667,0.45,0.25,0.648463
params_7088,5,1.0,1.5,0.6,1.0,30,0.5,1.0,0.6667,0.8,0,0.0,0,1.0,0.5,0.6667,0.45,0.25,0.648463
params_0029,2,0.5,0.5,0.5,1.0,7,0.5,1.0,0.6667,0.8,0,0.0,0,1.0,0.5,0.6667,0.5,0.25,0.645015
params_0030,2,0.5,0.5,0.5,1.0,14,0.5,1.0,0.6667,0.8,0,0.0,0,1.0,0.5,0.6667,0.5,0.25,0.645015
params_0031,2,0.5,0.5,0.5,1.0,21,0.5,1.0,0.6667,0.8,0,0.0,0,1.0,0.5,0.6667,0.5,0.25,0.645015
params_0032,2,0.5,0.5,0.5,1.0,30,0.5,1.0,0.6667,0.8,0,0.0,0,1.0,0.5,0.6667,0.5,0.25,0.645015
params_0109,2,0.5,1.0,0.5,1.0,7,0.5,1.0,0.6667,0.8,0,0.0,0,1.0,0.5,0.6667,0.5,0.25,0.645015
params_0110,2,0.5,1.0,0.5,1.0,14,0.5,1.0,0.6667,0.8,0,0.0,0,1.0,0.5,0.6667,0.5,0.25,0.645015
params_0111,2,0.5,1.0,0.5,1.0,21,0.5,1.0,0.6667,0.8,0,0.0,0,1.0,0.5,0.6667,0.5,0.25,0.645015
params_0112,2,0.5,1.0,0.5,1.0,30,0.5,1.0,0.6667,0.8,0,0.0,0,1.0,0.5,0.6667,0.5,0.25,0.645015
params_0189,2,0.5,1.2,0.5,1.0,7,0.5,1.0,0.6667,0.8,0,0.0,0,1.0,0.5,0.6667,0.5,0.25,0.645015
params_0190,2,0.5,1.2,0.5,1.0,14,0.5,1.0,0.6667,0.8,0,0.0,0,1.0,0.5,0.6667,0.5,0.25,0.645015
params_0191,2,0.5,1.2,0.5,1.0,21,0.5,1.0,0.6667,0.8,0,0.0,0,1.0,0.5,0.6667,0.5,0.25,0.645015
params_0192,2,0.5,1.2,0.5,1.0,30,0.5,1.0,0.6667,0.8,0,0.0,0,1.0,0.5,0.6667,0.5,0.25,0.645015
params_0269,2,0.5,1.5,0.5,1.0,7,0.5,1.0,0.6667,0.8,0,0.0,0,1.0,0.5,0.6667,0.5,0.25,0.645015
params_0270,2,0.5,1.5,0.5,1.0,14,0.5,1.0,0.6667,0.8,0,0.0,0,1.0,0.5,0.6667,0.5,0.25,0.645015
params_0271,2,0.5,1.5,0.5,1.0,21,0.5,1.0,0.6667,0.8,0,0.0,0,1.0,0.5,0.6667,0.5,0.25,0.645015
params_0272,2,0.5,1.5,0.5,1.0,30,0.5,1.0,0.6667,0.8,0,0.0,0,1.0,0.5,0.6667,0.5,0.25,0.645015
params_0429,2,0.75,0.5,0.5,1.0,7,0.5,1.0,0.6667,0.8,0,0.0,0,1.0,0.5,0.6667,0.5,0.25,0.645015
params_0430,2,0.75,0.5,0.5,1.0,14,0.5,1.0,0.6667,0.8,0,0.0,0,1.0,0.5,0.6667,0.5,0.25,0.645015
params_0431,2,0.75,0.5,0.5,1.0,21,0.5,1.0,0.6667,0.8,0,0.0,0,1.0,0.5,0.6667,0.5,0.25,0.645015
params_0432,2,0.75,0.5,0.5,1.0,30,0.5,1.0,0.6667,0.8,0,0.0,0,1.0,0.5,0.6667,0.5,0.25,0.645015
params_0509,2,0.75,1.0,0.5,1.0,7,0.5,1.0,0.6667,0.8,0,0.0,0,1.0,0.5,0.6667,0.5,0.25,0.645015
params_0510,2,0.75,1.0,0.5,1.0,14,0.5,1.0,0.6667,0.8,0,0.0,0,1.0,0.5,0.6667,0.5,0.25,0.645015
params_0511,2,0.75,1.0,0.5,1.0,21,0.5,1.0,0.6667,0.8,0,0.0,0,1.0,0.5,0.6667,0.5,0.25,0.645015
params_0512,2,0.75,1.0,0.5,1.0,30,0.5,1.0,0.6667,0.8,0,0.0,0,1.0,0.5,0.6667,0.5,0.25,0.645015
params_0589,2,0.75,1.2,0.5,1.0,7,0.5,1.0,0.6667,0.8,0,0.0,0,1.0,0.5,0.6667,0.5,0.25,0.645015
params_0590,2,0.75,1.2,0.5,1.0,14,0.5,1.0,0.6667,0.8,0,0.0,0,1.0,0.5,0.6667,0.5,0.25,0.645015
params_0591,2,0.75,1.2,0.5,1.0,21,0.5,1.0,0.6667,0.8,0,0.0,0,1.0,0.5,0.6667,0.5,0.25,0.645015
params_0592,2,0.75,1.2,0.5,1.0,30,0.5,1.0,0.6667,0.8,0,0.0,0,1.0,0.5,0.6667,0.5,0.25,0.645015
params_0669,2,0.75,1.5,0.5,1.0,7,0.5,1.0,0.6667,0.8,0,0.0,0,1.0,0.5,0.6667,0.5,0.25,0.645015
params_0670,2,0.75,1.5,0.5,1.0,14,0.5,1.0,0.6667,0.8,0,0.0,0,1.0,0.5,0.6667,0.5,0.25,0.645015
params_0671,2,0.75,1.5,0.5,1.0,21,0.5,1.0,0.6667,0.8,0,0.0,0,1.0,0.5,0.6667,0.5,0.25,0.645015
params_0672,2,0.75,1.5,0.5,1.0,30,0.5,1.0,0.6667,0.8,0,0.0,0,1.0,0.5,0.6667,0.5,0.25,0.645015
params_0829,2,1.0,0.5,0.5,1.0,7,0.5,1.0,0.6667,0.8,0,0.0,0,1.0,0.5,0.6667,0.5,0.25,0.645015
params_0830,2,1.0,0.5,0.5,1.0,14,0.5,1.0,0.6667,0.8,0,0.0,0,1.0,0.5,0.6667,0.5,0.25,0.645015
params_0831,2,1.0,0.5,0.5,1.0,21,0.5,1.0,0.6667,0.8,0,0.0,0,1.0,0.5,0.6667,0.5,0.25,0.645015
params_0832,2,1.0,0.5,0.5,1.0,30,0.5,1.0,0.6667,0.8,0,0.0,0,1.0,0.5,0.6667,0.5,0.25,0.645015
params_0909,2,1.0,1.0,0.5,1.0,7,0.5,1.0,0.6667,0.8,0,0.0,0,1.0,0.5,0.6667,0.5,0.25,0.645015
params_0910,2,1.0,1.0,0.5,1.0,14,0.5,1.0,0.6667,0.8,0,0.0,0,1.0,0.5,0.6667,0.5,0.25,0.645015
params_0911,2,1.0,1.0,0.5,1.0,21,0.5,1.0,0.6667,0.8,0,0.0,0,1.0,0.5,0.6667,0.5,0.25,0.645015
params_0912,2,1.0,1.0,0.5,1.0,30,0.5,1.0,0.6667,0.8,0,0.0,0,1.0,0.5,0.6667,0.5,0.25,0.645015
params_0989,2,1.0,1.2,0.5,1.0,7,0.5,1.0,0.6667,0.8,0,0.0,0,1.0,0.5,0.6667,0.5,0.25,0.645015
params_0990,2,1.0,1.2,0.5,1.0,14,0.5,1.0,0.6667,0.8,0,0.0,0,1.0,0.5,0.6667,0.5,0.25,0.645015
params_0991,2,1.0,1.2,0.5,1.0,21,0.5,1.0,0.6667,0.8,0,0.0,0,1.0,0.5,0.6667,0.5,0.25,0.645015
params_0992,2,1.0,1.2,0.5,1.0,30,0.5,1.0,0.6667,0.8,0,0.0,0,1.0,0.5,0.6667,0.5,0.25,0.645015
params_1069,2,1.0,1.5,0.5,1.0,7,0.5,1.0,0.6667,0.8,0,0.0,0,1.0,0.5,0.6667,0.5,0.25,0.645015
params_1070,2,1.0,1.5,0.5,1.0,14,0.5,1.0,0.6667,0.8,0,0.0,0,1.0,0.5,0.6667,0.5,0.25,0.645015
params_1071,2,1.0,1.5,0.5,1.0,21,0.5,1.0,0.6667,0.8,0,0.0,0,1.0,0.5,0.6667,0.5,0.25,0.645015
params_1072,2,1.0,1.5,0.5,1.0,30,0.5,1.0,0.6667,0.8,0,0.0,0,1.0,0.5,0.6667,0.5,0.25,0.645015
params_2029,3,0.5,0.5,0.5,1.0,7,0.5,1.0,0.6667,0.8,0,0.0,0,1.0,0.5,0.6667,0.5,0.25,0.645015
params_2030,3,0.5,0.5,0.5,1.0,14,0.5,1.0,0.6667,0.8,0,0.0,0,1.0,0.5,0.6667,0.5,0.25,0.645015
params_2031,3,0.5,0.5,0.5,1.0,21,0.5,1.0,0.6667,0.8,0,0.0,0,1.0,0.5,0.6667,0.5,0.25,0.645015
params_2032,3,0.5,0.5,0.5,1.0,30,0.5,1.0,0.6667,0.8,0,0.0,0,1.0,0.5,0.6667,0.5,0.25,0.645015
params_2109,3,0.5,1.0,0.5,1.0,7,0.5,1.0,0.6667,0.8,0,0.0,0,1.0,0.5,0.6667,0.5,0.25,0.645015
params_2110,3,0.5,1.0,0.5,1.0,14,0.5,1.0,0.6667,0.8,0,0.0,0,1.0,0.5,0.6667,0.5,0.25,0.645015
params_2111,3,0.5,1.0,0.5,1.0,21,0.5,1.0,0.6667,0.8,0,0.0,0,1.0,0.5,0.6667,0.5,0.25,0.645015
params_2112,3,0.5,1.0,0.5,1.0,30,0.5,1.0,0.6667,0.8,0,0.0,0,1.0,0.5,0.6667,0.5,0.25,0.645015
params_2189,3,0.5,1.2,0.5,1.0,7,0.5,1.0,0.6667,0.8,0,0.0,0,1.0,0.5,0.6667,0.5,0.25,0.645015
params_2190,3,0.5,1.2,0.5,1.0,14,0.5,1.0,0.6667,0.8,0,0.0,0,1.0,0.5,0.6667,0.5,0.25,0.645015
params_2191,3,0.5,1.2,0.5,1.0,21,0.5,1.0,0.6667,0.8,0,0.0,0,1.0,0.5,0.6667,0.5,0.25,0.645015
params_2192,3,0.5,1.2,0.5,1.0,30,0.5,1.0,0.6667,0.8,0,0.0,0,1.0,0.5,0.6667,0.5,0.25,0.645015
params_2269,3,0.5,1.5,0.5,1.0,7,0.5,1.0,0.6667,0.8,0,0.0,0,1.0,0.5,0.6667,0.5,0.25,0.645015
params_2270,3,0.5,1.5,0.5,1.0,14,0.5,1.0,0.6667,0.8,0,0.0,0,1.0,0.5,0.6667,0.5,0.25,0.645015
params_2271,3,0.5,1.5,0.5,1.0,21,0.5,1.0,0.6667,0.8,0,0.0,0,1.0,0.5,0.6667,0.5,0.25,0.645015
params_2272,3,0.5,1.5,0.5,1.0,30,0.5,1.0,0.6667,0.8,0,0.0,0,1.0,0.5,0.6667,0.5,0.25,0.645015
params_2429,3,0.75,0.5,0.5,1.0,7,0.5,1.0,0.6667,0.8,0,0.0,0,1.0,0.5,0.6667,0.5,0.25,0.645015
params_2430,3,0.75,0.5,0.5,1.0,14,0.5,1.0,0.6667,0.8,0,0.0,0,1.0,0.5,0.6667,0.5,0.25,0.645015
params_2431,3,0.75,0.5,0.5,1.0,21,0.5,1.0,0.6667,0.8,0,0.0,0,1.0,0.5,0.6667,0.5,0.25,0.645015
params_2432,3,0.75,0.5,0.5,1.0,30,0.5,1.0,0.6667,0.8,0,0.0,0,1.0,0.5,0.6667,0.5,0.25,0.645015
params_2509,3,0.75,1.0,0.5,1.0,7,0.5,1.0,0.6667,0.8,0,0.0,0,1.0,0.5,0.6667,0.5,0.25,0.645015
params_2510,3,0.75,1.0,0.5,1.0,14,0.5,1.0,0.6667,0.8,0,0.0,0,1.0,0.5,0.6667,0.5,0.25,0.645015
params_2511,3,0.75,1.0,0.5,1.0,21,0.5,1.0,0.6667,0.8,0,0.0,0,1.0,0.5,0.6667,0.5,0.25,0.645015
params_2512,3,0.75,1.0,0.5,1.0,30,0.5,1.0,0.6667,0.8,0,0.0,0,1.0,0.5,0.6667,0.5,0.25,0.645015
params_2589,3,0.75,1.2,0.5,1.0,7,0.5,1.0,0.6667,0.8,0,0.0,0,1.0,0.5,0.6667,0.5,0.25,0.645015
params_2590,3,0.75,1.2,0.5,1.0,14,0.5,1.0,0.6667,0.8,0,0.0,0,1.0,0.5,0.6667,0.5,0.25,0.645015
params_2591,3,0.75,1.2,0.5,1.0,21,0.5,1.0,0.6667,0.8,0,0.0,0,1.0,0.5,0.6667,0.5,0.25,0.645015
params_2592,3,0.75,1.2,0.5,1.0,30,0.5,1.0,0.6667,0.8,0,0.0,0,1.0,0.5,0.6667,0.5,0.25,0.645015
params_2669,3,0.75,1.5,0.5,1.0,7,0.5,1.0,0.6667,0.8,0,0.0,0,1.0,0.5,0.6667,0.5,0.25,0.645015
params_2670,3,0.75,1.5,0.5,1.0,14,0.5,1.0,0.6667,0.8,0,0.0,0,1.0,0.5,0.6667,0.5,0.25,0.645015
params_2671,3,0.75,1.5,0.5,1.0,21,0.5,1.0,0.6667,0.8,0,0.0,0,1.0,0.5,0.6667,0.5,0.25,0.645015
params_2672,3,0.75,1.5,0.5,1.0,30,0.5,1.0,0.6667,0.8,0,0.0,0,1.0,0.5,0.6667,0.5,0.25,0.645015
params_2829,3,1.0,0.5,0.5,1.0,7,0.5,1.0,0.6667,0.8,0,0.0,0,1.0,0.5,0.6667,0.5,0.25,0.645015
params_2830,3,1.0,0.5,0.5,1.0,14,0.5,1.0,0.6667,0.8,0,0.0,0,1.0,0.5,0.6667,0.5,0.25,0.645015
params_2831,3,1.0,0.5,0.5,1.0,21,0.5,1.0,0.6667,0.8,0,0.0,0,1.0,0.5,0.6667,0.5,0.25,0.645015
params_2832,3,1.0,0.5,0.5,1.0,30,0.5,1.0,0.6667,0.8,0,0.0,0,1.0,0.5,0.6667,0.5,0.25,0.645015
params_2909,3,1.0,1.0,0.5,1.0,7,0.5,1.0,0.6667,0.8,0,0.0,0,1.0,0.5,0.6667,0.5,0.25,0.645015
params_2910,3,1.0,1.0,0.5,1.0,14,0.5,1.0,0.6667,0.8,0,0.0,0,1.0,0.5,0.6667,0.5,0.25,0.645015
params_2911,3,1.0,1.0,0.5,1.0,21,0.5,1.0,0.6667,0.8,0,0.0,0,1.0,0.5,0.6667,0.5,0.25,0.645015
params_2912,3,1.0,1.0,0.5,1.0,30,0.5,1.0,0.6667,0.8,0,0.0,0,1.0,0.5,0.6667,0.5,0.25,0.645015
params_2989,3,1.0,1.2,0.5,1.0,7,0.5,1.0,0.6667,0.8,0,0.0,0,1.0,0.5,0.6667,0.5,0.25,0.645015
params_2990,3,1.0,1.2,0.5,1.0,14,0.5,1.0,0.6667,0.8,0,0.0,0,1.0,0.5,0.6667,0.5,0.25,0.645015
params_2991,3,1.0,1.2,0.5,1.0,21,0.5,1.0,0.6667,0.8,0,0.0,0,1.0,0.5,0.6667,0.5,0.25,0.645015
params_2992,3,1.0,1.2,0.5,1.0,30,0.5,1.0,0.6667,0.8,0,0.0,0,1.0,0.5,0.6667,0.5,0.25,0.645015
params_3069,3,1.0,1.5,0.5,1.0,7,0.5,1.0,0.6667,0.8,0,0.0,0,1.0,0.5,0.6667,0.5,0.25,0.645015
params_3070,3,1.0,1.5,0.5,1.0,14,0.5,1.0,0.6667,0.8,0,0.0,0,1.0,0.5,0.6667,0.5,0.25,0.645015
params_3071,3,1.0,1.5,0.5,1.0,21,0.5,1.0,0.6667,0.8,0,0.0,0,1.0,0.5,0.6667,0.5,0.25,0.645015
params_3072,3,1.0,1.5,0.5,1.0,30,0.5,1.0,0.6667,0.8,0,0.0,0,1.0,0.5,0.6667,0.5,0.25,0.645015
params_4029,4,0.5,0.5,0.5,1.0,7,0.5,1.0,0.6667,0.8,0,0.0,0,1.0,0.5,0.6667,0.5,0.25,0.645015
params_4030,4,0.5,0.5,0.5,1.0,14,0.5,1.0,0.6667,0.8,0,0.0,0,1.0,0.5,0.6667,0.5,0.25,0.645015
params_4031,4,0.5,0.5,0.5,1.0,21,0.5,1.0,0.6667,0.8,0,0.0,0,1.0,0.5,0.6667,0.5,0.25,0.645015
params_4032,4,0.5,0.5,0.5,1.0,30,0.5,1.0,0.6667,0.8,0,0.0,0,1.0,0.5,0.6667,0.5,0.25,0.645015
params_4109,4,0.5,1.0,0.5,1.0,7,0.5,1.0,0.6667,0.8,0,0.0,0,1.0,0.5,0.6667,0.5,0.25,0.645015
params_4110,4,0.5,1.0,0.5,1.0,14,0.5,1.0,0.6667,0.8,0,0.0,0,1.0,0.5,0.6667,0.5,0.25,0.645015
params_4111,4,0.5,1.0,0.5,1.0,21,0.5,1.0,0.6667,0.8,0,0.0,0,1.0,0.5,0.6667,0.5,0.25,0.645015
params_4112,4,0.5,1.0,0.5,1.0,30,0.5,1.0,0.6667,0.8,0,0.0,0,1.0,0.5,0.6667,0.5,0.25,0.645015
params_4189,4,0.5,1.2,0.5,1.0,7,0.5,1.0,0.6667,0.8,0,0.0,0,1.0,0.5,0.6667,0.5,0.25,0.645015
params_4190,4,0.5,1.2,0.5,1.0,14,0.5,1.0,0.6667,0.8,0,0.0,0,1.0,0.5,0.6667,0.5,0.25,0.645015
params_4191,4,0.5,1.2,0.5,1.0,21,0.5,1.0,0.6667,0.8,0,0.0,0,1.0,0.5,0.6667,0.5,0.25,0.645015
params_4192,4,0.5,1.2,0.5,1.0,30,0.5,1.0,0.6667,0.8,0,0.0,0,1.0,0.5,0.6667,0.5,0.25,0.645015
params_4269,4,0.5,1.5,0.5,1.0,7,0.5,1.0,0.6667,0.8,0,0.0,0,1.0,0.5,0.6667,0.5,0.25,0.645015
params_4270,4,0.5,1.5,0.5,1.0,14,0.5,1.0,0.6667,0.8,0,0.0,0,1.0,0.5,0.6667,0.5,0.25,0.645015
params_4271,4,0.5,1.5,0.5,1.0,21,0.5,1.0,0.6667,0.8,0,0.0,0,1.0,0.5,0.6667,0.5,0.25,0.645015
params_4272,4,0.5,1.5,0.5,1.0,30,0.5,1.0,0.6667,0.8,0,0.0,0,1.0,0.5,0.6667,0.5,0.25,0.645015
params_4429,4,0.75,0.5,0.5,1.0,7,0.5,1.0,0.6667,0.8,0,0.0,0,1.0,0.5,0.6667,0.5,0.25,0.645015
params_4430,4,0.75,0.5,0.5,1.0,14,0.5,1.0,0.6667,0.8,0,0.0,0,1.0,0.5,0.6667,0.5,0.25,0.645015
params_4431,4,0.75,0.5,0.5,1.0,21,0.5,1.0,0.6667,0.8,0,0.0,0,1.0,0.5,0.6667,0.5,0.25,0.645015
params_4432,4,0.75,0.5,0.5,1.0,30,0.5,1.0,0.6667,0.8,0,0.0,0,1.0,0.5,0.6667,0.5,0.25,0.645015
params_4509,4,0.75,1.0,0.5,1.0,7,0.5,1.0,0.6667,0.8,0,0.0,0,1.0,0.5,0.6667,0.5,0.25,0.645015
params_4510,4,0.75,1.0,0.5,1.0,14,0.5,1.0,0.6667,0.8,0,0.0,0,1.0,0.5,0.6667,0.5,0.25,0.645015
params_4511,4,0.75,1.0,0.5,1.0,21,0.5,1.0,0.6667,0.8,0,0.0,0,1.0,0.5,0.6667,0.5,0.25,0.645015
params_4512,4,0.75,1.0,0.5,1.0,30,0.5,1.0,0.6667,0.8,0,0.0,0,1.0,0.5,0.6667,0.5,0.25,0.645015
params_4589,4,0.75,1.2,0.5,1.0,7,0.5,1.0,0.6667,0.8,0,0.0,0,1.0,0.5,0.6667,0.5,0.25,0.645015
params_4590,4,0.75,1.2,0.5,1.0,14,0.5,1.0,0.6667,0.8,0,0.0,0,1.0,0.5,0.6667,0.5,0.25,0.645015
params_4591,4,0.75,1.2,0.5,1.0,21,0.5,1.0,0.6667,0.8,0,0.0,0,1.0,0.5,0.6667,0.5,0.25,0.645015
params_4592,4,0.75,1.2,0.5,1.0,30,0.5,1.0,0.6667,0.8,0,0.0,0,1.0,0.5,0.6667,0.5,0.25,0.645015
params_4669,4,0.75,1.5,0.5,1.0,7,0.5,1.0,0.6667,0.8,0,0.0,0,1.0,0.5,0.6667,0.5,0.25,0.645015
params_4670,4,0.75,1.5,0.5,1.0,14,0.5,1.0,0.6667,0.8,0,0.0,0,1.0,0.5,0.6667,0.5,0.25,0.645015
params_4671,4,0.75,1.5,0.5,1.0,21,0.5,1.0,0.6667,0.8,0,0.0,0,1.0,0.5,0.6667,0.5,0.25,0.645015
params_4672,4,0.75,1.5,0.5,1.0,30,0.5,1.0,0.6667,0.8,0,0.0,0,1.0,0.5,0.6667,0.5,0.25,0.645015
params_4829,4,1.0,0.5,0.5,1.0,7,0.5,1.0,0.6667,0.8,0,0.0,0,1.0,0.5,0.6667,0.5,0.25,0.645015
params_4830,4,1.0,0.5,0.5,1.0,14,0.5,1.0,0.6667,0.8,0,0.0,0,1.0,0.5,0.6667,0.5,0.25,0.645015
params_4831,4,1.0,0.5,0.5,1.0,21,0.5,1.0,0.6667,0.8,0,0.0,0,1.0,0.5,0.6667,0.5,0.25,0.645015
params_4832,4,1.0,0.5,0.5,1.0,30,0.5,1.0,0.6667,0.8,0,0.0,0,1.0,0.5,0.6667,0.5,0.25,0.645015
params_4909,4,1.0,1.0,0.5,1.0,7,0.5,1.0,0.6667,0.8,0,0.0,0,1.0,0.5,0.6667,0.5,0.25,0.645015
params_4910,4,1.0,1.0,0.5,1.0,14,0.5,1.0,0.6667,0.8,0,0.0,0,1.0,0.5,0.6667,0.5,0.25,0.645015
params_4911,4,1.0,1.0,0.5,1.0,21,0.5,1.0,0.6667,0.8,0,0.0,0,1.0,0.5,0.6667,0.5,0.25,0.645015
params_4912,4,1.0,1.0,0.5,1.0,30,0.5,1.0,0.6667,0.8,0,0.0,0,1.0,0.5,0.6667,0.5,0.25,0.645015
params_4989,4,1.0,1.2,0.5,1.0,7,0.5,1.0,0.6667,0.8,0,0.0,0,1.0,0.5,0.6667,0.5,0.25,0.645015
params_4990,4,1.0,1.2,0.5,1.0,14,0.5,1.0,0.6667,0.8,0,0.0,0,1.0,0.5,0.6667,0.5,0.25,0.645015
params_4991,4,1.0,1.2,0.5,1.0,21,0.5,1.0,0.6667,0.8,0,0.0,0,1.0,0.5,0.6667,0.5,0.25,0.645015
params_4992,4,1.0,1.2,0.5,1.0,30,0.5,1.0,0.6667,0.8,0,0.0,0,1.0,0.5,0.6667,0.5,0.25,0.645015
params_5069,4,1.0,1.5,0.5,1.0,7,0.5,1.0,0.6667,0.8,0,0.0,0,1.0,0.5,0.6667,0.5,0.25,0.645015
params_5070,4,1.0,1.5,0.5,1.0,14,0.5,1.0,0.6667,0.8,0,0.0,0,1.0,0.5,0.6667,0.5,0.25,0.645015
params_5071,4,1.0,1.5,0.5,1.0,21,0.5,1.0,0.6667,0.8,0,0.0,0,1.0,0.5,0.6667,0.5,0.25,0.645015
params_5072,4,1.0,1.5,0.5,1.0,30,0.5,1.0,0.6667,0.8,0,0.0,0,1.0,0.5,0.6667,0.5,0.25,0.645015
params_6029,5,0.5,0.5,0.5,1.0,7,0.5,1.0,0.6667,0.8,0,0.0,0,1.0,0.5,0.6667,0.5,0.25,0.645015
params_6030,5,0.5,0.5,0.5,1.0,14,0.5,1.0,0.6667,0.8,0,0.0,0,1.0,0.5,0.6667,0.5,0.25,0.645015
params_6031,5,0.5,0.5,0.5,1.0,21,0.5,1.0,0.6667,0.8,0,0.0,0,1.0,0.5,0.6667,0.5,0.25,0.645015
params_6032,5,0.5,0.5,0.5,1.0,30,0.5,1.0,0.6667,0.8,0,0.0,0,1.0,0.5,0.6667,0.5,0.25,0.645015
params_6109,5,0.5,1.0,0.5,1.0,7,0.5,1.0,0.6667,0.8,0,0.0,0,1.0,0.5,0.6667,0.5,0.25,0.645015
params_6110,5,0.5,1.0,0.5,1.0,14,0.5,1.0,0.6667,0.8,0,0.0,0,1.0,0.5,0.6667,0.5,0.25,0.645015
params_6111,5,0.5,1.0,0.5,1.0,21,0.5,1.0,0.6667,0.8,0,0.0,0,1.0,0.5,0.6667,0.5,0.25,0.645015
params_6112,5,0.5,1.0,0.5,1.0,30,0.5,1.0,0.6667,0.8,0,0.0,0,1.0,0.5,0.6667,0.5,0.25,0.645015
params_6189,5,0.5,1.2,0.5,1.0,7,0.5,1.0,0.6667,0.8,0,0.0,0,1.0,0.5,0.6667,0.5,0.25,0.645015
params_6190,5,0.5,1.2,0.5,1.0,14,0.5,1.0,0.6667,0.8,0,0.0,0,1.0,0.5,0.6667,0.5,0.25,0.645015
params_6191,5,0.5,1.2,0.5,1.0,21,0.5,1.0,0.6667,0.8,0,0.0,0,1.0,0.5,0.6667,0.5,0.25,0.645015
params_6192,5,0.5,1.2,0.5,1.0,30,0.5,1.0,0.6667,0.8,0,0.0,0,1.0,0.5,0.6667,0.5,0.25,0.645015
params_6269,5,0.5,1.5,0.5,1.0,7,0.5,1.0,0.6667,0.8,0,0.0,0,1.0,0.5,0.6667,0.5,0.25,0.645015
params_6270,5,0.5,1.5,0.5,1.0,14,0.5,1.0,0.6667,0.8,0,0.0,0,1.0,0.5,0.6667,0.5,0.25,0.645015
params_6271,5,0.5,1.5,0.5,1.0,21,0.5,1.0,0.6667,0.8,0,0.0,0,1.0,0.5,0.6667,0.5,0.25,0.645015
params_6272,5,0.5,1.5,0.5,1.0,30,0.5,1.0,0.6667,0.8,0,0.0,0,1.0,0.5,0.6667,0.5,0.25,0.645015
params_6429,5,0.75,0.5,0.5,1.0,7,0.5,1.0,0.6667,0.8,0,0.0,0,1.0,0.5,0.6667,0.5,0.25,0.645015
params_6430,5,0.75,0.5,0.5,1.0,14,0.5,1.0,0.6667,0.8,0,0.0,0,1.0,0.5,0.6667,0.5,0.25,0.645015
params_6431,5,0.75,0.5,0.5,1.0,21,0.5,1.0,0.6667,0.8,0,0.0,0,1.0,0.5,0.6667,0.5,0.25,0.645015
params_6432,5,0.75,0.5,0.5,1.0,30,0.5,1.0,0.6667,0.8,0,0.0,0,1.0,0.5,0.6667,0.5,0.25,0.645015
params_6509,5,0.75,1.0,0.5,1.0,7,0.5,1.0,0.6667,0.8,0,0.0,0,1.0,0.5,0.6667,0.5,0.25,0.645015
params_6510,5,0.75,1.0,0.5,1.0,14,0.5,1.0,0.6667,0.8,0,0.0,0,1.0,0.5,0.6667,0.5,0.25,0.645015
params_6511,5,0.75,1.0,0.5,1.0,21,0.5,1.0,0.6667,0.8,0,0.0,0,1.0,0.5,0.6667,0.5,0.25,0.645015
params_6512,5,0.75,1.0,0.5,1.0,30,0.5,1.0,0.6667,0.8,0,0.0,0,1.0,0.5,0.6667,0.5,0.25,0.645015
params_6589,5,0.75,1.2,0.5,1.0,7,0.5,1.0,0.6667,0.8,0,0.0,0,1.0,0.5,0.6667,0.5,0.25,0.645015
params_6590,5,0.75,1.2,0.5,1.0,14,0.5,1.0,0.6667,0.8,0,0.0,0,1.0,0.5,0.6667,0.5,0.25,0.645015
params_6591,5,0.75,1.2,0.5,1.0,21,0.5,1.0,0.6667,0.8,0,0.0,0,1.0,0.5,0.6667,0.5,0.25,0.645015
params_6592,5,0.75,1.2,0.5,1.0,30,0.5,1.0,0.6667,0.8,0,0.0,0,1.0,0.5,0.6667,0.5,0.25,0.645015
params_6669,5,0.75,1.5,0.5,1.0,7,0.5,1.0,0.6667,0.8,0,0.0,0,1.0,0.5,0.6667,0.5,0.25,0.645015
params_6670,5,0.75,1.5,0.5,1.0,14,0.5,1.0,0.6667,0.8,0,0.0,0,1.0,0.5,0.6667,0.5,0.25,0.645015
params_6671,5,0.75,1.5,0.5,1.0,21,0.5,1.0,0.6667,0.8,0,0.0,0,1.0,0.5,0.6667,0.5,0.25,0.645015
params_6672,5,0.75,1.5,0.5,1.0,30,0.5,1.0,0.6667,0.8,0,0.0,0,1.0,0.5,0.6667,0.5,0.25,0.645015
params_6829,5,1.0,0.5,0.5,1.0,7,0.5,1.0,0.6667,0.8,0,0.0,0,1.0,0.5,0.6667,0.5,0.25,0.645015
params_6830,5,1.0,0.5,0.5,1.0,14,0.5,1.0,0.6667,0.8,0,0.0,0,1.0,0.5,0.6667,0.5,0.25,0.645015
params_6831,5,1.0,0.5,0.5,1.0,21,0.5,1.0,0.6667,0.8,0,0.0,0,1.0,0.5,0.6667,0.5,0.25,0.645015
params_6832,5,1.0,0.5,0.5,1.0,30,0.5,1.0,0.6667,0.8,0,0.0,0,1.0,0.5,0.6667,0.5,0.25,0.645015
params_6909,5,1.0,1.0,0.5,1.0,7,0.5,1.0,0.6667,0.8,0,0.0,0,1.0,0.5,0.6667,0.5,0.25,0.645015
params_6910,5,1.0,1.0,0.5,1.0,14,0.5,1.0,0.6667,0.8,0,0.0,0,1.0,0.5,0.6667,0.5,0.25,0.645015
params_6911,5,1.0,1.0,0.5,1.0,21,0.5,1.0,0.6667,0.8,0,0.0,0,1.0,0.5,0.6667,0.5,0.25,0.645015
params_6912,5,1.0,1.0,0.5,1.0,30,0.5,1.0,0.6667,0.8,0,0.0,0,1.0,0.5,0.6667,0.5,0.25,0.645015
params_6989,5,1.0,1.2,0.5,1.0,7,0.5,1.0,0.6667,0.8,0,0.0,0,1.0,0.5,0.6667,0.5,0.25,0.645015
params_6990,5,1.0,1.2,0.5,1.0,14,0.5,1.0,0.6667,0.8,0,0.0,0,1.0,0.5,0.6667,0.5,0.25,0.645015
params_6991,5,1.0,1.2,0.5,1.0,21,0.5,1.0,0.6667,0.8,0,0.0,0,1.0,0.5,0.6667,0.5,0.25,0.645015
params_6992,5,1.0,1.2,0.5,1.0,30,0.5,1.0,0.6667,0.8,0,0.0,0,1.0,0.5,0.6667,0.5,0.25,0.645015
params_7069,5,1.0,1.5,0.5,1.0,7,0.5,1.0,0.6667,0.8,0,0.0,0,1.0,0.5,0.6667,0.5,0.25,0.645015
params_7070,5,1.0,1.5,0.5,1.0,14,0.5,1.0,0.6667,0.8,0,0.0,0,1.0,0.5,0.6667,0.5,0.25,0.645015
params_7071,5,1.0,1.5,0.5,1.0,21,0.5,1.0,0.6667,0.8,0,0.0,0,1.0,0.5,0.6667,0.5,0.25,0.645015
params_7072,5,1.0,1.5,0.5,1.0,30,0.5,1.0,0.6667,0.8,0,0.0,0,1.0,0.5,0.6667,0.5,0.25,0.645015
params_0013,2,0.5,0.5,0.3,1.0,7,0.5,1.0,0.6667,0.8,0,0.0,0,1.0,0.5,0.6667,0.6,0.25,0.638765
params_0014,2,0.5,0.5,0.3,1.0,14,0.5,1.0,0.6667,0.8,0,0.0,0,1.0,0.5,0.6667,0.6,0.25,0.638765
params_0015,2,0.5,0.5,0.3,1.0,21,0.5,1.0,0.6667,0.8,0,0.0,0,1.0,0.5,0.6667,0.6,0.25,0.638765
params_0016,2,0.5,0.5,0.3,1.0,30,0.5,1.0,0.6667,0.8,0,0.0,0,1.0,0.5,0.6667,0.6,0.25,0.638765
params_0093,2,0.5,1.0,0.3,1.0,7,0.5,1.0,0.6667,0.8,0,0.0,0,1.0,0.5,0.6667,0.6,0.25,0.638765
params_0094,2,0.5,1.0,0.3,1.0,14,0.5,1.0,0.6667,0.8,0,0.0,0,1.0,0.5,0.6667,0.6,0.25,0.638765
params_0095,2,0.5,1.0,0.3,1.0,21,0.5,1.0,0.6667,0.8,0,0.0,0,1.0,0.5,0.6667,0.6,0.25,0.638765
params_0096,2,0.5,1.0,0.3,1.0,30,0.5,1.0,0.6667,0.8,0,0.0,0,1.0,0.5,0.6667,0.6,0.25,0.638765
params_0173,2,0.5,1.2,0.3,1.0,7,0.5,1.0,0.6667,0.8,0,0.0,0,1.0,0.5,0.6667,0.6,0.25,0.638765
params_0174,2,0.5,1.2,0.3,1.0,14,0.5,1.0,0.6667,0.8,0,0.0,0,1.0,0.5,0.6667,0.6,0.25,0.638765
params_0175,2,0.5,1.2,0.3,1.0,21,0.5,1.0,0.6667,0.8,0,0.0,0,1.0,0.5,0.6667,0.6,0.25,0.638765
params_0176,2,0.5,1.2,0.3,1.0,30,0.5,1.0,0.6667,0.8,0,0.0,0,1.0,0.5,0.6667,0.6,0.25,0.638765
params_0253,2,0.5,1.5,0.3,1.0,7,0.5,1.0,0.6667,0.8,0,0.0,0,1.0,0.5,0.6667,0.6,0.25,0.638765
params_0254,2,0.5,1.5,0.3,1.0,14,0.5,1.0,0.6667,0.8,0,0.0,0,1.0,0.5,0.6667,0.6,0.25,0.638765
params_0255,2,0.5,1.5,0.3,1.0,21,0.5,1.0,0.6667,0.8,0,0.0,0,1.0,0.5,0.6667,0.6,0.25,0.638765
params_0256,2,0.5,1.5,0.3,1.0,30,0.5,1.0,0.6667,0.8,0,0.0,0,1.0,0.5,0.6667,0.6,0.25,0.638765
params_0413,2,0.75,0.5,0.3,1.0,7,0.5,1.0,0.6667,0.8,0,0.0,0,1.0,0.5,0.6667,0.6,0.25,0.638765
params_0414,2,0.75,0.5,0.3,1.0,14,0.5,1.0,0.6667,0.8,0,0.0,0,1.0,0.5,0.6667,0.6,0.25,0.638765
params_0415,2,0.75,0.5,0.3,1.0,21,0.5,1.0,0.6667,0.8,0,0.0,0,1.0,0.5,0.6667,0.6,0.25,0.638765
params_0416,2,0.75,0.5,0.3,1.0,30,0.5,1.0,0.6667,0.8,0,0.0,0,1.0,0.5,0.6667,0.6,0.25,0.638765
params_0493,2,0.75,1.0,0.3,1.0,7,0.5,1.0,0.6667,0.8,0,0.0,0,1.0,0.5,0.6667,0.6,0.25,0.638765
params_0494,2,0.75,1.0,0.3,1.0,14,0.5,1.0,0.6667,0.8,0,0.0,0,1.0,0.5,0.6667,0.6,0.25,0.638765
params_0495,2,0.75,1.0,0.3,1.0,21,0.5,1.0,0.6667,0.8,0,0.0,0,1.0,0.5,0.6667,0.6,0.25,0.638765
params_0496,2,0.75,1.0,0.3,1.0,30,0.5,1.0,0.6667,0.8,0,0.0,0,1.0,0.5,0.6667,0.6,0.25,0.638765
params_0573,2,0.75,1.2,0.3,1.0,7,0.5,1.0,0.6667,0.8,0,0.0,0,1.0,0.5,0.6667,0.6,0.25,0.638765
params_0574,2,0.75,1.2,0.3,1.0,14,0.5,1.0,0.6667,0.8,0,0.0,0,1.0,0.5,0.6667,0.6,0.25,0.638765
params_0575,2,0.75,1.2,0.3,1.0,21,0.5,1.0,0.6667,0.8,0,0.0,0,1.0,0.5,0.6667,0.6,0.25,0.638765
params_0576,2,0.75,1.2,0.3,1.0,30,0.5,1.0,0.6667,0.8,0,0.0,0,1.0,0.5,0.6667,0.6,0.25,0.638765
params_0653,2,0.75,1.5,0.3,1.0,7,0.5,1.0,0.6667,0.8,0,0.0,0,1.0,0.5,0.6667,0.6,0.25,0.638765
params_0654,2,0.75,1.5,0.3,1.0,14,0.5,1.0,0.6667,0.8,0,0.0,0,1.0,0.5,0.6667,0.6,0.25,0.638765
params_0655,2,0.75,1.5,0.3,1.0,21,0.5,1.0,0.6667,0.8,0,0.0,0,1.0,0.5,0.6667,0.6,0.25,0.638765
params_0656,2,0.75,1.5,0.3,1.0,30,0.5,1.0,0.6667,0.8,0,0.0,0,1.0,0.5,0.6667,0.6,0.25,0.638765
params_0813,2,1.0,0.5,0.3,1.0,7,0.5,1.0,0.6667,0.8,0,0.0,0,1.0,0.5,0.6667,0.6,0.25,0.638765
params_0814,2,1.0,0.5,0.3,1.0,14,0.5,1.0,0.6667,0.8,0,0.0,0,1.0,0.5,0.6667,0.6,0.25,0.638765
params_0815,2,1.0,0.5,0.3,1.0,21,0.5,1.0,0.6667,0.8,0,0.0,0,1.0,0.5,0.6667,0.6,0.25,0.638765
params_0816,2,1.0,0.5,0.3,1.0,30,0.5,1.0,0.6667,0.8,0,0.0,0,1.0,0.5,0.6667,0.6,0.25,0.638765
params_0893,2,1.0,1.0,0.3,1.0,7,0.5,1.0,0.6667,0.8,0,0.0,0,1.0,0.5,0.6667,0.6,0.25,0.638765
params_0894,2,1.0,1.0,0.3,1.0,14,0.5,1.0,0.6667,0.8,0,0.0,0,1.0,0.5,0.6667,0.6,0.25,0.638765
params_0895,2,1.0,1.0,0.3,1.0,21,0.5,1.0,0.6667,0.8,0,0.0,0,1.0,0.5,0.6667,0.6,0.25,0.638765
params_0896,2,1.0,1.0,0.3,1.0,30,0.5,1.0,0.6667,0.8,0,0.0,0,1.0,0.5,0.6667,0.6,0.25,0.638765
params_0973,2,1.0,1.2,0.3,1.0,7,0.5,1.0,0.6667,0.8,0,0.0,0,1.0,0.5,0.6667,0.6,0.25,0.638765
params_0974,2,1.0,1.2,0.3,1.0,14,0.5,1.0,0.6667,0.8,0,0.0,0,1.0,0.5,0.6667,0.6,0.25,0.638765
params_0975,2,1.0,1.2,0.3,1.0,21,0.5,1.0,0.6667,0.8,0,0.0,0,1.0,0.5,0.6667,0.6,0.25,0.638765
params_0976,2,1.0,1.2,0.3,1.0,30,0.5,1.0,0.6667,0.8,0,0.0,0,1.0,0.5,0.6667,0.6,0.25,0.638765
params_1053,2,1.0,1.5,0.3,1.0,7,0.5,1.0,0.6667,0.8,0,0.0,0,1.0,0.5,0.6667,0.6,0.25,0.638765
params_1054,2,1.0,1.5,0.3,1.0,14,0.5,1.0,0.6667,0.8,0,0.0,0,1.0,0.5,0.6667,0.6,0.25,0.638765
params_1055,2,1.0,1.5,0.3,1.0,21,0.5,1.0,0.6667,0.8,0,0.0,0,1.0,0.5,0.6667,0.6,0.25,0.638765
params_1056,2,1.0,1.5,0.3,1.0,30,0.5,1.0,0.6667,0.8,0,0.0,0,1.0,0.5,0.6667,0.6,0.25,0.638765
params_2013,3,0.5,0.5,0.3,1.0,7,0.5,1.0,0.6667,0.8,0,0.0,0,1.0,0.5,0.6667,0.6,0.25,0.638765
params_2014,3,0.5,0.5,0.3,1.0,14,0.5,1.0,0.6667,0.8,0,0.0,0,1.0,0.5,0.6667,0.6,0.25,0.638765
params_2015,3,0.5,0.5,0.3,1.0,21,0.5,1.0,0.6667,0.8,0,0.0,0,1.0,0.5,0.6667,0.6,0.25,0.638765
params_2016,3,0.5,0.5,0.3,1.0,30,0.5,1.0,0.6667,0.8,0,0.0,0,1.0,0.5,0.6667,0.6,0.25,0.638765
params_2093,3,0.5,1.0,0.3,1.0,7,0.5,1.0,0.6667,0.8,0,0.0,0,1.0,0.5,0.6667,0.6,0.25,0.638765
params_2094,3,0.5,1.0,0.3,1.0,14,0.5,1.0,0.6667,0.8,0,0.0,0,1.0,0.5,0.6667,0.6,0.25,0.638765
params_2095,3,0.5,1.0,0.3,1.0,21,0.5,1.0,0.6667,0.8,0,0.0,0,1.0,0.5,0.6667,0.6,0.25,0.638765
params_2096,3,0.5,1.0,0.3,1.0,30,0.5,1.0,0.6667,0.8,0,0.0,0,1.0,0.5,0.6667,0.6,0.25,0.638765
params_2173,3,0.5,1.2,0.3,1.0,7,0.5,1.0,0.6667,0.8,0,0.0,0,1.0,0.5,0.6667,0.6,0.25,0.638765
params_2174,3,0.5,1.2,0.3,1.0,14,0.5,1.0,0.6667,0.8,0,0.0,0,1.0,0.5,0.6667,0.6,0.25,0.638765
params_2175,3,0.5,1.2,0.3,1.0,21,0.5,1.0,0.6667,0.8,0,0.0,0,1.0,0.5,0.6667,0.6,0.25,0.638765
params_2176,3,0.5,1.2,0.3,1.0,30,0.5,1.0,0.6667,0.8,0,0.0,0,1.0,0.5,0.6667,0.6,0.25,0.638765
params_2253,3,0.5,1.5,0.3,1.0,7,0.5,1.0,0.6667,0.8,0,0.0,0,1.0,0.5,0.6667,0.6,0.25,0.638765
params_2254,3,0.5,1.5,0.3,1.0,14,0.5,1.0,0.6667,0.8,0,0.0,0,1.0,0.5,0.6667,0.6,0.25,0.638765
params_2255,3,0.5,1.5,0.3,1.0,21,0.5,1.0,0.6667,0.8,0,0.0,0,1.0,0.5,0.6667,0.6,0.25,0.638765
params_2256,3,0.5,1.5,0.3,1.0,30,0.5,1.0,0.6667,0.8,0,0.0,0,1.0,0.5,0.6667,0.6,0.25,0.638765
params_2413,3,0.75,0.5,0.3,1.0,7,0.5,1.0,0.6667,0.8,0,0.0,0,1.0,0.5,0.6667,0.6,0.25,0.638765
params_2414,3,0.75,0.5,0.3,1.0,14,0.5,1.0,0.6667,0.8,0,0.0,0,1.0,0.5,0.6667,0.6,0.25,0.638765
params_2415,3,0.75,0.5,0.3,1.0,21,0.5,1.0,0.6667,0.8,0,0.0,0,1.0,0.5,0.6667,0.6,0.25,0.638765
params_2416,3,0.75,0.5,0.3,1.0,30,0.5,1.0,0.6667,0.8,0,0.0,0,1.0,0.5,0.6667,0.6,0.25,0.638765
params_2493,3,0.75,1.0,0.3,1.0,7,0.5,1.0,0.6667,0.8,0,0.0,0,1.0,0.5,0.6667,0.6,0.25,0.638765
params_2494,3,0.75,1.0,0.3,1.0,14,0.5,1.0,0.6667,0.8,0,0.0,0,1.0,0.5,0.6667,0.6,0.25,0.638765
params_2495,3,0.75,1.0,0.3,1.0,21,0.5,1.0,0.6667,0.8,0,0.0,0,1.0,0.5,0.6667,0.6,0.25,0.638765
params_2496,3,0.75,1.0,0.3,1.0,30,0.5,1.0,0.6667,0.8,0,0.0,0,1.0,0.5,0.6667,0.6,0.25,0.638765
params_2573,3,0.75,1.2,0.3,1.0,7,0.5,1.0,0.6667,0.8,0,0.0,0,1.0,0.5,0.6667,0.6,0.25,0.638765
params_2574,3,0.75,1.2,0.3,1.0,14,0.5,1.0,0.6667,0.8,0,0.0,0,1.0,0.5,0.6667,0.6,0.25,0.638765
params_2575,3,0.75,1.2,0.3,1.0,21,0.5,1.0,0.6667,0.8,0,0.0,0,1.0,0.5,0.6667,0.6,0.25,0.638765
params_2576,3,0.75,1.2,0.3,1.0,30,0.5,1.0,0.6667,0.8,0,0.0,0,1.0,0.5,0.6667,0.6,0.25,0.638765
params_2653,3,0.75,1.5,0.3,1.0,7,0.5,1.0,0.6667,0.8,0,0.0,0,1.0,0.5,0.6667,0.6,0.25,0.638765
params_2654,3,0.75,1.5,0.3,1.0,14,0.5,1.0,0.6667,0.8,0,0.0,0,1.0,0.5,0.6667,0.6,0.25,0.638765
params_2655,3,0.75,1.5,0.3,1.0,21,0.5,1.0,0.6667,0.8,0,0.0,0,1.0,0.5,0.6667,0.6,0.25,0.638765
params_2656,3,0.75,1.5,0.3,1.0,30,0.5,1.0,0.6667,0.8,0,0.0,0,1.0,0.5,0.6667,0.6,0.25,0.638765
params_2813,3,1.0,0.5,0.3,1.0,7,0.5,1.0,0.6667,0.8,0,0.0,0,1.0,0.5,0.6667,0.6,0.25,0.638765
params_2814,3,1.0,0.5,0.3,1.0,14,0.5,1.0,0.6667,0.8,0,0.0,0,1.0,0.5,0.6667,0.6,0.25,0.638765
params_2815,3,1.0,0.5,0.3,1.0,21,0.5,1.0,0.6667,0.8,0,0.0,0,1.0,0.5,0.6667,0.6,0.25,0.638765
params_2816,3,1.0,0.5,0.3,1.0,30,0.5,1.0,0.6667,0.8,0,0.0,0,1.0,0.5,0.6667,0.6,0.25,0.638765
params_2893,3,1.0,1.0,0.3,1.0,7,0.5,1.0,0.6667,0.8,0,0.0,0,1.0,0.5,0.6667,0.6,0.25,0.638765
params_2894,3,1.0,1.0,0.3,1.0,14,0.5,1.0,0.6667,0.8,0,0.0,0,1.0,0.5,0.6667,0.6,0.25,0.638765
params_2895,3,1.0,1.0,0.3,1.0,21,0.5,1.0,0.6667,0.8,0,0.0,0,1.0,0.5,0.6667,0.6,0.25,0.638765
params_2896,3,1.0,1.0,0.3,1.0,30,0.5,1.0,0.6667,0.8,0,0.0,0,1.0,0.5,0.6667,0.6,0.25,0.638765
params_2973,3,1.0,1.2,0.3,1.0,7,0.5,1.0,0.6667,0.8,0,0.0,0,1.0,0.5,0.6667,0.6,0.25,0.638765
params_2974,3,1.0,1.2,0.3,1.0,14,0.5,1.0,0.6667,0.8,0,0.0,0,1.0,0.5,0.6667,0.6,0.25,0.638765
params_2975,3,1.0,1.2,0.3,1.0,21,0.5,1.0,0.6667,0.8,0,0.0,0,1.0,0.5,0.6667,0.6,0.25,0.638765
params_2976,3,1.0,1.2,0.3,1.0,30,0.5,1.0,0.6667,0.8,0,0.0,0,1.0,0.5,0.6667,0.6,0.25,0.638765
params_3053,3,1.0,1.5,0.3,1.0,7,0.5,1.0,0.6667,0.8,0,0.0,0,1.0,0.5,0.6667,0.6,0.25,0.638765
params_3054,3,1.0,1.5,0.3,1.0,14,0.5,1.0,0.6667,0.8,0,0.0,0,1.0,0.5,0.6667,0.6,0.25,0.638765
params_3055,3,1.0,1.5,0.3,1.0,21,0.5,1.0,0.6667,0.8,0,0.0,0,1.0,0.5,0.6667,0.6,0.25,0.638765
params_3056,3,1.0,1.5,0.3,1.0,30,0.5,1.0,0.6667,0.8,0,0.0,0,1.0,0.5,0.6667,0.6,0.25,0.638765
params_4013,4,0.5,0.5,0.3,1.0,7,0.5,1.0,0.6667,0.8,0,0.0,0,1.0,0.5,0.6667,0.6,0.25,0.638765
params_4014,4,0.5,0.5,0.3,1.0,14,0.5,1.0,0.6667,0.8,0,0.0,0,1.0,0.5,0.6667,0.6,0.25,0.638765
params_4015,4,0.5,0.5,0.3,1.0,21,0.5,1.0,0.6667,0.8,0,0.0,0,1.0,0.5,0.6667,0.6,0.25,0.638765
params_4016,4,0.5,0.5,0.3,1.0,30,0.5,1.0,0.6667,0.8,0,0.0,0,1.0,0.5,0.6667,0.6,0.25,0.638765
params_4093,4,0.5,1.0,0.3,1.0,7,0.5,1.0,0.6667,0.8,0,0.0,0,1.0,0.5,0.6667,0.6,0.25,0.638765
params_4094,4,0.5,1.0,0.3,1.0,14,0.5,1.0,0.6667,0.8,0,0.0,0,1.0,0.5,0.6667,0.6,0.25,0.638765
params_4095,4,0.5,1.0,0.3,1.0,21,0.5,1.0,0.6667,0.8,0,0.0,0,1.0,0.5,0.6667,0.6,0.25,0.638765
params_4096,4,0.5,1.0,0.3,1.0,30,0.5,1.0,0.6667,0.8,0,0.0,0,1.0,0.5,0.6667,0.6,0.25,0.638765
params_4173,4,0.5,1.2,0.3,1.0,7,0.5,1.0,0.6667,0.8,0,0.0,0,1.0,0.5,0.6667,0.6,0.25,0.638765
params_4174,4,0.5,1.2,0.3,1.0,14,0.5,1.0,0.6667,0.8,0,0.0,0,1.0,0.5,0.6667,0.6,0.25,0.638765
params_4175,4,0.5,1.2,0.3,1.0,21,0.5,1.0,0.6667,0.8,0,0.0,0,1.0,0.5,0.6667,0.6,0.25,0.638765
params_4176,4,0.5,1.2,0.3,1.0,30,0.5,1.0,0.6667,0.8,0,0.0,0,1.0,0.5,0.6667,0.6,0.25,0.638765
params_4253,4,0.5,1.5,0.3,1.0,7,0.5,1.0,0.6667,0.8,0,0.0,0,1.0,0.5,0.6667,0.6,0.25,0.638765
params_4254,4,0.5,1.5,0.3,1.0,14,0.5,1.0,0.6667,0.8,0,0.0,0,1.0,0.5,0.6667,0.6,0.25,0.638765
params_4255,4,0.5,1.5,0.3,1.0,21,0.5,1.0,0.6667,0.8,0,0.0,0,1.0,0.5,0.6667,0.6,0.25,0.638765
params_4256,4,0.5,1.5,0.3,1.0,30,0.5,1.0,0.6667,0.8,0,0.0,0,1.0,0.5,0.6667,0.6,0.25,0.638765
params_4413,4,0.75,0.5,0.3,1.0,7,0.5,1.0,0.6667,0.8,0,0.0,0,1.0,0.5,0.6667,0.6,0.25,0.638765
params_4414,4,0.75,0.5,0.3,1.0,14,0.5,1.0,0.6667,0.8,0,0.0,0,1.0,0.5,0.6667,0.6,0.25,0.638765
params_4415,4,0.75,0.5,0.3,1.0,21,0.5,1.0,0.6667,0.8,0,0.0,0,1.0,0.5,0.6667,0.6,0.25,0.638765
params_4416,4,0.75,0.5,0.3,1.0,30,0.5,1.0,0.6667,0.8,0,0.0,0,1.0,0.5,0.6667,0.6,0.25,0.638765
params_4493,4,0.75,1.0,0.3,1.0,7,0.5,1.0,0.6667,0.8,0,0.0,0,1.0,0.5,0.6667,0.6,0.25,0.638765
params_4494,4,0.75,1.0,0.3,1.0,14,0.5,1.0,0.6667,0.8,0,0.0,0,1.0,0.5,0.6667,0.6,0.25,0.638765
params_4495,4,0.75,1.0,0.3,1.0,21,0.5,1.0,0.6667,0.8,0,0.0,0,1.0,0.5,0.6667,0.6,0.25,0.638765
params_4496,4,0.75,1.0,0.3,1.0,30,0.5,1.0,0.6667,0.8,0,0.0,0,1.0,0.5,0.6667,0.6,0.25,0.638765
params_4573,4,0.75,1.2,0.3,1.0,7,0.5,1.0,0.6667,0.8,0,0.0,0,1.0,0.5,0.6667,0.6,0.25,0.638765
params_4574,4,0.75,1.2,0.3,1.0,14,0.5,1.0,0.6667,0.8,0,0.0,0,1.0,0.5,0.6667,0.6,0.25,0.638765
params_4575,4,0.75,1.2,0.3,1.0,21,0.5,1.0,0.6667,0.8,0,0.0,0,1.0,0.5,0.6667,0.6,0.25,0.638765
params_4576,4,0.75,1.2,0.3,1.0,30,0.5,1.0,0.6667,0.8,0,0.0,0,1.0,0.5,0.6667,0.6,0.25,0.638765
params_4653,4,0.75,1.5,0.3,1.0,7,0.5,1.0,0.6667,0.8,0,0.0,0,1.0,0.5,0.6667,0.6,0.25,0.638765
params_4654,4,0.75,1.5,0.3,1.0,14,0.5,1.0,0.6667,0.8,0,0.0,0,1.0,0.5,0.6667,0.6,0.25,0.638765
params_4655,4,0.75,1.5,0.3,1.0,21,0.5,1.0,0.6667,0.8,0,0.0,0,1.0,0.5,0.6667,0.6,0.25,0.638765
params_4656,4,0.75,1.5,0.3,1.0,30,0.5,1.0,0.6667,0.8,0,0.0,0,1.0,0.5,0.6667,0.6,0.25,0.638765
params_4813,4,1.0,0.5,0.3,1.0,7,0.5,1.0,0.6667,0.8,0,0.0,0,1.0,0.5,0.6667,0.6,0.25,0.638765
params_4814,4,1.0,0.5,0.3,1.0,14,0.5,1.0,0.6667,0.8,0,0.0,0,1.0,0.5,0.6667,0.6,0.25,0.638765
params_4815,4,1.0,0.5,0.3,1.0,21,0.5,1.0,0.6667,0.8,0,0.0,0,1.0,0.5,0.6667,0.6,0.25,0.638765
params_4816,4,1.0,0.5,0.3,1.0,30,0.5,1.0,0.6667,0.8,0,0.0,0,1.0,0.5,0.6667,0.6,0.25,0.638765
params_4893,4,1.0,1.0,0.3,1.0,7,0.5,1.0,0.6667,0.8,0,0.0,0,1.0,0.5,0.6667,0.6,0.25,0.638765
params_4894,4,1.0,1.0,0.3,1.0,14,0.5,1.0,0.6667,0.8,0,0.0,0,1.0,0.5,0.6667,0.6,0.25,0.638765
params_4895,4,1.0,1.0,0.3,1.0,21,0.5,1.0,0.6667,0.8,0,0.0,0,1.0,0.5,0.6667,0.6,0.25,0.638765
params_4896,4,1.0,1.0,0.3,1.0,30,0.5,1.0,0.6667,0.8,0,0.0,0,1.0,0.5,0.6667,0.6,0.25,0.638765
params_4973,4,1.0,1.2,0.3,1.0,7,0.5,1.0,0.6667,0.8,0,0.0,0,1.0,0.5,0.6667,0.6,0.25,0.638765
params_4974,4,1.0,1.2,0.3,1.0,14,0.5,1.0,0.6667,0.8,0,0.0,0,1.0,0.5,0.6667,0.6,0.25,0.638765
params_4975,4,1.0,1.2,0.3,1.0,21,0.5,1.0,0.6667,0.8,0,0.0,0,1.0,0.5,0.6667,0.6,0.25,0.638765
params_4976,4,1.0,1.2,0.3,1.0,30,0.5,1.0,0.6667,0.8,0,0.0,0,1.0,0.5,0.6667,0.6,0.25,0.638765
params_5053,4,1.0,1.5,0.3,1.0,7,0.5,1.0,0.6667,0.8,0,0.0,0,1.0,0.5,0.6667,0.6,0.25,0.638765
params_5054,4,1.0,1.5,0.3,1.0,14,0.5,1.0,0.6667,0.8,0,0.0,0,1.0,0.5,0.6667,0.6,0.25,0.638765
params_5055,4,1.0,1.5,0.3,1.0,21,0.5,1.0,0.6667,0.8,0,0.0,0,1.0,0.5,0.6667,0.6,0.25,0.638765
params_5056,4,1.0,1.5,0.3,1.0,30,0.5,1.0,0.6667,0.8,0,0.0,0,1.0,0.5,0.6667,0.6,0.25,0.638765
params_6013,5,0.5,0.5,0.3,1.0,7,0.5,1.0,0.6667,0.8,0,0.0,0,1.0,0.5,0.6667,0.6,0.25,0.638765
params_6014,5,0.5,0.5,0.3,1.0,14,0.5,1.0,0.6667,0.8,0,0.0,0,1.0,0.5,0.6667,0.6,0.25,0.638765
params_6015,5,0.5,0.5,0.3,1.0,21,0.5,1.0,0.6667,0.8,0,0.0,0,1.0,0.5,0.6667,0.6,0.25,0.638765
params_6016,5,0.5,0.5,0.3,1.0,30,0.5,1.0,0.6667,0.8,0,0.0,0,1.0,0.5,0.6667,0.6,0.25,0.638765
params_6093,5,0.5,1.0,0.3,1.0,7,0.5,1.0,0.6667,0.8,0,0.0,0,1.0,0.5,0.6667,0.6,0.25,0.638765
params_6094,5,0.5,1.0,0.3,1.0,14,0.5,1.0,0.6667,0.8,0,0.0,0,1.0,0.5,0.6667,0.6,0.25,0.638765
params_6095,5,0.5,1.0,0.3,1.0,21,0.5,1.0,0.6667,0.8,0,0.0,0,1.0,0.5,0.6667,0.6,0.25,0.638765
params_6096,5,0.5,1.0,0.3,1.0,30,0.5,1.0,0.6667,0.8,0,0.0,0,1.0,0.5,0.6667,0.6,0.25,0.638765
params_6173,5,0.5,1.2,0.3,1.0,7,0.5,1.0,0.6667,0.8,0,0.0,0,1.0,0.5,0.6667,0.6,0.25,0.638765
params_6174,5,0.5,1.2,0.3,1.0,14,0.5,1.0,0.6667,0.8,0,0.0,0,1.0,0.5,0.6667,0.6,0.25,0.638765
params_6175,5,0.5,1.2,0.3,1.0,21,0.5,1.0,0.6667,0.8,0,0.0,0,1.0,0.5,0.6667,0.6,0.25,0.638765
params_6176,5,0.5,1.2,0.3,1.0,30,0.5,1.0,0.6667,0.8,0,0.0,0,1.0,0.5,0.6667,0.6,0.25,0.638765
params_6253,5,0.5,1.5,0.3,1.0,7,0.5,1.0,0.6667,0.8,0,0.0,0,1.0,0.5,0.6667,0.6,0.25,0.638765
params_6254,5,0.5,1.5,0.3,1.0,14,0.5,1.0,0.6667,0.8,0,0.0,0,1.0,0.5,0.6667,0.6,0.25,0.638765
params_6255,5,0.5,1.5,0.3,1.0,21,0.5,1.0,0.6667,0.8,0,0.0,0,1.0,0.5,0.6667,0.6,0.25,0.638765
params_6256,5,0.5,1.5,0.3,1.0,30,0.5,1.0,0.6667,0.8,0,0.0,0,1.0,0.5,0.6667,0.6,0.25,0.638765
params_6413,5,0.75,0.5,0.3,1.0,7,0.5,1.0,0.6667,0.8,0,0.0,0,1.0,0.5,0.6667,0.6,0.25,0.638765
params_6414,5,0.75,0.5,0.3,1.0,14,0.5,1.0,0.6667,0.8,0,0.0,0,1.0,0.5,0.6667,0.6,0.25,0.638765
params_6415,5,0.75,0.5,0.3,1.0,21,0.5,1.0,0.6667,0.8,0,0.0,0,1.0,0.5,0.6667,0.6,0.25,0.638765
params_6416,5,0.75,0.5,0.3,1.0,30,0.5,1.0,0.6667,0.8,0,0.0,0,1.0,0.5,0.6667,0.6,0.25,0.638765
params_6493,5,0.75,1.0,0.3,1.0,7,0.5,1.0,0.6667,0.8,0,0.0,0,1.0,0.5,0.6667,0.6,0.25,0.638765
params_6494,5,0.75,1.0,0.3,1.0,14,0.5,1.0,0.6667,0.8,0,0.0,0,1.0,0.5,0.6667,0.6,0.25,0.638765
params_6495,5,0.75,1.0,0.3,1.0,21,0.5,1.0,0.6667,0.8,0,0.0,0,1.0,0.5,0.6667,0.6,0.25,0.638765
params_6496,5,0.75,1.0,0.3,1.0,30,0.5,1.0,0.6667,0.8,0,0.0,0,1.0,0.5,0.6667,0.6,0.25,0.638765
params_6573,5,0.75,1.2,0.3,1.0,7,0.5,1.0,0.6667,0.8,0,0.0,0,1.0,0.5,0.6667,0.6,0.25,0.638765
params_6574,5,0.75,1.2,0.3,1.0,14,0.5,1.0,0.6667,0.8,0,0.0,0,1.0,0.5,0.6667,0.6,0.25,0.638765
params_6575,5,0.75,1.2,0.3,1.0,21,0.5,1.0,0.6667,0.8,0,0.0,0,1.0,0.5,0.6667,0.6,0.25,0.638765
params_6576,5,0.75,1.2,0.3,1.0,30,0.5,1.0,0.6667,0.8,0,0.0,0,1.0,0.5,0.6667,0.6,0.25,0.638765
params_6653,5,0.75,1.5,0.3,1.0,7,0.5,1.0,0.6667,0.8,0,0.0,0,1.0,0.5,0.6667,0.6,0.25,0.638765
params_6654,5,0.75,1.5,0.3,1.0,14,0.5,1.0,0.6667,0.8,0,0.0,0,1.0,0.5,0.6667,0.6,0.25,0.638765
params_6655,5,0.75,1.5,0.3,1.0,21,0.5,1.0,0.6667,0.8,0,0.0,0,1.0,0.5,0.6667,0.6,0.25,0.638765
params_6656,5,0.75,1.5,0.3,1.0,30,0.5,1.0,0.6667,0.8,0,0.0,0,1.0,0.5,0.6667,0.6,0.25,0.638765
params_6813,5,1.0,0.5,0.3,1.0,7,0.5,1.0,0.6667,0.8,0,0.0,0,1.0,0.5,0.6667,0.6,0.25,0.638765
params_6814,5,1.0,0.5,0.3,1.0,14,0.5,1.0,0.6667,0.8,0,0.0,0,1.0,0.5,0.6667,0.6,0.25,0.638765
params_6815,5,1.0,0.5,0.3,1.0,21,0.5,1.0,0.6667,0.8,0,0.0,0,1.0,0.5,0.6667,0.6,0.25,0.638765
params_6816,5,1.0,0.5,0.3,1.0,30,0.5,1.0,0.6667,0.8,0,0.0,0,1.0,0.5,0.6667,0.6,0.25,0.638765
params_6893,5,1.0,1.0,0.3,1.0,7,0.5,1.0,0.6667,0.8,0,0.0,0,1.0,0.5,0.6667,0.6,0.25,0.638765
params_6894,5,1.0,1.0,0.3,1.0,14,0.5,1.0,0.6667,0.8,0,0.0,0,1.0,0.5,0.6667,0.6,0.25,0.638765
params_6895,5,1.0,1.0,0.3,1.0,21,0.5,1.0,0.6667,0.8,0,0.0,0,1.0,0.5,0.6667,0.6,0.25,0.638765
params_6896,5,1.0,1.0,0.3,1.0,30,0.5,1.0,0.6667,0.8,0,0.0,0,1.0,0.5,0.6667,0.6,0.25,0.638765
params_6973,5,1.0,1.2,0.3,1.0,7,0.5,1.0,0.6667,0.8,0,0.0,0,1.0,0.5,0.6667,0.6,0.25,0.638765
params_6974,5,1.0,1.2,0.3,1.0,14,0.5,1.0,0.6667,0.8,0,0.0,0,1.0,0.5,0.6667,0.6,0.25,0.638765
params_6975,5,1.0,1.2,0.3,1.0,21,0.5,1.0,0.6667,0.8,0,0.0,0,1.0,0.5,0.6667,0.6,0.25,0.638765
params_6976,5,1.0,1.2,0.3,1.0,30,0.5,1.0,0.6667,0.8,0,0.0,0,1.0,0.5,0.6667,0.6,0.25,0.638765
params_7053,5,1.0,1.5,0.3,1.0,7,0.5,1.0,0.6667,0.8,0,0.0,0,1.0,0.5,0.6667,0.6,0.25,0.638765
params_7054,5,1.0,1.5,0.3,1.0,14,0.5,1.0,0.6667,0.8,0,0.0,0,1.0,0.5,0.6667,0.6,0.25,0.638765
params_7055,5,1.0,1.5,0.3,1.0,21,0.5,1.0,0.6667,0.8,0,0.0,0,1.0,0.5,0.6667,0.6,0.25,0.638765
params_7056,5,1.0,1.5,0.3,1.0,30,0.5,1.0,0.6667,0.8,0,0.0,0,1.0,0.5,0.6667,0.6,0.25,0.638765
params_1266,2,1.5,0.5,0.9,0.3,14,0.25,0,0.0,0,1.0,1.0,1.0,1.0,0.25,0.4,0.75,0.04,0.472445
params_1270,2,1.5,0.5,0.9,0.5,14,0.25,0,0.0,0,1.0,1.0,1.0,1.0,0.25,0.4,0.75,0.04,0.472445
params_1274,2,1.5,0.5,0.9,0.7,14,0.25,0,0.0,0,1.0,1.0,1.0,1.0,0.25,0.4,0.75,0.04,0.472445
params_1346,2,1.5,1.0,0.9,0.3,14,0.25,0,0.0,0,1.0,1.0,1.0,1.0,0.25,0.4,0.75,0.04,0.472445
params_1350,2,1.5,1.0,0.9,0.5,14,0.25,0,0.0,0,1.0,1.0,1.0,1.0,0.25,0.4,0.75,0.04,0.472445
params_1354,2,1.5,1.0,0.9,0.7,14,0.25,0,0.0,0,1.0,1.0,1.0,1.0,0.25,0.4,0.75,0.04,0.472445
params_1426,2,1.5,1.2,0.9,0.3,14,0.25,0,0.0,0,1.0,1.0,1.0,1.0,0.25,0.4,0.75,0.04,0.472445
params_1430,2,1.5,1.2,0.9,0.5,14,0.25,0,0.0,0,1.0,1.0,1.0,1.0,0.25,0.4,0.75,0.04,0.472445
params_1434,2,1.5,1.2,0.9,0.7,14,0.25,0,0.0,0,1.0,1.0,1.0,1.0,0.25,0.4,0.75,0.04,0.472445
params_1506,2,1.5,1.5,0.9,0.3,14,0.25,0,0.0,0,1.0,1.0,1.0,1.0,0.25,0.4,0.75,0.04,0.472445
params_1510,2,1.5,1.5,0.9,0.5,14,0.25,0,0.0,0,1.0,1.0,1.0,1.0,0.25,0.4,0.75,0.04,0.472445
params_1514,2,1.5,1.5,0.9,0.7,14,0.25,0,0.0,0,1.0,1.0,1.0,1.0,0.25,0.4,0.75,0.04,0.472445
params_1586,2,1.5,2.0,0.9,0.3,14,0.25,0,0.0,0,1.0,1.0,1.0,1.0,0.25,0.4,0.75,0.04,0.472445
params_1590,2,1.5,2.0,0.9,0.5,14,0.25,0,0.0,0,1.0,1.0,1.0,1.0,0.25,0.4,0.75,0.04,0.472445
params_1594,2,1.5,2.0,0.9,0.7,14,0.25,0,0.0,0,1.0,1.0,1.0,1.0,0.25,0.4,0.75,0.04,0.472445
params_1666,2,2.0,0.5,0.9,0.3,14,0.25,0,0.0,0,1.0,1.0,1.0,1.0,0.25,0.4,0.75,0.04,0.472445
params_1670,2,2.0,0.5,0.9,0.5,14,0.25,0,0.0,0,1.0,1.0,1.0,1.0,0.25,0.4,0.75,0.04,0.472445
params_1674,2,2.0,0.5,0.9,0.7,14,0.25,0,0.0,0,1.0,1.0,1.0,1.0,0.25,0.4,0.75,0.04,0.472445
params_1746,2,2.0,1.0,0.9,0.3,14,0.25,0,0.0,0,1.0,1.0,1.0,1.0,0.25,0.4,0.75,0.04,0.472445
params_1750,2,2.0,1.0,0.9,0.5,14,0.25,0,0.0,0,1.0,1.0,1.0,1.0,0.25,0.4,0.75,0.04,0.472445
params_1754,2,2.0,1.0,0.9,0.7,14,0.25,0,0.0,0,1.0,1.0,1.0,1.0,0.25,0.4,0.75,0.04,0.472445
params_1826,2,2.0,1.2,0.9,0.3,14,0.25,0,0.0,0,1.0,1.0,1.0,1.0,0.25,0.4,0.75,0.04,0.472445
params_1830,2,2.0,1.2,0.9,0.5,14,0.25,0,0.0,0,1.0,1.0,1.0,1.0,0.25,0.4,0.75,0.04,0.472445
params_1834,2,2.0,1.2,0.9,0.7,14,0.25,0,0.0,0,1.0,1.0,1.0,1.0,0.25,0.4,0.75,0.04,0.472445
params_1906,2,2.0,1.5,0.9,0.3,14,0.25,0,0.0,0,1.0,1.0,1.0,1.0,0.25,0.4,0.75,0.04,0.472445
params_1910,2,2.0,1.5,0.9,0.5,14,0.25,0,0.0,0,1.0,1.0,1.0,1.0,0.25,0.4,0.75,0.04,0.472445
params_1914,2,2.0,1.5,0.9,0.7,14,0.25,0,0.0,0,1.0,1.0,1.0,1.0,0.25,0.4,0.75,0.04,0.472445
params_1986,2,2.0,2.0,0.9,0.3,14,0.25,0,0.0,0,1.0,1.0,1.0,1.0,0.25,0.4,0.75,0.04,0.472445
params_1990,2,2.0,2.0,0.9,0.5,14,0.25,0,0.0,0,1.0,1.0,1.0,1.0,0.25,0.4,0.75,0.04,0.472445
params_1994,2,2.0,2.0,0.9,0.7,14,0.25,0,0.0,0,1.0,1.0,1.0,1.0,0.25,0.4,0.75,0.04,0.472445
params_3266,3,1.5,0.5,0.9,0.3,14,0.25,0,0.0,0,1.0,1.0,1.0,1.0,0.25,0.4,0.75,0.04,0.472445
params_3270,3,1.5,0.5,0.9,0.5,14,0.25,0,0.0,0,1.0,1.0,1.0,1.0,0.25,0.4,0.75,0.04,0.472445
params_3274,3,1.5,0.5,0.9,0.7,14,0.25,0,0.0,0,1.0,1.0,1.0,1.0,0.25,0.4,0.75,0.04,0.472445
params_3346,3,1.5,1.0,0.9,0.3,14,0.25,0,0.0,0,1.0,1.0,1.0,1.0,0.25,0.4,0.75,0.04,0.472445
params_3350,3,1.5,1.0,0.9,0.5,14,0.25,0,0.0,0,1.0,1.0,1.0,1.0,0.25,0.4,0.75,0.04,0.472445
params_3354,3,1.5,1.0,0.9,0.7,14,0.25,0,0.0,0,1.0,1.0,1.0,1.0,0.25,0.4,0.75,0.04,0.472445
params_3426,3,1.5,1.2,0.9,0.3,14,0.25,0,0.0,0,1.0,1.0,1.0,1.0,0.25,0.4,0.75,0.04,0.472445
params_3430,3,1.5,1.2,0.9,0.5,14,0.25,0,0.0,0,1.0,1.0,1.0,1.0,0.25,0.4,0.75,0.04,0.472445
params_3434,3,1.5,1.2,0.9,0.7,14,0.25,0,0.0,0,1.0,1.0,1.0,1.0,0.25,0.4,0.75,0.04,0.472445
params_3506,3,1.5,1.5,0.9,0.3,14,0.25,0,0.0,0,1.0,1.0,1.0,1.0,0.25,0.4,0.75,0.04,0.472445
params_3510,3,1.5,1.5,0.9,0.5,14,0.25,0,0.0,0,1.0,1.0,1.0,1.0,0.25,0.4,0.75,0.04,0.472445
params_3514,3,1.5,1.5,0.9,0.7,14,0.25,0,0.0,0,1.0,1.0,1.0,1.0,0.25,0.4,0.75,0.04,0.472445
params_3586,3,1.5,2.0,0.9,0.3,14,0.25,0,0.0,0,1.0,1.0,1.0,1.0,0.25,0.4,0.75,0.04,0.472445
params_3590,3,1.5,2.0,0.9,0.5,14,0.25,0,0.0,0,1.0,1.0,1.0,1.0,0.25,0.4,0.75,0.04,0.472445
params_3594,3,1.5,2.0,0.9,0.7,14,0.25,0,0.0,0,1.0,1.0,1.0,1.0,0.25,0.4,0.75,0.04,0.472445
params_3666,3,2.0,0.5,0.9,0.3,14,0.25,0,0.0,0,1.0,1.0,1.0,1.0,0.25,0.4,0.75,0.04,0.472445
params_3670,3,2.0,0.5,0.9,0.5,14,0.25,0,0.0,0,1.0,1.0,1.0,1.0,0.25,0.4,0.75,0.04,0.472445
params_3674,3,2.0,0.5,0.9,0.7,14,0.25,0,0.0,0,1.0,1.0,1.0,1.0,0.25,0.4,0.75,0.04,0.472445
params_3746,3,2.0,1.0,0.9,0.3,14,0.25,0,0.0,0,1.0,1.0,1.0,1.0,0.25,0.4,0.75,0.04,0.472445
params_3750,3,2.0,1.0,0.9,0.5,14,0.25,0,0.0,0,1.0,1.0,1.0,1.0,0.25,0.4,0.75,0.04,0.472445
params_3754,3,2.0,1.0,0.9,0.7,14,0.25,0,0.0,0,1.0,1.0,1.0,1.0,0.25,0.4,0.75,0.04,0.472445
params_3826,3,2.0,1.2,0.9,0.3,14,0.25,0,0.0,0,1.0,1.0,1.0,1.0,0.25,0.4,0.75,0.04,0.472445
params_3830,3,2.0,1.2,0.9,0.5,14,0.25,0,0.0,0,1.0,1.0,1.0,1.0,0.25,0.4,0.75,0.04,0.472445
params_3834,3,2.0,1.2,0.9,0.7,14,0.25,0,0.0,0,1.0,1.0,1.0,1.0,0.25,0.4,0.75,0.04,0.472445
params_3906,3,2.0,1.5,0.9,0.3,14,0.25,0,0.0,0,1.0,1.0,1.0,1.0,0.25,0.4,0.75,0.04,0.472445
params_3910,3,2.0,1.5,0.9,0.5,14,0.25,0,0.0,0,1.0,1.0,1.0,1.0,0.25,0.4,0.75,0.04,0.472445
params_3914,3,2.0,1.5,0.9,0.7,14,0.25,0,0.0,0,1.0,1.0,1.0,1.0,0.25,0.4,0.75,0.04,0.472445
params_3986,3,2.0,2.0,0.9,0.3,14,0.25,0,0.0,0,1.0,1.0,1.0,1.0,0.25,0.4,0.75,0.04,0.472445
params_3990,3,2.0,2.0,0.9,0.5,14,0.25,0,0.0,0,1.0,1.0,1.0,1.0,0.25,0.4,0.75,0.04,0.472445
params_3994,3,2.0,2.0,0.9,0.7,14,0.25,0,0.0,0,1.0,1.0,1.0,1.0,0.25,0.4,0.75,0.04,0.472445
params_5266,4,1.5,0.5,0.9,0.3,14,0.25,0,0.0,0,1.0,1.0,1.0,1.0,0.25,0.4,0.75,0.04,0.472445
params_5270,4,1.5,0.5,0.9,0.5,14,0.25,0,0.0,0,1.0,1.0,1.0,1.0,0.25,0.4,0.75,0.04,0.472445
params_5274,4,1.5,0.5,0.9,0.7,14,0.25,0,0.0,0,1.0,1.0,1.0,1.0,0.25,0.4,0.75,0.04,0.472445
params_5346,4,1.5,1.0,0.9,0.3,14,0.25,0,0.0,0,1.0,1.0,1.0,1.0,0.25,0.4,0.75,0.04,0.472445
params_5350,4,1.5,1.0,0.9,0.5,14,0.25,0,0.0,0,1.0,1.0,1.0,1.0,0.25,0.4,0.75,0.04,0.472445
params_5354,4,1.5,1.0,0.9,0.7,14,0.25,0,0.0,0,1.0,1.0,1.0,1.0,0.25,0.4,0.75,0.04,0.472445
params_5426,4,1.5,1.2,0.9,0.3,14,0.25,0,0.0,0,1.0,1.0,1.0,1.0,0.25,0.4,0.75,0.04,0.472445
params_5430,4,1.5,1.2,0.9,0.5,14,0.25,0,0.0,0,1.0,1.0,1.0,1.0,0.25,0.4,0.75,0.04,0.472445
params_5434,4,1.5,1.2,0.9,0.7,14,0.25,0,0.0,0,1.0,1.0,1.0,1.0,0.25,0.4,0.75,0.04,0.472445
params_5506,4,1.5,1.5,0.9,0.3,14,0.25,0,0.0,0,1.0,1.0,1.0,1.0,0.25,0.4,0.75,0.04,0.472445
params_5510,4,1.5,1.5,0.9,0.5,14,0.25,0,0.0,0,1.0,1.0,1.0,1.0,0.25,0.4,0.75,0.04,0.472445
params_5514,4,1.5,1.5,0.9,0.7,14,0.25,0,0.0,0,1.0,1.0,1.0,1.0,0.25,0.4,0.75,0.04,0.472445
params_5586,4,1.5,2.0,0.9,0.3,14,0.25,0,0.0,0,1.0,1.0,1.0,1.0,0.25,0.4,0.75,0.04,0.472445
params_5590,4,1.5,2.0,0.9,0.5,14,0.25,0,0.0,0,1.0,1.0,1.0,1.0,0.25,0.4,0.75,0.04,0.472445
params_5594,4,1.5,2.0,0.9,0.7,14,0.25,0,0.0,0,1.0,1.0,1.0,1.0,0.25,0.4,0.75,0.04,0.472445
params_5666,4,2.0,0.5,0.9,0.3,14,0.25,0,0.0,0,1.0,1.0,1.0,1.0,0.25,0.4,0.75,0.04,0.472445
params_5670,4,2.0,0.5,0.9,0.5,14,0.25,0,0.0,0,1.0,1.0,1.0,1.0,0.25,0.4,0.75,0.04,0.472445
params_5674,4,2.0,0.5,0.9,0.7,14,0.25,0,0.0,0,1.0,1.0,1.0,1.0,0.25,0.4,0.75,0.04,0.472445
params_5746,4,2.0,1.0,0.9,0.3,14,0.25,0,0.0,0,1.0,1.0,1.0,1.0,0.25,0.4,0.75,0.04,0.472445
params_5750,4,2.0,1.0,0.9,0.5,14,0.25,0,0.0,0,1.0,1.0,1.0,1.0,0.25,0.4,0.75,0.04,0.472445
params_5754,4,2.0,1.0,0.9,0.7,14,0.25,0,0.0,0,1.0,1.0,1.0,1.0,0.25,0.4,0.75,0.04,0.472445
params_5826,4,2.0,1.2,0.9,0.3,14,0.25,0,0.0,0,1.0,1.0,1.0,1.0,0.25,0.4,0.75,0.04,0.472445
params_5830,4,2.0,1.2,0.9,0.5,14,0.25,0,0.0,0,1.0,1.0,1.0,1.0,0.25,0.4,0.75,0.04,0.472445
params_5834,4,2.0,1.2,0.9,0.7,14,0.25,0,0.0,0,1.0,1.0,1.0,1.0,0.25,0.4,0.75,0.04,0.472445
params_5906,4,2.0,1.5,0.9,0.3,14,0.25,0,0.0,0,1.0,1.0,1.0,1.0,0.25,0.4,0.75,0.04,0.472445
params_5910,4,2.0,1.5,0.9,0.5,14,0.25,0,0.0,0,1.0,1.0,1.0,1.0,0.25,0.4,0.75,0.04,0.472445
params_5914,4,2.0,1.5,0.9,0.7,14,0.25,0,0.0,0,1.0,1.0,1.0,1.0,0.25,0.4,0.75,0.04,0.472445
params_5986,4,2.0,2.0,0.9,0.3,14,0.25,0,0.0,0,1.0,1.0,1.0,1.0,0.25,0.4,0.75,0.04,0.472445
params_5990,4,2.0,2.0,0.9,0.5,14,0.25,0,0.0,0,1.0,1.0,1.0,1.0,0.25,0.4,0.75,0.04,0.472445
params_5994,4,2.0,2.0,0.9,0.7,14,0.25,0,0.0,0,1.0,1.0,1.0,1.0,0.25,0.4,0.75,0.04,0.472445
params_7266,5,1.5,0.5,0.9,0.3,14,0.25,0,0.0,0,1.0,1.0,1.0,1.0,0.25,0.4,0.75,0.04,0.472445
params_7270,5,1.5,0.5,0.9,0.5,14,0.25,0,0.0,0,1.0,1.0,1.0,1.0,0.25,0.4,0.75,0.04,0.472445
params_7274,5,1.5,0.5,0.9,0.7,14,0.25,0,0.0,0,1.0,1.0,1.0,1.0,0.25,0.4,0.75,0.04,0.472445
params_7346,5,1.5,1.0,0.9,0.3,14,0.25,0,0.0,0,1.0,1.0,1.0,1.0,0.25,0.4,0.75,0.04,0.472445
params_7350,5,1.5,1.0,0.9,0.5,14,0.25,0,0.0,0,1.0,1.0,1.0,1.0,0.25,0.4,0.75,0.04,0.472445
params_7354,5,1.5,1.0,0.9,0.7,14,0.25,0,0.0,0,1.0,1.0,1.0,1.0,0.25,0.4,0.75,0.04,0.472445
params_7426,5,1.5,1.2,0.9,0.3,14,0.25,0,0.0,0,1.0,1.0,1.0,1.0,0.25,0.4,0.75,0.04,0.472445
params_7430,5,1.5,1.2,0.9,0.5,14,0.25,0,0.0,0,1.0,1.0,1.0,1.0,0.25,0.4,0.75,0.04,0.472445
params_7434,5,1.5,1.2,0.9,0.7,14,0.25,0,0.0,0,1.0,1.0,1.0,1.0,0.25,0.4,0.75,0.04,0.472445
params_7506,5,1.5,1.5,0.9,0.3,14,0.25,0,0.0,0,1.0,1.0,1.0,1.0,0.25,0.4,0.75,0.04,0.472445
params_7510,5,1.5,1.5,0.9,0.5,14,0.25,0,0.0,0,1.0,1.0,1.0,1.0,0.25,0.4,0.75,0.04,0.472445
params_7514,5,1.5,1.5,0.9,0.7,14,0.25,0,0.0,0,1.0,1.0,1.0,1.0,0.25,0.4,0.75,0.04,0.472445
params_7586,5,1.5,2.0,0.9,0.3,14,0.25,0,0.0,0,1.0,1.0,1.0,1.0,0.25,0.4,0.75,0.04,0.472445
params_7590,5,1.5,2.0,0.9,0.5,14,0.25,0,0.0,0,1.0,1.0,1.0,1.0,0.25,0.4,0.75,0.04,0.472445
params_7594,5,1.5,2.0,0.9,0.7,14,0.25,0,0.0,0,1.0,1.0,1.0,1.0,0.25,0.4,0.75,0.04,0.472445
params_7666,5,2.0,0.5,0.9,0.3,14,0.25,0,0.0,0,1.0,1.0,1.0,1.0,0.25,0.4,0.75,0.04,0.472445
params_7670,5,2.0,0.5,0.9,0.5,14,0.25,0,0.0,0,1.0,1.0,1.0,1.0,0.25,0.4,0.75,0.04,0.472445
params_7674,5,2.0,0.5,0.9,0.7,14,0.25,0,0.0,0,1.0,1.0,1.0,1.0,0.25,0.4,0.75,0.04,0.472445
params_7746,5,2.0,1.0,0.9,0.3,14,0.25,0,0.0,0,1.0,1.0,1.0,1.0,0.25,0.4,0.75,0.04,0.472445
params_7750,5,2.0,1.0,0.9,0.5,14,0.25,0,0.0,0,1.0,1.0,1.0,1.0,0.25,0.4,0.75,0.04,0.472445
params_7754,5,2.0,1.0,0.9,0.7,14,0.25,0,0.0,0,1.0,1.0,1.0,1.0,0.25,0.4,0.75,0.04,0.472445
params_7826,5,2.0,1.2,0.9,0.3,14,0.25,0,0.0,0,1.0,1.0,1.0,1.0,0.25,0.4,0.75,0.04,0.472445
params_7830,5,2.0,1.2,0.9,0.5,14,0.25,0,0.0,0,1.0,1.0,1.0,1.0,0.25,0.4,0.75,0.04,0.472445
params_7834,5,2.0,1.2,0.9,0.7,14,0.25,0,0.0,0,1.0,1.0,1.0,1.0,0.25,0.4,0.75,0.04,0.472445
params_7906,5,2.0,1.5,0.9,0.3,14,0.25,0,0.0,0,1.0,1.0,1.0,1.0,0.25,0.4,0.75,0.04,0.472445
params_7910,5,2.0,1.5,0.9,0.5,14,0.25,0,0.0,0,1.0,1.0,1.0,1.0,0.25,0.4,0.75,0.04,0.472445
params_7914,5,2.0,1.5,0.9,0.7,14,0.25,0,0.0,0,1.0,1.0,1.0,1.0,0.25,0.4,0.75,0.04,0.472445
params_7986,5,2.0,2.0,0.9,0.3,14,0.25,0,0.0,0,1.0,1.0,1.0,1.0,0.25,0.4,0.75,0.04,0.472445
params_7990,5,2.0,2.0,0.9,0.5,14,0.25,0,0.0,0,1.0,1.0,1.0,1.0,0.25,0.4,0.75,0.04,0.472445
params_7994,5,2.0,2.0,0.9,0.7,14,0.25,0,0.0,0,1.0,1.0,1.0,1.0,0.25,0.4,0.75,0.04,0.472445
params_1267,2,1.5,0.5,0.9,0.3,21,0.25,0,0.0,0,1.0,1.0,1.0,1.0,0.25,0.4,0.75,0.05,0.471071
params_1268,2,1.5,0.5,0.9,0.3,30,0.25,0,0.0,0,1.0,1.0,1.0,1.0,0.25,0.4,0.75,0.05,0.471071
params_1271,2,1.5,0.5,0.9,0.5,21,0.25,0,0.0,0,1.0,1.0,1.0,1.0,0.25,0.4,0.75,0.05,0.471071
params_1272,2,1.5,0.5,0.9,0.5,30,0.25,0,0.0,0,1.0,1.0,1.0,1.0,0.25,0.4,0.75,0.05,0.471071
params_1275,2,1.5,0.5,0.9,0.7,21,0.25,0,0.0,0,1.0,1.0,1.0,1.0,0.25,0.4,0.75,0.05,0.471071
params_1276,2,1.5,0.5,0.9,0.7,30,0.25,0,0.0,0,1.0,1.0,1.0,1.0,0.25,0.4,0.75,0.05,0.471071
params_1347,2,1.5,1.0,0.9,0.3,21,0.25,0,0.0,0,1.0,1.0,1.0,1.0,0.25,0.4,0.75,0.05,0.471071
params_1348,2,1.5,1.0,0.9,0.3,30,0.25,0,0.0,0,1.0,1.0,1.0,1.0,0.25,0.4,0.75,0.05,0.471071
params_1351,2,1.5,1.0,0.9,0.5,21,0.25,0,0.0,0,1.0,1.0,1.0,1.0,0.25,0.4,0.75,0.05,0.471071
params_1352,2,1.5,1.0,0.9,0.5,30,0.25,0,0.0,0,1.0,1.0,1.0,1.0,0.25,0.4,0.75,0.05,0.471071
params_1355,2,1.5,1.0,0.9,0.7,21,0.25,0,0.0,0,1.0,1.0,1.0,1.0,0.25,0.4,0.75,0.05,0.471071
params_1356,2,1.5,1.0,0.9,0.7,30,0.25,0,0.0,0,1.0,1.0,1.0,1.0,0.25,0.4,0.75,0.05,0.471071
params_1427,2,1.5,1.2,0.9,0.3,21,0.25,0,0.0,0,1.0,1.0,1.0,1.0,0.25,0.4,0.75,0.05,0.471071
params_1428,2,1.5,1.2,0.9,0.3,30,0.25,0,0.0,0,1.0,1.0,1.0,1.0,0.25,0.4,0.75,0.05,0.471071
params_1431,2,1.5,1.2,0.9,0.5,21,0.25,0,0.0,0,1.0,1.0,1.0,1.0,0.25,0.4,0.75,0.05,0.471071
params_1432,2,1.5,1.2,0.9,0.5,30,0.25,0,0.0,0,1.0,1.0,1.0,1.0,0.25,0.4,0.75,0.05,0.471071
params_1435,2,1.5,1.2,0.9,0.7,21,0.25,0,0.0,0,1.0,1.0,1.0,1.0,0.25,0.4,0.75,0.05,0.471071
params_1436,2,1.5,1.2,0.9,0.7,30,0.25,0,0.0,0,1.0,1.0,1.0,1.0,0.25,0.4,0.75,0.05,0.471071
params_1507,2,1.5,1.5,0.9,0.3,21,0.25,0,0.0,0,1.0,1.0,1.0,1.0,0.25,0.4,0.75,0.05,0.471071
params_1508,2,1.5,1.5,0.9,0.3,30,0.25,0,0.0,0,1.0,1.0,1.0,1.0,0.25,0.4,0.75,0.05,0.471071
params_1511,2,1.5,1.5,0.9,0.5,21,0.25,0,0.0,0,1.0,1.0,1.0,1.0,0.25,0.4,0.75,0.05,0.471071
params_1512,2,1.5,1.5,0.9,0.5,30,0.25,0,0.0,0,1.0,1.0,1.0,1.0,0.25,0.4,0.75,0.05,0.471071
params_1515,2,1.5,1.5,0.9,0.7,21,0.25,0,0.0,0,1.0,1.0,1.0,1.0,0.25,0.4,0.75,0.05,0.471071
params_1516,2,1.5,1.5,0.9,0.7,30,0.25,0,0.0,0,1.0,1.0,1.0,1.0,0.25,0.4,0.75,0.05,0.471071
params_1587,2,1.5,2.0,0.9,0.3,21,0.25,0,0.0,0,1.0,1.0,1.0,1.0,0.25,0.4,0.75,0.05,0.471071
params_1588,2,1.5,2.0,0.9,0.3,30,0.25,0,0.0,0,1.0,1.0,1.0,1.0,0.25,0.4,0.75,0.05,0.471071
params_1591,2,1.5,2.0,0.9,0.5,21,0.25,0,0.0,0,1.0,1.0,1.0,1.0,0.25,0.4,0.75,0.05,0.471071
params_1592,2,1.5,2.0,0.9,0.5,30,0.25,0,0.0,0,1.0,1.0,1.0,1.0,0.25,0.4,0.75,0.05,0.471071
params_1595,2,1.5,2.0,0.9,0.7,21,0.25,0,0.0,0,1.0,1.0,1.0,1.0,0.25,0.4,0.75,0.05,0.471071
params_1596,2,1.5,2.0,0.9,0.7,30,0.25,0,0.0,0,1.0,1.0,1.0,1.0,0.25,0.4,0.75,0.05,0.471071
params_1667,2,2.0,0.5,0.9,0.3,21,0.25,0,0.0,0,1.0,1.0,1.0,1.0,0.25,0.4,0.75,0.05,0.471071
params_1668,2,2.0,0.5,0.9,0.3,30,0.25,0,0.0,0,1.0,1.0,1.0,1.0,0.25,0.4,0.75,0.05,0.471071
params_1671,2,2.0,0.5,0.9,0.5,21,0.25,0,0.0,0,1.0,1.0,1.0,1.0,0.25,0.4,0.75,0.05,0.471071
params_1672,2,2.0,0.5,0.9,0.5,30,0.25,0,0.0,0,1.0,1.0,1.0,1.0,0.25,0.4,0.75,0.05,0.471071
params_1675,2,2.0,0.5,0.9,0.7,21,0.25,0,0.0,0,1.0,1.0,1.0,1.0,0.25,0.4,0.75,0.05,0.471071
params_1676,2,2.0,0.5,0.9,0.7,30,0.25,0,0.0,0,1.0,1.0,1.0,1.0,0.25,0.4,0.75,0.05,0.471071
params_1747,2,2.0,1.0,0.9,0.3,21,0.25,0,0.0,0,1.0,1.0,1.0,1.0,0.25,0.4,0.75,0.05,0.471071
params_1748,2,2.0,1.0,0.9,0.3,30,0.25,0,0.0,0,1.0,1.0,1.0,1.0,0.25,0.4,0.75,0.05,0.471071
params_1751,2,2.0,1.0,0.9,0.5,21,0.25,0,0.0,0,1.0,1.0,1.0,1.0,0.25,0.4,0.75,0.05,0.471071
params_1752,2,2.0,1.0,0.9,0.5,30,0.25,0,0.0,0,1.0,1.0,1.0,1.0,0.25,0.4,0.75,0.05,0.471071
params_1755,2,2.0,1.0,0.9,0.7,21,0.25,0,0.0,0,1.0,1.0,1.0,1.0,0.25,0.4,0.75,0.05,0.471071
params_1756,2,2.0,1.0,0.9,0.7,30,0.25,0,0.0,0,1.0,1.0,1.0,1.0,0.25,0.4,0.75,0.05,0.471071
params_1827,2,2.0,1.2,0.9,0.3,21,0.25,0,0.0,0,1.0,1.0,1.0,1.0,0.25,0.4,0.75,0.05,0.471071
params_1828,2,2.0,1.2,0.9,0.3,30,0.25,0,0.0,0,1.0,1.0,1.0,1.0,0.25,0.4,0.75,0.05,0.471071
params_1831,2,2.0,1.2,0.9,0.5,21,0.25,0,0.0,0,1.0,1.0,1.0,1.0,0.25,0.4,0.75,0.05,0.471071
params_1832,2,2.0,1.2,0.9,0.5,30,0.25,0,0.0,0,1.0,1.0,1.0,1.0,0.25,0.4,0.75,0.05,0.471071
params_1835,2,2.0,1.2,0.9,0.7,21,0.25,0,0.0,0,1.0,1.0,1.0,1.0,0.25,0.4,0.75,0.05,0.471071
params_1836,2,2.0,1.2,0.9,0.7,30,0.25,0,0.0,0,1.0,1.0,1.0,1.0,0.25,0.4,0.75,0.05,0.471071
params_1907,2,2.0,1.5,0.9,0.3,21,0.25,0,0.0,0,1.0,1.0,1.0,1.0,0.25,0.4,0.75,0.05,0.471071
params_1908,2,2.0,1.5,0.9,0.3,30,0.25,0,0.0,0,1.0,1.0,1.0,1.0,0.25,0.4,0.75,0.05,0.471071
params_1911,2,2.0,1.5,0.9,0.5,21,0.25,0,0.0,0,1.0,1.0,1.0,1.0,0.25,0.4,0.75,0.05,0.471071
params_1912,2,2.0,1.5,0.9,0.5,30,0.25,0,0.0,0,1.0,1.0,1.0,1.0,0.25,0.4,0.75,0.05,0.471071
params_1915,2,2.0,1.5,0.9,0.7,21,0.25,0,0.0,0,1.0,1.0,1.0,1.0,0.25,0.4,0.75,0.05,0.471071
params_1916,2,2.0,1.5,0.9,0.7,30,0.25,0,0.0,0,1.0,1.0,1.0,1.0,0.25,0.4,0.75,0.05,0.471071
params_1987,2,2.0,2.0,0.9,0.3,21,0.25,0,0.0,0,1.0,1.0,1.0,1.0,0.25,0.4,0.75,0.05,0.471071
params_1988,2,2.0,2.0,0.9,0.3,30,0.25,0,0.0,0,1.0,1.0,1.0,1.0,0.25,0.4,0.75,0.05,0.471071
params_1991,2,2.0,2.0,0.9,0.5,21,0.25,0,0.0,0,1.0,1.0,1.0,1.0,0.25,0.4,0.75,0.05,0.471071
params_1992,2,2.0,2.0,0.9,0.5,30,0.25,0,0.0,0,1.0,1.0,1.0,1.0,0.25,0.4,0.75,0.05,0.471071
params_1995,2,2.0,2.0,0.9,0.7,21,0.25,0,0.0,0,1.0,1.0,1.0,1.0,0.25,0.4,0.75,0.05,0.471071
params_1996,2,2.0,2.0,0.9,0.7,30,0.25,0,0.0,0,1.0,1.0,1.0,1.0,0.25,0.4,0.75,0.05,0.471071
params_3267,3,1.5,0.5,0.9,0.3,21,0.25,0,0.0,0,1.0,1.0,1.0,1.0,0.25,0.4,0.75,0.05,0.471071
params_3268,3,1.5,0.5,0.9,0.3,30,0.25,0,0.0,0,1.0,1.0,1.0,1.0,0.25,0.4,0.75,0.05,0.471071
params_3271,3,1.5,0.5,0.9,0.5,21,0.25,0,0.0,0,1.0,1.0,1.0,1.0,0.25,0.4,0.75,0.05,0.471071
params_3272,3,1.5,0.5,0.9,0.5,30,0.25,0,0.0,0,1.0,1.0,1.0,1.0,0.25,0.4,0.75,0.05,0.471071
params_3275,3,1.5,0.5,0.9,0.7,21,0.25,0,0.0,0,1.0,1.0,1.0,1.0,0.25,0.4,0.75,0.05,0.471071
params_3276,3,1.5,0.5,0.9,0.7,30,0.25,0,0.0,0,1.0,1.0,1.0,1.0,0.25,0.4,0.75,0.05,0.471071
params_3347,3,1.5,1.0,0.9,0.3,21,0.25,0,0.0,0,1.0,1.0,1.0,1.0,0.25,0.4,0.75,0.05,0.471071
params_3348,3,1.5,1.0,0.9,0.3,30,0.25,0,0.0,0,1.0,1.0,1.0,1.0,0.25,0.4,0.75,0.05,0.471071
params_3351,3,1.5,1.0,0.9,0.5,21,0.25,0,0.0,0,1.0,1.0,1.0,1.0,0.25,0.4,0.75,0.05,0.471071
params_3352,3,1.5,1.0,0.9,0.5,30,0.25,0,0.0,0,1.0,1.0,1.0,1.0,0.25,0.4,0.75,0.05,0.471071
params_3355,3,1.5,1.0,0.9,0.7,21,0.25,0,0.0,0,1.0,1.0,1.0,1.0,0.25,0.4,0.75,0.05,0.471071
params_3356,3,1.5,1.0,0.9,0.7,30,0.25,0,0.0,0,1.0,1.0,1.0,1.0,0.25,0.4,0.75,0.05,0.471071
params_3427,3,1.5,1.2,0.9,0.3,21,0.25,0,0.0,0,1.0,1.0,1.0,1.0,0.25,0.4,0.75,0.05,0.471071
params_3428,3,1.5,1.2,0.9,0.3,30,0.25,0,0.0,0,1.0,1.0,1.0,1.0,0.25,0.4,0.75,0.05,0.471071
params_3431,3,1.5,1.2,0.9,0.5,21,0.25,0,0.0,0,1.0,1.0,1.0,1.0,0.25,0.4,0.75,0.05,0.471071
params_3432,3,1.5,1.2,0.9,0.5,30,0.25,0,0.0,0,1.0,1.0,1.0,1.0,0.25,0.4,0.75,0.05,0.471071
params_3435,3,1.5,1.2,0.9,0.7,21,0.25,0,0.0,0,1.0,1.0,1.0,1.0,0.25,0.4,0.75,0.05,0.471071
params_3436,3,1.5,1.2,0.9,0.7,30,0.25,0,0.0,0,1.0,1.0,1.0,1.0,0.25,0.4,0.75,0.05,0.471071
params_3507,3,1.5,1.5,0.9,0.3,21,0.25,0,0.0,0,1.0,1.0,1.0,1.0,0.25,0.4,0.75,0.05,0.471071
params_3508,3,1.5,1.5,0.9,0.3,30,0.25,0,0.0,0,1.0,1.0,1.0,1.0,0.25,0.4,0.75,0.05,0.471071
params_3511,3,1.5,1.5,0.9,0.5,21,0.25,0,0.0,0,1.0,1.0,1.0,1.0,0.25,0.4,0.75,0.05,0.471071
params_3512,3,1.5,1.5,0.9,0.5,30,0.25,0,0.0,0,1.0,1.0,1.0,1.0,0.25,0.4,0.75,0.05,0.471071
params_3515,3,1.5,1.5,0.9,0.7,21,0.25,0,0.0,0,1.0,1.0,1.0,1.0,0.25,0.4,0.75,0.05,0.471071
params_3516,3,1.5,1.5,0.9,0.7,30,0.25,0,0.0,0,1.0,1.0,1.0,1.0,0.25,0.4,0.75,0.05,0.471071
params_3587,3,1.5,2.0,0.9,0.3,21,0.25,0,0.0,0,1.0,1.0,1.0,1.0,0.25,0.4,0.75,0.05,0.471071
params_3588,3,1.5,2.0,0.9,0.3,30,0.25,0,0.0,0,1.0,1.0,1.0,1.0,0.25,0.4,0.75,0.05,0.471071
params_3591,3,1.5,2.0,0.9,0.5,21,0.25,0,0.0,0,1.0,1.0,1.0,1.0,0.25,0.4,0.75,0.05,0.471071
params_3592,3,1.5,2.0,0.9,0.5,30,0.25,0,0.0,0,1.0,1.0,1.0,1.0,0.25,0.4,0.75,0.05,0.471071
params_3595,3,1.5,2.0,0.9,0.7,21,0.25,0,0.0,0,1.0,1.0,1.0,1.0,0.25,0.4,0.75,0.05,0.471071
params_3596,3,1.5,2.0,0.9,0.7,30,0.25,0,0.0,0,1.0,1.0,1.0,1.0,0.25,0.4,0.75,0.05,0.471071
params_3667,3,2.0,0.5,0.9,0.3,21,0.25,0,0.0,0,1.0,1.0,1.0,1.0,0.25,0.4,0.75,0.05,0.471071
params_3668,3,2.0,0.5,0.9,0.3,30,0.25,0,0.0,0,1.0,1.0,1.0,1.0,0.25,0.4,0.75,0.05,0.471071
params_3671,3,2.0,0.5,0.9,0.5,21,0.25,0,0.0,0,1.0,1.0,1.0,1.0,0.25,0.4,0.75,0.05,0.471071
params_3672,3,2.0,0.5,0.9,0.5,30,0.25,0,0.0,0,1.0,1.0,1.0,1.0,0.25,0.4,0.75,0.05,0.471071
params_3675,3,2.0,0.5,0.9,0.7,21,0.25,0,0.0,0,1.0,1.0,1.0,1.0,0.25,0.4,0.75,0.05,0.471071
params_3676,3,2.0,0.5,0.9,0.7,30,0.25,0,0.0,0,1.0,1.0,1.0,1.0,0.25,0.4,0.75,0.05,0.471071
params_3747,3,2.0,1.0,0.9,0.3,21,0.25,0,0.0,0,1.0,1.0,1.0,1.0,0.25,0.4,0.75,0.05,0.471071
params_3748,3,2.0,1.0,0.9,0.3,30,0.25,0,0.0,0,1.0,1.0,1.0,1.0,0.25,0.4,0.75,0.05,0.471071
params_3751,3,2.0,1.0,0.9,0.5,21,0.25,0,0.0,0,1.0,1.0,1.0,1.0,0.25,0.4,0.75,0.05,0.471071
params_3752,3,2.0,1.0,0.9,0.5,30,0.25,0,0.0,0,1.0,1.0,1.0,1.0,0.25,0.4,0.75,0.05,0.471071
params_3755,3,2.0,1.0,0.9,0.7,21,0.25,0,0.0,0,1.0,1.0,1.0,1.0,0.25,0.4,0.75,0.05,0.471071
params_3756,3,2.0,1.0,0.9,0.7,30,0.25,0,0.0,0,1.0,1.0,1.0,1.0,0.25,0.4,0.75,0.05,0.471071
params_3827,3,2.0,1.2,0.9,0.3,21,0.25,0,0.0,0,1.0,1.0,1.0,1.0,0.25,0.4,0.75,0.05,0.471071
params_3828,3,2.0,1.2,0.9,0.3,30,0.25,0,0.0,0,1.0,1.0,1.0,1.0,0.25,0.4,0.75,0.05,0.471071
params_3831,3,2.0,1.2,0.9,0.5,21,0.25,0,0.0,0,1.0,1.0,1.0,1.0,0.25,0.4,0.75,0.05,0.471071
params_3832,3,2.0,1.2,0.9,0.5,30,0.25,0,0.0,0,1.0,1.0,1.0,1.0,0.25,0.4,0.75,0.05,0.471071
params_3835,3,2.0,1.2,0.9,0.7,21,0.25,0,0.0,0,1.0,1.0,1.0,1.0,0.25,0.4,0.75,0.05,0.471071
params_3836,3,2.0,1.2,0.9,0.7,30,0.25,0,0.0,0,1.0,1.0,1.0,1.0,0.25,0.4,0.75,0.05,0.471071
params_3907,3,2.0,1.5,0.9,0.3,21,0.25,0,0.0,0,1.0,1.0,1.0,1.0,0.25,0.4,0.75,0.05,0.471071
params_3908,3,2.0,1.5,0.9,0.3,30,0.25,0,0.0,0,1.0,1.0,1.0,1.0,0.25,0.4,0.75,0.05,0.471071
params_3911,3,2.0,1.5,0.9,0.5,21,0.25,0,0.0,0,1.0,1.0,1.0,1.0,0.25,0.4,0.75,0.05,0.471071
params_3912,3,2.0,1.5,0.9,0.5,30,0.25,0,0.0,0,1.0,1.0,1.0,1.0,0.25,0.4,0.75,0.05,0.471071
params_3915,3,2.0,1.5,0.9,0.7,21,0.25,0,0.0,0,1.0,1.0,1.0,1.0,0.25,0.4,0.75,0.05,0.471071
params_3916,3,2.0,1.5,0.9,0.7,30,0.25,0,0.0,0,1.0,1.0,1.0,1.0,0.25,0.4,0.75,0.05,0.471071
params_3987,3,2.0,2.0,0.9,0.3,21,0.25,0,0.0,0,1.0,1.0,1.0,1.0,0.25,0.4,0.75,0.05,0.471071
params_3988,3,2.0,2.0,0.9,0.3,30,0.25,0,0.0,0,1.0,1.0,1.0,1.0,0.25,0.4,0.75,0.05,0.471071
params_3991,3,2.0,2.0,0.9,0.5,21,0.25,0,0.0,0,1.0,1.0,1.0,1.0,0.25,0.4,0.75,0.05,0.471071
params_3992,3,2.0,2.0,0.9,0.5,30,0.25,0,0.0,0,1.0,1.0,1.0,1.0,0.25,0.4,0.75,0.05,0.471071
params_3995,3,2.0,2.0,0.9,0.7,21,0.25,0,0.0,0,1.0,1.0,1.0,1.0,0.25,0.4,0.75,0.05,0.471071
params_3996,3,2.0,2.0,0.9,0.7,30,0.25,0,0.0,0,1.0,1.0,1.0,1.0,0.25,0.4,0.75,0.05,0.471071
params_5267,4,1.5,0.5,0.9,0.3,21,0.25,0,0.0,0,1.0,1.0,1.0,1.0,0.25,0.4,0.75,0.05,0.471071
params_5268,4,1.5,0.5,0.9,0.3,30,0.25,0,0.0,0,1.0,1.0,1.0,1.0,0.25,0.4,0.75,0.05,0.471071
params_5271,4,1.5,0.5,0.9,0.5,21,0.25,0,0.0,0,1.0,1.0,1.0,1.0,0.25,0.4,0.75,0.05,0.471071
params_5272,4,1.5,0.5,0.9,0.5,30,0.25,0,0.0,0,1.0,1.0,1.0,1.0,0.25,0.4,0.75,0.05,0.471071
params_5275,4,1.5,0.5,0.9,0.7,21,0.25,0,0.0,0,1.0,1.0,1.0,1.0,0.25,0.4,0.75,0.05,0.471071
params_5276,4,1.5,0.5,0.9,0.7,30,0.25,0,0.0,0,1.0,1.0,1.0,1.0,0.25,0.4,0.75,0.05,0.471071
params_5347,4,1.5,1.0,0.9,0.3,21,0.25,0,0.0,0,1.0,1.0,1.0,1.0,0.25,0.4,0.75,0.05,0.471071
params_5348,4,1.5,1.0,0.9,0.3,30,0.25,0,0.0,0,1.0,1.0,1.0,1.0,0.25,0.4,0.75,0.05,0.471071
params_5351,4,1.5,1.0,0.9,0.5,21,0.25,0,0.0,0,1.0,1.0,1.0,1.0,0.25,0.4,0.75,0.05,0.471071
params_5352,4,1.5,1.0,0.9,0.5,30,0.25,0,0.0,0,1.0,1.0,1.0,1.0,0.25,0.4,0.75,0.05,0.471071
params_5355,4,1.5,1.0,0.9,0.7,21,0.25,0,0.0,0,1.0,1.0,1.0,1.0,0.25,0.4,0.75,0.05,0.471071
params_5356,4,1.5,1.0,0.9,0.7,30,0.25,0,0.0,0,1.0,1.0,1.0,1.0,0.25,0.4,0.75,0.05,0.471071
params_5427,4,1.5,1.2,0.9,0.3,21,0.25,0,0.0,0,1.0,1.0,1.0,1.0,0.25,0.4,0.75,0.05,0.471071
params_5428,4,1.5,1.2,0.9,0.3,30,0.25,0,0.0,0,1.0,1.0,1.0,1.0,0.25,0.4,0.75,0.05,0.471071
params_5431,4,1.5,1.2,0.9,0.5,21,0.25,0,0.0,0,1.0,1.0,1.0,1.0,0.25,0.4,0.75,0.05,0.471071
params_5432,4,1.5,1.2,0.9,0.5,30,0.25,0,0.0,0,1.0,1.0,1.0,1.0,0.25,0.4,0.75,0.05,0.471071
params_5435,4,1.5,1.2,0.9,0.7,21,0.25,0,0.0,0,1.0,1.0,1.0,1.0,0.25,0.4,0.75,0.05,0.471071
params_5436,4,1.5,1.2,0.9,0.7,30,0.25,0,0.0,0,1.0,1.0,1.0,1.0,0.25,0.4,0.75,0.05,0.471071
params_5507,4,1.5,1.5,0.9,0.3,21,0.25,0,0.0,0,1.0,1.0,1.0,1.0,0.25,0.4,0.75,0.05,0.471071
params_5508,4,1.5,1.5,0.9,0.3,30,0.25,0,0.0,0,1.0,1.0,1.0,1.0,0.25,0.4,0.75,0.05,0.471071
params_5511,4,1.5,1.5,0.9,0.5,21,0.25,0,0.0,0,1.0,1.0,1.0,1.0,0.25,0.4,0.75,0.05,0.471071
params_5512,4,1.5,1.5,0.9,0.5,30,0.25,0,0.0,0,1.0,1.0,1.0,1.0,0.25,0.4,0.75,0.05,0.471071
params_5515,4,1.5,1.5,0.9,0.7,21,0.25,0,0.0,0,1.0,1.0,1.0,1.0,0.25,0.4,0.75,0.05,0.471071
params_5516,4,1.5,1.5,0.9,0.7,30,0.25,0,0.0,0,1.0,1.0,1.0,1.0,0.25,0.4,0.75,0.05,0.471071
params_5587,4,1.5,2.0,0.9,0.3,21,0.25,0,0.0,0,1.0,1.0,1.0,1.0,0.25,0.4,0.75,0.05,0.471071
params_5588,4,1.5,2.0,0.9,0.3,30,0.25,0,0.0,0,1.0,1.0,1.0,1.0,0.25,0.4,0.75,0.05,0.471071
params_5591,4,1.5,2.0,0.9,0.5,21,0.25,0,0.0,0,1.0,1.0,1.0,1.0,0.25,0.4,0.75,0.05,0.471071
params_5592,4,1.5,2.0,0.9,0.5,30,0.25,0,0.0,0,1.0,1.0,1.0,1.0,0.25,0.4,0.75,0.05,0.471071
params_5595,4,1.5,2.0,0.9,0.7,21,0.25,0,0.0,0,1.0,1.0,1.0,1.0,0.25,0.4,0.75,0.05,0.471071
params_5596,4,1.5,2.0,0.9,0.7,30,0.25,0,0.0,0,1.0,1.0,1.0,1.0,0.25,0.4,0.75,0.05,0.471071
params_5667,4,2.0,0.5,0.9,0.3,21,0.25,0,0.0,0,1.0,1.0,1.0,1.0,0.25,0.4,0.75,0.05,0.471071
params_5668,4,2.0,0.5,0.9,0.3,30,0.25,0,0.0,0,1.0,1.0,1.0,1.0,0.25,0.4,0.75,0.05,0.471071
params_5671,4,2.0,0.5,0.9,0.5,21,0.25,0,0.0,0,1.0,1.0,1.0,1.0,0.25,0.4,0.75,0.05,0.471071
params_5672,4,2.0,0.5,0.9,0.5,30,0.25,0,0.0,0,1.0,1.0,1.0,1.0,0.25,0.4,0.75,0.05,0.471071
params_5675,4,2.0,0.5,0.9,0.7,21,0.25,0,0.0,0,1.0,1.0,1.0,1.0,0.25,0.4,0.75,0.05,0.471071
params_5676,4,2.0,0.5,0.9,0.7,30,0.25,0,0.0,0,1.0,1.0,1.0,1.0,0.25,0.4,0.75,0.05,0.471071
params_5747,4,2.0,1.0,0.9,0.3,21,0.25,0,0.0,0,1.0,1.0,1.0,1.0,0.25,0.4,0.75,0.05,0.471071
params_5748,4,2.0,1.0,0.9,0.3,30,0.25,0,0.0,0,1.0,1.0,1.0,1.0,0.25,0.4,0.75,0.05,0.471071
params_5751,4,2.0,1.0,0.9,0.5,21,0.25,0,0.0,0,1.0,1.0,1.0,1.0,0.25,0.4,0.75,0.05,0.471071
params_5752,4,2.0,1.0,0.9,0.5,30,0.25,0,0.0,0,1.0,1.0,1.0,1.0,0.25,0.4,0.75,0.05,0.471071
params_5755,4,2.0,1.0,0.9,0.7,21,0.25,0,0.0,0,1.0,1.0,1.0,1.0,0.25,0.4,0.75,0.05,0.471071
params_5756,4,2.0,1.0,0.9,0.7,30,0.25,0,0.0,0,1.0,1.0,1.0,1.0,0.25,0.4,0.75,0.05,0.471071
params_5827,4,2.0,1.2,0.9,0.3,21,0.25,0,0.0,0,1.0,1.0,1.0,1.0,0.25,0.4,0.75,0.05,0.471071
params_5828,4,2.0,1.2,0.9,0.3,30,0.25,0,0.0,0,1.0,1.0,1.0,1.0,0.25,0.4,0.75,0.05,0.471071
params_5831,4,2.0,1.2,0.9,0.5,21,0.25,0,0.0,0,1.0,1.0,1.0,1.0,0.25,0.4,0.75,0.05,0.471071
params_5832,4,2.0,1.2,0.9,0.5,30,0.25,0,0.0,0,1.0,1.0,1.0,1.0,0.25,0.4,0.75,0.05,0.471071
params_5835,4,2.0,1.2,0.9,0.7,21,0.25,0,0.0,0,1.0,1.0,1.0,1.0,0.25,0.4,0.75,0.05,0.471071
params_5836,4,2.0,1.2,0.9,0.7,30,0.25,0,0.0,0,1.0,1.0,1.0,1.0,0.25,0.4,0.75,0.05,0.471071
params_5907,4,2.0,1.5,0.9,0.3,21,0.25,0,0.0,0,1.0,1.0,1.0,1.0,0.25,0.4,0.75,0.05,0.471071
params_5908,4,2.0,1.5,0.9,0.3,30,0.25,0,0.0,0,1.0,1.0,1.0,1.0,0.25,0.4,0.75,0.05,0.471071
params_5911,4,2.0,1.5,0.9,0.5,21,0.25,0,0.0,0,1.0,1.0,1.0,1.0,0.25,0.4,0.75,0.05,0.471071
params_5912,4,2.0,1.5,0.9,0.5,30,0.25,0,0.0,0,1.0,1.0,1.0,1.0,0.25,0.4,0.75,0.05,0.471071
params_5915,4,2.0,1.5,0.9,0.7,21,0.25,0,0.0,0,1.0,1.0,1.0,1.0,0.25,0.4,0.75,0.05,0.471071
params_5916,4,2.0,1.5,0.9,0.7,30,0.25,0,0.0,0,1.0,1.0,1.0,1.0,0.25,0.4,0.75,0.05,0.471071
params_5987,4,2.0,2.0,0.9,0.3,21,0.25,0,0.0,0,1.0,1.0,1.0,1.0,0.25,0.4,0.75,0.05,0.471071
params_5988,4,2.0,2.0,0.9,0.3,30,0.25,0,0.0,0,1.0,1.0,1.0,1.0,0.25,0.4,0.75,0.05,0.471071
params_5991,4,2.0,2.0,0.9,0.5,21,0.25,0,0.0,0,1.0,1.0,1.0,1.0,0.25,0.4,0.75,0.05,0.471071
params_5992,4,2.0,2.0,0.9,0.5,30,0.25,0,0.0,0,1.0,1.0,1.0,1.0,0.25,0.4,0.75,0.05,0.471071
params_5995,4,2.0,2.0,0.9,0.7,21,0.25,0,0.0,0,1.0,1.0,1.0,1.0,0.25,0.4,0.75,0.05,0.471071
params_5996,4,2.0,2.0,0.9,0.7,30,0.25,0,0.0,0,1.0,1.0,1.0,1.0,0.25,0.4,0.75,0.05,0.471071
params_7267,5,1.5,0.5,0.9,0.3,21,0.25,0,0.0,0,1.0,1.0,1.0,1.0,0.25,0.4,0.75,0.05,0.471071
params_7268,5,1.5,0.5,0.9,0.3,30,0.25,0,0.0,0,1.0,1.0,1.0,1.0,0.25,0.4,0.75,0.05,0.471071
params_7271,5,1.5,0.5,0.9,0.5,21,0.25,0,0.0,0,1.0,1.0,1.0,1.0,0.25,0.4,0.75,0.05,0.471071
params_7272,5,1.5,0.5,0.9,0.5,30,0.25,0,0.0,0,1.0,1.0,1.0,1.0,0.25,0.4,0.75,0.05,0.471071
params_7275,5,1.5,0.5,0.9,0.7,21,0.25,0,0.0,0,1.0,1.0,1.0,1.0,0.25,0.4,0.75,0.05,0.471071
params_7276,5,1.5,0.5,0.9,0.7,30,0.25,0,0.0,0,1.0,1.0,1.0,1.0,0.25,0.4,0.75,0.05,0.471071
params_7347,5,1.5,1.0,0.9,0.3,21,0.25,0,0.0,0,1.0,1.0,1.0,1.0,0.25,0.4,0.75,0.05,0.471071
params_7348,5,1.5,1.0,0.9,0.3,30,0.25,0,0.0,0,1.0,1.0,1.0,1.0,0.25,0.4,0.75,0.05,0.471071
params_7351,5,1.5,1.0,0.9,0.5,21,0.25,0,0.0,0,1.0,1.0,1.0,1.0,0.25,0.4,0.75,0.05,0.471071
params_7352,5,1.5,1.0,0.9,0.5,30,0.25,0,0.0,0,1.0,1.0,1.0,1.0,0.25,0.4,0.75,0.05,0.471071
params_7355,5,1.5,1.0,0.9,0.7,21,0.25,0,0.0,0,1.0,1.0,1.0,1.0,0.25,0.4,0.75,0.05,0.471071
params_7356,5,1.5,1.0,0.9,0.7,30,0.25,0,0.0,0,1.0,1.0,1.0,1.0,0.25,0.4,0.75,0.05,0.471071
params_7427,5,1.5,1.2,0.9,0.3,21,0.25,0,0.0,0,1.0,1.0,1.0,1.0,0.25,0.4,0.75,0.05,0.471071
params_7428,5,1.5,1.2,0.9,0.3,30,0.25,0,0.0,0,1.0,1.0,1.0,1.0,0.25,0.4,0.75,0.05,0.471071
params_7431,5,1.5,1.2,0.9,0.5,21,0.25,0,0.0,0,1.0,1.0,1.0,1.0,0.25,0.4,0.75,0.05,0.471071
params_7432,5,1.5,1.2,0.9,0.5,30,0.25,0,0.0,0,1.0,1.0,1.0,1.0,0.25,0.4,0.75,0.05,0.471071
params_7435,5,1.5,1.2,0.9,0.7,21,0.25,0,0.0,0,1.0,1.0,1.0,1.0,0.25,0.4,0.75,0.05,0.471071
params_7436,5,1.5,1.2,0.9,0.7,30,0.25,0,0.0,0,1.0,1.0,1.0,1.0,0.25,0.4,0.75,0.05,0.471071
params_7507,5,1.5,1.5,0.9,0.3,21,0.25,0,0.0,0,1.0,1.0,1.0,1.0,0.25,0.4,0.75,0.05,0.471071
params_7508,5,1.5,1.5,0.9,0.3,30,0.25,0,0.0,0,1.0,1.0,1.0,1.0,0.25,0.4,0.75,0.05,0.471071
params_7511,5,1.5,1.5,0.9,0.5,21,0.25,0,0.0,0,1.0,1.0,1.0,1.0,0.25,0.4,0.75,0.05,0.471071
params_7512,5,1.5,1.5,0.9,0.5,30,0.25,0,0.0,0,1.0,1.0,1.0,1.0,0.25,0.4,0.75,0.05,0.471071
params_7515,5,1.5,1.5,0.9,0.7,21,0.25,0,0.0,0,1.0,1.0,1.0,1.0,0.25,0.4,0.75,0.05,0.471071
params_7516,5,1.5,1.5,0.9,0.7,30,0.25,0,0.0,0,1.0,1.0,1.0,1.0,0.25,0.4,0.75,0.05,0.471071
params_7587,5,1.5,2.0,0.9,0.3,21,0.25,0,0.0,0,1.0,1.0,1.0,1.0,0.25,0.4,0.75,0.05,0.471071
params_7588,5,1.5,2.0,0.9,0.3,30,0.25,0,0.0,0,1.0,1.0,1.0,1.0,0.25,0.4,0.75,0.05,0.471071
params_7591,5,1.5,2.0,0.9,0.5,21,0.25,0,0.0,0,1.0,1.0,1.0,1.0,0.25,0.4,0.75,0.05,0.471071
params_7592,5,1.5,2.0,0.9,0.5,30,0.25,0,0.0,0,1.0,1.0,1.0,1.0,0.25,0.4,0.75,0.05,0.471071
params_7595,5,1.5,2.0,0.9,0.7,21,0.25,0,0.0,0,1.0,1.0,1.0,1.0,0.25,0.4,0.75,0.05,0.471071
params_7596,5,1.5,2.0,0.9,0.7,30,0.25,0,0.0,0,1.0,1.0,1.0,1.0,0.25,0.4,0.75,0.05,0.471071
params_7667,5,2.0,0.5,0.9,0.3,21,0.25,0,0.0,0,1.0,1.0,1.0,1.0,0.25,0.4,0.75,0.05,0.471071
params_7668,5,2.0,0.5,0.9,0.3,30,0.25,0,0.0,0,1.0,1.0,1.0,1.0,0.25,0.4,0.75,0.05,0.471071
params_7671,5,2.0,0.5,0.9,0.5,21,0.25,0,0.0,0,1.0,1.0,1.0,1.0,0.25,0.4,0.75,0.05,0.471071
params_7672,5,2.0,0.5,0.9,0.5,30,0.25,0,0.0,0,1.0,1.0,1.0,1.0,0.25,0.4,0.75,0.05,0.471071
params_7675,5,2.0,0.5,0.9,0.7,21,0.25,0,0.0,0,1.0,1.0,1.0,1.0,0.25,0.4,0.75,0.05,0.471071
params_7676,5,2.0,0.5,0.9,0.7,30,0.25,0,0.0,0,1.0,1.0,1.0,1.0,0.25,0.4,0.75,0.05,0.471071
params_7747,5,2.0,1.0,0.9,0.3,21,0.25,0,0.0,0,1.0,1.0,1.0,1.0,0.25,0.4,0.75,0.05,0.471071
params_7748,5,2.0,1.0,0.9,0.3,30,0.25,0,0.0,0,1.0,1.0,1.0,1.0,0.25,0.4,0.75,0.05,0.471071
params_7751,5,2.0,1.0,0.9,0.5,21,0.25,0,0.0,0,1.0,1.0,1.0,1.0,0.25,0.4,0.75,0.05,0.471071
params_7752,5,2.0,1.0,0.9,0.5,30,0.25,0,0.0,0,1.0,1.0,1.0,1.0,0.25,0.4,0.75,0.05,0.471071
params_7755,5,2.0,1.0,0.9,0.7,21,0.25,0,0.0,0,1.0,1.0,1.0,1.0,0.25,0.4,0.75,0.05,0.471071
params_7756,5,2.0,1.0,0.9,0.7,30,0.25,0,0.0,0,1.0,1.0,1.0,1.0,0.25,0.4,0.75,0.05,0.471071
params_7827,5,2.0,1.2,0.9,0.3,21,0.25,0,0.0,0,1.0,1.0,1.0,1.0,0.25,0.4,0.75,0.05,0.471071
params_7828,5,2.0,1.2,0.9,0.3,30,0.25,0,0.0,0,1.0,1.0,1.0,1.0,0.25,0.4,0.75,0.05,0.471071
params_7831,5,2.0,1.2,0.9,0.5,21,0.25,0,0.0,0,1.0,1.0,1.0,1.0,0.25,0.4,0.75,0.05,0.471071
params_7832,5,2.0,1.2,0.9,0.5,30,0.25,0,0.0,0,1.0,1.0,1.0,1.0,0.25,0.4,0.75,0.05,0.471071
params_7835,5,2.0,1.2,0.9,0.7,21,0.25,0,0.0,0,1.0,1.0,1.0,1.0,0.25,0.4,0.75,0.05,0.471071
params_7836,5,2.0,1.2,0.9,0.7,30,0.25,0,0.0,0,1.0,1.0,1.0,1.0,0.25,0.4,0.75,0.05,0.471071
params_7907,5,2.0,1.5,0.9,0.3,21,0.25,0,0.0,0,1.0,1.0,1.0,1.0,0.25,0.4,0.75,0.05,0.471071
params_7908,5,2.0,1.5,0.9,0.3,30,0.25,0,0.0,0,1.0,1.0,1.0,1.0,0.25,0.4,0.75,0.05,0.471071
params_7911,5,2.0,1.5,0.9,0.5,21,0.25,0,0.0,0,1.0,1.0,1.0,1.0,0.25,0.4,0.75,0.05,0.471071
params_7912,5,2.0,1.5,0.9,0.5,30,0.25,0,0.0,0,1.0,1.0,1.0,1.0,0.25,0.4,0.75,0.05,0.471071
params_7915,5,2.0,1.5,0.9,0.7,21,0.25,0,0.0,0,1.0,1.0,1.0,1.0,0.25,0.4,0.75,0.05,0.471071
params_7916,5,2.0,1.5,0.9,0.7,30,0.25,0,0.0,0,1.0,1.0,1.0,1.0,0.25,0.4,0.75,0.05,0.471071
params_7987,5,2.0,2.0,0.9,0.3,21,0.25,0,0.0,0,1.0,1.0,1.0,1.0,0.25,0.4,0.75,0.05,0.471071
params_7988,5,2.0,2.0,0.9,0.3,30,0.25,0,0.0,0,1.0,1.0,1.0,1.0,0.25,0.4,0.75,0.05,0.471071
params_7991,5,2.0,2.0,0.9,0.5,21,0.25,0,0.0,0,1.0,1.0,1.0,1.0,0.25,0.4,0.75,0.05,0.471071
params_7992,5,2.0,2.0,0.9,0.5,30,0.25,0,0.0,0,1.0,1.0,1.0,1.0,0.25,0.4,0.75,0.05,0.471071
params_7995,5,2.0,2.0,0.9,0.7,21,0.25,0,0.0,0,1.0,1.0,1.0,1.0,0.25,0.4,0.75,0.05,0.471071
params_7996,5,2.0,2.0,0.9,0.7,30,0.25,0,0.0,0,1.0,1.0,1.0,1.0,0.25,0.4,0.75,0.05,0.471071
params_1265,2,1.5,0.5,0.9,0.3,7,0.25,0,0.0,0,1.0,1.0,1.0,1.0,0.25,0.4,0.75,0.06,0.469724
params_1269,2,1.5,0.5,0.9,0.5,7,0.25,0,0.0,0,1.0,1.0,1.0,1.0,0.25,0.4,0.75,0.06,0.469724
params_1273,2,1.5,0.5,0.9,0.7,7,0.25,0,0.0,0,1.0,1.0,1.0,1.0,0.25,0.4,0.75,0.06,0.469724
params_1345,2,1.5,1.0,0.9,0.3,7,0.25,0,0.0,0,1.0,1.0,1.0,1.0,0.25,0.4,0.75,0.06,0.469724
params_1349,2,1.5,1.0,0.9,0.5,7,0.25,0,0.0,0,1.0,1.0,1.0,1.0,0.25,0.4,0.75,0.06,0.469724
params_1353,2,1.5,1.0,0.9,0.7,7,0.25,0,0.0,0,1.0,1.0,1.0,1.0,0.25,0.4,0.75,0.06,0.469724
params_1425,2,1.5,1.2,0.9,0.3,7,0.25,0,0.0,0,1.0,1.0,1.0,1.0,0.25,0.4,0.75,0.06,0.469724
params_1429,2,1.5,1.2,0.9,0.5,7,0.25,0,0.0,0,1.0,1.0,1.0,1.0,0.25,0.4,0.75,0.06,0.469724
params_1433,2,1.5,1.2,0.9,0.7,7,0.25,0,0.0,0,1.0,1.0,1.0,1.0,0.25,0.4,0.75,0.06,0.469724
params_1505,2,1.5,1.5,0.9,0.3,7,0.25,0,0.0,0,1.0,1.0,1.0,1.0,0.25,0.4,0.75,0.06,0.469724
params_1509,2,1.5,1.5,0.9,0.5,7,0.25,0,0.0,0,1.0,1.0,1.0,1.0,0.25,0.4,0.75,0.06,0.469724
params_1513,2,1.5,1.5,0.9,0.7,7,0.25,0,0.0,0,1.0,1.0,1.0,1.0,0.25,0.4,0.75,0.06,0.469724
params_1585,2,1.5,2.0,0.9,0.3,7,0.25,0,0.0,0,1.0,1.0,1.0,1.0,0.25,0.4,0.75,0.06,0.469724
params_1589,2,1.5,2.0,0.9,0.5,7,0.25,0,0.0,0,1.0,1.0,1.0,1.0,0.25,0.4,0.75,0.06,0.469724
params_1593,2,1.5,2.0,0.9,0.7,7,0.25,0,0.0,0,1.0,1.0,1.0,1.0,0.25,0.4,0.75,0.06,0.469724
params_1665,2,2.0,0.5,0.9,0.3,7,0.25,0,0.0,0,1.0,1.0,1.0,1.0,0.25,0.4,0.75,0.06,0.469724
params_1669,2,2.0,0.5,0.9,0.5,7,0.25,0,0.0,0,1.0,1.0,1.0,1.0,0.25,0.4,0.75,0.06,0.469724
params_1673,2,2.0,0.5,0.9,0.7,7,0.25,0,0.0,0,1.0,1.0,1.0,1.0,0.25,0.4,0.75,0.06,0.469724
params_1745,2,2.0,1.0,0.9,0.3,7,0.25,0,0.0,0,1.0,1.0,1.0,1.0,0.25,0.4,0.75,0.06,0.469724
params_1749,2,2.0,1.0,0.9,0.5,7,0.25,0,0.0,0,1.0,1.0,1.0,1.0,0.25,0.4,0.75,0.06,0.469724
params_1753,2,2.0,1.0,0.9,0.7,7,0.25,0,0.0,0,1.0,1.0,1.0,1.0,0.25,0.4,0.75,0.06,0.469724
params_1825,2,2.0,1.2,0.9,0.3,7,0.25,0,0.0,0,1.0,1.0,1.0,1.0,0.25,0.4,0.75,0.06,0.469724
params_1829,2,2.0,1.2,0.9,0.5,7,0.25,0,0.0,0,1.0,1.0,1.0,1.0,0.25,0.4,0.75,0.06,0.469724
params_1833,2,2.0,1.2,0.9,0.7,7,0.25,0,0.0,0,1.0,1.0,1.0,1.0,0.25,0.4,0.75,0.06,0.469724
params_1905,2,2.0,1.5,0.9,0.3,7,0.25,0,0.0,0,1.0,1.0,1.0,1.0,0.25,0.4,0.75,0.06,0.469724
params_1909,2,2.0,1.5,0.9,0.5,7,0.25,0,0.0,0,1.0,1.0,1.0,1.0,0.25,0.4,0.75,0.06,0.469724
params_1913,2,2.0,1.5,0.9,0.7,7,0.25,0,0.0,0,1.0,1.0,1.0,1.0,0.25,0.4,0.75,0.06,0.469724
params_1985,2,2.0,2.0,0.9,0.3,7,0.25,0,0.0,0,1.0,1.0,1.0,1.0,0.25,0.4,0.75,0.06,0.469724
params_1989,2,2.0,2.0,0.9,0.5,7,0.25,0,0.0,0,1.0,1.0,1.0,1.0,0.25,0.4,0.75,0.06,0.469724
params_1993,2,2.0,2.0,0.9,0.7,7,0.25,0,0.0,0,1.0,1.0,1.0,1.0,0.25,0.4,0.75,0.06,0.469724
params_3265,3,1.5,0.5,0.9,0.3,7,0.25,0,0.0,0,1.0,1.0,1.0,1.0,0.25,0.4,0.75,0.06,0.469724
params_3269,3,1.5,0.5,0.9,0.5,7,0.25,0,0.0,0,1.0,1.0,1.0,1.0,0.25,0.4,0.75,0.06,0.469724
params_3273,3,1.5,0.5,0.9,0.7,7,0.25,0,0.0,0,1.0,1.0,1.0,1.0,0.25,0.4,0.75,0.06,0.469724
params_3345,3,1.5,1.0,0.9,0.3,7,0.25,0,0.0,0,1.0,1.0,1.0,1.0,0.25,0.4,0.75,0.06,0.469724
params_3349,3,1.5,1.0,0.9,0.5,7,0.25,0,0.0,0,1.0,1.0,1.0,1.0,0.25,0.4,0.75,0.06,0.469724
params_3353,3,1.5,1.0,0.9,0.7,7,0.25,0,0.0,0,1.0,1.0,1.0,1.0,0.25,0.4,0.75,0.06,0.469724
params_3425,3,1.5,1.2,0.9,0.3,7,0.25,0,0.0,0,1.0,1.0,1.0,1.0,0.25,0.4,0.75,0.06,0.469724
params_3429,3,1.5,1.2,0.9,0.5,7,0.25,0,0.0,0,1.0,1.0,1.0,1.0,0.25,0.4,0.75,0.06,0.469724
params_3433,3,1.5,1.2,0.9,0.7,7,0.25,0,0.0,0,1.0,1.0,1.0,1.0,0.25,0.4,0.75,0.06,0.469724
params_3505,3,1.5,1.5,0.9,0.3,7,0.25,0,0.0,0,1.0,1.0,1.0,1.0,0.25,0.4,0.75,0.06,0.469724
params_3509,3,1.5,1.5,0.9,0.5,7,0.25,0,0.0,0,1.0,1.0,1.0,1.0,0.25,0.4,0.75,0.06,0.469724
params_3513,3,1.5,1.5,0.9,0.7,7,0.25,0,0.0,0,1.0,1.0,1.0,1.0,0.25,0.4,0.75,0.06,0.469724
params_3585,3,1.5,2.0,0.9,0.3,7,0.25,0,0.0,0,1.0,1.0,1.0,1.0,0.25,0.4,0.75,0.06,0.469724
params_3589,3,1.5,2.0,0.9,0.5,7,0.25,0,0.0,0,1.0,1.0,1.0,1.0,0.25,0.4,0.75,0.06,0.469724
params_3593,3,1.5,2.0,0.9,0.7,7,0.25,0,0.0,0,1.0,1.0,1.0,1.0,0.25,0.4,0.75,0.06,0.469724
params_3665,3,2.0,0.5,0.9,0.3,7,0.25,0,0.0,0,1.0,1.0,1.0,1.0,0.25,0.4,0.75,0.06,0.469724
params_3669,3,2.0,0.5,0.9,0.5,7,0.25,0,0.0,0,1.0,1.0,1.0,1.0,0.25,0.4,0.75,0.06,0.469724
params_3673,3,2.0,0.5,0.9,0.7,7,0.25,0,0.0,0,1.0,1.0,1.0,1.0,0.25,0.4,0.75,0.06,0.469724
params_3745,3,2.0,1.0,0.9,0.3,7,0.25,0,0.0,0,1.0,1.0,1.0,1.0,0.25,0.4,0.75,0.06,0.469724
params_3749,3,2.0,1.0,0.9,0.5,7,0.25,0,0.0,0,1.0,1.0,1.0,1.0,0.25,0.4,0.75,0.06,0.469724
params_3753,3,2.0,1.0,0.9,0.7,7,0.25,0,0.0,0,1.0,1.0,1.0,1.0,0.25,0.4,0.75,0.06,0.469724
params_3825,3,2.0,1.2,0.9,0.3,7,0.25,0,0.0,0,1.0,1.0,1.0,1.0,0.25,0.4,0.75,0.06,0.469724
params_3829,3,2.0,1.2,0.9,0.5,7,0.25,0,0.0,0,1.0,1.0,1.0,1.0,0.25,0.4,0.75,0.06,0.469724
params_3833,3,2.0,1.2,0.9,0.7,7,0.25,0,0.0,0,1.0,1.0,1.0,1.0,0.25,0.4,0.75,0.06,0.469724
params_3905,3,2.0,1.5,0.9,0.3,7,0.25,0,0.0,0,1.0,1.0,1.0,1.0,0.25,0.4,0.75,0.06,0.469724
params_3909,3,2.0,1.5,0.9,0.5,7,0.25,0,0.0,0,1.0,1.0,1.0,1.0,0.25,0.4,0.75,0.06,0.469724
params_3913,3,2.0,1.5,0.9,0.7,7,0.25,0,0.0,0,1.0,1.0,1.0,1.0,0.25,0.4,0.75,0.06,0.469724
params_3985,3,2.0,2.0,0.9,0.3,7,0.25,0,0.0,0,1.0,1.0,1.0,1.0,0.25,0.4,0.75,0.06,0.469724
params_3989,3,2.0,2.0,0.9,0.5,7,0.25,0,0.0,0,1.0,1.0,1.0,1.0,0.25,0.4,0.75,0.06,0.469724
params_3993,3,2.0,2.0,0.9,0.7,7,0.25,0,0.0,0,1.0,1.0,1.0,1.0,0.25,0.4,0.75,0.06,0.469724
params_5265,4,1.5,0.5,0.9,0.3,7,0.25,0,0.0,0,1.0,1.0,1.0,1.0,0.25,0.4,0.75,0.06,0.469724
params_5269,4,1.5,0.5,0.9,0.5,7,0.25,0,0.0,0,1.0,1.0,1.0,1.0,0.25,0.4,0.75,0.06,0.469724
params_5273,4,1.5,0.5,0.9,0.7,7,0.25,0,0.0,0,1.0,1.0,1.0,1.0,0.25,0.4,0.75,0.06,0.469724
params_5345,4,1.5,1.0,0.9,0.3,7,0.25,0,0.0,0,1.0,1.0,1.0,1.0,0.25,0.4,0.75,0.06,0.469724
params_5349,4,1.5,1.0,0.9,0.5,7,0.25,0,0.0,0,1.0,1.0,1.0,1.0,0.25,0.4,0.75,0.06,0.469724
params_5353,4,1.5,1.0,0.9,0.7,7,0.25,0,0.0,0,1.0,1.0,1.0,1.0,0.25,0.4,0.75,0.06,0.469724
params_5425,4,1.5,1.2,0.9,0.3,7,0.25,0,0.0,0,1.0,1.0,1.0,1.0,0.25,0.4,0.75,0.06,0.469724
params_5429,4,1.5,1.2,0.9,0.5,7,0.25,0,0.0,0,1.0,1.0,1.0,1.0,0.25,0.4,0.75,0.06,0.469724
params_5433,4,1.5,1.2,0.9,0.7,7,0.25,0,0.0,0,1.0,1.0,1.0,1.0,0.25,0.4,0.75,0.06,0.469724
params_5505,4,1.5,1.5,0.9,0.3,7,0.25,0,0.0,0,1.0,1.0,1.0,1.0,0.25,0.4,0.75,0.06,0.469724
params_5509,4,1.5,1.5,0.9,0.5,7,0.25,0,0.0,0,1.0,1.0,1.0,1.0,0.25,0.4,0.75,0.06,0.469724
params_5513,4,1.5,1.5,0.9,0.7,7,0.25,0,0.0,0,1.0,1.0,1.0,1.0,0.25,0.4,0.75,0.06,0.469724
params_5585,4,1.5,2.0,0.9,0.3,7,0.25,0,0.0,0,1.0,1.0,1.0,1.0,0.25,0.4,0.75,0.06,0.469724
params_5589,4,1.5,2.0,0.9,0.5,7,0.25,0,0.0,0,1.0,1.0,1.0,1.0,0.25,0.4,0.75,0.06,0.469724
params_5593,4,1.5,2.0,0.9,0.7,7,0.25,0,0.0,0,1.0,1.0,1.0,1.0,0.25,0.4,0.75,0.06,0.469724
params_5665,4,2.0,0.5,0.9,0.3,7,0.25,0,0.0,0,1.0,1.0,1.0,1.0,0.25,0.4,0.75,0.06,0.469724
params_5669,4,2.0,0.5,0.9,0.5,7,0.25,0,0.0,0,1.0,1.0,1.0,1.0,0.25,0.4,0.75,0.06,0.469724
params_5673,4,2.0,0.5,0.9,0.7,7,0.25,0,0.0,0,1.0,1.0,1.0,1.0,0.25,0.4,0.75,0.06,0.469724
params_5745,4,2.0,1.0,0.9,0.3,7,0.25,0,0.0,0,1.0,1.0,1.0,1.0,0.25,0.4,0.75,0.06,0.469724
params_5749,4,2.0,1.0,0.9,0.5,7,0.25,0,0.0,0,1.0,1.0,1.0,1.0,0.25,0.4,0.75,0.06,0.469724
params_5753,4,2.0,1.0,0.9,0.7,7,0.25,0,0.0,0,1.0,1.0,1.0,1.0,0.25,0.4,0.75,0.06,0.469724
params_5825,4,2.0,1.2,0.9,0.3,7,0.25,0,0.0,0,1.0,1.0,1.0,1.0,0.25,0.4,0.75,0.06,0.469724
params_5829,4,2.0,1.2,0.9,0.5,7,0.25,0,0.0,0,1.0,1.0,1.0,1.0,0.25,0.4,0.75,0.06,0.469724
params_5833,4,2.0,1.2,0.9,0.7,7,0.25,0,0.0,0,1.0,1.0,1.0,1.0,0.25,0.4,0.75,0.06,0.469724
params_5905,4,2.0,1.5,0.9,0.3,7,0.25,0,0.0,0,1.0,1.0,1.0,1.0,0.25,0.4,0.75,0.06,0.469724
params_5909,4,2.0,1.5,0.9,0.5,7,0.25,0,0.0,0,1.0,1.0,1.0,1.0,0.25,0.4,0.75,0.06,0.469724
params_5913,4,2.0,1.5,0.9,0.7,7,0.25,0,0.0,0,1.0,1.0,1.0,1.0,0.25,0.4,0.75,0.06,0.469724
params_5985,4,2.0,2.0,0.9,0.3,7,0.25,0,0.0,0,1.0,1.0,1.0,1.0,0.25,0.4,0.75,0.06,0.469724
params_5989,4,2.0,2.0,0.9,0.5,7,0.25,0,0.0,0,1.0,1.0,1.0,1.0,0.25,0.4,0.75,0.06,0.469724
params_5993,4,2.0,2.0,0.9,0.7,7,0.25,0,0.0,0,1.0,1.0,1.0,1.0,0.25,0.4,0.75,0.06,0.469724
params_7265,5,1.5,0.5,0.9,0.3,7,0.25,0,0.0,0,1.0,1.0,1.0,1.0,0.25,0.4,0.75,0.06,0.469724
params_7269,5,1.5,0.5,0.9,0.5,7,0.25,0,0.0,0,1.0,1.0,1.0,1.0,0.25,0.4,0.75,0.06,0.469724
params_7273,5,1.5,0.5,0.9,0.7,7,0.25,0,0.0,0,1.0,1.0,1.0,1.0,0.25,0.4,0.75,0.06,0.469724
params_7345,5,1.5,1.0,0.9,0.3,7,0.25,0,0.0,0,1.0,1.0,1.0,1.0,0.25,0.4,0.75,0.06,0.469724
params_7349,5,1.5,1.0,0.9,0.5,7,0.25,0,0.0,0,1.0,1.0,1.0,1.0,0.25,0.4,0.75,0.06,0.469724
params_7353,5,1.5,1.0,0.9,0.7,7,0.25,0,0.0,0,1.0,1.0,1.0,1.0,0.25,0.4,0.75,0.06,0.469724
params_7425,5,1.5,1.2,0.9,0.3,7,0.25,0,0.0,0,1.0,1.0,1.0,1.0,0.25,0.4,0.75,0.06,0.469724
params_7429,5,1.5,1.2,0.9,0.5,7,0.25,0,0.0,0,1.0,1.0,1.0,1.0,0.25,0.4,0.75,0.06,0.469724
params_7433,5,1.5,1.2,0.9,0.7,7,0.25,0,0.0,0,1.0,1.0,1.0,1.0,0.25,0.4,0.75,0.06,0.469724
params_7505,5,1.5,1.5,0.9,0.3,7,0.25,0,0.0,0,1.0,1.0,1.0,1.0,0.25,0.4,0.75,0.06,0.469724
params_7509,5,1.5,1.5,0.9,0.5,7,0.25,0,0.0,0,1.0,1.0,1.0,1.0,0.25,0.4,0.75,0.06,0.469724
params_7513,5,1.5,1.5,0.9,0.7,7,0.25,0,0.0,0,1.0,1.0,1.0,1.0,0.25,0.4,0.75,0.06,0.469724
params_7585,5,1.5,2.0,0.9,0.3,7,0.25,0,0.0,0,1.0,1.0,1.0,1.0,0.25,0.4,0.75,0.06,0.469724
params_7589,5,1.5,2.0,0.9,0.5,7,0.25,0,0.0,0,1.0,1.0,1.0,1.0,0.25,0.4,0.75,0.06,0.469724
params_7593,5,1.5,2.0,0.9,0.7,7,0.25,0,0.0,0,1.0,1.0,1.0,1.0,0.25,0.4,0.75,0.06,0.469724
params_7665,5,2.0,0.5,0.9,0.3,7,0.25,0,0.0,0,1.0,1.0,1.0,1.0,0.25,0.4,0.75,0.06,0.469724
params_7669,5,2.0,0.5,0.9,0.5,7,0.25,0,0.0,0,1.0,1.0,1.0,1.0,0.25,0.4,0.75,0.06,0.469724
params_7673,5,2.0,0.5,0.9,0.7,7,0.25,0,0.0,0,1.0,1.0,1.0,1.0,0.25,0.4,0.75,0.06,0.469724
params_7745,5,2.0,1.0,0.9,0.3,7,0.25,0,0.0,0,1.0,1.0,1.0,1.0,0.25,0.4,0.75,0.06,0.469724
params_7749,5,2.0,1.0,0.9,0.5,7,0.25,0,0.0,0,1.0,1.0,1.0,1.0,0.25,0.4,0.75,0.06,0.469724
params_7753,5,2.0,1.0,0.9,0.7,7,0.25,0,0.0,0,1.0,1.0,1.0,1.0,0.25,0.4,0.75,0.06,0.469724
params_7825,5,2.0,1.2,0.9,0.3,7,0.25,0,0.0,0,1.0,1.0,1.0,1.0,0.25,0.4,0.75,0.06,0.469724
params_7829,5,2.0,1.2,0.9,0.5,7,0.25,0,0.0,0,1.0,1.0,1.0,1.0,0.25,0.4,0.75,0.06,0.469724
params_7833,5,2.0,1.2,0.9,0.7,7,0.25,0,0.0,0,1.0,1.0,1.0,1.0,0.25,0.4,0.75,0.06,0.469724
params_7905,5,2.0,1.5,0.9,0.3,7,0.25,0,0.0,0,1.0,1.0,1.0,1.0,0.25,0.4,0.75,0.06,0.469724
params_7909,5,2.0,1.5,0.9,0.5,7,0.25,0,0.0,0,1.0,1.0,1.0,1.0,0.25,0.4,0.75,0.06,0.469724
params_7913,5,2.0,1.5,0.9,0.7,7,0.25,0,0.0,0,1.0,1.0,1.0,1.0,0.25,0.4,0.75,0.06,0.469724
params_7985,5,2.0,2.0,0.9,0.3,7,0.25,0,0.0,0,1.0,1.0,1.0,1.0,0.25,0.4,0.75,0.06,0.469724
params_7989,5,2.0,2.0,0.9,0.5,7,0.25,0,0.0,0,1.0,1.0,1.0,1.0,0.25,0.4,0.75,0.06,0.469724
params_7993,5,2.0,2.0,0.9,0.7,7,0.25,0,0.0,0,1.0,1.0,1.0,1.0,0.25,0.4,0.75,0.06,0.469724
params_1250,2,1.5,0.5,0.7,0.3,14,0.25,0,0.0,0,1.0,1.0,1.0,1.0,0.25,0.4,0.75,0.09,0.465829
params_1251,2,1.5,0.5,0.7,0.3,21,0.25,0,0.0,0,1.0,1.0,1.0,1.0,0.25,0.4,0.75,0.09,0.465829
params_1252,2,1.5,0.5,0.7,0.3,30,0.25,0,0.0,0,1.0,1.0,1.0,1.0,0.25,0.4,0.75,0.09,0.465829
params_1254,2,1.5,0.5,0.7,0.5,14,0.25,0,0.0,0,1.0,1.0,1.0,1.0,0.25,0.4,0.75,0.09,0.465829
params_1255,2,1.5,0.5,0.7,0.5,21,0.25,0,0.0,0,1.0,1.0,1.0,1.0,0.25,0.4,0.75,0.09,0.465829
params_1256,2,1.5,0.5,0.7,0.5,30,0.25,0,0.0,0,1.0,1.0,1.0,1.0,0.25,0.4,0.75,0.09,0.465829
params_1258,2,1.5,0.5,0.7,0.7,14,0.25,0,0.0,0,1.0,1.0,1.0,1.0,0.25,0.4,0.75,0.09,0.465829
params_1259,2,1.5,0.5,0.7,0.7,21,0.25,0,0.0,0,1.0,1.0,1.0,1.0,0.25,0.4,0.75,0.09,0.465829
params_1260,2,1.5,0.5,0.7,0.7,30,0.25,0,0.0,0,1.0,1.0,1.0,1.0,0.25,0.4,0.75,0.09,0.465829
params_1330,2,1.5,1.0,0.7,0.3,14,0.25,0,0.0,0,1.0,1.0,1.0,1.0,0.25,0.4,0.75,0.09,0.465829
params_1331,2,1.5,1.0,0.7,0.3,21,0.25,0,0.0,0,1.0,1.0,1.0,1.0,0.25,0.4,0.75,0.09,0.465829
params_1332,2,1.5,1.0,0.7,0.3,30,0.25,0,0.0,0,1.0,1.0,1.0,1.0,0.25,0.4,0.75,0.09,0.465829
params_1334,2,1.5,1.0,0.7,0.5,14,0.25,0,0.0,0,1.0,1.0,1.0,1.0,0.25,0.4,0.75,0.09,0.465829
params_1335,2,1.5,1.0,0.7,0.5,21,0.25,0,0.0,0,1.0,1.0,1.0,1.0,0.25,0.4,0.75,0.09,0.465829
params_1336,2,1.5,1.0,0.7,0.5,30,0.25,0,0.0,0,1.0,1.0,1.0,1.0,0.25,0.4,0.75,0.09,0.465829
params_1338,2,1.5,1.0,0.7,0.7,14,0.25,0,0.0,0,1.0,1.0,1.0,1.0,0.25,0.4,0.75,0.09,0.465829
params_1339,2,1.5,1.0,0.7,0.7,21,0.25,0,0.0,0,1.0,1.0,1.0,1.0,0.25,0.4,0.75,0.09,0.465829
params_1340,2,1.5,1.0,0.7,0.7,30,0.25,0,0.0,0,1.0,1.0,1.0,1.0,0.25,0.4,0.75,0.09,0.465829
params_1410,2,1.5,1.2,0.7,0.3,14,0.25,0,0.0,0,1.0,1.0,1.0,1.0,0.25,0.4,0.75,0.09,0.465829
params_1411,2,1.5,1.2,0.7,0.3,21,0.25,0,0.0,0,1.0,1.0,1.0,1.0,0.25,0.4,0.75,0.09,0.465829
params_1412,2,1.5,1.2,0.7,0.3,30,0.25,0,0.0,0,1.0,1.0,1.0,1.0,0.25,0.4,0.75,0.09,0.465829
params_1414,2,1.5,1.2,0.7,0.5,14,0.25,0,0.0,0,1.0,1.0,1.0,1.0,0.25,0.4,0.75,0.09,0.465829
params_1415,2,1.5,1.2,0.7,0.5,21,0.25,0,0.0,0,1.0,1.0,1.0,1.0,0.25,0.4,0.75,0.09,0.465829
params_1416,2,1.5,1.2,0.7,0.5,30,0.25,0,0.0,0,1.0,1.0,1.0,1.0,0.25,0.4,0.75,0.09,0.465829
params_1418,2,1.5,1.2,0.7,0.7,14,0.25,0,0.0,0,1.0,1.0,1.0,1.0,0.25,0.4,0.75,0.09,0.465829
params_1419,2,1.5,1.2,0.7,0.7,21,0.25,0,0.0,0,1.0,1.0,1.0,1.0,0.25,0.4,0.75,0.09,0.465829
params_1420,2,1.5,1.2,0.7,0.7,30,0.25,0,0.0,0,1.0,1.0,1.0,1.0,0.25,0.4,0.75,0.09,0.465829
params_1490,2,1.5,1.5,0.7,0.3,14,0.25,0,0.0,0,1.0,1.0,1.0,1.0,0.25,0.4,0.75,0.09,0.465829
params_1491,2,1.5,1.5,0.7,0.3,21,0.25,0,0.0,0,1.0,1.0,1.0,1.0,0.25,0.4,0.75,0.09,0.465829
params_1492,2,1.5,1.5,0.7,0.3,30,0.25,0,0.0,0,1.0,1.0,1.0,1.0,0.25,0.4,0.75,0.09,0.465829
params_1494,2,1.5,1.5,0.7,0.5,14,0.25,0,0.0,0,1.0,1.0,1.0,1.0,0.25,0.4,0.75,0.09,0.465829
params_1495,2,1.5,1.5,0.7,0.5,21,0.25,0,0.0,0,1.0,1.0,1.0,1.0,0.25,0.4,0.75,0.09,0.465829
params_1496,2,1.5,1.5,0.7,0.5,30,0.25,0,0.0,0,1.0,1.0,1.0,1.0,0.25,0.4,0.75,0.09,0.465829
params_1498,2,1.5,1.5,0.7,0.7,14,0.25,0,0.0,0,1.0,1.0,1.0,1.0,0.25,0.4,0.75,0.09,0.465829
params_1499,2,1.5,1.5,0.7,0.7,21,0.25,0,0.0,0,1.0,1.0,1.0,1.0,0.25,0.4,0.75,0.09,0.465829
params_1500,2,1.5,1.5,0.7,0.7,30,0.25,0,0.0,0,1.0,1.0,1.0,1.0,0.25,0.4,0.75,0.09,0.465829
params_1570,2,1.5,2.0,0.7,0.3,14,0.25,0,0.0,0,1.0,1.0,1.0,1.0,0.25,0.4,0.75,0.09,0.465829
params_1571,2,1.5,2.0,0.7,0.3,21,0.25,0,0.0,0,1.0,1.0,1.0,1.0,0.25,0.4,0.75,0.09,0.465829
params_1572,2,1.5,2.0,0.7,0.3,30,0.25,0,0.0,0,1.0,1.0,1.0,1.0,0.25,0.4,0.75,0.09,0.465829
params_1574,2,1.5,2.0,0.7,0.5,14,0.25,0,0.0,0,1.0,1.0,1.0,1.0,0.25,0.4,0.75,0.09,0.465829
params_1575,2,1.5,2.0,0.7,0.5,21,0.25,0,0.0,0,1.0,1.0,1.0,1.0,0.25,0.4,0.75,0.09,0.465829
params_1576,2,1.5,2.0,0.7,0.5,30,0.25,0,0.0,0,1.0,1.0,1.0,1.0,0.25,0.4,0.75,0.09,0.465829
params_1578,2,1.5,2.0,0.7,0.7,14,0.25,0,0.0,0,1.0,1.0,1.0,1.0,0.25,0.4,0.75,0.09,0.465829
params_1579,2,1.5,2.0,0.7,0.7,21,0.25,0,0.0,0,1.0,1.0,1.0,1.0,0.25,0.4,0.75,0.09,0.465829
params_1580,2,1.5,2.0,0.7,0.7,30,0.25,0,0.0,0,1.0,1.0,1.0,1.0,0.25,0.4,0.75,0.09,0.465829
params_1650,2,2.0,0.5,0.7,0.3,14,0.25,0,0.0,0,1.0,1.0,1.0,1.0,0.25,0.4,0.75,0.09,0.465829
params_1651,2,2.0,0.5,0.7,0.3,21,0.25,0,0.0,0,1.0,1.0,1.0,1.0,0.25,0.4,0.75,0.09,0.465829
params_1652,2,2.0,0.5,0.7,0.3,30,0.25,0,0.0,0,1.0,1.0,1.0,1.0,0.25,0.4,0.75,0.09,0.465829
params_1654,2,2.0,0.5,0.7,0.5,14,0.25,0,0.0,0,1.0,1.0,1.0,1.0,0.25,0.4,0.75,0.09,0.465829
params_1655,2,2.0,0.5,0.7,0.5,21,0.25,0,0.0,0,1.0,1.0,1.0,1.0,0.25,0.4,0.75,0.09,0.465829
params_1656,2,2.0,0.5,0.7,0.5,30,0.25,0,0.0,0,1.0,1.0,1.0,1.0,0.25,0.4,0.75,0.09,0.465829
params_1658,2,2.0,0.5,0.7,0.7,14,0.25,0,0.0,0,1.0,1.0,1.0,1.0,0.25,0.4,0.75,0.09,0.465829
params_1659,2,2.0,0.5,0.7,0.7,21,0.25,0,0.0,0,1.0,1.0,1.0,1.0,0.25,0.4,0.75,0.09,0.465829
params_1660,2,2.0,0.5,0.7,0.7,30,0.25,0,0.0,0,1.0,1.0,1.0,1.0,0.25,0.4,0.75,0.09,0.465829
params_1730,2,2.0,1.0,0.7,0.3,14,0.25,0,0.0,0,1.0,1.0,1.0,1.0,0.25,0.4,0.75,0.09,0.465829
params_1731,2,2.0,1.0,0.7,0.3,21,0.25,0,0.0,0,1.0,1.0,1.0,1.0,0.25,0.4,0.75,0.09,0.465829
params_1732,2,2.0,1.0,0.7,0.3,30,0.25,0,0.0,0,1.0,1.0,1.0,1.0,0.25,0.4,0.75,0.09,0.465829
params_1734,2,2.0,1.0,0.7,0.5,14,0.25,0,0.0,0,1.0,1.0,1.0,1.0,0.25,0.4,0.75,0.09,0.465829
params_1735,2,2.0,1.0,0.7,0.5,21,0.25,0,0.0,0,1.0,1.0,1.0,1.0,0.25,0.4,0.75,0.09,0.465829
params_1736,2,2.0,1.0,0.7,0.5,30,0.25,0,0.0,0,1.0,1.0,1.0,1.0,0.25,0.4,0.75,0.09,0.465829
params_1738,2,2.0,1.0,0.7,0.7,14,0.25,0,0.0,0,1.0,1.0,1.0,1.0,0.25,0.4,0.75,0.09,0.465829
params_1739,2,2.0,1.0,0.7,0.7,21,0.25,0,0.0,0,1.0,1.0,1.0,1.0,0.25,0.4,0.75,0.09,0.465829
params_1740,2,2.0,1.0,0.7,0.7,30,0.25,0,0.0,0,1.0,1.0,1.0,1.0,0.25,0.4,0.75,0.09,0.465829
params_1810,2,2.0,1.2,0.7,0.3,14,0.25,0,0.0,0,1.0,1.0,1.0,1.0,0.25,0.4,0.75,0.09,0.465829
params_1811,2,2.0,1.2,0.7,0.3,21,0.25,0,0.0,0,1.0,1.0,1.0,1.0,0.25,0.4,0.75,0.09,0.465829
params_1812,2,2.0,1.2,0.7,0.3,30,0.25,0,0.0,0,1.0,1.0,1.0,1.0,0.25,0.4,0.75,0.09,0.465829
params_1814,2,2.0,1.2,0.7,0.5,14,0.25,0,0.0,0,1.0,1.0,1.0,1.0,0.25,0.4,0.75,0.09,0.465829
params_1815,2,2.0,1.2,0.7,0.5,21,0.25,0,0.0,0,1.0,1.0,1.0,1.0,0.25,0.4,0.75,0.09,0.465829
params_1816,2,2.0,1.2,0.7,0.5,30,0.25,0,0.0,0,1.0,1.0,1.0,1.0,0.25,0.4,0.75,0.09,0.465829
params_1818,2,2.0,1.2,0.7,0.7,14,0.25,0,0.0,0,1.0,1.0,1.0,1.0,0.25,0.4,0.75,0.09,0.465829
params_1819,2,2.0,1.2,0.7,0.7,21,0.25,0,0.0,0,1.0,1.0,1.0,1.0,0.25,0.4,0.75,0.09,0.465829
params_1820,2,2.0,1.2,0.7,0.7,30,0.25,0,0.0,0,1.0,1.0,1.0,1.0,0.25,0.4,0.75,0.09,0.465829
params_1890,2,2.0,1.5,0.7,0.3,14,0.25,0,0.0,0,1.0,1.0,1.0,1.0,0.25,0.4,0.75,0.09,0.465829
params_1891,2,2.0,1.5,0.7,0.3,21,0.25,0,0.0,0,1.0,1.0,1.0,1.0,0.25,0.4,0.75,0.09,0.465829
params_1892,2,2.0,1.5,0.7,0.3,30,0.25,0,0.0,0,1.0,1.0,1.0,1.0,0.25,0.4,0.75,0.09,0.465829
params_1894,2,2.0,1.5,0.7,0.5,14,0.25,0,0.0,0,1.0,1.0,1.0,1.0,0.25,0.4,0.75,0.09,0.465829
params_1895,2,2.0,1.5,0.7,0.5,21,0.25,0,0.0,0,1.0,1.0,1.0,1.0,0.25,0.4,0.75,0.09,0.465829
params_1896,2,2.0,1.5,0.7,0.5,30,0.25,0,0.0,0,1.0,1.0,1.0,1.0,0.25,0.4,0.75,0.09,0.465829
params_1898,2,2.0,1.5,0.7,0.7,14,0.25,0,0.0,0,1.0,1.0,1.0,1.0,0.25,0.4,0.75,0.09,0.465829
params_1899,2,2.0,1.5,0.7,0.7,21,0.25,0,0.0,0,1.0,1.0,1.0,1.0,0.25,0.4,0.75,0.09,0.465829
params_1900,2,2.0,1.5,0.7,0.7,30,0.25,0,0.0,0,1.0,1.0,1.0,1.0,0.25,0.4,0.75,0.09,0.465829
params_1970,2,2.0,2.0,0.7,0.3,14,0.25,0,0.0,0,1.0,1.0,1.0,1.0,0.25,0.4,0.75,0.09,0.465829
params_1971,2,2.0,2.0,0.7,0.3,21,0.25,0,0.0,0,1.0,1.0,1.0,1.0,0.25,0.4,0.75,0.09,0.465829
params_1972,2,2.0,2.0,0.7,0.3,30,0.25,0,0.0,0,1.0,1.0,1.0,1.0,0.25,0.4,0.75,0.09,0.465829
params_1974,2,2.0,2.0,0.7,0.5,14,0.25,0,0.0,0,1.0,1.0,1.0,1.0,0.25,0.4,0.75,0.09,0.465829
params_1975,2,2.0,2.0,0.7,0.5,21,0.25,0,0.0,0,1.0,1.0,1.0,1.0,0.25,0.4,0.75,0.09,0.465829
params_1976,2,2.0,2.0,0.7,0.5,30,0.25,0,0.0,0,1.0,1.0,1.0,1.0,0.25,0.4,0.75,0.09,0.465829
params_1978,2,2.0,2.0,0.7,0.7,14,0.25,0,0.0,0,1.0,1.0,1.0,1.0,0.25,0.4,0.75,0.09,0.465829
params_1979,2,2.0,2.0,0.7,0.7,21,0.25,0,0.0,0,1.0,1.0,1.0,1.0,0.25,0.4,0.75,0.09,0.465829
params_1980,2,2.0,2.0,0.7,0.7,30,0.25,0,0.0,0,1.0,1.0,1.0,1.0,0.25,0.4,0.75,0.09,0.465829
params_3250,3,1.5,0.5,0.7,0.3,14,0.25,0,0.0,0,1.0,1.0,1.0,1.0,0.25,0.4,0.75,0.09,0.465829
params_3251,3,1.5,0.5,0.7,0.3,21,0.25,0,0.0,0,1.0,1.0,1.0,1.0,0.25,0.4,0.75,0.09,0.465829
params_3252,3,1.5,0.5,0.7,0.3,30,0.25,0,0.0,0,1.0,1.0,1.0,1.0,0.25,0.4,0.75,0.09,0.465829
params_3254,3,1.5,0.5,0.7,0.5,14,0.25,0,0.0,0,1.0,1.0,1.0,1.0,0.25,0.4,0.75,0.09,0.465829
params_3255,3,1.5,0.5,0.7,0.5,21,0.25,0,0.0,0,1.0,1.0,1.0,1.0,0.25,0.4,0.75,0.09,0.465829
params_3256,3,1.5,0.5,0.7,0.5,30,0.25,0,0.0,0,1.0,1.0,1.0,1.0,0.25,0.4,0.75,0.09,0.465829
params_3258,3,1.5,0.5,0.7,0.7,14,0.25,0,0.0,0,1.0,1.0,1.0,1.0,0.25,0.4,0.75,0.09,0.465829
params_3259,3,1.5,0.5,0.7,0.7,21,0.25,0,0.0,0,1.0,1.0,1.0,1.0,0.25,0.4,0.75,0.09,0.465829
params_3260,3,1.5,0.5,0.7,0.7,30,0.25,0,0.0,0,1.0,1.0,1.0,1.0,0.25,0.4,0.75,0.09,0.465829
params_3330,3,1.5,1.0,0.7,0.3,14,0.25,0,0.0,0,1.0,1.0,1.0,1.0,0.25,0.4,0.75,0.09,0.465829
params_3331,3,1.5,1.0,0.7,0.3,21,0.25,0,0.0,0,1.0,1.0,1.0,1.0,0.25,0.4,0.75,0.09,0.465829
params_3332,3,1.5,1.0,0.7,0.3,30,0.25,0,0.0,0,1.0,1.0,1.0,1.0,0.25,0.4,0.75,0.09,0.465829
params_3334,3,1.5,1.0,0.7,0.5,14,0.25,0,0.0,0,1.0,1.0,1.0,1.0,0.25,0.4,0.75,0.09,0.465829
params_3335,3,1.5,1.0,0.7,0.5,21,0.25,0,0.0,0,1.0,1.0,1.0,1.0,0.25,0.4,0.75,0.09,0.465829
params_3336,3,1.5,1.0,0.7,0.5,30,0.25,0,0.0,0,1.0,1.0,1.0,1.0,0.25,0.4,0.75,0.09,0.465829
params_3338,3,1.5,1.0,0.7,0.7,14,0.25,0,0.0,0,1.0,1.0,1.0,1.0,0.25,0.4,0.75,0.09,0.465829
params_3339,3,1.5,1.0,0.7,0.7,21,0.25,0,0.0,0,1.0,1.0,1.0,1.0,0.25,0.4,0.75,0.09,0.465829
params_3340,3,1.5,1.0,0.7,0.7,30,0.25,0,0.0,0,1.0,1.0,1.0,1.0,0.25,0.4,0.75,0.09,0.465829
params_3410,3,1.5,1.2,0.7,0.3,14,0.25,0,0.0,0,1.0,1.0,1.0,1.0,0.25,0.4,0.75,0.09,0.465829
params_3411,3,1.5,1.2,0.7,0.3,21,0.25,0,0.0,0,1.0,1.0,1.0,1.0,0.25,0.4,0.75,0.09,0.465829
params_3412,3,1.5,1.2,0.7,0.3,30,0.25,0,0.0,0,1.0,1.0,1.0,1.0,0.25,0.4,0.75,0.09,0.465829
params_3414,3,1.5,1.2,0.7,0.5,14,0.25,0,0.0,0,1.0,1.0,1.0,1.0,0.25,0.4,0.75,0.09,0.465829
params_3415,3,1.5,1.2,0.7,0.5,21,0.25,0,0.0,0,1.0,1.0,1.0,1.0,0.25,0.4,0.75,0.09,0.465829
params_3416,3,1.5,1.2,0.7,0.5,30,0.25,0,0.0,0,1.0,1.0,1.0,1.0,0.25,0.4,0.75,0.09,0.465829
params_3418,3,1.5,1.2,0.7,0.7,14,0.25,0,0.0,0,1.0,1.0,1.0,1.0,0.25,0.4,0.75,0.09,0.465829
params_3419,3,1.5,1.2,0.7,0.7,21,0.25,0,0.0,0,1.0,1.0,1.0,1.0,0.25,0.4,0.75,0.09,0.465829
params_3420,3,1.5,1.2,0.7,0.7,30,0.25,0,0.0,0,1.0,1.0,1.0,1.0,0.25,0.4,0.75,0.09,0.465829
params_3490,3,1.5,1.5,0.7,0.3,14,0.25,0,0.0,0,1.0,1.0,1.0,1.0,0.25,0.4,0.75,0.09,0.465829
params_3491,3,1.5,1.5,0.7,0.3,21,0.25,0,0.0,0,1.0,1.0,1.0,1.0,0.25,0.4,0.75,0.09,0.465829
params_3492,3,1.5,1.5,0.7,0.3,30,0.25,0,0.0,0,1.0,1.0,1.0,1.0,0.25,0.4,0.75,0.09,0.465829
params_3494,3,1.5,1.5,0.7,0.5,14,0.25,0,0.0,0,1.0,1.0,1.0,1.0,0.25,0.4,0.75,0.09,0.465829
params_3495,3,1.5,1.5,0.7,0.5,21,0.25,0,0.0,0,1.0,1.0,1.0,1.0,0.25,0.4,0.75,0.09,0.465829
params_3496,3,1.5,1.5,0.7,0.5,30,0.25,0,0.0,0,1.0,1.0,1.0,1.0,0.25,0.4,0.75,0.09,0.465829
params_3498,3,1.5,1.5,0.7,0.7,14,0.25,0,0.0,0,1.0,1.0,1.0,1.0,0.25,0.4,0.75,0.09,0.465829
params_3499,3,1.5,1.5,0.7,0.7,21,0.25,0,0.0,0,1.0,1.0,1.0,1.0,0.25,0.4,0.75,0.09,0.465829
params_3500,3,1.5,1.5,0.7,0.7,30,0.25,0,0.0,0,1.0,1.0,1.0,1.0,0.25,0.4,0.75,0.09,0.465829
params_3570,3,1.5,2.0,0.7,0.3,14,0.25,0,0.0,0,1.0,1.0,1.0,1.0,0.25,0.4,0.75,0.09,0.465829
params_3571,3,1.5,2.0,0.7,0.3,21,0.25,0,0.0,0,1.0,1.0,1.0,1.0,0.25,0.4,0.75,0.09,0.465829
params_3572,3,1.5,2.0,0.7,0.3,30,0.25,0,0.0,0,1.0,1.0,1.0,1.0,0.25,0.4,0.75,0.09,0.465829
params_3574,3,1.5,2.0,0.7,0.5,14,0.25,0,0.0,0,1.0,1.0,1.0,1.0,0.25,0.4,0.75,0.09,0.465829
params_3575,3,1.5,2.0,0.7,0.5,21,0.25,0,0.0,0,1.0,1.0,1.0,1.0,0.25,0.4,0.75,0.09,0.465829
params_3576,3,1.5,2.0,0.7,0.5,30,0.25,0,0.0,0,1.0,1.0,1.0,1.0,0.25,0.4,0.75,0.09,0.465829
params_3578,3,1.5,2.0,0.7,0.7,14,0.25,0,0.0,0,1.0,1.0,1.0,1.0,0.25,0.4,0.75,0.09,0.465829
params_3579,3,1.5,2.0,0.7,0.7,21,0.25,0,0.0,0,1.0,1.0,1.0,1.0,0.25,0.4,0.75,0.09,0.465829
params_3580,3,1.5,2.0,0.7,0.7,30,0.25,0,0.0,0,1.0,1.0,1.0,1.0,0.25,0.4,0.75,0.09,0.465829
params_3650,3,2.0,0.5,0.7,0.3,14,0.25,0,0.0,0,1.0,1.0,1.0,1.0,0.25,0.4,0.75,0.09,0.465829
params_3651,3,2.0,0.5,0.7,0.3,21,0.25,0,0.0,0,1.0,1.0,1.0,1.0,0.25,0.4,0.75,0.09,0.465829
params_3652,3,2.0,0.5,0.7,0.3,30,0.25,0,0.0,0,1.0,1.0,1.0,1.0,0.25,0.4,0.75,0.09,0.465829
params_3654,3,2.0,0.5,0.7,0.5,14,0.25,0,0.0,0,1.0,1.0,1.0,1.0,0.25,0.4,0.75,0.09,0.465829
params_3655,3,2.0,0.5,0.7,0.5,21,0.25,0,0.0,0,1.0,1.0,1.0,1.0,0.25,0.4,0.75,0.09,0.465829
params_3656,3,2.0,0.5,0.7,0.5,30,0.25,0,0.0,0,1.0,1.0,1.0,1.0,0.25,0.4,0.75,0.09,0.465829
params_3658,3,2.0,0.5,0.7,0.7,14,0.25,0,0.0,0,1.0,1.0,1.0,1.0,0.25,0.4,0.75,0.09,0.465829
params_3659,3,2.0,0.5,0.7,0.7,21,0.25,0,0.0,0,1.0,1.0,1.0,1.0,0.25,0.4,0.75,0.09,0.465829
params_3660,3,2.0,0.5,0.7,0.7,30,0.25,0,0.0,0,1.0,1.0,1.0,1.0,0.25,0.4,0.75,0.09,0.465829
params_3730,3,2.0,1.0,0.7,0.3,14,0.25,0,0.0,0,1.0,1.0,1.0,1.0,0.25,0.4,0.75,0.09,0.465829
params_3731,3,2.0,1.0,0.7,0.3,21,0.25,0,0.0,0,1.0,1.0,1.0,1.0,0.25,0.4,0.75,0.09,0.465829
params_3732,3,2.0,1.0,0.7,0.3,30,0.25,0,0.0,0,1.0,1.0,1.0,1.0,0.25,0.4,0.75,0.09,0.465829
params_3734,3,2.0,1.0,0.7,0.5,14,0.25,0,0.0,0,1.0,1.0,1.0,1.0,0.25,0.4,0.75,0.09,0.465829
params_3735,3,2.0,1.0,0.7,0.5,21,0.25,0,0.0,0,1.0,1.0,1.0,1.0,0.25,0.4,0.75,0.09,0.465829
params_3736,3,2.0,1.0,0.7,0.5,30,0.25,0,0.0,0,1.0,1.0,1.0,1.0,0.25,0.4,0.75,0.09,0.465829
params_3738,3,2.0,1.0,0.7,0.7,14,0.25,0,0.0,0,1.0,1.0,1.0,1.0,0.25,0.4,0.75,0.09,0.465829
params_3739,3,2.0,1.0,0.7,0.7,21,0.25,0,0.0,0,1.0,1.0,1.0,1.0,0.25,0.4,0.75,0.09,0.465829
params_3740,3,2.0,1.0,0.7,0.7,30,0.25,0,0.0,0,1.0,1.0,1.0,1.0,0.25,0.4,0.75,0.09,0.465829
params_3810,3,2.0,1.2,0.7,0.3,14,0.25,0,0.0,0,1.0,1.0,1.0,1.0,0.25,0.4,0.75,0.09,0.465829
params_3811,3,2.0,1.2,0.7,0.3,21,0.25,0,0.0,0,1.0,1.0,1.0,1.0,0.25,0.4,0.75,0.09,0.465829
params_3812,3,2.0,1.2,0.7,0.3,30,0.25,0,0.0,0,1.0,1.0,1.0,1.0,0.25,0.4,0.75,0.09,0.465829
params_3814,3,2.0,1.2,0.7,0.5,14,0.25,0,0.0,0,1.0,1.0,1.0,1.0,0.25,0.4,0.75,0.09,0.465829
params_3815,3,2.0,1.2,0.7,0.5,21,0.25,0,0.0,0,1.0,1.0,1.0,1.0,0.25,0.4,0.75,0.09,0.465829
params_3816,3,2.0,1.2,0.7,0.5,30,0.25,0,0.0,0,1.0,1.0,1.0,1.0,0.25,0.4,0.75,0.09,0.465829
params_3818,3,2.0,1.2,0.7,0.7,14,0.25,0,0.0,0,1.0,1.0,1.0,1.0,0.25,0.4,0.75,0.09,0.465829
params_3819,3,2.0,1.2,0.7,0.7,21,0.25,0,0.0,0,1.0,1.0,1.0,1.0,0.25,0.4,0.75,0.09,0.465829
params_3820,3,2.0,1.2,0.7,0.7,30,0.25,0,0.0,0,1.0,1.0,1.0,1.0,0.25,0.4,0.75,0.09,0.465829
params_3890,3,2.0,1.5,0.7,0.3,14,0.25,0,0.0,0,1.0,1.0,1.0,1.0,0.25,0.4,0.75,0.09,0.465829
params_3891,3,2.0,1.5,0.7,0.3,21,0.25,0,0.0,0,1.0,1.0,1.0,1.0,0.25,0.4,0.75,0.09,0.465829
params_3892,3,2.0,1.5,0.7,0.3,30,0.25,0,0.0,0,1.0,1.0,1.0,1.0,0.25,0.4,0.75,0.09,0.465829
params_3894,3,2.0,1.5,0.7,0.5,14,0.25,0,0.0,0,1.0,1.0,1.0,1.0,0.25,0.4,0.75,0.09,0.465829
params_3895,3,2.0,1.5,0.7,0.5,21,0.25,0,0.0,0,1.0,1.0,1.0,1.0,0.25,0.4,0.75,0.09,0.465829
params_3896,3,2.0,1.5,0.7,0.5,30,0.25,0,0.0,0,1.0,1.0,1.0,1.0,0.25,0.4,0.75,0.09,0.465829
params_3898,3,2.0,1.5,0.7,0.7,14,0.25,0,0.0,0,1.0,1.0,1.0,1.0,0.25,0.4,0.75,0.09,0.465829
params_3899,3,2.0,1.5,0.7,0.7,21,0.25,0,0.0,0,1.0,1.0,1.0,1.0,0.25,0.4,0.75,0.09,0.465829
params_3900,3,2.0,1.5,0.7,0.7,30,0.25,0,0.0,0,1.0,1.0,1.0,1.0,0.25,0.4,0.75,0.09,0.465829
params_3970,3,2.0,2.0,0.7,0.3,14,0.25,0,0.0,0,1.0,1.0,1.0,1.0,0.25,0.4,0.75,0.09,0.465829
params_3971,3,2.0,2.0,0.7,0.3,21,0.25,0,0.0,0,1.0,1.0,1.0,1.0,0.25,0.4,0.75,0.09,0.465829
params_3972,3,2.0,2.0,0.7,0.3,30,0.25,0,0.0,0,1.0,1.0,1.0,1.0,0.25,0.4,0.75,0.09,0.465829
params_3974,3,2.0,2.0,0.7,0.5,14,0.25,0,0.0,0,1.0,1.0,1.0,1.0,0.25,0.4,0.75,0.09,0.465829
params_3975,3,2.0,2.0,0.7,0.5,21,0.25,0,0.0,0,1.0,1.0,1.0,1.0,0.25,0.4,0.75,0.09,0.465829
params_3976,3,2.0,2.0,0.7,0.5,30,0.25,0,0.0,0,1.0,1.0,1.0,1.0,0.25,0.4,0.75,0.09,0.465829
params_3978,3,2.0,2.0,0.7,0.7,14,0.25,0,0.0,0,1.0,1.0,1.0,1.0,0.25,0.4,0.75,0.09,0.465829
params_3979,3,2.0,2.0,0.7,0.7,21,0.25,0,0.0,0,1.0,1.0,1.0,1.0,0.25,0.4,0.75,0.09,0.465829
params_3980,3,2.0,2.0,0.7,0.7,30,0.25,0,0.0,0,1.0,1.0,1.0,1.0,0.25,0.4,0.75,0.09,0.465829
params_5250,4,1.5,0.5,0.7,0.3,14,0.25,0,0.0,0,1.0,1.0,1.0,1.0,0.25,0.4,0.75,0.09,0.465829
params_5251,4,1.5,0.5,0.7,0.3,21,0.25,0,0.0,0,1.0,1.0,1.0,1.0,0.25,0.4,0.75,0.09,0.465829
params_5252,4,1.5,0.5,0.7,0.3,30,0.25,0,0.0,0,1.0,1.0,1.0,1.0,0.25,0.4,0.75,0.09,0.465829
params_5254,4,1.5,0.5,0.7,0.5,14,0.25,0,0.0,0,1.0,1.0,1.0,1.0,0.25,0.4,0.75,0.09,0.465829
params_5255,4,1.5,0.5,0.7,0.5,21,0.25,0,0.0,0,1.0,1.0,1.0,1.0,0.25,0.4,0.75,0.09,0.465829
params_5256,4,1.5,0.5,0.7,0.5,30,0.25,0,0.0,0,1.0,1.0,1.0,1.0,0.25,0.4,0.75,0.09,0.465829
params_5258,4,1.5,0.5,0.7,0.7,14,0.25,0,0.0,0,1.0,1.0,1.0,1.0,0.25,0.4,0.75,0.09,0.465829
params_5259,4,1.5,0.5,0.7,0.7,21,0.25,0,0.0,0,1.0,1.0,1.0,1.0,0.25,0.4,0.75,0.09,0.465829
params_5260,4,1.5,0.5,0.7,0.7,30,0.25,0,0.0,0,1.0,1.0,1.0,1.0,0.25,0.4,0.75,0.09,0.465829
params_5330,4,1.5,1.0,0.7,0.3,14,0.25,0,0.0,0,1.0,1.0,1.0,1.0,0.25,0.4,0.75,0.09,0.465829
params_5331,4,1.5,1.0,0.7,0.3,21,0.25,0,0.0,0,1.0,1.0,1.0,1.0,0.25,0.4,0.75,0.09,0.465829
params_5332,4,1.5,1.0,0.7,0.3,30,0.25,0,0.0,0,1.0,1.0,1.0,1.0,0.25,0.4,0.75,0.09,0.465829
params_5334,4,1.5,1.0,0.7,0.5,14,0.25,0,0.0,0,1.0,1.0,1.0,1.0,0.25,0.4,0.75,0.09,0.465829
params_5335,4,1.5,1.0,0.7,0.5,21,0.25,0,0.0,0,1.0,1.0,1.0,1.0,0.25,0.4,0.75,0.09,0.465829
params_5336,4,1.5,1.0,0.7,0.5,30,0.25,0,0.0,0,1.0,1.0,1.0,1.0,0.25,0.4,0.75,0.09,0.465829
params_5338,4,1.5,1.0,0.7,0.7,14,0.25,0,0.0,0,1.0,1.0,1.0,1.0,0.25,0.4,0.75,0.09,0.465829
params_5339,4,1.5,1.0,0.7,0.7,21,0.25,0,0.0,0,1.0,1.0,1.0,1.0,0.25,0.4,0.75,0.09,0.465829
params_5340,4,1.5,1.0,0.7,0.7,30,0.25,0,0.0,0,1.0,1.0,1.0,1.0,0.25,0.4,0.75,0.09,0.465829
params_5410,4,1.5,1.2,0.7,0.3,14,0.25,0,0.0,0,1.0,1.0,1.0,1.0,0.25,0.4,0.75,0.09,0.465829
params_5411,4,1.5,1.2,0.7,0.3,21,0.25,0,0.0,0,1.0,1.0,1.0,1.0,0.25,0.4,0.75,0.09,0.465829
params_5412,4,1.5,1.2,0.7,0.3,30,0.25,0,0.0,0,1.0,1.0,1.0,1.0,0.25,0.4,0.75,0.09,0.465829
params_5414,4,1.5,1.2,0.7,0.5,14,0.25,0,0.0,0,1.0,1.0,1.0,1.0,0.25,0.4,0.75,0.09,0.465829
params_5415,4,1.5,1.2,0.7,0.5,21,0.25,0,0.0,0,1.0,1.0,1.0,1.0,0.25,0.4,0.75,0.09,0.465829
params_5416,4,1.5,1.2,0.7,0.5,30,0.25,0,0.0,0,1.0,1.0,1.0,1.0,0.25,0.4,0.75,0.09,0.465829
params_5418,4,1.5,1.2,0.7,0.7,14,0.25,0,0.0,0,1.0,1.0,1.0,1.0,0.25,0.4,0.75,0.09,0.465829
params_5419,4,1.5,1.2,0.7,0.7,21,0.25,0,0.0,0,1.0,1.0,1.0,1.0,0.25,0.4,0.75,0.09,0.465829
params_5420,4,1.5,1.2,0.7,0.7,30,0.25,0,0.0,0,1.0,1.0,1.0,1.0,0.25,0.4,0.75,0.09,0.465829
params_5490,4,1.5,1.5,0.7,0.3,14,0.25,0,0.0,0,1.0,1.0,1.0,1.0,0.25,0.4,0.75,0.09,0.465829
params_5491,4,1.5,1.5,0.7,0.3,21,0.25,0,0.0,0,1.0,1.0,1.0,1.0,0.25,0.4,0.75,0.09,0.465829
params_5492,4,1.5,1.5,0.7,0.3,30,0.25,0,0.0,0,1.0,1.0,1.0,1.0,0.25,0.4,0.75,0.09,0.465829
params_5494,4,1.5,1.5,0.7,0.5,14,0.25,0,0.0,0,1.0,1.0,1.0,1.0,0.25,0.4,0.75,0.09,0.465829
params_5495,4,1.5,1.5,0.7,0.5,21,0.25,0,0.0,0,1.0,1.0,1.0,1.0,0.25,0.4,0.75,0.09,0.465829
params_5496,4,1.5,1.5,0.7,0.5,30,0.25,0,0.0,0,1.0,1.0,1.0,1.0,0.25,0.4,0.75,0.09,0.465829
params_5498,4,1.5,1.5,0.7,0.7,14,0.25,0,0.0,0,1.0,1.0,1.0,1.0,0.25,0.4,0.75,0.09,0.465829
params_5499,4,1.5,1.5,0.7,0.7,21,0.25,0,0.0,0,1.0,1.0,1.0,1.0,0.25,0.4,0.75,0.09,0.465829
params_5500,4,1.5,1.5,0.7,0.7,30,0.25,0,0.0,0,1.0,1.0,1.0,1.0,0.25,0.4,0.75,0.09,0.465829
params_5570,4,1.5,2.0,0.7,0.3,14,0.25,0,0.0,0,1.0,1.0,1.0,1.0,0.25,0.4,0.75,0.09,0.465829
params_5571,4,1.5,2.0,0.7,0.3,21,0.25,0,0.0,0,1.0,1.0,1.0,1.0,0.25,0.4,0.75,0.09,0.465829
params_5572,4,1.5,2.0,0.7,0.3,30,0.25,0,0.0,0,1.0,1.0,1.0,1.0,0.25,0.4,0.75,0.09,0.465829
params_5574,4,1.5,2.0,0.7,0.5,14,0.25,0,0.0,0,1.0,1.0,1.0,1.0,0.25,0.4,0.75,0.09,0.465829
params_5575,4,1.5,2.0,0.7,0.5,21,0.25,0,0.0,0,1.0,1.0,1.0,1.0,0.25,0.4,0.75,0.09,0.465829
params_5576,4,1.5,2.0,0.7,0.5,30,0.25,0,0.0,0,1.0,1.0,1.0,1.0,0.25,0.4,0.75,0.09,0.465829
params_5578,4,1.5,2.0,0.7,0.7,14,0.25,0,0.0,0,1.0,1.0,1.0,1.0,0.25,0.4,0.75,0.09,0.465829
params_5579,4,1.5,2.0,0.7,0.7,21,0.25,0,0.0,0,1.0,1.0,1.0,1.0,0.25,0.4,0.75,0.09,0.465829
params_5580,4,1.5,2.0,0.7,0.7,30,0.25,0,0.0,0,1.0,1.0,1.0,1.0,0.25,0.4,0.75,0.09,0.465829
params_5650,4,2.0,0.5,0.7,0.3,14,0.25,0,0.0,0,1.0,1.0,1.0,1.0,0.25,0.4,0.75,0.09,0.465829
params_5651,4,2.0,0.5,0.7,0.3,21,0.25,0,0.0,0,1.0,1.0,1.0,1.0,0.25,0.4,0.75,0.09,0.465829
params_5652,4,2.0,0.5,0.7,0.3,30,0.25,0,0.0,0,1.0,1.0,1.0,1.0,0.25,0.4,0.75,0.09,0.465829
params_5654,4,2.0,0.5,0.7,0.5,14,0.25,0,0.0,0,1.0,1.0,1.0,1.0,0.25,0.4,0.75,0.09,0.465829
params_5655,4,2.0,0.5,0.7,0.5,21,0.25,0,0.0,0,1.0,1.0,1.0,1.0,0.25,0.4,0.75,0.09,0.465829
params_5656,4,2.0,0.5,0.7,0.5,30,0.25,0,0.0,0,1.0,1.0,1.0,1.0,0.25,0.4,0.75,0.09,0.465829
params_5658,4,2.0,0.5,0.7,0.7,14,0.25,0,0.0,0,1.0,1.0,1.0,1.0,0.25,0.4,0.75,0.09,0.465829
params_5659,4,2.0,0.5,0.7,0.7,21,0.25,0,0.0,0,1.0,1.0,1.0,1.0,0.25,0.4,0.75,0.09,0.465829
params_5660,4,2.0,0.5,0.7,0.7,30,0.25,0,0.0,0,1.0,1.0,1.0,1.0,0.25,0.4,0.75,0.09,0.465829
params_5730,4,2.0,1.0,0.7,0.3,14,0.25,0,0.0,0,1.0,1.0,1.0,1.0,0.25,0.4,0.75,0.09,0.465829
params_5731,4,2.0,1.0,0.7,0.3,21,0.25,0,0.0,0,1.0,1.0,1.0,1.0,0.25,0.4,0.75,0.09,0.465829
params_5732,4,2.0,1.0,0.7,0.3,30,0.25,0,0.0,0,1.0,1.0,1.0,1.0,0.25,0.4,0.75,0.09,0.465829
params_5734,4,2.0,1.0,0.7,0.5,14,0.25,0,0.0,0,1.0,1.0,1.0,1.0,0.25,0.4,0.75,0.09,0.465829
params_5735,4,2.0,1.0,0.7,0.5,21,0.25,0,0.0,0,1.0,1.0,1.0,1.0,0.25,0.4,0.75,0.09,0.465829
params_5736,4,2.0,1.0,0.7,0.5,30,0.25,0,0.0,0,1.0,1.0,1.0,1.0,0.25,0.4,0.75,0.09,0.465829
params_5738,4,2.0,1.0,0.7,0.7,14,0.25,0,0.0,0,1.0,1.0,1.0,1.0,0.25,0.4,0.75,0.09,0.465829
params_5739,4,2.0,1.0,0.7,0.7,21,0.25,0,0.0,0,1.0,1.0,1.0,1.0,0.25,0.4,0.75,0.09,0.465829
params_5740,4,2.0,1.0,0.7,0.7,30,0.25,0,0.0,0,1.0,1.0,1.0,1.0,0.25,0.4,0.75,0.09,0.465829
params_5810,4,2.0,1.2,0.7,0.3,14,0.25,0,0.0,0,1.0,1.0,1.0,1.0,0.25,0.4,0.75,0.09,0.465829
params_5811,4,2.0,1.2,0.7,0.3,21,0.25,0,0.0,0,1.0,1.0,1.0,1.0,0.25,0.4,0.75,0.09,0.465829
params_5812,4,2.0,1.2,0.7,0.3,30,0.25,0,0.0,0,1.0,1.0,1.0,1.0,0.25,0.4,0.75,0.09,0.465829
params_5814,4,2.0,1.2,0.7,0.5,14,0.25,0,0.0,0,1.0,1.0,1.0,1.0,0.25,0.4,0.75,0.09,0.465829
params_5815,4,2.0,1.2,0.7,0.5,21,0.25,0,0.0,0,1.0,1.0,1.0,1.0,0.25,0.4,0.75,0.09,0.465829
params_5816,4,2.0,1.2,0.7,0.5,30,0.25,0,0.0,0,1.0,1.0,1.0,1.0,0.25,0.4,0.75,0.09,0.465829
params_5818,4,2.0,1.2,0.7,0.7,14,0.25,0,0.0,0,1.0,1.0,1.0,1.0,0.25,0.4,0.75,0.09,0.465829
params_5819,4,2.0,1.2,0.7,0.7,21,0.25,0,0.0,0,1.0,1.0,1.0,1.0,0.25,0.4,0.75,0.09,0.465829
params_5820,4,2.0,1.2,0.7,0.7,30,0.25,0,0.0,0,1.0,1.0,1.0,1.0,0.25,0.4,0.75,0.09,0.465829
params_5890,4,2.0,1.5,0.7,0.3,14,0.25,0,0.0,0,1.0,1.0,1.0,1.0,0.25,0.4,0.75,0.09,0.465829
params_5891,4,2.0,1.5,0.7,0.3,21,0.25,0,0.0,0,1.0,1.0,1.0,1.0,0.25,0.4,0.75,0.09,0.465829
params_5892,4,2.0,1.5,0.7,0.3,30,0.25,0,0.0,0,1.0,1.0,1.0,1.0,0.25,0.4,0.75,0.09,0.465829
params_5894,4,2.0,1.5,0.7,0.5,14,0.25,0,0.0,0,1.0,1.0,1.0,1.0,0.25,0.4,0.75,0.09,0.465829
params_5895,4,2.0,1.5,0.7,0.5,21,0.25,0,0.0,0,1.0,1.0,1.0,1.0,0.25,0.4,0.75,0.09,0.465829
params_5896,4,2.0,1.5,0.7,0.5,30,0.25,0,0.0,0,1.0,1.0,1.0,1.0,0.25,0.4,0.75,0.09,0.465829
params_5898,4,2.0,1.5,0.7,0.7,14,0.25,0,0.0,0,1.0,1.0,1.0,1.0,0.25,0.4,0.75,0.09,0.465829
params_5899,4,2.0,1.5,0.7,0.7,21,0.25,0,0.0,0,1.0,1.0,1.0,1.0,0.25,0.4,0.75,0.09,0.465829
params_5900,4,2.0,1.5,0.7,0.7,30,0.25,0,0.0,0,1.0,1.0,1.0,1.0,0.25,0.4,0.75,0.09,0.465829
params_5970,4,2.0,2.0,0.7,0.3,14,0.25,0,0.0,0,1.0,1.0,1.0,1.0,0.25,0.4,0.75,0.09,0.465829
params_5971,4,2.0,2.0,0.7,0.3,21,0.25,0,0.0,0,1.0,1.0,1.0,1.0,0.25,0.4,0.75,0.09,0.465829
params_5972,4,2.0,2.0,0.7,0.3,30,0.25,0,0.0,0,1.0,1.0,1.0,1.0,0.25,0.4,0.75,0.09,0.465829
params_5974,4,2.0,2.0,0.7,0.5,14,0.25,0,0.0,0,1.0,1.0,1.0,1.0,0.25,0.4,0.75,0.09,0.465829
params_5975,4,2.0,2.0,0.7,0.5,21,0.25,0,0.0,0,1.0,1.0,1.0,1.0,0.25,0.4,0.75,0.09,0.465829
params_5976,4,2.0,2.0,0.7,0.5,30,0.25,0,0.0,0,1.0,1.0,1.0,1.0,0.25,0.4,0.75,0.09,0.465829
params_5978,4,2.0,2.0,0.7,0.7,14,0.25,0,0.0,0,1.0,1.0,1.0,1.0,0.25,0.4,0.75,0.09,0.465829
params_5979,4,2.0,2.0,0.7,0.7,21,0.25,0,0.0,0,1.0,1.0,1.0,1.0,0.25,0.4,0.75,0.09,0.465829
params_5980,4,2.0,2.0,0.7,0.7,30,0.25,0,0.0,0,1.0,1.0,1.0,1.0,0.25,0.4,0.75,0.09,0.465829
params_7250,5,1.5,0.5,0.7,0.3,14,0.25,0,0.0,0,1.0,1.0,1.0,1.0,0.25,0.4,0.75,0.09,0.465829
params_7251,5,1.5,0.5,0.7,0.3,21,0.25,0,0.0,0,1.0,1.0,1.0,1.0,0.25,0.4,0.75,0.09,0.465829
params_7252,5,1.5,0.5,0.7,0.3,30,0.25,0,0.0,0,1.0,1.0,1.0,1.0,0.25,0.4,0.75,0.09,0.465829
params_7254,5,1.5,0.5,0.7,0.5,14,0.25,0,0.0,0,1.0,1.0,1.0,1.0,0.25,0.4,0.75,0.09,0.465829
params_7255,5,1.5,0.5,0.7,0.5,21,0.25,0,0.0,0,1.0,1.0,1.0,1.0,0.25,0.4,0.75,0.09,0.465829
params_7256,5,1.5,0.5,0.7,0.5,30,0.25,0,0.0,0,1.0,1.0,1.0,1.0,0.25,0.4,0.75,0.09,0.465829
params_7258,5,1.5,0.5,0.7,0.7,14,0.25,0,0.0,0,1.0,1.0,1.0,1.0,0.25,0.4,0.75,0.09,0.465829
params_7259,5,1.5,0.5,0.7,0.7,21,0.25,0,0.0,0,1.0,1.0,1.0,1.0,0.25,0.4,0.75,0.09,0.465829
params_7260,5,1.5,0.5,0.7,0.7,30,0.25,0,0.0,0,1.0,1.0,1.0,1.0,0.25,0.4,0.75,0.09,0.465829
params_7330,5,1.5,1.0,0.7,0.3,14,0.25,0,0.0,0,1.0,1.0,1.0,1.0,0.25,0.4,0.75,0.09,0.465829
params_7331,5,1.5,1.0,0.7,0.3,21,0.25,0,0.0,0,1.0,1.0,1.0,1.0,0.25,0.4,0.75,0.09,0.465829
params_7332,5,1.5,1.0,0.7,0.3,30,0.25,0,0.0,0,1.0,1.0,1.0,1.0,0.25,0.4,0.75,0.09,0.465829
params_7334,5,1.5,1.0,0.7,0.5,14,0.25,0,0.0,0,1.0,1.0,1.0,1.0,0.25,0.4,0.75,0.09,0.465829
params_7335,5,1.5,1.0,0.7,0.5,21,0.25,0,0.0,0,1.0,1.0,1.0,1.0,0.25,0.4,0.75,0.09,0.465829
params_7336,5,1.5,1.0,0.7,0.5,30,0.25,0,0.0,0,1.0,1.0,1.0,1.0,0.25,0.4,0.75,0.09,0.465829
params_7338,5,1.5,1.0,0.7,0.7,14,0.25,0,0.0,0,1.0,1.0,1.0,1.0,0.25,0.4,0.75,0.09,0.465829
params_7339,5,1.5,1.0,0.7,0.7,21,0.25,0,0.0,0,1.0,1.0,1.0,1.0,0.25,0.4,0.75,0.09,0.465829
params_7340,5,1.5,1.0,0.7,0.7,30,0.25,0,0.0,0,1.0,1.0,1.0,1.0,0.25,0.4,0.75,0.09,0.465829
params_7410,5,1.5,1.2,0.7,0.3,14,0.25,0,0.0,0,1.0,1.0,1.0,1.0,0.25,0.4,0.75,0.09,0.465829
params_7411,5,1.5,1.2,0.7,0.3,21,0.25,0,0.0,0,1.0,1.0,1.0,1.0,0.25,0.4,0.75,0.09,0.465829
params_7412,5,1.5,1.2,0.7,0.3,30,0.25,0,0.0,0,1.0,1.0,1.0,1.0,0.25,0.4,0.75,0.09,0.465829
params_7414,5,1.5,1.2,0.7,0.5,14,0.25,0,0.0,0,1.0,1.0,1.0,1.0,0.25,0.4,0.75,0.09,0.465829
params_7415,5,1.5,1.2,0.7,0.5,21,0.25,0,0.0,0,1.0,1.0,1.0,1.0,0.25,0.4,0.75,0.09,0.465829
params_7416,5,1.5,1.2,0.7,0.5,30,0.25,0,0.0,0,1.0,1.0,1.0,1.0,0.25,0.4,0.75,0.09,0.465829
params_7418,5,1.5,1.2,0.7,0.7,14,0.25,0,0.0,0,1.0,1.0,1.0,1.0,0.25,0.4,0.75,0.09,0.465829
params_7419,5,1.5,1.2,0.7,0.7,21,0.25,0,0.0,0,1.0,1.0,1.0,1.0,0.25,0.4,0.75,0.09,0.465829
params_7420,5,1.5,1.2,0.7,0.7,30,0.25,0,0.0,0,1.0,1.0,1.0,1.0,0.25,0.4,0.75,0.09,0.465829
params_7490,5,1.5,1.5,0.7,0.3,14,0.25,0,0.0,0,1.0,1.0,1.0,1.0,0.25,0.4,0.75,0.09,0.465829
params_7491,5,1.5,1.5,0.7,0.3,21,0.25,0,0.0,0,1.0,1.0,1.0,1.0,0.25,0.4,0.75,0.09,0.465829
params_7492,5,1.5,1.5,0.7,0.3,30,0.25,0,0.0,0,1.0,1.0,1.0,1.0,0.25,0.4,0.75,0.09,0.465829
params_7494,5,1.5,1.5,0.7,0.5,14,0.25,0,0.0,0,1.0,1.0,1.0,1.0,0.25,0.4,0.75,0.09,0.465829
params_7495,5,1.5,1.5,0.7,0.5,21,0.25,0,0.0,0,1.0,1.0,1.0,1.0,0.25,0.4,0.75,0.09,0.465829
params_7496,5,1.5,1.5,0.7,0.5,30,0.25,0,0.0,0,1.0,1.0,1.0,1.0,0.25,0.4,0.75,0.09,0.465829
params_7498,5,1.5,1.5,0.7,0.7,14,0.25,0,0.0,0,1.0,1.0,1.0,1.0,0.25,0.4,0.75,0.09,0.465829
params_7499,5,1.5,1.5,0.7,0.7,21,0.25,0,0.0,0,1.0,1.0,1.0,1.0,0.25,0.4,0.75,0.09,0.465829
params_7500,5,1.5,1.5,0.7,0.7,30,0.25,0,0.0,0,1.0,1.0,1.0,1.0,0.25,0.4,0.75,0.09,0.465829
params_7570,5,1.5,2.0,0.7,0.3,14,0.25,0,0.0,0,1.0,1.0,1.0,1.0,0.25,0.4,0.75,0.09,0.465829
params_7571,5,1.5,2.0,0.7,0.3,21,0.25,0,0.0,0,1.0,1.0,1.0,1.0,0.25,0.4,0.75,0.09,0.465829
params_7572,5,1.5,2.0,0.7,0.3,30,0.25,0,0.0,0,1.0,1.0,1.0,1.0,0.25,0.4,0.75,0.09,0.465829
params_7574,5,1.5,2.0,0.7,0.5,14,0.25,0,0.0,0,1.0,1.0,1.0,1.0,0.25,0.4,0.75,0.09,0.465829
params_7575,5,1.5,2.0,0.7,0.5,21,0.25,0,0.0,0,1.0,1.0,1.0,1.0,0.25,0.4,0.75,0.09,0.465829
params_7576,5,1.5,2.0,0.7,0.5,30,0.25,0,0.0,0,1.0,1.0,1.0,1.0,0.25,0.4,0.75,0.09,0.465829
params_7578,5,1.5,2.0,0.7,0.7,14,0.25,0,0.0,0,1.0,1.0,1.0,1.0,0.25,0.4,0.75,0.09,0.465829
params_7579,5,1.5,2.0,0.7,0.7,21,0.25,0,0.0,0,1.0,1.0,1.0,1.0,0.25,0.4,0.75,0.09,0.465829
params_7580,5,1.5,2.0,0.7,0.7,30,0.25,0,0.0,0,1.0,1.0,1.0,1.0,0.25,0.4,0.75,0.09,0.465829
params_7650,5,2.0,0.5,0.7,0.3,14,0.25,0,0.0,0,1.0,1.0,1.0,1.0,0.25,0.4,0.75,0.09,0.465829
params_7651,5,2.0,0.5,0.7,0.3,21,0.25,0,0.0,0,1.0,1.0,1.0,1.0,0.25,0.4,0.75,0.09,0.465829
params_7652,5,2.0,0.5,0.7,0.3,30,0.25,0,0.0,0,1.0,1.0,1.0,1.0,0.25,0.4,0.75,0.09,0.465829
params_7654,5,2.0,0.5,0.7,0.5,14,0.25,0,0.0,0,1.0,1.0,1.0,1.0,0.25,0.4,0.75,0.09,0.465829
params_7655,5,2.0,0.5,0.7,0.5,21,0.25,0,0.0,0,1.0,1.0,1.0,1.0,0.25,0.4,0.75,0.09,0.465829
params_7656,5,2.0,0.5,0.7,0.5,30,0.25,0,0.0,0,1.0,1.0,1.0,1.0,0.25,0.4,0.75,0.09,0.465829
params_7658,5,2.0,0.5,0.7,0.7,14,0.25,0,0.0,0,1.0,1.0,1.0,1.0,0.25,0.4,0.75,0.09,0.465829
params_7659,5,2.0,0.5,0.7,0.7,21,0.25,0,0.0,0,1.0,1.0,1.0,1.0,0.25,0.4,0.75,0.09,0.465829
params_7660,5,2.0,0.5,0.7,0.7,30,0.25,0,0.0,0,1.0,1.0,1.0,1.0,0.25,0.4,0.75,0.09,0.465829
params_7730,5,2.0,1.0,0.7,0.3,14,0.25,0,0.0,0,1.0,1.0,1.0,1.0,0.25,0.4,0.75,0.09,0.465829
params_7731,5,2.0,1.0,0.7,0.3,21,0.25,0,0.0,0,1.0,1.0,1.0,1.0,0.25,0.4,0.75,0.09,0.465829
params_7732,5,2.0,1.0,0.7,0.3,30,0.25,0,0.0,0,1.0,1.0,1.0,1.0,0.25,0.4,0.75,0.09,0.465829
params_7734,5,2.0,1.0,0.7,0.5,14,0.25,0,0.0,0,1.0,1.0,1.0,1.0,0.25,0.4,0.75,0.09,0.465829
params_7735,5,2.0,1.0,0.7,0.5,21,0.25,0,0.0,0,1.0,1.0,1.0,1.0,0.25,0.4,0.75,0.09,0.465829
params_7736,5,2.0,1.0,0.7,0.5,30,0.25,0,0.0,0,1.0,1.0,1.0,1.0,0.25,0.4,0.75,0.09,0.465829
params_7738,5,2.0,1.0,0.7,0.7,14,0.25,0,0.0,0,1.0,1.0,1.0,1.0,0.25,0.4,0.75,0.09,0.465829
params_7739,5,2.0,1.0,0.7,0.7,21,0.25,0,0.0,0,1.0,1.0,1.0,1.0,0.25,0.4,0.75,0.09,0.465829
params_7740,5,2.0,1.0,0.7,0.7,30,0.25,0,0.0,0,1.0,1.0,1.0,1.0,0.25,0.4,0.75,0.09,0.465829
params_7810,5,2.0,1.2,0.7,0.3,14,0.25,0,0.0,0,1.0,1.0,1.0,1.0,0.25,0.4,0.75,0.09,0.465829
params_7811,5,2.0,1.2,0.7,0.3,21,0.25,0,0.0,0,1.0,1.0,1.0,1.0,0.25,0.4,0.75,0.09,0.465829
params_7812,5,2.0,1.2,0.7,0.3,30,0.25,0,0.0,0,1.0,1.0,1.0,1.0,0.25,0.4,0.75,0.09,0.465829
params_7814,5,2.0,1.2,0.7,0.5,14,0.25,0,0.0,0,1.0,1.0,1.0,1.0,0.25,0.4,0.75,0.09,0.465829
params_7815,5,2.0,1.2,0.7,0.5,21,0.25,0,0.0,0,1.0,1.0,1.0,1.0,0.25,0.4,0.75,0.09,0.465829
params_7816,5,2.0,1.2,0.7,0.5,30,0.25,0,0.0,0,1.0,1.0,1.0,1.0,0.25,0.4,0.75,0.09,0.465829
params_7818,5,2.0,1.2,0.7,0.7,14,0.25,0,0.0,0,1.0,1.0,1.0,1.0,0.25,0.4,0.75,0.09,0.465829
params_7819,5,2.0,1.2,0.7,0.7,21,0.25,0,0.0,0,1.0,1.0,1.0,1.0,0.25,0.4,0.75,0.09,0.465829
params_7820,5,2.0,1.2,0.7,0.7,30,0.25,0,0.0,0,1.0,1.0,1.0,1.0,0.25,0.4,0.75,0.09,0.465829
params_7890,5,2.0,1.5,0.7,0.3,14,0.25,0,0.0,0,1.0,1.0,1.0,1.0,0.25,0.4,0.75,0.09,0.465829
params_7891,5,2.0,1.5,0.7,0.3,21,0.25,0,0.0,0,1.0,1.0,1.0,1.0,0.25,0.4,0.75,0.09,0.465829
params_7892,5,2.0,1.5,0.7,0.3,30,0.25,0,0.0,0,1.0,1.0,1.0,1.0,0.25,0.4,0.75,0.09,0.465829
params_7894,5,2.0,1.5,0.7,0.5,14,0.25,0,0.0,0,1.0,1.0,1.0,1.0,0.25,0.4,0.75,0.09,0.465829
params_7895,5,2.0,1.5,0.7,0.5,21,0.25,0,0.0,0,1.0,1.0,1.0,1.0,0.25,0.4,0.75,0.09,0.465829
params_7896,5,2.0,1.5,0.7,0.5,30,0.25,0,0.0,0,1.0,1.0,1.0,1.0,0.25,0.4,0.75,0.09,0.465829
params_7898,5,2.0,1.5,0.7,0.7,14,0.25,0,0.0,0,1.0,1.0,1.0,1.0,0.25,0.4,0.75,0.09,0.465829
params_7899,5,2.0,1.5,0.7,0.7,21,0.25,0,0.0,0,1.0,1.0,1.0,1.0,0.25,0.4,0.75,0.09,0.465829
params_7900,5,2.0,1.5,0.7,0.7,30,0.25,0,0.0,0,1.0,1.0,1.0,1.0,0.25,0.4,0.75,0.09,0.465829
params_7970,5,2.0,2.0,0.7,0.3,14,0.25,0,0.0,0,1.0,1.0,1.0,1.0,0.25,0.4,0.75,0.09,0.465829
params_7971,5,2.0,2.0,0.7,0.3,21,0.25,0,0.0,0,1.0,1.0,1.0,1.0,0.25,0.4,0.75,0.09,0.465829
params_7972,5,2.0,2.0,0.7,0.3,30,0.25,0,0.0,0,1.0,1.0,1.0,1.0,0.25,0.4,0.75,0.09,0.465829
params_7974,5,2.0,2.0,0.7,0.5,14,0.25,0,0.0,0,1.0,1.0,1.0,1.0,0.25,0.4,0.75,0.09,0.465829
params_7975,5,2.0,2.0,0.7,0.5,21,0.25,0,0.0,0,1.0,1.0,1.0,1.0,0.25,0.4,0.75,0.09,0.465829
params_7976,5,2.0,2.0,0.7,0.5,30,0.25,0,0.0,0,1.0,1.0,1.0,1.0,0.25,0.4,0.75,0.09,0.465829
params_7978,5,2.0,2.0,0.7,0.7,14,0.25,0,0.0,0,1.0,1.0,1.0,1.0,0.25,0.4,0.75,0.09,0.465829
params_7979,5,2.0,2.0,0.7,0.7,21,0.25,0,0.0,0,1.0,1.0,1.0,1.0,0.25,0.4,0.75,0.09,0.465829
params_7980,5,2.0,2.0,0.7,0.7,30,0.25,0,0.0,0,1.0,1.0,1.0,1.0,0.25,0.4,0.75,0.09,0.465829
params_1249,2,1.5,0.5,0.7,0.3,7,0.25,0,0.0,0,1.0,1.0,1.0,1.0,0.25,0.4,0.75,0.1,0.464578
params_1253,2,1.5,0.5,0.7,0.5,7,0.25,0,0.0,0,1.0,1.0,1.0,1.0,0.25,0.4,0.75,0.1,0.464578
params_1257,2,1.5,0.5,0.7,0.7,7,0.25,0,0.0,0,1.0,1.0,1.0,1.0,0.25,0.4,0.75,0.1,0.464578
params_1329,2,1.5,1.0,0.7,0.3,7,0.25,0,0.0,0,1.0,1.0,1.0,1.0,0.25,0.4,0.75,0.1,0.464578
params_1333,2,1.5,1.0,0.7,0.5,7,0.25,0,0.0,0,1.0,1.0,1.0,1.0,0.25,0.4,0.75,0.1,0.464578
params_1337,2,1.5,1.0,0.7,0.7,7,0.25,0,0.0,0,1.0,1.0,1.0,1.0,0.25,0.4,0.75,0.1,0.464578
params_1409,2,1.5,1.2,0.7,0.3,7,0.25,0,0.0,0,1.0,1.0,1.0,1.0,0.25,0.4,0.75,0.1,0.464578
params_1413,2,1.5,1.2,0.7,0.5,7,0.25,0,0.0,0,1.0,1.0,1.0,1.0,0.25,0.4,0.75,0.1,0.464578
params_1417,2,1.5,1.2,0.7,0.7,7,0.25,0,0.0,0,1.0,1.0,1.0,1.0,0.25,0.4,0.75,0.1,0.464578
params_1489,2,1.5,1.5,0.7,0.3,7,0.25,0,0.0,0,1.0,1.0,1.0,1.0,0.25,0.4,0.75,0.1,0.464578
params_1493,2,1.5,1.5,0.7,0.5,7,0.25,0,0.0,0,1.0,1.0,1.0,1.0,0.25,0.4,0.75,0.1,0.464578
params_1497,2,1.5,1.5,0.7,0.7,7,0.25,0,0.0,0,1.0,1.0,1.0,1.0,0.25,0.4,0.75,0.1,0.464578
params_1569,2,1.5,2.0,0.7,0.3,7,0.25,0,0.0,0,1.0,1.0,1.0,1.0,0.25,0.4,0.75,0.1,0.464578
params_1573,2,1.5,2.0,0.7,0.5,7,0.25,0,0.0,0,1.0,1.0,1.0,1.0,0.25,0.4,0.75,0.1,0.464578
params_1577,2,1.5,2.0,0.7,0.7,7,0.25,0,0.0,0,1.0,1.0,1.0,1.0,0.25,0.4,0.75,0.1,0.464578
params_1649,2,2.0,0.5,0.7,0.3,7,0.25,0,0.0,0,1.0,1.0,1.0,1.0,0.25,0.4,0.75,0.1,0.464578
params_1653,2,2.0,0.5,0.7,0.5,7,0.25,0,0.0,0,1.0,1.0,1.0,1.0,0.25,0.4,0.75,0.1,0.464578
params_1657,2,2.0,0.5,0.7,0.7,7,0.25,0,0.0,0,1.0,1.0,1.0,1.0,0.25,0.4,0.75,0.1,0.464578
params_1729,2,2.0,1.0,0.7,0.3,7,0.25,0,0.0,0,1.0,1.0,1.0,1.0,0.25,0.4,0.75,0.1,0.464578
params_1733,2,2.0,1.0,0.7,0.5,7,0.25,0,0.0,0,1.0,1.0,1.0,1.0,0.25,0.4,0.75,0.1,0.464578
params_1737,2,2.0,1.0,0.7,0.7,7,0.25,0,0.0,0,1.0,1.0,1.0,1.0,0.25,0.4,0.75,0.1,0.464578
params_1809,2,2.0,1.2,0.7,0.3,7,0.25,0,0.0,0,1.0,1.0,1.0,1.0,0.25,0.4,0.75,0.1,0.464578
params_1813,2,2.0,1.2,0.7,0.5,7,0.25,0,0.0,0,1.0,1.0,1.0,1.0,0.25,0.4,0.75,0.1,0.464578
params_1817,2,2.0,1.2,0.7,0.7,7,0.25,0,0.0,0,1.0,1.0,1.0,1.0,0.25,0.4,0.75,0.1,0.464578
params_1889,2,2.0,1.5,0.7,0.3,7,0.25,0,0.0,0,1.0,1.0,1.0,1.0,0.25,0.4,0.75,0.1,0.464578
params_1893,2,2.0,1.5,0.7,0.5,7,0.25,0,0.0,0,1.0,1.0,1.0,1.0,0.25,0.4,0.75,0.1,0.464578
params_1897,2,2.0,1.5,0.7,0.7,7,0.25,0,0.0,0,1.0,1.0,1.0,1.0,0.25,0.4,0.75,0.1,0.464578
params_1969,2,2.0,2.0,0.7,0.3,7,0.25,0,0.0,0,1.0,1.0,1.0,1.0,0.25,0.4,0.75,0.1,0.464578
params_1973,2,2.0,2.0,0.7,0.5,7,0.25,0,0.0,0,1.0,1.0,1.0,1.0,0.25,0.4,0.75,0.1,0.464578
params_1977,2,2.0,2.0,0.7,0.7,7,0.25,0,0.0,0,1.0,1.0,1.0,1.0,0.25,0.4,0.75,0.1,0.464578
params_3249,3,1.5,0.5,0.7,0.3,7,0.25,0,0.0,0,1.0,1.0,1.0,1.0,0.25,0.4,0.75,0.1,0.464578
params_3253,3,1.5,0.5,0.7,0.5,7,0.25,0,0.0,0,1.0,1.0,1.0,1.0,0.25,0.4,0.75,0.1,0.464578
params_3257,3,1.5,0.5,0.7,0.7,7,0.25,0,0.0,0,1.0,1.0,1.0,1.0,0.25,0.4,0.75,0.1,0.464578
params_3329,3,1.5,1.0,0.7,0.3,7,0.25,0,0.0,0,1.0,1.0,1.0,1.0,0.25,0.4,0.75,0.1,0.464578
params_3333,3,1.5,1.0,0.7,0.5,7,0.25,0,0.0,0,1.0,1.0,1.0,1.0,0.25,0.4,0.75,0.1,0.464578
params_3337,3,1.5,1.0,0.7,0.7,7,0.25,0,0.0,0,1.0,1.0,1.0,1.0,0.25,0.4,0.75,0.1,0.464578
params_3409,3,1.5,1.2,0.7,0.3,7,0.25,0,0.0,0,1.0,1.0,1.0,1.0,0.25,0.4,0.75,0.1,0.464578
params_3413,3,1.5,1.2,0.7,0.5,7,0.25,0,0.0,0,1.0,1.0,1.0,1.0,0.25,0.4,0.75,0.1,0.464578
params_3417,3,1.5,1.2,0.7,0.7,7,0.25,0,0.0,0,1.0,1.0,1.0,1.0,0.25,0.4,0.75,0.1,0.464578
params_3489,3,1.5,1.5,0.7,0.3,7,0.25,0,0.0,0,1.0,1.0,1.0,1.0,0.25,0.4,0.75,0.1,0.464578
params_3493,3,1.5,1.5,0.7,0.5,7,0.25,0,0.0,0,1.0,1.0,1.0,1.0,0.25,0.4,0.75,0.1,0.464578
params_3497,3,1.5,1.5,0.7,0.7,7,0.25,0,0.0,0,1.0,1.0,1.0,1.0,0.25,0.4,0.75,0.1,0.464578
params_3569,3,1.5,2.0,0.7,0.3,7,0.25,0,0.0,0,1.0,1.0,1.0,1.0,0.25,0.4,0.75,0.1,0.464578
params_3573,3,1.5,2.0,0.7,0.5,7,0.25,0,0.0,0,1.0,1.0,1.0,1.0,0.25,0.4,0.75,0.1,0.464578
params_3577,3,1.5,2.0,0.7,0.7,7,0.25,0,0.0,0,1.0,1.0,1.0,1.0,0.25,0.4,0.75,0.1,0.464578
params_3649,3,2.0,0.5,0.7,0.3,7,0.25,0,0.0,0,1.0,1.0,1.0,1.0,0.25,0.4,0.75,0.1,0.464578
params_3653,3,2.0,0.5,0.7,0.5,7,0.25,0,0.0,0,1.0,1.0,1.0,1.0,0.25,0.4,0.75,0.1,0.464578
params_3657,3,2.0,0.5,0.7,0.7,7,0.25,0,0.0,0,1.0,1.0,1.0,1.0,0.25,0.4,0.75,0.1,0.464578
params_3729,3,2.0,1.0,0.7,0.3,7,0.25,0,0.0,0,1.0,1.0,1.0,1.0,0.25,0.4,0.75,0.1,0.464578
params_3733,3,2.0,1.0,0.7,0.5,7,0.25,0,0.0,0,1.0,1.0,1.0,1.0,0.25,0.4,0.75,0.1,0.464578
params_3737,3,2.0,1.0,0.7,0.7,7,0.25,0,0.0,0,1.0,1.0,1.0,1.0,0.25,0.4,0.75,0.1,0.464578
params_3809,3,2.0,1.2,0.7,0.3,7,0.25,0,0.0,0,1.0,1.0,1.0,1.0,0.25,0.4,0.75,0.1,0.464578
params_3813,3,2.0,1.2,0.7,0.5,7,0.25,0,0.0,0,1.0,1.0,1.0,1.0,0.25,0.4,0.75,0.1,0.464578
params_3817,3,2.0,1.2,0.7,0.7,7,0.25,0,0.0,0,1.0,1.0,1.0,1.0,0.25,0.4,0.75,0.1,0.464578
params_3889,3,2.0,1.5,0.7,0.3,7,0.25,0,0.0,0,1.0,1.0,1.0,1.0,0.25,0.4,0.75,0.1,0.464578
params_3893,3,2.0,1.5,0.7,0.5,7,0.25,0,0.0,0,1.0,1.0,1.0,1.0,0.25,0.4,0.75,0.1,0.464578
params_3897,3,2.0,1.5,0.7,0.7,7,0.25,0,0.0,0,1.0,1.0,1.0,1.0,0.25,0.4,0.75,0.1,0.464578
params_3969,3,2.0,2.0,0.7,0.3,7,0.25,0,0.0,0,1.0,1.0,1.0,1.0,0.25,0.4,0.75,0.1,0.464578
params_3973,3,2.0,2.0,0.7,0.5,7,0.25,0,0.0,0,1.0,1.0,1.0,1.0,0.25,0.4,0.75,0.1,0.464578
params_3977,3,2.0,2.0,0.7,0.7,7,0.25,0,0.0,0,1.0,1.0,1.0,1.0,0.25,0.4,0.75,0.1,0.464578
params_5249,4,1.5,0.5,0.7,0.3,7,0.25,0,0.0,0,1.0,1.0,1.0,1.0,0.25,0.4,0.75,0.1,0.464578
params_5253,4,1.5,0.5,0.7,0.5,7,0.25,0,0.0,0,1.0,1.0,1.0,1.0,0.25,0.4,0.75,0.1,0.464578
params_5257,4,1.5,0.5,0.7,0.7,7,0.25,0,0.0,0,1.0,1.0,1.0,1.0,0.25,0.4,0.75,0.1,0.464578
params_5329,4,1.5,1.0,0.7,0.3,7,0.25,0,0.0,0,1.0,1.0,1.0,1.0,0.25,0.4,0.75,0.1,0.464578
params_5333,4,1.5,1.0,0.7,0.5,7,0.25,0,0.0,0,1.0,1.0,1.0,1.0,0.25,0.4,0.75,0.1,0.464578
params_5337,4,1.5,1.0,0.7,0.7,7,0.25,0,0.0,0,1.0,1.0,1.0,1.0,0.25,0.4,0.75,0.1,0.464578
params_5409,4,1.5,1.2,0.7,0.3,7,0.25,0,0.0,0,1.0,1.0,1.0,1.0,0.25,0.4,0.75,0.1,0.464578
params_5413,4,1.5,1.2,0.7,0.5,7,0.25,0,0.0,0,1.0,1.0,1.0,1.0,0.25,0.4,0.75,0.1,0.464578
params_5417,4,1.5,1.2,0.7,0.7,7,0.25,0,0.0,0,1.0,1.0,1.0,1.0,0.25,0.4,0.75,0.1,0.464578
params_5489,4,1.5,1.5,0.7,0.3,7,0.25,0,0.0,0,1.0,1.0,1.0,1.0,0.25,0.4,0.75,0.1,0.464578
params_5493,4,1.5,1.5,0.7,0.5,7,0.25,0,0.0,0,1.0,1.0,1.0,1.0,0.25,0.4,0.75,0.1,0.464578
params_5497,4,1.5,1.5,0.7,0.7,7,0.25,0,0.0,0,1.0,1.0,1.0,1.0,0.25,0.4,0.75,0.1,0.464578
params_5569,4,1.5,2.0,0.7,0.3,7,0.25,0,0.0,0,1.0,1.0,1.0,1.0,0.25,0.4,0.75,0.1,0.464578
params_5573,4,1.5,2.0,0.7,0.5,7,0.25,0,0.0,0,1.0,1.0,1.0,1.0,0.25,0.4,0.75,0.1,0.464578
params_5577,4,1.5,2.0,0.7,0.7,7,0.25,0,0.0,0,1.0,1.0,1.0,1.0,0.25,0.4,0.75,0.1,0.464578
params_5649,4,2.0,0.5,0.7,0.3,7,0.25,0,0.0,0,1.0,1.0,1.0,1.0,0.25,0.4,0.75,0.1,0.464578
params_5653,4,2.0,0.5,0.7,0.5,7,0.25,0,0.0,0,1.0,1.0,1.0,1.0,0.25,0.4,0.75,0.1,0.464578
params_5657,4,2.0,0.5,0.7,0.7,7,0.25,0,0.0,0,1.0,1.0,1.0,1.0,0.25,0.4,0.75,0.1,0.464578
params_5729,4,2.0,1.0,0.7,0.3,7,0.25,0,0.0,0,1.0,1.0,1.0,1.0,0.25,0.4,0.75,0.1,0.464578
params_5733,4,2.0,1.0,0.7,0.5,7,0.25,0,0.0,0,1.0,1.0,1.0,1.0,0.25,0.4,0.75,0.1,0.464578
params_5737,4,2.0,1.0,0.7,0.7,7,0.25,0,0.0,0,1.0,1.0,1.0,1.0,0.25,0.4,0.75,0.1,0.464578
params_5809,4,2.0,1.2,0.7,0.3,7,0.25,0,0.0,0,1.0,1.0,1.0,1.0,0.25,0.4,0.75,0.1,0.464578
params_5813,4,2.0,1.2,0.7,0.5,7,0.25,0,0.0,0,1.0,1.0,1.0,1.0,0.25,0.4,0.75,0.1,0.464578
params_5817,4,2.0,1.2,0.7,0.7,7,0.25,0,0.0,0,1.0,1.0,1.0,1.0,0.25,0.4,0.75,0.1,0.464578
params_5889,4,2.0,1.5,0.7,0.3,7,0.25,0,0.0,0,1.0,1.0,1.0,1.0,0.25,0.4,0.75,0.1,0.464578
params_5893,4,2.0,1.5,0.7,0.5,7,0.25,0,0.0,0,1.0,1.0,1.0,1.0,0.25,0.4,0.75,0.1,0.464578
params_5897,4,2.0,1.5,0.7,0.7,7,0.25,0,0.0,0,1.0,1.0,1.0,1.0,0.25,0.4,0.75,0.1,0.464578
params_5969,4,2.0,2.0,0.7,0.3,7,0.25,0,0.0,0,1.0,1.0,1.0,1.0,0.25,0.4,0.75,0.1,0.464578
params_5973,4,2.0,2.0,0.7,0.5,7,0.25,0,0.0,0,1.0,1.0,1.0,1.0,0.25,0.4,0.75,0.1,0.464578
params_5977,4,2.0,2.0,0.7,0.7,7,0.25,0,0.0,0,1.0,1.0,1.0,1.0,0.25,0.4,0.75,0.1,0.464578
params_7249,5,1.5,0.5,0.7,0.3,7,0.25,0,0.0,0,1.0,1.0,1.0,1.0,0.25,0.4,0.75,0.1,0.464578
params_7253,5,1.5,0.5,0.7,0.5,7,0.25,0,0.0,0,1.0,1.0,1.0,1.0,0.25,0.4,0.75,0.1,0.464578
params_7257,5,1.5,0.5,0.7,0.7,7,0.25,0,0.0,0,1.0,1.0,1.0,1.0,0.25,0.4,0.75,0.1,0.464578
params_7329,5,1.5,1.0,0.7,0.3,7,0.25,0,0.0,0,1.0,1.0,1.0,1.0,0.25,0.4,0.75,0.1,0.464578
params_7333,5,1.5,1.0,0.7,0.5,7,0.25,0,0.0,0,1.0,1.0,1.0,1.0,0.25,0.4,0.75,0.1,0.464578
params_7337,5,1.5,1.0,0.7,0.7,7,0.25,0,0.0,0,1.0,1.0,1.0,1.0,0.25,0.4,0.75,0.1,0.464578
params_7409,5,1.5,1.2,0.7,0.3,7,0.25,0,0.0,0,1.0,1.0,1.0,1.0,0.25,0.4,0.75,0.1,0.464578
params_7413,5,1.5,1.2,0.7,0.5,7,0.25,0,0.0,0,1.0,1.0,1.0,1.0,0.25,0.4,0.75,0.1,0.464578
params_7417,5,1.5,1.2,0.7,0.7,7,0.25,0,0.0,0,1.0,1.0,1.0,1.0,0.25,0.4,0.75,0.1,0.464578
params_7489,5,1.5,1.5,0.7,0.3,7,0.25,0,0.0,0,1.0,1.0,1.0,1.0,0.25,0.4,0.75,0.1,0.464578
params_7493,5,1.5,1.5,0.7,0.5,7,0.25,0,0.0,0,1.0,1.0,1.0,1.0,0.25,0.4,0.75,0.1,0.464578
params_7497,5,1.5,1.5,0.7,0.7,7,0.25,0,0.0,0,1.0,1.0,1.0,1.0,0.25,0.4,0.75,0.1,0.464578
params_7569,5,1.5,2.0,0.7,0.3,7,0.25,0,0.0,0,1.0,1.0,1.0,1.0,0.25,0.4,0.75,0.1,0.464578
params_7573,5,1.5,2.0,0.7,0.5,7,0.25,0,0.0,0,1.0,1.0,1.0,1.0,0.25,0.4,0.75,0.1,0.464578
params_7577,5,1.5,2.0,0.7,0.7,7,0.25,0,0.0,0,1.0,1.0,1.0,1.0,0.25,0.4,0.75,0.1,0.464578
params_7649,5,2.0,0.5,0.7,0.3,7,0.25,0,0.0,0,1.0,1.0,1.0,1.0,0.25,0.4,0.75,0.1,0.464578
params_7653,5,2.0,0.5,0.7,0.5,7,0.25,0,0.0,0,1.0,1.0,1.0,1.0,0.25,0.4,0.75,0.1,0.464578
params_7657,5,2.0,0.5,0.7,0.7,7,0.25,0,0.0,0,1.0,1.0,1.0,1.0,0.25,0.4,0.75,0.1,0.464578
params_7729,5,2.0,1.0,0.7,0.3,7,0.25,0,0.0,0,1.0,1.0,1.0,1.0,0.25,0.4,0.75,0.1,0.464578
params_7733,5,2.0,1.0,0.7,0.5,7,0.25,0,0.0,0,1.0,1.0,1.0,1.0,0.25,0.4,0.75,0.1,0.464578
params_7737,5,2.0,1.0,0.7,0.7,7,0.25,0,0.0,0,1.0,1.0,1.0,1.0,0.25,0.4,0.75,0.1,0.464578
params_7809,5,2.0,1.2,0.7,0.3,7,0.25,0,0.0,0,1.0,1.0,1.0,1.0,0.25,0.4,0.75,0.1,0.464578
params_7813,5,2.0,1.2,0.7,0.5,7,0.25,0,0.0,0,1.0,1.0,1.0,1.0,0.25,0.4,0.75,0.1,0.464578
params_7817,5,2.0,1.2,0.7,0.7,7,0.25,0,0.0,0,1.0,1.0,1.0,1.0,0.25,0.4,0.75,0.1,0.464578
params_7889,5,2.0,1.5,0.7,0.3,7,0.25,0,0.0,0,1.0,1.0,1.0,1.0,0.25,0.4,0.75,0.1,0.464578
params_7893,5,2.0,1.5,0.7,0.5,7,0.25,0,0.0,0,1.0,1.0,1.0,1.0,0.25,0.4,0.75,0.1,0.464578
params_7897,5,2.0,1.5,0.7,0.7,7,0.25,0,0.0,0,1.0,1.0,1.0,1.0,0.25,0.4,0.75,0.1,0.464578
params_7969,5,2.0,2.0,0.7,0.3,7,0.25,0,0.0,0,1.0,1.0,1.0,1.0,0.25,0.4,0.75,0.1,0.464578
params_7973,5,2.0,2.0,0.7,0.5,7,0.25,0,0.0,0,1.0,1.0,1.0,1.0,0.25,0.4,0.75,0.1,0.464578
params_7977,5,2.0,2.0,0.7,0.7,7,0.25,0,0.0,0,1.0,1.0,1.0,1.0,0.25,0.4,0.75,0.1,0.464578
params_1234,2,1.5,0.5,0.6,0.3,14,0.25,0,0.0,0,1.0,1.0,1.0,1.0,0.25,0.4,0.75,0.11,0.463349
params_1235,2,1.5,0.5,0.6,0.3,21,0.25,0,0.0,0,1.0,1.0,1.0,1.0,0.25,0.4,0.75,0.11,0.463349
params_1236,2,1.5,0.5,0.6,0.3,30,0.25,0,0.0,0,1.0,1.0,1.0,1.0,0.25,0.4,0.75,0.11,0.463349
params_1238,2,1.5,0.5,0.6,0.5,14,0.25,0,0.0,0,1.0,1.0,1.0,1.0,0.25,0.4,0.75,0.11,0.463349
params_1239,2,1.5,0.5,0.6,0.5,21,0.25,0,0.0,0,1.0,1.0,1.0,1.0,0.25,0.4,0.75,0.11,0.463349
params_1240,2,1.5,0.5,0.6,0.5,30,0.25,0,0.0,0,1.0,1.0,1.0,1.0,0.25,0.4,0.75,0.11,0.463349
params_1242,2,1.5,0.5,0.6,0.7,14,0.25,0,0.0,0,1.0,1.0,1.0,1.0,0.25,0.4,0.75,0.11,0.463349
params_1243,2,1.5,0.5,0.6,0.7,21,0.25,0,0.0,0,1.0,1.0,1.0,1.0,0.25,0.4,0.75,0.11,0.463349
params_1244,2,1.5,0.5,0.6,0.7,30,0.25,0,0.0,0,1.0,1.0,1.0,1.0,0.25,0.4,0.75,0.11,0.463349
params_1314,2,1.5,1.0,0.6,0.3,14,0.25,0,0.0,0,1.0,1.0,1.0,1.0,0.25,0.4,0.75,0.11,0.463349
params_1315,2,1.5,1.0,0.6,0.3,21,0.25,0,0.0,0,1.0,1.0,1.0,1.0,0.25,0.4,0.75,0.11,0.463349
params_1316,2,1.5,1.0,0.6,0.3,30,0.25,0,0.0,0,1.0,1.0,1.0,1.0,0.25,0.4,0.75,0.11,0.463349
params_1318,2,1.5,1.0,0.6,0.5,14,0.25,0,0.0,0,1.0,1.0,1.0,1.0,0.25,0.4,0.75,0.11,0.463349
params_1319,2,1.5,1.0,0.6,0.5,21,0.25,0,0.0,0,1.0,1.0,1.0,1.0,0.25,0.4,0.75,0.11,0.463349
params_1320,2,1.5,1.0,0.6,0.5,30,0.25,0,0.0,0,1.0,1.0,1.0,1.0,0.25,0.4,0.75,0.11,0.463349
params_1322,2,1.5,1.0,0.6,0.7,14,0.25,0,0.0,0,1.0,1.0,1.0,1.0,0.25,0.4,0.75,0.11,0.463349
params_1323,2,1.5,1.0,0.6,0.7,21,0.25,0,0.0,0,1.0,1.0,1.0,1.0,0.25,0.4,0.75,0.11,0.463349
params_1324,2,1.5,1.0,0.6,0.7,30,0.25,0,0.0,0,1.0,1.0,1.0,1.0,0.25,0.4,0.75,0.11,0.463349
params_1394,2,1.5,1.2,0.6,0.3,14,0.25,0,0.0,0,1.0,1.0,1.0,1.0,0.25,0.4,0.75,0.11,0.463349
params_1395,2,1.5,1.2,0.6,0.3,21,0.25,0,0.0,0,1.0,1.0,1.0,1.0,0.25,0.4,0.75,0.11,0.463349
params_1396,2,1.5,1.2,0.6,0.3,30,0.25,0,0.0,0,1.0,1.0,1.0,1.0,0.25,0.4,0.75,0.11,0.463349
params_1398,2,1.5,1.2,0.6,0.5,14,0.25,0,0.0,0,1.0,1.0,1.0,1.0,0.25,0.4,0.75,0.11,0.463349
params_1399,2,1.5,1.2,0.6,0.5,21,0.25,0,0.0,0,1.0,1.0,1.0,1.0,0.25,0.4,0.75,0.11,0.463349
params_1400,2,1.5,1.2,0.6,0.5,30,0.25,0,0.0,0,1.0,1.0,1.0,1.0,0.25,0.4,0.75,0.11,0.463349
params_1402,2,1.5,1.2,0.6,0.7,14,0.25,0,0.0,0,1.0,1.0,1.0,1.0,0.25,0.4,0.75,0.11,0.463349
params_1403,2,1.5,1.2,0.6,0.7,21,0.25,0,0.0,0,1.0,1.0,1.0,1.0,0.25,0.4,0.75,0.11,0.463349
params_1404,2,1.5,1.2,0.6,0.7,30,0.25,0,0.0,0,1.0,1.0,1.0,1.0,0.25,0.4,0.75,0.11,0.463349
params_1474,2,1.5,1.5,0.6,0.3,14,0.25,0,0.0,0,1.0,1.0,1.0,1.0,0.25,0.4,0.75,0.11,0.463349
params_1475,2,1.5,1.5,0.6,0.3,21,0.25,0,0.0,0,1.0,1.0,1.0,1.0,0.25,0.4,0.75,0.11,0.463349
params_1476,2,1.5,1.5,0.6,0.3,30,0.25,0,0.0,0,1.0,1.0,1.0,1.0,0.25,0.4,0.75,0.11,0.463349
params_1478,2,1.5,1.5,0.6,0.5,14,0.25,0,0.0,0,1.0,1.0,1.0,1.0,0.25,0.4,0.75,0.11,0.463349
params_1479,2,1.5,1.5,0.6,0.5,21,0.25,0,0.0,0,1.0,1.0,1.0,1.0,0.25,0.4,0.75,0.11,0.463349
params_1480,2,1.5,1.5,0.6,0.5,30,0.25,0,0.0,0,1.0,1.0,1.0,1.0,0.25,0.4,0.75,0.11,0.463349
params_1482,2,1.5,1.5,0.6,0.7,14,0.25,0,0.0,0,1.0,1.0,1.0,1.0,0.25,0.4,0.75,0.11,0.463349
params_1483,2,1.5,1.5,0.6,0.7,21,0.25,0,0.0,0,1.0,1.0,1.0,1.0,0.25,0.4,0.75,0.11,0.463349
params_1484,2,1.5,1.5,0.6,0.7,30,0.25,0,0.0,0,1.0,1.0,1.0,1.0,0.25,0.4,0.75,0.11,0.463349
params_1554,2,1.5,2.0,0.6,0.3,14,0.25,0,0.0,0,1.0,1.0,1.0,1.0,0.25,0.4,0.75,0.11,0.463349
params_1555,2,1.5,2.0,0.6,0.3,21,0.25,0,0.0,0,1.0,1.0,1.0,1.0,0.25,0.4,0.75,0.11,0.463349
params_1556,2,1.5,2.0,0.6,0.3,30,0.25,0,0.0,0,1.0,1.0,1.0,1.0,0.25,0.4,0.75,0.11,0.463349
params_1558,2,1.5,2.0,0.6,0.5,14,0.25,0,0.0,0,1.0,1.0,1.0,1.0,0.25,0.4,0.75,0.11,0.463349
params_1559,2,1.5,2.0,0.6,0.5,21,0.25,0,0.0,0,1.0,1.0,1.0,1.0,0.25,0.4,0.75,0.11,0.463349
params_1560,2,1.5,2.0,0.6,0.5,30,0.25,0,0.0,0,1.0,1.0,1.0,1.0,0.25,0.4,0.75,0.11,0.463349
params_1562,2,1.5,2.0,0.6,0.7,14,0.25,0,0.0,0,1.0,1.0,1.0,1.0,0.25,0.4,0.75,0.11,0.463349
params_1563,2,1.5,2.0,0.6,0.7,21,0.25,0,0.0,0,1.0,1.0,1.0,1.0,0.25,0.4,0.75,0.11,0.463349
params_1564,2,1.5,2.0,0.6,0.7,30,0.25,0,0.0,0,1.0,1.0,1.0,1.0,0.25,0.4,0.75,0.11,0.463349
params_1634,2,2.0,0.5,0.6,0.3,14,0.25,0,0.0,0,1.0,1.0,1.0,1.0,0.25,0.4,0.75,0.11,0.463349
params_1635,2,2.0,0.5,0.6,0.3,21,0.25,0,0.0,0,1.0,1.0,1.0,1.0,0.25,0.4,0.75,0.11,0.463349
params_1636,2,2.0,0.5,0.6,0.3,30,0.25,0,0.0,0,1.0,1.0,1.0,1.0,0.25,0.4,0.75,0.11,0.463349
params_1638,2,2.0,0.5,0.6,0.5,14,0.25,0,0.0,0,1.0,1.0,1.0,1.0,0.25,0.4,0.75,0.11,0.463349
params_1639,2,2.0,0.5,0.6,0.5,21,0.25,0,0.0,0,1.0,1.0,1.0,1.0,0.25,0.4,0.75,0.11,0.463349
params_1640,2,2.0,0.5,0.6,0.5,30,0.25,0,0.0,0,1.0,1.0,1.0,1.0,0.25,0.4,0.75,0.11,0.463349
params_1642,2,2.0,0.5,0.6,0.7,14,0.25,0,0.0,0,1.0,1.0,1.0,1.0,0.25,0.4,0.75,0.11,0.463349
params_1643,2,2.0,0.5,0.6,0.7,21,0.25,0,0.0,0,1.0,1.0,1.0,1.0,0.25,0.4,0.75,0.11,0.463349
params_1644,2,2.0,0.5,0.6,0.7,30,0.25,0,0.0,0,1.0,1.0,1.0,1.0,0.25,0.4,0.75,0.11,0.463349
params_1714,2,2.0,1.0,0.6,0.3,14,0.25,0,0.0,0,1.0,1.0,1.0,1.0,0.25,0.4,0.75,0.11,0.463349
params_1715,2,2.0,1.0,0.6,0.3,21,0.25,0,0.0,0,1.0,1.0,1.0,1.0,0.25,0.4,0.75,0.11,0.463349
params_1716,2,2.0,1.0,0.6,0.3,30,0.25,0,0.0,0,1.0,1.0,1.0,1.0,0.25,0.4,0.75,0.11,0.463349
params_1718,2,2.0,1.0,0.6,0.5,14,0.25,0,0.0,0,1.0,1.0,1.0,1.0,0.25,0.4,0.75,0.11,0.463349
params_1719,2,2.0,1.0,0.6,0.5,21,0.25,0,0.0,0,1.0,1.0,1.0,1.0,0.25,0.4,0.75,0.11,0.463349
params_1720,2,2.0,1.0,0.6,0.5,30,0.25,0,0.0,0,1.0,1.0,1.0,1.0,0.25,0.4,0.75,0.11,0.463349
params_1722,2,2.0,1.0,0.6,0.7,14,0.25,0,0.0,0,1.0,1.0,1.0,1.0,0.25,0.4,0.75,0.11,0.463349
params_1723,2,2.0,1.0,0.6,0.7,21,0.25,0,0.0,0,1.0,1.0,1.0,1.0,0.25,0.4,0.75,0.11,0.463349
params_1724,2,2.0,1.0,0.6,0.7,30,0.25,0,0.0,0,1.0,1.0,1.0,1.0,0.25,0.4,0.75,0.11,0.463349
params_1794,2,2.0,1.2,0.6,0.3,14,0.25,0,0.0,0,1.0,1.0,1.0,1.0,0.25,0.4,0.75,0.11,0.463349
params_1795,2,2.0,1.2,0.6,0.3,21,0.25,0,0.0,0,1.0,1.0,1.0,1.0,0.25,0.4,0.75,0.11,0.463349
params_1796,2,2.0,1.2,0.6,0.3,30,0.25,0,0.0,0,1.0,1.0,1.0,1.0,0.25,0.4,0.75,0.11,0.463349
params_1798,2,2.0,1.2,0.6,0.5,14,0.25,0,0.0,0,1.0,1.0,1.0,1.0,0.25,0.4,0.75,0.11,0.463349
params_1799,2,2.0,1.2,0.6,0.5,21,0.25,0,0.0,0,1.0,1.0,1.0,1.0,0.25,0.4,0.75,0.11,0.463349
params_1800,2,2.0,1.2,0.6,0.5,30,0.25,0,0.0,0,1.0,1.0,1.0,1.0,0.25,0.4,0.75,0.11,0.463349
params_1802,2,2.0,1.2,0.6,0.7,14,0.25,0,0.0,0,1.0,1.0,1.0,1.0,0.25,0.4,0.75,0.11,0.463349
params_1803,2,2.0,1.2,0.6,0.7,21,0.25,0,0.0,0,1.0,1.0,1.0,1.0,0.25,0.4,0.75,0.11,0.463349
params_1804,2,2.0,1.2,0.6,0.7,30,0.25,0,0.0,0,1.0,1.0,1.0,1.0,0.25,0.4,0.75,0.11,0.463349
params_1874,2,2.0,1.5,0.6,0.3,14,0.25,0,0.0,0,1.0,1.0,1.0,1.0,0.25,0.4,0.75,0.11,0.463349
params_1875,2,2.0,1.5,0.6,0.3,21,0.25,0,0.0,0,1.0,1.0,1.0,1.0,0.25,0.4,0.75,0.11,0.463349
params_1876,2,2.0,1.5,0.6,0.3,30,0.25,0,0.0,0,1.0,1.0,1.0,1.0,0.25,0.4,0.75,0.11,0.463349
params_1878,2,2.0,1.5,0.6,0.5,14,0.25,0,0.0,0,1.0,1.0,1.0,1.0,0.25,0.4,0.75,0.11,0.463349
params_1879,2,2.0,1.5,0.6,0.5,21,0.25,0,0.0,0,1.0,1.0,1.0,1.0,0.25,0.4,0.75,0.11,0.463349
params_1880,2,2.0,1.5,0.6,0.5,30,0.25,0,0.0,0,1.0,1.0,1.0,1.0,0.25,0.4,0.75,0.11,0.463349
params_1882,2,2.0,1.5,0.6,0.7,14,0.25,0,0.0,0,1.0,1.0,1.0,1.0,0.25,0.4,0.75,0.11,0.463349
params_1883,2,2.0,1.5,0.6,0.7,21,0.25,0,0.0,0,1.0,1.0,1.0,1.0,0.25,0.4,0.75,0.11,0.463349
params_1884,2,2.0,1.5,0.6,0.7,30,0.25,0,0.0,0,1.0,1.0,1.0,1.0,0.25,0.4,0.75,0.11,0.463349
params_1954,2,2.0,2.0,0.6,0.3,14,0.25,0,0.0,0,1.0,1.0,1.0,1.0,0.25,0.4,0.75,0.11,0.463349
params_1955,2,2.0,2.0,0.6,0.3,21,0.25,0,0.0,0,1.0,1.0,1.0,1.0,0.25,0.4,0.75,0.11,0.463349
params_1956,2,2.0,2.0,0.6,0.3,30,0.25,0,0.0,0,1.0,1.0,1.0,1.0,0.25,0.4,0.75,0.11,0.463349
params_1958,2,2.0,2.0,0.6,0.5,14,0.25,0,0.0,0,1.0,1.0,1.0,1.0,0.25,0.4,0.75,0.11,0.463349
params_1959,2,2.0,2.0,0.6,0.5,21,0.25,0,0.0,0,1.0,1.0,1.0,1.0,0.25,0.4,0.75,0.11,0.463349
params_1960,2,2.0,2.0,0.6,0.5,30,0.25,0,0.0,0,1.0,1.0,1.0,1.0,0.25,0.4,0.75,0.11,0.463349
params_1962,2,2.0,2.0,0.6,0.7,14,0.25,0,0.0,0,1.0,1.0,1.0,1.0,0.25,0.4,0.75,0.11,0.463349
params_1963,2,2.0,2.0,0.6,0.7,21,0.25,0,0.0,0,1.0,1.0,1.0,1.0,0.25,0.4,0.75,0.11,0.463349
params_1964,2,2.0,2.0,0.6,0.7,30,0.25,0,0.0,0,1.0,1.0,1.0,1.0,0.25,0.4,0.75,0.11,0.463349
params_3234,3,1.5,0.5,0.6,0.3,14,0.25,0,0.0,0,1.0,1.0,1.0,1.0,0.25,0.4,0.75,0.11,0.463349
params_3235,3,1.5,0.5,0.6,0.3,21,0.25,0,0.0,0,1.0,1.0,1.0,1.0,0.25,0.4,0.75,0.11,0.463349
params_3236,3,1.5,0.5,0.6,0.3,30,0.25,0,0.0,0,1.0,1.0,1.0,1.0,0.25,0.4,0.75,0.11,0.463349
params_3238,3,1.5,0.5,0.6,0.5,14,0.25,0,0.0,0,1.0,1.0,1.0,1.0,0.25,0.4,0.75,0.11,0.463349
params_3239,3,1.5,0.5,0.6,0.5,21,0.25,0,0.0,0,1.0,1.0,1.0,1.0,0.25,0.4,0.75,0.11,0.463349
params_3240,3,1.5,0.5,0.6,0.5,30,0.25,0,0.0,0,1.0,1.0,1.0,1.0,0.25,0.4,0.75,0.11,0.463349
params_3242,3,1.5,0.5,0.6,0.7,14,0.25,0,0.0,0,1.0,1.0,1.0,1.0,0.25,0.4,0.75,0.11,0.463349
params_3243,3,1.5,0.5,0.6,0.7,21,0.25,0,0.0,0,1.0,1.0,1.0,1.0,0.25,0.4,0.75,0.11,0.463349
params_3244,3,1.5,0.5,0.6,0.7,30,0.25,0,0.0,0,1.0,1.0,1.0,1.0,0.25,0.4,0.75,0.11,0.463349
params_3314,3,1.5,1.0,0.6,0.3,14,0.25,0,0.0,0,1.0,1.0,1.0,1.0,0.25,0.4,0.75,0.11,0.463349
params_3315,3,1.5,1.0,0.6,0.3,21,0.25,0,0.0,0,1.0,1.0,1.0,1.0,0.25,0.4,0.75,0.11,0.463349
params_3316,3,1.5,1.0,0.6,0.3,30,0.25,0,0.0,0,1.0,1.0,1.0,1.0,0.25,0.4,0.75,0.11,0.463349
params_3318,3,1.5,1.0,0.6,0.5,14,0.25,0,0.0,0,1.0,1.0,1.0,1.0,0.25,0.4,0.75,0.11,0.463349
params_3319,3,1.5,1.0,0.6,0.5,21,0.25,0,0.0,0,1.0,1.0,1.0,1.0,0.25,0.4,0.75,0.11,0.463349
params_3320,3,1.5,1.0,0.6,0.5,30,0.25,0,0.0,0,1.0,1.0,1.0,1.0,0.25,0.4,0.75,0.11,0.463349
params_3322,3,1.5,1.0,0.6,0.7,14,0.25,0,0.0,0,1.0,1.0,1.0,1.0,0.25,0.4,0.75,0.11,0.463349
params_3323,3,1.5,1.0,0.6,0.7,21,0.25,0,0.0,0,1.0,1.0,1.0,1.0,0.25,0.4,0.75,0.11,0.463349
params_3324,3,1.5,1.0,0.6,0.7,30,0.25,0,0.0,0,1.0,1.0,1.0,1.0,0.25,0.4,0.75,0.11,0.463349
params_3394,3,1.5,1.2,0.6,0.3,14,0.25,0,0.0,0,1.0,1.0,1.0,1.0,0.25,0.4,0.75,0.11,0.463349
params_3395,3,1.5,1.2,0.6,0.3,21,0.25,0,0.0,0,1.0,1.0,1.0,1.0,0.25,0.4,0.75,0.11,0.463349
params_3396,3,1.5,1.2,0.6,0.3,30,0.25,0,0.0,0,1.0,1.0,1.0,1.0,0.25,0.4,0.75,0.11,0.463349
params_3398,3,1.5,1.2,0.6,0.5,14,0.25,0,0.0,0,1.0,1.0,1.0,1.0,0.25,0.4,0.75,0.11,0.463349
params_3399,3,1.5,1.2,0.6,0.5,21,0.25,0,0.0,0,1.0,1.0,1.0,1.0,0.25,0.4,0.75,0.11,0.463349
params_3400,3,1.5,1.2,0.6,0.5,30,0.25,0,0.0,0,1.0,1.0,1.0,1.0,0.25,0.4,0.75,0.11,0.463349
params_3402,3,1.5,1.2,0.6,0.7,14,0.25,0,0.0,0,1.0,1.0,1.0,1.0,0.25,0.4,0.75,0.11,0.463349
params_3403,3,1.5,1.2,0.6,0.7,21,0.25,0,0.0,0,1.0,1.0,1.0,1.0,0.25,0.4,0.75,0.11,0.463349
params_3404,3,1.5,1.2,0.6,0.7,30,0.25,0,0.0,0,1.0,1.0,1.0,1.0,0.25,0.4,0.75,0.11,0.463349
params_3474,3,1.5,1.5,0.6,0.3,14,0.25,0,0.0,0,1.0,1.0,1.0,1.0,0.25,0.4,0.75,0.11,0.463349
params_3475,3,1.5,1.5,0.6,0.3,21,0.25,0,0.0,0,1.0,1.0,1.0,1.0,0.25,0.4,0.75,0.11,0.463349
params_3476,3,1.5,1.5,0.6,0.3,30,0.25,0,0.0,0,1.0,1.0,1.0,1.0,0.25,0.4,0.75,0.11,0.463349
params_3478,3,1.5,1.5,0.6,0.5,14,0.25,0,0.0,0,1.0,1.0,1.0,1.0,0.25,0.4,0.75,0.11,0.463349
params_3479,3,1.5,1.5,0.6,0.5,21,0.25,0,0.0,0,1.0,1.0,1.0,1.0,0.25,0.4,0.75,0.11,0.463349
params_3480,3,1.5,1.5,0.6,0.5,30,0.25,0,0.0,0,1.0,1.0,1.0,1.0,0.25,0.4,0.75,0.11,0.463349
params_3482,3,1.5,1.5,0.6,0.7,14,0.25,0,0.0,0,1.0,1.0,1.0,1.0,0.25,0.4,0.75,0.11,0.463349
params_3483,3,1.5,1.5,0.6,0.7,21,0.25,0,0.0,0,1.0,1.0,1.0,1.0,0.25,0.4,0.75,0.11,0.463349
params_3484,3,1.5,1.5,0.6,0.7,30,0.25,0,0.0,0,1.0,1.0,1.0,1.0,0.25,0.4,0.75,0.11,0.463349
params_3554,3,1.5,2.0,0.6,0.3,14,0.25,0,0.0,0,1.0,1.0,1.0,1.0,0.25,0.4,0.75,0.11,0.463349
params_3555,3,1.5,2.0,0.6,0.3,21,0.25,0,0.0,0,1.0,1.0,1.0,1.0,0.25,0.4,0.75,0.11,0.463349
params_3556,3,1.5,2.0,0.6,0.3,30,0.25,0,0.0,0,1.0,1.0,1.0,1.0,0.25,0.4,0.75,0.11,0.463349
params_3558,3,1.5,2.0,0.6,0.5,14,0.25,0,0.0,0,1.0,1.0,1.0,1.0,0.25,0.4,0.75,0.11,0.463349
params_3559,3,1.5,2.0,0.6,0.5,21,0.25,0,0.0,0,1.0,1.0,1.0,1.0,0.25,0.4,0.75,0.11,0.463349
params_3560,3,1.5,2.0,0.6,0.5,30,0.25,0,0.0,0,1.0,1.0,1.0,1.0,0.25,0.4,0.75,0.11,0.463349
params_3562,3,1.5,2.0,0.6,0.7,14,0.25,0,0.0,0,1.0,1.0,1.0,1.0,0.25,0.4,0.75,0.11,0.463349
params_3563,3,1.5,2.0,0.6,0.7,21,0.25,0,0.0,0,1.0,1.0,1.0,1.0,0.25,0.4,0.75,0.11,0.463349
params_3564,3,1.5,2.0,0.6,0.7,30,0.25,0,0.0,0,1.0,1.0,1.0,1.0,0.25,0.4,0.75,0.11,0.463349
params_3634,3,2.0,0.5,0.6,0.3,14,0.25,0,0.0,0,1.0,1.0,1.0,1.0,0.25,0.4,0.75,0.11,0.463349
params_3635,3,2.0,0.5,0.6,0.3,21,0.25,0,0.0,0,1.0,1.0,1.0,1.0,0.25,0.4,0.75,0.11,0.463349
params_3636,3,2.0,0.5,0.6,0.3,30,0.25,0,0.0,0,1.0,1.0,1.0,1.0,0.25,0.4,0.75,0.11,0.463349
params_3638,3,2.0,0.5,0.6,0.5,14,0.25,0,0.0,0,1.0,1.0,1.0,1.0,0.25,0.4,0.75,0.11,0.463349
params_3639,3,2.0,0.5,0.6,0.5,21,0.25,0,0.0,0,1.0,1.0,1.0,1.0,0.25,0.4,0.75,0.11,0.463349
params_3640,3,2.0,0.5,0.6,0.5,30,0.25,0,0.0,0,1.0,1.0,1.0,1.0,0.25,0.4,0.75,0.11,0.463349
params_3642,3,2.0,0.5,0.6,0.7,14,0.25,0,0.0,0,1.0,1.0,1.0,1.0,0.25,0.4,0.75,0.11,0.463349
params_3643,3,2.0,0.5,0.6,0.7,21,0.25,0,0.0,0,1.0,1.0,1.0,1.0,0.25,0.4,0.75,0.11,0.463349
params_3644,3,2.0,0.5,0.6,0.7,30,0.25,0,0.0,0,1.0,1.0,1.0,1.0,0.25,0.4,0.75,0.11,0.463349
params_3714,3,2.0,1.0,0.6,0.3,14,0.25,0,0.0,0,1.0,1.0,1.0,1.0,0.25,0.4,0.75,0.11,0.463349
params_3715,3,2.0,1.0,0.6,0.3,21,0.25,0,0.0,0,1.0,1.0,1.0,1.0,0.25,0.4,0.75,0.11,0.463349
params_3716,3,2.0,1.0,0.6,0.3,30,0.25,0,0.0,0,1.0,1.0,1.0,1.0,0.25,0.4,0.75,0.11,0.463349
params_3718,3,2.0,1.0,0.6,0.5,14,0.25,0,0.0,0,1.0,1.0,1.0,1.0,0.25,0.4,0.75,0.11,0.463349
params_3719,3,2.0,1.0,0.6,0.5,21,0.25,0,0.0,0,1.0,1.0,1.0,1.0,0.25,0.4,0.75,0.11,0.463349
params_3720,3,2.0,1.0,0.6,0.5,30,0.25,0,0.0,0,1.0,1.0,1.0,1.0,0.25,0.4,0.75,0.11,0.463349
params_3722,3,2.0,1.0,0.6,0.7,14,0.25,0,0.0,0,1.0,1.0,1.0,1.0,0.25,0.4,0.75,0.11,0.463349
params_3723,3,2.0,1.0,0.6,0.7,21,0.25,0,0.0,0,1.0,1.0,1.0,1.0,0.25,0.4,0.75,0.11,0.463349
params_3724,3,2.0,1.0,0.6,0.7,30,0.25,0,0.0,0,1.0,1.0,1.0,1.0,0.25,0.4,0.75,0.11,0.463349
params_3794,3,2.0,1.2,0.6,0.3,14,0.25,0,0.0,0,1.0,1.0,1.0,1.0,0.25,0.4,0.75,0.11,0.463349
params_3795,3,2.0,1.2,0.6,0.3,21,0.25,0,0.0,0,1.0,1.0,1.0,1.0,0.25,0.4,0.75,0.11,0.463349
params_3796,3,2.0,1.2,0.6,0.3,30,0.25,0,0.0,0,1.0,1.0,1.0,1.0,0.25,0.4,0.75,0.11,0.463349
params_3798,3,2.0,1.2,0.6,0.5,14,0.25,0,0.0,0,1.0,1.0,1.0,1.0,0.25,0.4,0.75,0.11,0.463349
params_3799,3,2.0,1.2,0.6,0.5,21,0.25,0,0.0,0,1.0,1.0,1.0,1.0,0.25,0.4,0.75,0.11,0.463349
params_3800,3,2.0,1.2,0.6,0.5,30,0.25,0,0.0,0,1.0,1.0,1.0,1.0,0.25,0.4,0.75,0.11,0.463349
params_3802,3,2.0,1.2,0.6,0.7,14,0.25,0,0.0,0,1.0,1.0,1.0,1.0,0.25,0.4,0.75,0.11,0.463349
params_3803,3,2.0,1.2,0.6,0.7,21,0.25,0,0.0,0,1.0,1.0,1.0,1.0,0.25,0.4,0.75,0.11,0.463349
params_3804,3,2.0,1.2,0.6,0.7,30,0.25,0,0.0,0,1.0,1.0,1.0,1.0,0.25,0.4,0.75,0.11,0.463349
params_3874,3,2.0,1.5,0.6,0.3,14,0.25,0,0.0,0,1.0,1.0,1.0,1.0,0.25,0.4,0.75,0.11,0.463349
params_3875,3,2.0,1.5,0.6,0.3,21,0.25,0,0.0,0,1.0,1.0,1.0,1.0,0.25,0.4,0.75,0.11,0.463349
params_3876,3,2.0,1.5,0.6,0.3,30,0.25,0,0.0,0,1.0,1.0,1.0,1.0,0.25,0.4,0.75,0.11,0.463349
params_3878,3,2.0,1.5,0.6,0.5,14,0.25,0,0.0,0,1.0,1.0,1.0,1.0,0.25,0.4,0.75,0.11,0.463349
params_3879,3,2.0,1.5,0.6,0.5,21,0.25,0,0.0,0,1.0,1.0,1.0,1.0,0.25,0.4,0.75,0.11,0.463349
params_3880,3,2.0,1.5,0.6,0.5,30,0.25,0,0.0,0,1.0,1.0,1.0,1.0,0.25,0.4,0.75,0.11,0.463349
params_3882,3,2.0,1.5,0.6,0.7,14,0.25,0,0.0,0,1.0,1.0,1.0,1.0,0.25,0.4,0.75,0.11,0.463349
params_3883,3,2.0,1.5,0.6,0.7,21,0.25,0,0.0,0,1.0,1.0,1.0,1.0,0.25,0.4,0.75,0.11,0.463349
params_3884,3,2.0,1.5,0.6,0.7,30,0.25,0,0.0,0,1.0,1.0,1.0,1.0,0.25,0.4,0.75,0.11,0.463349
params_3954,3,2.0,2.0,0.6,0.3,14,0.25,0,0.0,0,1.0,1.0,1.0,1.0,0.25,0.4,0.75,0.11,0.463349
params_3955,3,2.0,2.0,0.6,0.3,21,0.25,0,0.0,0,1.0,1.0,1.0,1.0,0.25,0.4,0.75,0.11,0.463349
params_3956,3,2.0,2.0,0.6,0.3,30,0.25,0,0.0,0,1.0,1.0,1.0,1.0,0.25,0.4,0.75,0.11,0.463349
params_3958,3,2.0,2.0,0.6,0.5,14,0.25,0,0.0,0,1.0,1.0,1.0,1.0,0.25,0.4,0.75,0.11,0.463349
params_3959,3,2.0,2.0,0.6,0.5,21,0.25,0,0.0,0,1.0,1.0,1.0,1.0,0.25,0.4,0.75,0.11,0.463349
params_3960,3,2.0,2.0,0.6,0.5,30,0.25,0,0.0,0,1.0,1.0,1.0,1.0,0.25,0.4,0.75,0.11,0.463349
params_3962,3,2.0,2.0,0.6,0.7,14,0.25,0,0.0,0,1.0,1.0,1.0,1.0,0.25,0.4,0.75,0.11,0.463349
params_3963,3,2.0,2.0,0.6,0.7,21,0.25,0,0.0,0,1.0,1.0,1.0,1.0,0.25,0.4,0.75,0.11,0.463349
params_3964,3,2.0,2.0,0.6,0.7,30,0.25,0,0.0,0,1.0,1.0,1.0,1.0,0.25,0.4,0.75,0.11,0.463349
params_5234,4,1.5,0.5,0.6,0.3,14,0.25,0,0.0,0,1.0,1.0,1.0,1.0,0.25,0.4,0.75,0.11,0.463349
params_5235,4,1.5,0.5,0.6,0.3,21,0.25,0,0.0,0,1.0,1.0,1.0,1.0,0.25,0.4,0.75,0.11,0.463349
params_5236,4,1.5,0.5,0.6,0.3,30,0.25,0,0.0,0,1.0,1.0,1.0,1.0,0.25,0.4,0.75,0.11,0.463349
params_5238,4,1.5,0.5,0.6,0.5,14,0.25,0,0.0,0,1.0,1.0,1.0,1.0,0.25,0.4,0.75,0.11,0.463349
params_5239,4,1.5,0.5,0.6,0.5,21,0.25,0,0.0,0,1.0,1.0,1.0,1.0,0.25,0.4,0.75,0.11,0.463349
params_5240,4,1.5,0.5,0.6,0.5,30,0.25,0,0.0,0,1.0,1.0,1.0,1.0,0.25,0.4,0.75,0.11,0.463349
params_5242,4,1.5,0.5,0.6,0.7,14,0.25,0,0.0,0,1.0,1.0,1.0,1.0,0.25,0.4,0.75,0.11,0.463349
params_5243,4,1.5,0.5,0.6,0.7,21,0.25,0,0.0,0,1.0,1.0,1.0,1.0,0.25,0.4,0.75,0.11,0.463349
params_5244,4,1.5,0.5,0.6,0.7,30,0.25,0,0.0,0,1.0,1.0,1.0,1.0,0.25,0.4,0.75,0.11,0.463349
params_5314,4,1.5,1.0,0.6,0.3,14,0.25,0,0.0,0,1.0,1.0,1.0,1.0,0.25,0.4,0.75,0.11,0.463349
params_5315,4,1.5,1.0,0.6,0.3,21,0.25,0,0.0,0,1.0,1.0,1.0,1.0,0.25,0.4,0.75,0.11,0.463349
params_5316,4,1.5,1.0,0.6,0.3,30,0.25,0,0.0,0,1.0,1.0,1.0,1.0,0.25,0.4,0.75,0.11,0.463349
params_5318,4,1.5,1.0,0.6,0.5,14,0.25,0,0.0,0,1.0,1.0,1.0,1.0,0.25,0.4,0.75,0.11,0.463349
params_5319,4,1.5,1.0,0.6,0.5,21,0.25,0,0.0,0,1.0,1.0,1.0,1.0,0.25,0.4,0.75,0.11,0.463349
params_5320,4,1.5,1.0,0.6,0.5,30,0.25,0,0.0,0,1.0,1.0,1.0,1.0,0.25,0.4,0.75,0.11,0.463349
params_5322,4,1.5,1.0,0.6,0.7,14,0.25,0,0.0,0,1.0,1.0,1.0,1.0,0.25,0.4,0.75,0.11,0.463349
params_5323,4,1.5,1.0,0.6,0.7,21,0.25,0,0.0,0,1.0,1.0,1.0,1.0,0.25,0.4,0.75,0.11,0.463349
params_5324,4,1.5,1.0,0.6,0.7,30,0.25,0,0.0,0,1.0,1.0,1.0,1.0,0.25,0.4,0.75,0.11,0.463349
params_5394,4,1.5,1.2,0.6,0.3,14,0.25,0,0.0,0,1.0,1.0,1.0,1.0,0.25,0.4,0.75,0.11,0.463349
params_5395,4,1.5,1.2,0.6,0.3,21,0.25,0,0.0,0,1.0,1.0,1.0,1.0,0.25,0.4,0.75,0.11,0.463349
params_5396,4,1.5,1.2,0.6,0.3,30,0.25,0,0.0,0,1.0,1.0,1.0,1.0,0.25,0.4,0.75,0.11,0.463349
params_5398,4,1.5,1.2,0.6,0.5,14,0.25,0,0.0,0,1.0,1.0,1.0,1.0,0.25,0.4,0.75,0.11,0.463349
params_5399,4,1.5,1.2,0.6,0.5,21,0.25,0,0.0,0,1.0,1.0,1.0,1.0,0.25,0.4,0.75,0.11,0.463349
params_5400,4,1.5,1.2,0.6,0.5,30,0.25,0,0.0,0,1.0,1.0,1.0,1.0,0.25,0.4,0.75,0.11,0.463349
params_5402,4,1.5,1.2,0.6,0.7,14,0.25,0,0.0,0,1.0,1.0,1.0,1.0,0.25,0.4,0.75,0.11,0.463349
params_5403,4,1.5,1.2,0.6,0.7,21,0.25,0,0.0,0,1.0,1.0,1.0,1.0,0.25,0.4,0.75,0.11,0.463349
params_5404,4,1.5,1.2,0.6,0.7,30,0.25,0,0.0,0,1.0,1.0,1.0,1.0,0.25,0.4,0.75,0.11,0.463349
params_5474,4,1.5,1.5,0.6,0.3,14,0.25,0,0.0,0,1.0,1.0,1.0,1.0,0.25,0.4,0.75,0.11,0.463349
params_5475,4,1.5,1.5,0.6,0.3,21,0.25,0,0.0,0,1.0,1.0,1.0,1.0,0.25,0.4,0.75,0.11,0.463349
params_5476,4,1.5,1.5,0.6,0.3,30,0.25,0,0.0,0,1.0,1.0,1.0,1.0,0.25,0.4,0.75,0.11,0.463349
params_5478,4,1.5,1.5,0.6,0.5,14,0.25,0,0.0,0,1.0,1.0,1.0,1.0,0.25,0.4,0.75,0.11,0.463349
params_5479,4,1.5,1.5,0.6,0.5,21,0.25,0,0.0,0,1.0,1.0,1.0,1.0,0.25,0.4,0.75,0.11,0.463349
params_5480,4,1.5,1.5,0.6,0.5,30,0.25,0,0.0,0,1.0,1.0,1.0,1.0,0.25,0.4,0.75,0.11,0.463349
params_5482,4,1.5,1.5,0.6,0.7,14,0.25,0,0.0,0,1.0,1.0,1.0,1.0,0.25,0.4,0.75,0.11,0.463349
params_5483,4,1.5,1.5,0.6,0.7,21,0.25,0,0.0,0,1.0,1.0,1.0,1.0,0.25,0.4,0.75,0.11,0.463349
params_5484,4,1.5,1.5,0.6,0.7,30,0.25,0,0.0,0,1.0,1.0,1.0,1.0,0.25,0.4,0.75,0.11,0.463349
params_5554,4,1.5,2.0,0.6,0.3,14,0.25,0,0.0,0,1.0,1.0,1.0,1.0,0.25,0.4,0.75,0.11,0.463349
params_5555,4,1.5,2.0,0.6,0.3,21,0.25,0,0.0,0,1.0,1.0,1.0,1.0,0.25,0.4,0.75,0.11,0.463349
params_5556,4,1.5,2.0,0.6,0.3,30,0.25,0,0.0,0,1.0,1.0,1.0,1.0,0.25,0.4,0.75,0.11,0.463349
params_5558,4,1.5,2.0,0.6,0.5,14,0.25,0,0.0,0,1.0,1.0,1.0,1.0,0.25,0.4,0.75,0.11,0.463349
params_5559,4,1.5,2.0,0.6,0.5,21,0.25,0,0.0,0,1.0,1.0,1.0,1.0,0.25,0.4,0.75,0.11,0.463349
params_5560,4,1.5,2.0,0.6,0.5,30,0.25,0,0.0,0,1.0,1.0,1.0,1.0,0.25,0.4,0.75,0.11,0.463349
params_5562,4,1.5,2.0,0.6,0.7,14,0.25,0,0.0,0,1.0,1.0,1.0,1.0,0.25,0.4,0.75,0.11,0.463349
params_5563,4,1.5,2.0,0.6,0.7,21,0.25,0,0.0,0,1.0,1.0,1.0,1.0,0.25,0.4,0.75,0.11,0.463349
params_5564,4,1.5,2.0,0.6,0.7,30,0.25,0,0.0,0,1.0,1.0,1.0,1.0,0.25,0.4,0.75,0.11,0.463349
params_5634,4,2.0,0.5,0.6,0.3,14,0.25,0,0.0,0,1.0,1.0,1.0,1.0,0.25,0.4,0.75,0.11,0.463349
params_5635,4,2.0,0.5,0.6,0.3,21,0.25,0,0.0,0,1.0,1.0,1.0,1.0,0.25,0.4,0.75,0.11,0.463349
params_5636,4,2.0,0.5,0.6,0.3,30,0.25,0,0.0,0,1.0,1.0,1.0,1.0,0.25,0.4,0.75,0.11,0.463349
params_5638,4,2.0,0.5,0.6,0.5,14,0.25,0,0.0,0,1.0,1.0,1.0,1.0,0.25,0.4,0.75,0.11,0.463349
params_5639,4,2.0,0.5,0.6,0.5,21,0.25,0,0.0,0,1.0,1.0,1.0,1.0,0.25,0.4,0.75,0.11,0.463349
params_5640,4,2.0,0.5,0.6,0.5,30,0.25,0,0.0,0,1.0,1.0,1.0,1.0,0.25,0.4,0.75,0.11,0.463349
params_5642,4,2.0,0.5,0.6,0.7,14,0.25,0,0.0,0,1.0,1.0,1.0,1.0,0.25,0.4,0.75,0.11,0.463349
params_5643,4,2.0,0.5,0.6,0.7,21,0.25,0,0.0,0,1.0,1.0,1.0,1.0,0.25,0.4,0.75,0.11,0.463349
params_5644,4,2.0,0.5,0.6,0.7,30,0.25,0,0.0,0,1.0,1.0,1.0,1.0,0.25,0.4,0.75,0.11,0.463349
params_5714,4,2.0,1.0,0.6,0.3,14,0.25,0,0.0,0,1.0,1.0,1.0,1.0,0.25,0.4,0.75,0.11,0.463349
params_5715,4,2.0,1.0,0.6,0.3,21,0.25,0,0.0,0,1.0,1.0,1.0,1.0,0.25,0.4,0.75,0.11,0.463349
params_5716,4,2.0,1.0,0.6,0.3,30,0.25,0,0.0,0,1.0,1.0,1.0,1.0,0.25,0.4,0.75,0.11,0.463349
params_5718,4,2.0,1.0,0.6,0.5,14,0.25,0,0.0,0,1.0,1.0,1.0,1.0,0.25,0.4,0.75,0.11,0.463349
params_5719,4,2.0,1.0,0.6,0.5,21,0.25,0,0.0,0,1.0,1.0,1.0,1.0,0.25,0.4,0.75,0.11,0.463349
params_5720,4,2.0,1.0,0.6,0.5,30,0.25,0,0.0,0,1.0,1.0,1.0,1.0,0.25,0.4,0.75,0.11,0.463349
params_5722,4,2.0,1.0,0.6,0.7,14,0.25,0,0.0,0,1.0,1.0,1.0,1.0,0.25,0.4,0.75,0.11,0.463349
params_5723,4,2.0,1.0,0.6,0.7,21,0.25,0,0.0,0,1.0,1.0,1.0,1.0,0.25,0.4,0.75,0.11,0.463349
params_5724,4,2.0,1.0,0.6,0.7,30,0.25,0,0.0,0,1.0,1.0,1.0,1.0,0.25,0.4,0.75,0.11,0.463349
params_5794,4,2.0,1.2,0.6,0.3,14,0.25,0,0.0,0,1.0,1.0,1.0,1.0,0.25,0.4,0.75,0.11,0.463349
params_5795,4,2.0,1.2,0.6,0.3,21,0.25,0,0.0,0,1.0,1.0,1.0,1.0,0.25,0.4,0.75,0.11,0.463349
params_5796,4,2.0,1.2,0.6,0.3,30,0.25,0,0.0,0,1.0,1.0,1.0,1.0,0.25,0.4,0.75,0.11,0.463349
params_5798,4,2.0,1.2,0.6,0.5,14,0.25,0,0.0,0,1.0,1.0,1.0,1.0,0.25,0.4,0.75,0.11,0.463349
params_5799,4,2.0,1.2,0.6,0.5,21,0.25,0,0.0,0,1.0,1.0,1.0,1.0,0.25,0.4,0.75,0.11,0.463349
params_5800,4,2.0,1.2,0.6,0.5,30,0.25,0,0.0,0,1.0,1.0,1.0,1.0,0.25,0.4,0.75,0.11,0.463349
params_5802,4,2.0,1.2,0.6,0.7,14,0.25,0,0.0,0,1.0,1.0,1.0,1.0,0.25,0.4,0.75,0.11,0.463349
params_5803,4,2.0,1.2,0.6,0.7,21,0.25,0,0.0,0,1.0,1.0,1.0,1.0,0.25,0.4,0.75,0.11,0.463349
params_5804,4,2.0,1.2,0.6,0.7,30,0.25,0,0.0,0,1.0,1.0,1.0,1.0,0.25,0.4,0.75,0.11,0.463349
params_5874,4,2.0,1.5,0.6,0.3,14,0.25,0,0.0,0,1.0,1.0,1.0,1.0,0.25,0.4,0.75,0.11,0.463349
params_5875,4,2.0,1.5,0.6,0.3,21,0.25,0,0.0,0,1.0,1.0,1.0,1.0,0.25,0.4,0.75,0.11,0.463349
params_5876,4,2.0,1.5,0.6,0.3,30,0.25,0,0.0,0,1.0,1.0,1.0,1.0,0.25,0.4,0.75,0.11,0.463349
params_5878,4,2.0,1.5,0.6,0.5,14,0.25,0,0.0,0,1.0,1.0,1.0,1.0,0.25,0.4,0.75,0.11,0.463349
params_5879,4,2.0,1.5,0.6,0.5,21,0.25,0,0.0,0,1.0,1.0,1.0,1.0,0.25,0.4,0.75,0.11,0.463349
params_5880,4,2.0,1.5,0.6,0.5,30,0.25,0,0.0,0,1.0,1.0,1.0,1.0,0.25,0.4,0.75,0.11,0.463349
params_5882,4,2.0,1.5,0.6,0.7,14,0.25,0,0.0,0,1.0,1.0,1.0,1.0,0.25,0.4,0.75,0.11,0.463349
params_5883,4,2.0,1.5,0.6,0.7,21,0.25,0,0.0,0,1.0,1.0,1.0,1.0,0.25,0.4,0.75,0.11,0.463349
params_5884,4,2.0,1.5,0.6,0.7,30,0.25,0,0.0,0,1.0,1.0,1.0,1.0,0.25,0.4,0.75,0.11,0.463349
params_5954,4,2.0,2.0,0.6,0.3,14,0.25,0,0.0,0,1.0,1.0,1.0,1.0,0.25,0.4,0.75,0.11,0.463349
params_5955,4,2.0,2.0,0.6,0.3,21,0.25,0,0.0,0,1.0,1.0,1.0,1.0,0.25,0.4,0.75,0.11,0.463349
params_5956,4,2.0,2.0,0.6,0.3,30,0.25,0,0.0,0,1.0,1.0,1.0,1.0,0.25,0.4,0.75,0.11,0.463349
params_5958,4,2.0,2.0,0.6,0.5,14,0.25,0,0.0,0,1.0,1.0,1.0,1.0,0.25,0.4,0.75,0.11,0.463349
params_5959,4,2.0,2.0,0.6,0.5,21,0.25,0,0.0,0,1.0,1.0,1.0,1.0,0.25,0.4,0.75,0.11,0.463349
params_5960,4,2.0,2.0,0.6,0.5,30,0.25,0,0.0,0,1.0,1.0,1.0,1.0,0.25,0.4,0.75,0.11,0.463349
params_5962,4,2.0,2.0,0.6,0.7,14,0.25,0,0.0,0,1.0,1.0,1.0,1.0,0.25,0.4,0.75,0.11,0.463349
params_5963,4,2.0,2.0,0.6,0.7,21,0.25,0,0.0,0,1.0,1.0,1.0,1.0,0.25,0.4,0.75,0.11,0.463349
params_5964,4,2.0,2.0,0.6,0.7,30,0.25,0,0.0,0,1.0,1.0,1.0,1.0,0.25,0.4,0.75,0.11,0.463349
params_7234,5,1.5,0.5,0.6,0.3,14,0.25,0,0.0,0,1.0,1.0,1.0,1.0,0.25,0.4,0.75,0.11,0.463349
params_7235,5,1.5,0.5,0.6,0.3,21,0.25,0,0.0,0,1.0,1.0,1.0,1.0,0.25,0.4,0.75,0.11,0.463349
params_7236,5,1.5,0.5,0.6,0.3,30,0.25,0,0.0,0,1.0,1.0,1.0,1.0,0.25,0.4,0.75,0.11,0.463349
params_7238,5,1.5,0.5,0.6,0.5,14,0.25,0,0.0,0,1.0,1.0,1.0,1.0,0.25,0.4,0.75,0.11,0.463349
params_7239,5,1.5,0.5,0.6,0.5,21,0.25,0,0.0,0,1.0,1.0,1.0,1.0,0.25,0.4,0.75,0.11,0.463349
params_7240,5,1.5,0.5,0.6,0.5,30,0.25,0,0.0,0,1.0,1.0,1.0,1.0,0.25,0.4,0.75,0.11,0.463349
params_7242,5,1.5,0.5,0.6,0.7,14,0.25,0,0.0,0,1.0,1.0,1.0,1.0,0.25,0.4,0.75,0.11,0.463349
params_7243,5,1.5,0.5,0.6,0.7,21,0.25,0,0.0,0,1.0,1.0,1.0,1.0,0.25,0.4,0.75,0.11,0.463349
params_7244,5,1.5,0.5,0.6,0.7,30,0.25,0,0.0,0,1.0,1.0,1.0,1.0,0.25,0.4,0.75,0.11,0.463349
params_7314,5,1.5,1.0,0.6,0.3,14,0.25,0,0.0,0,1.0,1.0,1.0,1.0,0.25,0.4,0.75,0.11,0.463349
params_7315,5,1.5,1.0,0.6,0.3,21,0.25,0,0.0,0,1.0,1.0,1.0,1.0,0.25,0.4,0.75,0.11,0.463349
params_7316,5,1.5,1.0,0.6,0.3,30,0.25,0,0.0,0,1.0,1.0,1.0,1.0,0.25,0.4,0.75,0.11,0.463349
params_7318,5,1.5,1.0,0.6,0.5,14,0.25,0,0.0,0,1.0,1.0,1.0,1.0,0.25,0.4,0.75,0.11,0.463349
params_7319,5,1.5,1.0,0.6,0.5,21,0.25,0,0.0,0,1.0,1.0,1.0,1.0,0.25,0.4,0.75,0.11,0.463349
params_7320,5,1.5,1.0,0.6,0.5,30,0.25,0,0.0,0,1.0,1.0,1.0,1.0,0.25,0.4,0.75,0.11,0.463349
params_7322,5,1.5,1.0,0.6,0.7,14,0.25,0,0.0,0,1.0,1.0,1.0,1.0,0.25,0.4,0.75,0.11,0.463349
params_7323,5,1.5,1.0,0.6,0.7,21,0.25,0,0.0,0,1.0,1.0,1.0,1.0,0.25,0.4,0.75,0.11,0.463349
params_7324,5,1.5,1.0,0.6,0.7,30,0.25,0,0.0,0,1.0,1.0,1.0,1.0,0.25,0.4,0.75,0.11,0.463349
params_7394,5,1.5,1.2,0.6,0.3,14,0.25,0,0.0,0,1.0,1.0,1.0,1.0,0.25,0.4,0.75,0.11,0.463349
params_7395,5,1.5,1.2,0.6,0.3,21,0.25,0,0.0,0,1.0,1.0,1.0,1.0,0.25,0.4,0.75,0.11,0.463349
params_7396,5,1.5,1.2,0.6,0.3,30,0.25,0,0.0,0,1.0,1.0,1.0,1.0,0.25,0.4,0.75,0.11,0.463349
params_7398,5,1.5,1.2,0.6,0.5,14,0.25,0,0.0,0,1.0,1.0,1.0,1.0,0.25,0.4,0.75,0.11,0.463349
params_7399,5,1.5,1.2,0.6,0.5,21,0.25,0,0.0,0,1.0,1.0,1.0,1.0,0.25,0.4,0.75,0.11,0.463349
params_7400,5,1.5,1.2,0.6,0.5,30,0.25,0,0.0,0,1.0,1.0,1.0,1.0,0.25,0.4,0.75,0.11,0.463349
params_7402,5,1.5,1.2,0.6,0.7,14,0.25,0,0.0,0,1.0,1.0,1.0,1.0,0.25,0.4,0.75,0.11,0.463349
params_7403,5,1.5,1.2,0.6,0.7,21,0.25,0,0.0,0,1.0,1.0,1.0,1.0,0.25,0.4,0.75,0.11,0.463349
params_7404,5,1.5,1.2,0.6,0.7,30,0.25,0,0.0,0,1.0,1.0,1.0,1.0,0.25,0.4,0.75,0.11,0.463349
params_7474,5,1.5,1.5,0.6,0.3,14,0.25,0,0.0,0,1.0,1.0,1.0,1.0,0.25,0.4,0.75,0.11,0.463349
params_7475,5,1.5,1.5,0.6,0.3,21,0.25,0,0.0,0,1.0,1.0,1.0,1.0,0.25,0.4,0.75,0.11,0.463349
params_7476,5,1.5,1.5,0.6,0.3,30,0.25,0,0.0,0,1.0,1.0,1.0,1.0,0.25,0.4,0.75,0.11,0.463349
params_7478,5,1.5,1.5,0.6,0.5,14,0.25,0,0.0,0,1.0,1.0,1.0,1.0,0.25,0.4,0.75,0.11,0.463349
params_7479,5,1.5,1.5,0.6,0.5,21,0.25,0,0.0,0,1.0,1.0,1.0,1.0,0.25,0.4,0.75,0.11,0.463349
params_7480,5,1.5,1.5,0.6,0.5,30,0.25,0,0.0,0,1.0,1.0,1.0,1.0,0.25,0.4,0.75,0.11,0.463349
params_7482,5,1.5,1.5,0.6,0.7,14,0.25,0,0.0,0,1.0,1.0,1.0,1.0,0.25,0.4,0.75,0.11,0.463349
params_7483,5,1.5,1.5,0.6,0.7,21,0.25,0,0.0,0,1.0,1.0,1.0,1.0,0.25,0.4,0.75,0.11,0.463349
params_7484,5,1.5,1.5,0.6,0.7,30,0.25,0,0.0,0,1.0,1.0,1.0,1.0,0.25,0.4,0.75,0.11,0.463349
params_7554,5,1.5,2.0,0.6,0.3,14,0.25,0,0.0,0,1.0,1.0,1.0,1.0,0.25,0.4,0.75,0.11,0.463349
params_7555,5,1.5,2.0,0.6,0.3,21,0.25,0,0.0,0,1.0,1.0,1.0,1.0,0.25,0.4,0.75,0.11,0.463349
params_7556,5,1.5,2.0,0.6,0.3,30,0.25,0,0.0,0,1.0,1.0,1.0,1.0,0.25,0.4,0.75,0.11,0.463349
params_7558,5,1.5,2.0,0.6,0.5,14,0.25,0,0.0,0,1.0,1.0,1.0,1.0,0.25,0.4,0.75,0.11,0.463349
params_7559,5,1.5,2.0,0.6,0.5,21,0.25,0,0.0,0,1.0,1.0,1.0,1.0,0.25,0.4,0.75,0.11,0.463349
params_7560,5,1.5,2.0,0.6,0.5,30,0.25,0,0.0,0,1.0,1.0,1.0,1.0,0.25,0.4,0.75,0.11,0.463349
params_7562,5,1.5,2.0,0.6,0.7,14,0.25,0,0.0,0,1.0,1.0,1.0,1.0,0.25,0.4,0.75,0.11,0.463349
params_7563,5,1.5,2.0,0.6,0.7,21,0.25,0,0.0,0,1.0,1.0,1.0,1.0,0.25,0.4,0.75,0.11,0.463349
params_7564,5,1.5,2.0,0.6,0.7,30,0.25,0,0.0,0,1.0,1.0,1.0,1.0,0.25,0.4,0.75,0.11,0.463349
params_7634,5,2.0,0.5,0.6,0.3,14,0.25,0,0.0,0,1.0,1.0,1.0,1.0,0.25,0.4,0.75,0.11,0.463349
params_7635,5,2.0,0.5,0.6,0.3,21,0.25,0,0.0,0,1.0,1.0,1.0,1.0,0.25,0.4,0.75,0.11,0.463349
params_7636,5,2.0,0.5,0.6,0.3,30,0.25,0,0.0,0,1.0,1.0,1.0,1.0,0.25,0.4,0.75,0.11,0.463349
params_7638,5,2.0,0.5,0.6,0.5,14,0.25,0,0.0,0,1.0,1.0,1.0,1.0,0.25,0.4,0.75,0.11,0.463349
params_7639,5,2.0,0.5,0.6,0.5,21,0.25,0,0.0,0,1.0,1.0,1.0,1.0,0.25,0.4,0.75,0.11,0.463349
params_7640,5,2.0,0.5,0.6,0.5,30,0.25,0,0.0,0,1.0,1.0,1.0,1.0,0.25,0.4,0.75,0.11,0.463349
params_7642,5,2.0,0.5,0.6,0.7,14,0.25,0,0.0,0,1.0,1.0,1.0,1.0,0.25,0.4,0.75,0.11,0.463349
params_7643,5,2.0,0.5,0.6,0.7,21,0.25,0,0.0,0,1.0,1.0,1.0,1.0,0.25,0.4,0.75,0.11,0.463349
params_7644,5,2.0,0.5,0.6,0.7,30,0.25,0,0.0,0,1.0,1.0,1.0,1.0,0.25,0.4,0.75,0.11,0.463349
params_7714,5,2.0,1.0,0.6,0.3,14,0.25,0,0.0,0,1.0,1.0,1.0,1.0,0.25,0.4,0.75,0.11,0.463349
params_7715,5,2.0,1.0,0.6,0.3,21,0.25,0,0.0,0,1.0,1.0,1.0,1.0,0.25,0.4,0.75,0.11,0.463349
params_7716,5,2.0,1.0,0.6,0.3,30,0.25,0,0.0,0,1.0,1.0,1.0,1.0,0.25,0.4,0.75,0.11,0.463349
params_7718,5,2.0,1.0,0.6,0.5,14,0.25,0,0.0,0,1.0,1.0,1.0,1.0,0.25,0.4,0.75,0.11,0.463349
params_7719,5,2.0,1.0,0.6,0.5,21,0.25,0,0.0,0,1.0,1.0,1.0,1.0,0.25,0.4,0.75,0.11,0.463349
params_7720,5,2.0,1.0,0.6,0.5,30,0.25,0,0.0,0,1.0,1.0,1.0,1.0,0.25,0.4,0.75,0.11,0.463349
params_7722,5,2.0,1.0,0.6,0.7,14,0.25,0,0.0,0,1.0,1.0,1.0,1.0,0.25,0.4,0.75,0.11,0.463349
params_7723,5,2.0,1.0,0.6,0.7,21,0.25,0,0.0,0,1.0,1.0,1.0,1.0,0.25,0.4,0.75,0.11,0.463349
params_7724,5,2.0,1.0,0.6,0.7,30,0.25,0,0.0,0,1.0,1.0,1.0,1.0,0.25,0.4,0.75,0.11,0.463349
params_7794,5,2.0,1.2,0.6,0.3,14,0.25,0,0.0,0,1.0,1.0,1.0,1.0,0.25,0.4,0.75,0.11,0.463349
params_7795,5,2.0,1.2,0.6,0.3,21,0.25,0,0.0,0,1.0,1.0,1.0,1.0,0.25,0.4,0.75,0.11,0.463349
params_7796,5,2.0,1.2,0.6,0.3,30,0.25,0,0.0,0,1.0,1.0,1.0,1.0,0.25,0.4,0.75,0.11,0.463349
params_7798,5,2.0,1.2,0.6,0.5,14,0.25,0,0.0,0,1.0,1.0,1.0,1.0,0.25,0.4,0.75,0.11,0.463349
params_7799,5,2.0,1.2,0.6,0.5,21,0.25,0,0.0,0,1.0,1.0,1.0,1.0,0.25,0.4,0.75,0.11,0.463349
params_7800,5,2.0,1.2,0.6,0.5,30,0.25,0,0.0,0,1.0,1.0,1.0,1.0,0.25,0.4,0.75,0.11,0.463349
params_7802,5,2.0,1.2,0.6,0.7,14,0.25,0,0.0,0,1.0,1.0,1.0,1.0,0.25,0.4,0.75,0.11,0.463349
params_7803,5,2.0,1.2,0.6,0.7,21,0.25,0,0.0,0,1.0,1.0,1.0,1.0,0.25,0.4,0.75,0.11,0.463349
params_7804,5,2.0,1.2,0.6,0.7,30,0.25,0,0.0,0,1.0,1.0,1.0,1.0,0.25,0.4,0.75,0.11,0.463349
params_7874,5,2.0,1.5,0.6,0.3,14,0.25,0,0.0,0,1.0,1.0,1.0,1.0,0.25,0.4,0.75,0.11,0.463349
params_7875,5,2.0,1.5,0.6,0.3,21,0.25,0,0.0,0,1.0,1.0,1.0,1.0,0.25,0.4,0.75,0.11,0.463349
params_7876,5,2.0,1.5,0.6,0.3,30,0.25,0,0.0,0,1.0,1.0,1.0,1.0,0.25,0.4,0.75,0.11,0.463349
params_7878,5,2.0,1.5,0.6,0.5,14,0.25,0,0.0,0,1.0,1.0,1.0,1.0,0.25,0.4,0.75,0.11,0.463349
params_7879,5,2.0,1.5,0.6,0.5,21,0.25,0,0.0,0,1.0,1.0,1.0,1.0,0.25,0.4,0.75,0.11,0.463349
params_7880,5,2.0,1.5,0.6,0.5,30,0.25,0,0.0,0,1.0,1.0,1.0,1.0,0.25,0.4,0.75,0.11,0.463349
params_7882,5,2.0,1.5,0.6,0.7,14,0.25,0,0.0,0,1.0,1.0,1.0,1.0,0.25,0.4,0.75,0.11,0.463349
params_7883,5,2.0,1.5,0.6,0.7,21,0.25,0,0.0,0,1.0,1.0,1.0,1.0,0.25,0.4,0.75,0.11,0.463349
params_7884,5,2.0,1.5,0.6,0.7,30,0.25,0,0.0,0,1.0,1.0,1.0,1.0,0.25,0.4,0.75,0.11,0.463349
params_7954,5,2.0,2.0,0.6,0.3,14,0.25,0,0.0,0,1.0,1.0,1.0,1.0,0.25,0.4,0.75,0.11,0.463349
params_7955,5,2.0,2.0,0.6,0.3,21,0.25,0,0.0,0,1.0,1.0,1.0,1.0,0.25,0.4,0.75,0.11,0.463349
params_7956,5,2.0,2.0,0.6,0.3,30,0.25,0,0.0,0,1.0,1.0,1.0,1.0,0.25,0.4,0.75,0.11,0.463349
params_7958,5,2.0,2.0,0.6,0.5,14,0.25,0,0.0,0,1.0,1.0,1.0,1.0,0.25,0.4,0.75,0.11,0.463349
params_7959,5,2.0,2.0,0.6,0.5,21,0.25,0,0.0,0,1.0,1.0,1.0,1.0,0.25,0.4,0.75,0.11,0.463349
params_7960,5,2.0,2.0,0.6,0.5,30,0.25,0,0.0,0,1.0,1.0,1.0,1.0,0.25,0.4,0.75,0.11,0.463349
params_7962,5,2.0,2.0,0.6,0.7,14,0.25,0,0.0,0,1.0,1.0,1.0,1.0,0.25,0.4,0.75,0.11,0.463349
params_7963,5,2.0,2.0,0.6,0.7,21,0.25,0,0.0,0,1.0,1.0,1.0,1.0,0.25,0.4,0.75,0.11,0.463349
params_7964,5,2.0,2.0,0.6,0.7,30,0.25,0,0.0,0,1.0,1.0,1.0,1.0,0.25,0.4,0.75,0.11,0.463349
params_1233,2,1.5,0.5,0.6,0.3,7,0.25,0,0.0,0,1.0,1.0,1.0,1.0,0.25,0.4,0.75,0.12,0.462143
params_1237,2,1.5,0.5,0.6,0.5,7,0.25,0,0.0,0,1.0,1.0,1.0,1.0,0.25,0.4,0.75,0.12,0.462143
params_1241,2,1.5,0.5,0.6,0.7,7,0.25,0,0.0,0,1.0,1.0,1.0,1.0,0.25,0.4,0.75,0.12,0.462143
params_1313,2,1.5,1.0,0.6,0.3,7,0.25,0,0.0,0,1.0,1.0,1.0,1.0,0.25,0.4,0.75,0.12,0.462143
params_1317,2,1.5,1.0,0.6,0.5,7,0.25,0,0.0,0,1.0,1.0,1.0,1.0,0.25,0.4,0.75,0.12,0.462143
params_1321,2,1.5,1.0,0.6,0.7,7,0.25,0,0.0,0,1.0,1.0,1.0,1.0,0.25,0.4,0.75,0.12,0.462143
params_1393,2,1.5,1.2,0.6,0.3,7,0.25,0,0.0,0,1.0,1.0,1.0,1.0,0.25,0.4,0.75,0.12,0.462143
params_1397,2,1.5,1.2,0.6,0.5,7,0.25,0,0.0,0,1.0,1.0,1.0,1.0,0.25,0.4,0.75,0.12,0.462143
params_1401,2,1.5,1.2,0.6,0.7,7,0.25,0,0.0,0,1.0,1.0,1.0,1.0,0.25,0.4,0.75,0.12,0.462143
params_1473,2,1.5,1.5,0.6,0.3,7,0.25,0,0.0,0,1.0,1.0,1.0,1.0,0.25,0.4,0.75,0.12,0.462143
params_1477,2,1.5,1.5,0.6,0.5,7,0.25,0,0.0,0,1.0,1.0,1.0,1.0,0.25,0.4,0.75,0.12,0.462143
params_1481,2,1.5,1.5,0.6,0.7,7,0.25,0,0.0,0,1.0,1.0,1.0,1.0,0.25,0.4,0.75,0.12,0.462143
params_1553,2,1.5,2.0,0.6,0.3,7,0.25,0,0.0,0,1.0,1.0,1.0,1.0,0.25,0.4,0.75,0.12,0.462143
params_1557,2,1.5,2.0,0.6,0.5,7,0.25,0,0.0,0,1.0,1.0,1.0,1.0,0.25,0.4,0.75,0.12,0.462143
params_1561,2,1.5,2.0,0.6,0.7,7,0.25,0,0.0,0,1.0,1.0,1.0,1.0,0.25,0.4,0.75,0.12,0.462143
params_1633,2,2.0,0.5,0.6,0.3,7,0.25,0,0.0,0,1.0,1.0,1.0,1.0,0.25,0.4,0.75,0.12,0.462143
params_1637,2,2.0,0.5,0.6,0.5,7,0.25,0,0.0,0,1.0,1.0,1.0,1.0,0.25,0.4,0.75,0.12,0.462143
params_1641,2,2.0,0.5,0.6,0.7,7,0.25,0,0.0,0,1.0,1.0,1.0,1.0,0.25,0.4,0.75,0.12,0.462143
params_1713,2,2.0,1.0,0.6,0.3,7,0.25,0,0.0,0,1.0,1.0,1.0,1.0,0.25,0.4,0.75,0.12,0.462143
params_1717,2,2.0,1.0,0.6,0.5,7,0.25,0,0.0,0,1.0,1.0,1.0,1.0,0.25,0.4,0.75,0.12,0.462143
params_1721,2,2.0,1.0,0.6,0.7,7,0.25,0,0.0,0,1.0,1.0,1.0,1.0,0.25,0.4,0.75,0.12,0.462143
params_1793,2,2.0,1.2,0.6,0.3,7,0.25,0,0.0,0,1.0,1.0,1.0,1.0,0.25,0.4,0.75,0.12,0.462143
params_1797,2,2.0,1.2,0.6,0.5,7,0.25,0,0.0,0,1.0,1.0,1.0,1.0,0.25,0.4,0.75,0.12,0.462143
params_1801,2,2.0,1.2,0.6,0.7,7,0.25,0,0.0,0,1.0,1.0,1.0,1.0,0.25,0.4,0.75,0.12,0.462143
params_1873,2,2.0,1.5,0.6,0.3,7,0.25,0,0.0,0,1.0,1.0,1.0,1.0,0.25,0.4,0.75,0.12,0.462143
params_1877,2,2.0,1.5,0.6,0.5,7,0.25,0,0.0,0,1.0,1.0,1.0,1.0,0.25,0.4,0.75,0.12,0.462143
params_1881,2,2.0,1.5,0.6,0.7,7,0.25,0,0.0,0,1.0,1.0,1.0,1.0,0.25,0.4,0.75,0.12,0.462143
params_1953,2,2.0,2.0,0.6,0.3,7,0.25,0,0.0,0,1.0,1.0,1.0,1.0,0.25,0.4,0.75,0.12,0.462143
params_1957,2,2.0,2.0,0.6,0.5,7,0.25,0,0.0,0,1.0,1.0,1.0,1.0,0.25,0.4,0.75,0.12,0.462143
params_1961,2,2.0,2.0,0.6,0.7,7,0.25,0,0.0,0,1.0,1.0,1.0,1.0,0.25,0.4,0.75,0.12,0.462143
params_3233,3,1.5,0.5,0.6,0.3,7,0.25,0,0.0,0,1.0,1.0,1.0,1.0,0.25,0.4,0.75,0.12,0.462143
params_3237,3,1.5,0.5,0.6,0.5,7,0.25,0,0.0,0,1.0,1.0,1.0,1.0,0.25,0.4,0.75,0.12,0.462143
params_3241,3,1.5,0.5,0.6,0.7,7,0.25,0,0.0,0,1.0,1.0,1.0,1.0,0.25,0.4,0.75,0.12,0.462143
params_3313,3,1.5,1.0,0.6,0.3,7,0.25,0,0.0,0,1.0,1.0,1.0,1.0,0.25,0.4,0.75,0.12,0.462143
params_3317,3,1.5,1.0,0.6,0.5,7,0.25,0,0.0,0,1.0,1.0,1.0,1.0,0.25,0.4,0.75,0.12,0.462143
params_3321,3,1.5,1.0,0.6,0.7,7,0.25,0,0.0,0,1.0,1.0,1.0,1.0,0.25,0.4,0.75,0.12,0.462143
params_3393,3,1.5,1.2,0.6,0.3,7,0.25,0,0.0,0,1.0,1.0,1.0,1.0,0.25,0.4,0.75,0.12,0.462143
params_3397,3,1.5,1.2,0.6,0.5,7,0.25,0,0.0,0,1.0,1.0,1.0,1.0,0.25,0.4,0.75,0.12,0.462143
params_3401,3,1.5,1.2,0.6,0.7,7,0.25,0,0.0,0,1.0,1.0,1.0,1.0,0.25,0.4,0.75,0.12,0.462143
params_3473,3,1.5,1.5,0.6,0.3,7,0.25,0,0.0,0,1.0,1.0,1.0,1.0,0.25,0.4,0.75,0.12,0.462143
params_3477,3,1.5,1.5,0.6,0.5,7,0.25,0,0.0,0,1.0,1.0,1.0,1.0,0.25,0.4,0.75,0.12,0.462143
params_3481,3,1.5,1.5,0.6,0.7,7,0.25,0,0.0,0,1.0,1.0,1.0,1.0,0.25,0.4,0.75,0.12,0.462143
params_3553,3,1.5,2.0,0.6,0.3,7,0.25,0,0.0,0,1.0,1.0,1.0,1.0,0.25,0.4,0.75,0.12,0.462143
params_3557,3,1.5,2.0,0.6,0.5,7,0.25,0,0.0,0,1.0,1.0,1.0,1.0,0.25,0.4,0.75,0.12,0.462143
params_3561,3,1.5,2.0,0.6,0.7,7,0.25,0,0.0,0,1.0,1.0,1.0,1.0,0.25,0.4,0.75,0.12,0.462143
params_3633,3,2.0,0.5,0.6,0.3,7,0.25,0,0.0,0,1.0,1.0,1.0,1.0,0.25,0.4,0.75,0.12,0.462143
params_3637,3,2.0,0.5,0.6,0.5,7,0.25,0,0.0,0,1.0,1.0,1.0,1.0,0.25,0.4,0.75,0.12,0.462143
params_3641,3,2.0,0.5,0.6,0.7,7,0.25,0,0.0,0,1.0,1.0,1.0,1.0,0.25,0.4,0.75,0.12,0.462143
params_3713,3,2.0,1.0,0.6,0.3,7,0.25,0,0.0,0,1.0,1.0,1.0,1.0,0.25,0.4,0.75,0.12,0.462143
params_3717,3,2.0,1.0,0.6,0.5,7,0.25,0,0.0,0,1.0,1.0,1.0,1.0,0.25,0.4,0.75,0.12,0.462143
params_3721,3,2.0,1.0,0.6,0.7,7,0.25,0,0.0,0,1.0,1.0,1.0,1.0,0.25,0.4,0.75,0.12,0.462143
params_3793,3,2.0,1.2,0.6,0.3,7,0.25,0,0.0,0,1.0,1.0,1.0,1.0,0.25,0.4,0.75,0.12,0.462143
params_3797,3,2.0,1.2,0.6,0.5,7,0.25,0,0.0,0,1.0,1.0,1.0,1.0,0.25,0.4,0.75,0.12,0.462143
params_3801,3,2.0,1.2,0.6,0.7,7,0.25,0,0.0,0,1.0,1.0,1.0,1.0,0.25,0.4,0.75,0.12,0.462143
params_3873,3,2.0,1.5,0.6,0.3,7,0.25,0,0.0,0,1.0,1.0,1.0,1.0,0.25,0.4,0.75,0.12,0.462143
params_3877,3,2.0,1.5,0.6,0.5,7,0.25,0,0.0,0,1.0,1.0,1.0,1.0,0.25,0.4,0.75,0.12,0.462143
params_3881,3,2.0,1.5,0.6,0.7,7,0.25,0,0.0,0,1.0,1.0,1.0,1.0,0.25,0.4,0.75,0.12,0.462143
params_3953,3,2.0,2.0,0.6,0.3,7,0.25,0,0.0,0,1.0,1.0,1.0,1.0,0.25,0.4,0.75,0.12,0.462143
params_3957,3,2.0,2.0,0.6,0.5,7,0.25,0,0.0,0,1.0,1.0,1.0,1.0,0.25,0.4,0.75,0.12,0.462143
params_3961,3,2.0,2.0,0.6,0.7,7,0.25,0,0.0,0,1.0,1.0,1.0,1.0,0.25,0.4,0.75,0.12,0.462143
params_5233,4,1.5,0.5,0.6,0.3,7,0.25,0,0.0,0,1.0,1.0,1.0,1.0,0.25,0.4,0.75,0.12,0.462143
params_5237,4,1.5,0.5,0.6,0.5,7,0.25,0,0.0,0,1.0,1.0,1.0,1.0,0.25,0.4,0.75,0.12,0.462143
params_5241,4,1.5,0.5,0.6,0.7,7,0.25,0,0.0,0,1.0,1.0,1.0,1.0,0.25,0.4,0.75,0.12,0.462143
params_5313,4,1.5,1.0,0.6,0.3,7,0.25,0,0.0,0,1.0,1.0,1.0,1.0,0.25,0.4,0.75,0.12,0.462143
params_5317,4,1.5,1.0,0.6,0.5,7,0.25,0,0.0,0,1.0,1.0,1.0,1.0,0.25,0.4,0.75,0.12,0.462143
params_5321,4,1.5,1.0,0.6,0.7,7,0.25,0,0.0,0,1.0,1.0,1.0,1.0,0.25,0.4,0.75,0.12,0.462143
params_5393,4,1.5,1.2,0.6,0.3,7,0.25,0,0.0,0,1.0,1.0,1.0,1.0,0.25,0.4,0.75,0.12,0.462143
params_5397,4,1.5,1.2,0.6,0.5,7,0.25,0,0.0,0,1.0,1.0,1.0,1.0,0.25,0.4,0.75,0.12,0.462143
params_5401,4,1.5,1.2,0.6,0.7,7,0.25,0,0.0,0,1.0,1.0,1.0,1.0,0.25,0.4,0.75,0.12,0.462143
params_5473,4,1.5,1.5,0.6,0.3,7,0.25,0,0.0,0,1.0,1.0,1.0,1.0,0.25,0.4,0.75,0.12,0.462143
params_5477,4,1.5,1.5,0.6,0.5,7,0.25,0,0.0,0,1.0,1.0,1.0,1.0,0.25,0.4,0.75,0.12,0.462143
params_5481,4,1.5,1.5,0.6,0.7,7,0.25,0,0.0,0,1.0,1.0,1.0,1.0,0.25,0.4,0.75,0.12,0.462143
params_5553,4,1.5,2.0,0.6,0.3,7,0.25,0,0.0,0,1.0,1.0,1.0,1.0,0.25,0.4,0.75,0.12,0.462143
params_5557,4,1.5,2.0,0.6,0.5,7,0.25,0,0.0,0,1.0,1.0,1.0,1.0,0.25,0.4,0.75,0.12,0.462143
params_5561,4,1.5,2.0,0.6,0.7,7,0.25,0,0.0,0,1.0,1.0,1.0,1.0,0.25,0.4,0.75,0.12,0.462143
params_5633,4,2.0,0.5,0.6,0.3,7,0.25,0,0.0,0,1.0,1.0,1.0,1.0,0.25,0.4,0.75,0.12,0.462143
params_5637,4,2.0,0.5,0.6,0.5,7,0.25,0,0.0,0,1.0,1.0,1.0,1.0,0.25,0.4,0.75,0.12,0.462143
params_5641,4,2.0,0.5,0.6,0.7,7,0.25,0,0.0,0,1.0,1.0,1.0,1.0,0.25,0.4,0.75,0.12,0.462143
params_5713,4,2.0,1.0,0.6,0.3,7,0.25,0,0.0,0,1.0,1.0,1.0,1.0,0.25,0.4,0.75,0.12,0.462143
params_5717,4,2.0,1.0,0.6,0.5,7,0.25,0,0.0,0,1.0,1.0,1.0,1.0,0.25,0.4,0.75,0.12,0.462143
params_5721,4,2.0,1.0,0.6,0.7,7,0.25,0,0.0,0,1.0,1.0,1.0,1.0,0.25,0.4,0.75,0.12,0.462143
params_5793,4,2.0,1.2,0.6,0.3,7,0.25,0,0.0,0,1.0,1.0,1.0,1.0,0.25,0.4,0.75,0.12,0.462143
params_5797,4,2.0,1.2,0.6,0.5,7,0.25,0,0.0,0,1.0,1.0,1.0,1.0,0.25,0.4,0.75,0.12,0.462143
params_5801,4,2.0,1.2,0.6,0.7,7,0.25,0,0.0,0,1.0,1.0,1.0,1.0,0.25,0.4,0.75,0.12,0.462143
params_5873,4,2.0,1.5,0.6,0.3,7,0.25,0,0.0,0,1.0,1.0,1.0,1.0,0.25,0.4,0.75,0.12,0.462143
params_5877,4,2.0,1.5,0.6,0.5,7,0.25,0,0.0,0,1.0,1.0,1.0,1.0,0.25,0.4,0.75,0.12,0.462143
params_5881,4,2.0,1.5,0.6,0.7,7,0.25,0,0.0,0,1.0,1.0,1.0,1.0,0.25,0.4,0.75,0.12,0.462143
params_5953,4,2.0,2.0,0.6,0.3,7,0.25,0,0.0,0,1.0,1.0,1.0,1.0,0.25,0.4,0.75,0.12,0.462143
params_5957,4,2.0,2.0,0.6,0.5,7,0.25,0,0.0,0,1.0,1.0,1.0,1.0,0.25,0.4,0.75,0.12,0.462143
params_5961,4,2.0,2.0,0.6,0.7,7,0.25,0,0.0,0,1.0,1.0,1.0,1.0,0.25,0.4,0.75,0.12,0.462143
params_7233,5,1.5,0.5,0.6,0.3,7,0.25,0,0.0,0,1.0,1.0,1.0,1.0,0.25,0.4,0.75,0.12,0.462143
params_7237,5,1.5,0.5,0.6,0.5,7,0.25,0,0.0,0,1.0,1.0,1.0,1.0,0.25,0.4,0.75,0.12,0.462143
params_7241,5,1.5,0.5,0.6,0.7,7,0.25,0,0.0,0,1.0,1.0,1.0,1.0,0.25,0.4,0.75,0.12,0.462143
params_7313,5,1.5,1.0,0.6,0.3,7,0.25,0,0.0,0,1.0,1.0,1.0,1.0,0.25,0.4,0.75,0.12,0.462143
params_7317,5,1.5,1.0,0.6,0.5,7,0.25,0,0.0,0,1.0,1.0,1.0,1.0,0.25,0.4,0.75,0.12,0.462143
params_7321,5,1.5,1.0,0.6,0.7,7,0.25,0,0.0,0,1.0,1.0,1.0,1.0,0.25,0.4,0.75,0.12,0.462143
params_7393,5,1.5,1.2,0.6,0.3,7,0.25,0,0.0,0,1.0,1.0,1.0,1.0,0.25,0.4,0.75,0.12,0.462143
params_7397,5,1.5,1.2,0.6,0.5,7,0.25,0,0.0,0,1.0,1.0,1.0,1.0,0.25,0.4,0.75,0.12,0.462143
params_7401,5,1.5,1.2,0.6,0.7,7,0.25,0,0.0,0,1.0,1.0,1.0,1.0,0.25,0.4,0.75,0.12,0.462143
params_7473,5,1.5,1.5,0.6,0.3,7,0.25,0,0.0,0,1.0,1.0,1.0,1.0,0.25,0.4,0.75,0.12,0.462143
params_7477,5,1.5,1.5,0.6,0.5,7,0.25,0,0.0,0,1.0,1.0,1.0,1.0,0.25,0.4,0.75,0.12,0.462143
params_7481,5,1.5,1.5,0.6,0.7,7,0.25,0,0.0,0,1.0,1.0,1.0,1.0,0.25,0.4,0.75,0.12,0.462143
params_7553,5,1.5,2.0,0.6,0.3,7,0.25,0,0.0,0,1.0,1.0,1.0,1.0,0.25,0.4,0.75,0.12,0.462143
params_7557,5,1.5,2.0,0.6,0.5,7,0.25,0,0.0,0,1.0,1.0,1.0,1.0,0.25,0.4,0.75,0.12,0.462143
params_7561,5,1.5,2.0,0.6,0.7,7,0.25,0,0.0,0,1.0,1.0,1.0,1.0,0.25,0.4,0.75,0.12,0.462143
params_7633,5,2.0,0.5,0.6,0.3,7,0.25,0,0.0,0,1.0,1.0,1.0,1.0,0.25,0.4,0.75,0.12,0.462143
params_7637,5,2.0,0.5,0.6,0.5,7,0.25,0,0.0,0,1.0,1.0,1.0,1.0,0.25,0.4,0.75,0.12,0.462143
params_7641,5,2.0,0.5,0.6,0.7,7,0.25,0,0.0,0,1.0,1.0,1.0,1.0,0.25,0.4,0.75,0.12,0.462143
params_7713,5,2.0,1.0,0.6,0.3,7,0.25,0,0.0,0,1.0,1.0,1.0,1.0,0.25,0.4,0.75,0.12,0.462143
params_7717,5,2.0,1.0,0.6,0.5,7,0.25,0,0.0,0,1.0,1.0,1.0,1.0,0.25,0.4,0.75,0.12,0.462143
params_7721,5,2.0,1.0,0.6,0.7,7,0.25,0,0.0,0,1.0,1.0,1.0,1.0,0.25,0.4,0.75,0.12,0.462143
params_7793,5,2.0,1.2,0.6,0.3,7,0.25,0,0.0,0,1.0,1.0,1.0,1.0,0.25,0.4,0.75,0.12,0.462143
params_7797,5,2.0,1.2,0.6,0.5,7,0.25,0,0.0,0,1.0,1.0,1.0,1.0,0.25,0.4,0.75,0.12,0.462143
params_7801,5,2.0,1.2,0.6,0.7,7,0.25,0,0.0,0,1.0,1.0,1.0,1.0,0.25,0.4,0.75,0.12,0.462143
params_7873,5,2.0,1.5,0.6,0.3,7,0.25,0,0.0,0,1.0,1.0,1.0,1.0,0.25,0.4,0.75,0.12,0.462143
params_7877,5,2.0,1.5,0.6,0.5,7,0.25,0,0.0,0,1.0,1.0,1.0,1.0,0.25,0.4,0.75,0.12,0.462143
params_7881,5,2.0,1.5,0.6,0.7,7,0.25,0,0.0,0,1.0,1.0,1.0,1.0,0.25,0.4,0.75,0.12,0.462143
params_7953,5,2.0,2.0,0.6,0.3,7,0.25,0,0.0,0,1.0,1.0,1.0,1.0,0.25,0.4,0.75,0.12,0.462143
params_7957,5,2.0,2.0,0.6,0.5,7,0.25,0,0.0,0,1.0,1.0,1.0,1.0,0.25,0.4,0.75,0.12,0.462143
params_7961,5,2.0,2.0,0.6,0.7,7,0.25,0,0.0,0,1.0,1.0,1.0,1.0,0.25,0.4,0.75,0.12,0.462143
params_1217,2,1.5,0.5,0.5,0.3,7,0.25,0,0.0,0,1.0,1.0,1.0,1.0,0.25,0.4,0.75,0.14,0.459793
params_1218,2,1.5,0.5,0.5,0.3,14,0.25,0,0.0,0,1.0,1.0,1.0,1.0,0.25,0.4,0.75,0.14,0.459793
params_1219,2,1.5,0.5,0.5,0.3,21,0.25,0,0.0,0,1.0,1.0,1.0,1.0,0.25,0.4,0.75,0.14,0.459793
params_1220,2,1.5,0.5,0.5,0.3,30,0.25,0,0.0,0,1.0,1.0,1.0,1.0,0.25,0.4,0.75,0.14,0.459793
params_1221,2,1.5,0.5,0.5,0.5,7,0.25,0,0.0,0,1.0,1.0,1.0,1.0,0.25,0.4,0.75,0.14,0.459793
params_1222,2,1.5,0.5,0.5,0.5,14,0.25,0,0.0,0,1.0,1.0,1.0,1.0,0.25,0.4,0.75,0.14,0.459793
params_1223,2,1.5,0.5,0.5,0.5,21,0.25,0,0.0,0,1.0,1.0,1.0,1.0,0.25,0.4,0.75,0.14,0.459793
params_1224,2,1.5,0.5,0.5,0.5,30,0.25,0,0.0,0,1.0,1.0,1.0,1.0,0.25,0.4,0.75,0.14,0.459793
params_1225,2,1.5,0.5,0.5,0.7,7,0.25,0,0.0,0,1.0,1.0,1.0,1.0,0.25,0.4,0.75,0.14,0.459793
params_1226,2,1.5,0.5,0.5,0.7,14,0.25,0,0.0,0,1.0,1.0,1.0,1.0,0.25,0.4,0.75,0.14,0.459793
params_1227,2,1.5,0.5,0.5,0.7,21,0.25,0,0.0,0,1.0,1.0,1.0,1.0,0.25,0.4,0.75,0.14,0.459793
params_1228,2,1.5,0.5,0.5,0.7,30,0.25,0,0.0,0,1.0,1.0,1.0,1.0,0.25,0.4,0.75,0.14,0.459793
params_1297,2,1.5,1.0,0.5,0.3,7,0.25,0,0.0,0,1.0,1.0,1.0,1.0,0.25,0.4,0.75,0.14,0.459793
params_1298,2,1.5,1.0,0.5,0.3,14,0.25,0,0.0,0,1.0,1.0,1.0,1.0,0.25,0.4,0.75,0.14,0.459793
params_1299,2,1.5,1.0,0.5,0.3,21,0.25,0,0.0,0,1.0,1.0,1.0,1.0,0.25,0.4,0.75,0.14,0.459793
params_1300,2,1.5,1.0,0.5,0.3,30,0.25,0,0.0,0,1.0,1.0,1.0,1.0,0.25,0.4,0.75,0.14,0.459793
params_1301,2,1.5,1.0,0.5,0.5,7,0.25,0,0.0,0,1.0,1.0,1.0,1.0,0.25,0.4,0.75,0.14,0.459793
params_1302,2,1.5,1.0,0.5,0.5,14,0.25,0,0.0,0,1.0,1.0,1.0,1.0,0.25,0.4,0.75,0.14,0.459793
params_1303,2,1.5,1.0,0.5,0.5,21,0.25,0,0.0,0,1.0,1.0,1.0,1.0,0.25,0.4,0.75,0.14,0.459793
params_1304,2,1.5,1.0,0.5,0.5,30,0.25,0,0.0,0,1.0,1.0,1.0,1.0,0.25,0.4,0.75,0.14,0.459793
params_1305,2,1.5,1.0,0.5,0.7,7,0.25,0,0.0,0,1.0,1.0,1.0,1.0,0.25,0.4,0.75,0.14,0.459793
params_1306,2,1.5,1.0,0.5,0.7,14,0.25,0,0.0,0,1.0,1.0,1.0,1.0,0.25,0.4,0.75,0.14,0.459793
params_1307,2,1.5,1.0,0.5,0.7,21,0.25,0,0.0,0,1.0,1.0,1.0,1.0,0.25,0.4,0.75,0.14,0.459793
params_1308,2,1.5,1.0,0.5,0.7,30,0.25,0,0.0,0,1.0,1.0,1.0,1.0,0.25,0.4,0.75,0.14,0.459793
params_1377,2,1.5,1.2,0.5,0.3,7,0.25,0,0.0,0,1.0,1.0,1.0,1.0,0.25,0.4,0.75,0.14,0.459793
params_1378,2,1.5,1.2,0.5,0.3,14,0.25,0,0.0,0,1.0,1.0,1.0,1.0,0.25,0.4,0.75,0.14,0.459793
params_1379,2,1.5,1.2,0.5,0.3,21,0.25,0,0.0,0,1.0,1.0,1.0,1.0,0.25,0.4,0.75,0.14,0.459793
params_1380,2,1.5,1.2,0.5,0.3,30,0.25,0,0.0,0,1.0,1.0,1.0,1.0,0.25,0.4,0.75,0.14,0.459793
params_1381,2,1.5,1.2,0.5,0.5,7,0.25,0,0.0,0,1.0,1.0,1.0,1.0,0.25,0.4,0.75,0.14,0.459793
params_1382,2,1.5,1.2,0.5,0.5,14,0.25,0,0.0,0,1.0,1.0,1.0,1.0,0.25,0.4,0.75,0.14,0.459793
params_1383,2,1.5,1.2,0.5,0.5,21,0.25,0,0.0,0,1.0,1.0,1.0,1.0,0.25,0.4,0.75,0.14,0.459793
params_1384,2,1.5,1.2,0.5,0.5,30,0.25,0,0.0,0,1.0,1.0,1.0,1.0,0.25,0.4,0.75,0.14,0.459793
params_1385,2,1.5,1.2,0.5,0.7,7,0.25,0,0.0,0,1.0,1.0,1.0,1.0,0.25,0.4,0.75,0.14,0.459793
params_1386,2,1.5,1.2,0.5,0.7,14,0.25,0,0.0,0,1.0,1.0,1.0,1.0,0.25,0.4,0.75,0.14,0.459793
params_1387,2,1.5,1.2,0.5,0.7,21,0.25,0,0.0,0,1.0,1.0,1.0,1.0,0.25,0.4,0.75,0.14,0.459793
params_1388,2,1.5,1.2,0.5,0.7,30,0.25,0,0.0,0,1.0,1.0,1.0,1.0,0.25,0.4,0.75,0.14,0.459793
params_1457,2,1.5,1.5,0.5,0.3,7,0.25,0,0.0,0,1.0,1.0,1.0,1.0,0.25,0.4,0.75,0.14,0.459793
params_1458,2,1.5,1.5,0.5,0.3,14,0.25,0,0.0,0,1.0,1.0,1.0,1.0,0.25,0.4,0.75,0.14,0.459793
params_1459,2,1.5,1.5,0.5,0.3,21,0.25,0,0.0,0,1.0,1.0,1.0,1.0,0.25,0.4,0.75,0.14,0.459793
params_1460,2,1.5,1.5,0.5,0.3,30,0.25,0,0.0,0,1.0,1.0,1.0,1.0,0.25,0.4,0.75,0.14,0.459793
params_1461,2,1.5,1.5,0.5,0.5,7,0.25,0,0.0,0,1.0,1.0,1.0,1.0,0.25,0.4,0.75,0.14,0.459793
params_1462,2,1.5,1.5,0.5,0.5,14,0.25,0,0.0,0,1.0,1.0,1.0,1.0,0.25,0.4,0.75,0.14,0.459793
params_1463,2,1.5,1.5,0.5,0.5,21,0.25,0,0.0,0,1.0,1.0,1.0,1.0,0.25,0.4,0.75,0.14,0.459793
params_1464,2,1.5,1.5,0.5,0.5,30,0.25,0,0.0,0,1.0,1.0,1.0,1.0,0.25,0.4,0.75,0.14,0.459793
params_1465,2,1.5,1.5,0.5,0.7,7,0.25,0,0.0,0,1.0,1.0,1.0,1.0,0.25,0.4,0.75,0.14,0.459793
params_1466,2,1.5,1.5,0.5,0.7,14,0.25,0,0.0,0,1.0,1.0,1.0,1.0,0.25,0.4,0.75,0.14,0.459793
params_1467,2,1.5,1.5,0.5,0.7,21,0.25,0,0.0,0,1.0,1.0,1.0,1.0,0.25,0.4,0.75,0.14,0.459793
params_1468,2,1.5,1.5,0.5,0.7,30,0.25,0,0.0,0,1.0,1.0,1.0,1.0,0.25,0.4,0.75,0.14,0.459793
params_1537,2,1.5,2.0,0.5,0.3,7,0.25,0,0.0,0,1.0,1.0,1.0,1.0,0.25,0.4,0.75,0.14,0.459793
params_1538,2,1.5,2.0,0.5,0.3,14,0.25,0,0.0,0,1.0,1.0,1.0,1.0,0.25,0.4,0.75,0.14,0.459793
params_1539,2,1.5,2.0,0.5,0.3,21,0.25,0,0.0,0,1.0,1.0,1.0,1.0,0.25,0.4,0.75,0.14,0.459793
params_1540,2,1.5,2.0,0.5,0.3,30,0.25,0,0.0,0,1.0,1.0,1.0,1.0,0.25,0.4,0.75,0.14,0.459793
params_1541,2,1.5,2.0,0.5,0.5,7,0.25,0,0.0,0,1.0,1.0,1.0,1.0,0.25,0.4,0.75,0.14,0.459793
params_1542,2,1.5,2.0,0.5,0.5,14,0.25,0,0.0,0,1.0,1.0,1.0,1.0,0.25,0.4,0.75,0.14,0.459793
params_1543,2,1.5,2.0,0.5,0.5,21,0.25,0,0.0,0,1.0,1.0,1.0,1.0,0.25,0.4,0.75,0.14,0.459793
params_1544,2,1.5,2.0,0.5,0.5,30,0.25,0,0.0,0,1.0,1.0,1.0,1.0,0.25,0.4,0.75,0.14,0.459793
params_1545,2,1.5,2.0,0.5,0.7,7,0.25,0,0.0,0,1.0,1.0,1.0,1.0,0.25,0.4,0.75,0.14,0.459793
params_1546,2,1.5,2.0,0.5,0.7,14,0.25,0,0.0,0,1.0,1.0,1.0,1.0,0.25,0.4,0.75,0.14,0.459793
params_1547,2,1.5,2.0,0.5,0.7,21,0.25,0,0.0,0,1.0,1.0,1.0,1.0,0.25,0.4,0.75,0.14,0.459793
params_1548,2,1.5,2.0,0.5,0.7,30,0.25,0,0.0,0,1.0,1.0,1.0,1.0,0.25,0.4,0.75,0.14,0.459793
params_1617,2,2.0,0.5,0.5,0.3,7,0.25,0,0.0,0,1.0,1.0,1.0,1.0,0.25,0.4,0.75,0.14,0.459793
params_1618,2,2.0,0.5,0.5,0.3,14,0.25,0,0.0,0,1.0,1.0,1.0,1.0,0.25,0.4,0.75,0.14,0.459793
params_1619,2,2.0,0.5,0.5,0.3,21,0.25,0,0.0,0,1.0,1.0,1.0,1.0,0.25,0.4,0.75,0.14,0.459793
params_1620,2,2.0,0.5,0.5,0.3,30,0.25,0,0.0,0,1.0,1.0,1.0,1.0,0.25,0.4,0.75,0.14,0.459793
params_1621,2,2.0,0.5,0.5,0.5,7,0.25,0,0.0,0,1.0,1.0,1.0,1.0,0.25,0.4,0.75,0.14,0.459793
params_1622,2,2.0,0.5,0.5,0.5,14,0.25,0,0.0,0,1.0,1.0,1.0,1.0,0.25,0.4,0.75,0.14,0.459793
params_1623,2,2.0,0.5,0.5,0.5,21,0.25,0,0.0,0,1.0,1.0,1.0,1.0,0.25,0.4,0.75,0.14,0.459793
params_1624,2,2.0,0.5,0.5,0.5,30,0.25,0,0.0,0,1.0,1.0,1.0,1.0,0.25,0.4,0.75,0.14,0.459793
params_1625,2,2.0,0.5,0.5,0.7,7,0.25,0,0.0,0,1.0,1.0,1.0,1.0,0.25,0.4,0.75,0.14,0.459793
params_1626,2,2.0,0.5,0.5,0.7,14,0.25,0,0.0,0,1.0,1.0,1.0,1.0,0.25,0.4,0.75,0.14,0.459793
params_1627,2,2.0,0.5,0.5,0.7,21,0.25,0,0.0,0,1.0,1.0,1.0,1.0,0.25,0.4,0.75,0.14,0.459793
params_1628,2,2.0,0.5,0.5,0.7,30,0.25,0,0.0,0,1.0,1.0,1.0,1.0,0.25,0.4,0.75,0.14,0.459793
params_1697,2,2.0,1.0,0.5,0.3,7,0.25,0,0.0,0,1.0,1.0,1.0,1.0,0.25,0.4,0.75,0.14,0.459793
params_1698,2,2.0,1.0,0.5,0.3,14,0.25,0,0.0,0,1.0,1.0,1.0,1.0,0.25,0.4,0.75,0.14,0.459793
params_1699,2,2.0,1.0,0.5,0.3,21,0.25,0,0.0,0,1.0,1.0,1.0,1.0,0.25,0.4,0.75,0.14,0.459793
params_1700,2,2.0,1.0,0.5,0.3,30,0.25,0,0.0,0,1.0,1.0,1.0,1.0,0.25,0.4,0.75,0.14,0.459793
params_1701,2,2.0,1.0,0.5,0.5,7,0.25,0,0.0,0,1.0,1.0,1.0,1.0,0.25,0.4,0.75,0.14,0.459793
params_1702,2,2.0,1.0,0.5,0.5,14,0.25,0,0.0,0,1.0,1.0,1.0,1.0,0.25,0.4,0.75,0.14,0.459793
params_1703,2,2.0,1.0,0.5,0.5,21,0.25,0,0.0,0,1.0,1.0,1.0,1.0,0.25,0.4,0.75,0.14,0.459793
params_1704,2,2.0,1.0,0.5,0.5,30,0.25,0,0.0,0,1.0,1.0,1.0,1.0,0.25,0.4,0.75,0.14,0.459793
params_1705,2,2.0,1.0,0.5,0.7,7,0.25,0,0.0,0,1.0,1.0,1.0,1.0,0.25,0.4,0.75,0.14,0.459793
params_1706,2,2.0,1.0,0.5,0.7,14,0.25,0,0.0,0,1.0,1.0,1.0,1.0,0.25,0.4,0.75,0.14,0.459793
params_1707,2,2.0,1.0,0.5,0.7,21,0.25,0,0.0,0,1.0,1.0,1.0,1.0,0.25,0.4,0.75,0.14,0.459793
params_1708,2,2.0,1.0,0.5,0.7,30,0.25,0,0.0,0,1.0,1.0,1.0,1.0,0.25,0.4,0.75,0.14,0.459793
params_1777,2,2.0,1.2,0.5,0.3,7,0.25,0,0.0,0,1.0,1.0,1.0,1.0,0.25,0.4,0.75,0.14,0.459793
params_1778,2,2.0,1.2,0.5,0.3,14,0.25,0,0.0,0,1.0,1.0,1.0,1.0,0.25,0.4,0.75,0.14,0.459793
params_1779,2,2.0,1.2,0.5,0.3,21,0.25,0,0.0,0,1.0,1.0,1.0,1.0,0.25,0.4,0.75,0.14,0.459793
params_1780,2,2.0,1.2,0.5,0.3,30,0.25,0,0.0,0,1.0,1.0,1.0,1.0,0.25,0.4,0.75,0.14,0.459793
params_1781,2,2.0,1.2,0.5,0.5,7,0.25,0,0.0,0,1.0,1.0,1.0,1.0,0.25,0.4,0.75,0.14,0.459793
params_1782,2,2.0,1.2,0.5,0.5,14,0.25,0,0.0,0,1.0,1.0,1.0,1.0,0.25,0.4,0.75,0.14,0.459793
params_1783,2,2.0,1.2,0.5,0.5,21,0.25,0,0.0,0,1.0,1.0,1.0,1.0,0.25,0.4,0.75,0.14,0.459793
params_1784,2,2.0,1.2,0.5,0.5,30,0.25,0,0.0,0,1.0,1.0,1.0,1.0,0.25,0.4,0.75,0.14,0.459793
params_1785,2,2.0,1.2,0.5,0.7,7,0.25,0,0.0,0,1.0,1.0,1.0,1.0,0.25,0.4,0.75,0.14,0.459793
params_1786,2,2.0,1.2,0.5,0.7,14,0.25,0,0.0,0,1.0,1.0,1.0,1.0,0.25,0.4,0.75,0.14,0.459793
params_1787,2,2.0,1.2,0.5,0.7,21,0.25,0,0.0,0,1.0,1.0,1.0,1.0,0.25,0.4,0.75,0.14,0.459793
params_1788,2,2.0,1.2,0.5,0.7,30,0.25,0,0.0,0,1.0,1.0,1.0,1.0,0.25,0.4,0.75,0.14,0.459793
params_1857,2,2.0,1.5,0.5,0.3,7,0.25,0,0.0,0,1.0,1.0,1.0,1.0,0.25,0.4,0.75,0.14,0.459793
params_1858,2,2.0,1.5,0.5,0.3,14,0.25,0,0.0,0,1.0,1.0,1.0,1.0,0.25,0.4,0.75,0.14,0.459793
params_1859,2,2.0,1.5,0.5,0.3,21,0.25,0,0.0,0,1.0,1.0,1.0,1.0,0.25,0.4,0.75,0.14,0.459793
params_1860,2,2.0,1.5,0.5,0.3,30,0.25,0,0.0,0,1.0,1.0,1.0,1.0,0.25,0.4,0.75,0.14,0.459793
params_1861,2,2.0,1.5,0.5,0.5,7,0.25,0,0.0,0,1.0,1.0,1.0,1.0,0.25,0.4,0.75,0.14,0.459793
params_1862,2,2.0,1.5,0.5,0.5,14,0.25,0,0.0,0,1.0,1.0,1.0,1.0,0.25,0.4,0.75,0.14,0.459793
params_1863,2,2.0,1.5,0.5,0.5,21,0.25,0,0.0,0,1.0,1.0,1.0,1.0,0.25,0.4,0.75,0.14,0.459793
params_1864,2,2.0,1.5,0.5,0.5,30,0.25,0,0.0,0,1.0,1.0,1.0,1.0,0.25,0.4,0.75,0.14,0.459793
params_1865,2,2.0,1.5,0.5,0.7,7,0.25,0,0.0,0,1.0,1.0,1.0,1.0,0.25,0.4,0.75,0.14,0.459793
params_1866,2,2.0,1.5,0.5,0.7,14,0.25,0,0.0,0,1.0,1.0,1.0,1.0,0.25,0.4,0.75,0.14,0.459793
params_1867,2,2.0,1.5,0.5,0.7,21,0.25,0,0.0,0,1.0,1.0,1.0,1.0,0.25,0.4,0.75,0.14,0.459793
params_1868,2,2.0,1.5,0.5,0.7,30,0.25,0,0.0,0,1.0,1.0,1.0,1.0,0.25,0.4,0.75,0.14,0.459793
params_1937,2,2.0,2.0,0.5,0.3,7,0.25,0,0.0,0,1.0,1.0,1.0,1.0,0.25,0.4,0.75,0.14,0.459793
params_1938,2,2.0,2.0,0.5,0.3,14,0.25,0,0.0,0,1.0,1.0,1.0,1.0,0.25,0.4,0.75,0.14,0.459793
params_1939,2,2.0,2.0,0.5,0.3,21,0.25,0,0.0,0,1.0,1.0,1.0,1.0,0.25,0.4,0.75,0.14,0.459793
params_1940,2,2.0,2.0,0.5,0.3,30,0.25,0,0.0,0,1.0,1.0,1.0,1.0,0.25,0.4,0.75,0.14,0.459793
params_1941,2,2.0,2.0,0.5,0.5,7,0.25,0,0.0,0,1.0,1.0,1.0,1.0,0.25,0.4,0.75,0.14,0.459793
params_1942,2,2.0,2.0,0.5,0.5,14,0.25,0,0.0,0,1.0,1.0,1.0,1.0,0.25,0.4,0.75,0.14,0.459793
params_1943,2,2.0,2.0,0.5,0.5,21,0.25,0,0.0,0,1.0,1.0,1.0,1.0,0.25,0.4,0.75,0.14,0.459793
params_1944,2,2.0,2.0,0.5,0.5,30,0.25,0,0.0,0,1.0,1.0,1.0,1.0,0.25,0.4,0.75,0.14,0.459793
params_1945,2,2.0,2.0,0.5,0.7,7,0.25,0,0.0,0,1.0,1.0,1.0,1.0,0.25,0.4,0.75,0.14,0.459793
params_1946,2,2.0,2.0,0.5,0.7,14,0.25,0,0.0,0,1.0,1.0,1.0,1.0,0.25,0.4,0.75,0.14,0.459793
params_1947,2,2.0,2.0,0.5,0.7,21,0.25,0,0.0,0,1.0,1.0,1.0,1.0,0.25,0.4,0.75,0.14,0.459793
params_1948,2,2.0,2.0,0.5,0.7,30,0.25,0,0.0,0,1.0,1.0,1.0,1.0,0.25,0.4,0.75,0.14,0.459793
params_3217,3,1.5,0.5,0.5,0.3,7,0.25,0,0.0,0,1.0,1.0,1.0,1.0,0.25,0.4,0.75,0.14,0.459793
params_3218,3,1.5,0.5,0.5,0.3,14,0.25,0,0.0,0,1.0,1.0,1.0,1.0,0.25,0.4,0.75,0.14,0.459793
params_3219,3,1.5,0.5,0.5,0.3,21,0.25,0,0.0,0,1.0,1.0,1.0,1.0,0.25,0.4,0.75,0.14,0.459793
params_3220,3,1.5,0.5,0.5,0.3,30,0.25,0,0.0,0,1.0,1.0,1.0,1.0,0.25,0.4,0.75,0.14,0.459793
params_3221,3,1.5,0.5,0.5,0.5,7,0.25,0,0.0,0,1.0,1.0,1.0,1.0,0.25,0.4,0.75,0.14,0.459793
params_3222,3,1.5,0.5,0.5,0.5,14,0.25,0,0.0,0,1.0,1.0,1.0,1.0,0.25,0.4,0.75,0.14,0.459793
params_3223,3,1.5,0.5,0.5,0.5,21,0.25,0,0.0,0,1.0,1.0,1.0,1.0,0.25,0.4,0.75,0.14,0.459793
params_3224,3,1.5,0.5,0.5,0.5,30,0.25,0,0.0,0,1.0,1.0,1.0,1.0,0.25,0.4,0.75,0.14,0.459793
params_3225,3,1.5,0.5,0.5,0.7,7,0.25,0,0.0,0,1.0,1.0,1.0,1.0,0.25,0.4,0.75,0.14,0.459793
params_3226,3,1.5,0.5,0.5,0.7,14,0.25,0,0.0,0,1.0,1.0,1.0,1.0,0.25,0.4,0.75,0.14,0.459793
params_3227,3,1.5,0.5,0.5,0.7,21,0.25,0,0.0,0,1.0,1.0,1.0,1.0,0.25,0.4,0.75,0.14,0.459793
params_3228,3,1.5,0.5,0.5,0.7,30,0.25,0,0.0,0,1.0,1.0,1.0,1.0,0.25,0.4,0.75,0.14,0.459793
params_3297,3,1.5,1.0,0.5,0.3,7,0.25,0,0.0,0,1.0,1.0,1.0,1.0,0.25,0.4,0.75,0.14,0.459793
params_3298,3,1.5,1.0,0.5,0.3,14,0.25,0,0.0,0,1.0,1.0,1.0,1.0,0.25,0.4,0.75,0.14,0.459793
params_3299,3,1.5,1.0,0.5,0.3,21,0.25,0,0.0,0,1.0,1.0,1.0,1.0,0.25,0.4,0.75,0.14,0.459793
params_3300,3,1.5,1.0,0.5,0.3,30,0.25,0,0.0,0,1.0,1.0,1.0,1.0,0.25,0.4,0.75,0.14,0.459793
params_3301,3,1.5,1.0,0.5,0.5,7,0.25,0,0.0,0,1.0,1.0,1.0,1.0,0.25,0.4,0.75,0.14,0.459793
params_3302,3,1.5,1.0,0.5,0.5,14,0.25,0,0.0,0,1.0,1.0,1.0,1.0,0.25,0.4,0.75,0.14,0.459793
params_3303,3,1.5,1.0,0.5,0.5,21,0.25,0,0.0,0,1.0,1.0,1.0,1.0,0.25,0.4,0.75,0.14,0.459793
params_3304,3,1.5,1.0,0.5,0.5,30,0.25,0,0.0,0,1.0,1.0,1.0,1.0,0.25,0.4,0.75,0.14,0.459793
params_3305,3,1.5,1.0,0.5,0.7,7,0.25,0,0.0,0,1.0,1.0,1.0,1.0,0.25,0.4,0.75,0.14,0.459793
params_3306,3,1.5,1.0,0.5,0.7,14,0.25,0,0.0,0,1.0,1.0,1.0,1.0,0.25,0.4,0.75,0.14,0.459793
params_3307,3,1.5,1.0,0.5,0.7,21,0.25,0,0.0,0,1.0,1.0,1.0,1.0,0.25,0.4,0.75,0.14,0.459793
params_3308,3,1.5,1.0,0.5,0.7,30,0.25,0,0.0,0,1.0,1.0,1.0,1.0,0.25,0.4,0.75,0.14,0.459793
params_3377,3,1.5,1.2,0.5,0.3,7,0.25,0,0.0,0,1.0,1.0,1.0,1.0,0.25,0.4,0.75,0.14,0.459793
params_3378,3,1.5,1.2,0.5,0.3,14,0.25,0,0.0,0,1.0,1.0,1.0,1.0,0.25,0.4,0.75,0.14,0.459793
params_3379,3,1.5,1.2,0.5,0.3,21,0.25,0,0.0,0,1.0,1.0,1.0,1.0,0.25,0.4,0.75,0.14,0.459793
params_3380,3,1.5,1.2,0.5,0.3,30,0.25,0,0.0,0,1.0,1.0,1.0,1.0,0.25,0.4,0.75,0.14,0.459793
params_3381,3,1.5,1.2,0.5,0.5,7,0.25,0,0.0,0,1.0,1.0,1.0,1.0,0.25,0.4,0.75,0.14,0.459793
params_3382,3,1.5,1.2,0.5,0.5,14,0.25,0,0.0,0,1.0,1.0,1.0,1.0,0.25,0.4,0.75,0.14,0.459793
params_3383,3,1.5,1.2,0.5,0.5,21,0.25,0,0.0,0,1.0,1.0,1.0,1.0,0.25,0.4,0.75,0.14,0.459793
params_3384,3,1.5,1.2,0.5,0.5,30,0.25,0,0.0,0,1.0,1.0,1.0,1.0,0.25,0.4,0.75,0.14,0.459793
params_3385,3,1.5,1.2,0.5,0.7,7,0.25,0,0.0,0,1.0,1.0,1.0,1.0,0.25,0.4,0.75,0.14,0.459793
params_3386,3,1.5,1.2,0.5,0.7,14,0.25,0,0.0,0,1.0,1.0,1.0,1.0,0.25,0.4,0.75,0.14,0.459793
params_3387,3,1.5,1.2,0.5,0.7,21,0.25,0,0.0,0,1.0,1.0,1.0,1.0,0.25,0.4,0.75,0.14,0.459793
params_3388,3,1.5,1.2,0.5,0.7,30,0.25,0,0.0,0,1.0,1.0,1.0,1.0,0.25,0.4,0.75,0.14,0.459793
params_3457,3,1.5,1.5,0.5,0.3,7,0.25,0,0.0,0,1.0,1.0,1.0,1.0,0.25,0.4,0.75,0.14,0.459793
params_3458,3,1.5,1.5,0.5,0.3,14,0.25,0,0.0,0,1.0,1.0,1.0,1.0,0.25,0.4,0.75,0.14,0.459793
params_3459,3,1.5,1.5,0.5,0.3,21,0.25,0,0.0,0,1.0,1.0,1.0,1.0,0.25,0.4,0.75,0.14,0.459793
params_3460,3,1.5,1.5,0.5,0.3,30,0.25,0,0.0,0,1.0,1.0,1.0,1.0,0.25,0.4,0.75,0.14,0.459793
params_3461,3,1.5,1.5,0.5,0.5,7,0.25,0,0.0,0,1.0,1.0,1.0,1.0,0.25,0.4,0.75,0.14,0.459793
params_3462,3,1.5,1.5,0.5,0.5,14,0.25,0,0.0,0,1.0,1.0,1.0,1.0,0.25,0.4,0.75,0.14,0.459793
params_3463,3,1.5,1.5,0.5,0.5,21,0.25,0,0.0,0,1.0,1.0,1.0,1.0,0.25,0.4,0.75,0.14,0.459793
params_3464,3,1.5,1.5,0.5,0.5,30,0.25,0,0.0,0,1.0,1.0,1.0,1.0,0.25,0.4,0.75,0.14,0.459793
params_3465,3,1.5,1.5,0.5,0.7,7,0.25,0,0.0,0,1.0,1.0,1.0,1.0,0.25,0.4,0.75,0.14,0.459793
params_3466,3,1.5,1.5,0.5,0.7,14,0.25,0,0.0,0,1.0,1.0,1.0,1.0,0.25,0.4,0.75,0.14,0.459793
params_3467,3,1.5,1.5,0.5,0.7,21,0.25,0,0.0,0,1.0,1.0,1.0,1.0,0.25,0.4,0.75,0.14,0.459793
params_3468,3,1.5,1.5,0.5,0.7,30,0.25,0,0.0,0,1.0,1.0,1.0,1.0,0.25,0.4,0.75,0.14,0.459793
params_3537,3,1.5,2.0,0.5,0.3,7,0.25,0,0.0,0,1.0,1.0,1.0,1.0,0.25,0.4,0.75,0.14,0.459793
params_3538,3,1.5,2.0,0.5,0.3,14,0.25,0,0.0,0,1.0,1.0,1.0,1.0,0.25,0.4,0.75,0.14,0.459793
params_3539,3,1.5,2.0,0.5,0.3,21,0.25,0,0.0,0,1.0,1.0,1.0,1.0,0.25,0.4,0.75,0.14,0.459793
params_3540,3,1.5,2.0,0.5,0.3,30,0.25,0,0.0,0,1.0,1.0,1.0,1.0,0.25,0.4,0.75,0.14,0.459793
params_3541,3,1.5,2.0,0.5,0.5,7,0.25,0,0.0,0,1.0,1.0,1.0,1.0,0.25,0.4,0.75,0.14,0.459793
params_3542,3,1.5,2.0,0.5,0.5,14,0.25,0,0.0,0,1.0,1.0,1.0,1.0,0.25,0.4,0.75,0.14,0.459793
params_3543,3,1.5,2.0,0.5,0.5,21,0.25,0,0.0,0,1.0,1.0,1.0,1.0,0.25,0.4,0.75,0.14,0.459793
params_3544,3,1.5,2.0,0.5,0.5,30,0.25,0,0.0,0,1.0,1.0,1.0,1.0,0.25,0.4,0.75,0.14,0.459793
params_3545,3,1.5,2.0,0.5,0.7,7,0.25,0,0.0,0,1.0,1.0,1.0,1.0,0.25,0.4,0.75,0.14,0.459793
params_3546,3,1.5,2.0,0.5,0.7,14,0.25,0,0.0,0,1.0,1.0,1.0,1.0,0.25,0.4,0.75,0.14,0.459793
params_3547,3,1.5,2.0,0.5,0.7,21,0.25,0,0.0,0,1.0,1.0,1.0,1.0,0.25,0.4,0.75,0.14,0.459793
params_3548,3,1.5,2.0,0.5,0.7,30,0.25,0,0.0,0,1.0,1.0,1.0,1.0,0.25,0.4,0.75,0.14,0.459793
params_3617,3,2.0,0.5,0.5,0.3,7,0.25,0,0.0,0,1.0,1.0,1.0,1.0,0.25,0.4,0.75,0.14,0.459793
params_3618,3,2.0,0.5,0.5,0.3,14,0.25,0,0.0,0,1.0,1.0,1.0,1.0,0.25,0.4,0.75,0.14,0.459793
params_3619,3,2.0,0.5,0.5,0.3,21,0.25,0,0.0,0,1.0,1.0,1.0,1.0,0.25,0.4,0.75,0.14,0.459793
params_3620,3,2.0,0.5,0.5,0.3,30,0.25,0,0.0,0,1.0,1.0,1.0,1.0,0.25,0.4,0.75,0.14,0.459793
params_3621,3,2.0,0.5,0.5,0.5,7,0.25,0,0.0,0,1.0,1.0,1.0,1.0,0.25,0.4,0.75,0.14,0.459793
params_3622,3,2.0,0.5,0.5,0.5,14,0.25,0,0.0,0,1.0,1.0,1.0,1.0,0.25,0.4,0.75,0.14,0.459793
params_3623,3,2.0,0.5,0.5,0.5,21,0.25,0,0.0,0,1.0,1.0,1.0,1.0,0.25,0.4,0.75,0.14,0.459793
params_3624,3,2.0,0.5,0.5,0.5,30,0.25,0,0.0,0,1.0,1.0,1.0,1.0,0.25,0.4,0.75,0.14,0.459793
params_3625,3,2.0,0.5,0.5,0.7,7,0.25,0,0.0,0,1.0,1.0,1.0,1.0,0.25,0.4,0.75,0.14,0.459793
params_3626,3,2.0,0.5,0.5,0.7,14,0.25,0,0.0,0,1.0,1.0,1.0,1.0,0.25,0.4,0.75,0.14,0.459793
params_3627,3,2.0,0.5,0.5,0.7,21,0.25,0,0.0,0,1.0,1.0,1.0,1.0,0.25,0.4,0.75,0.14,0.459793
params_3628,3,2.0,0.5,0.5,0.7,30,0.25,0,0.0,0,1.0,1.0,1.0,1.0,0.25,0.4,0.75,0.14,0.459793
params_3697,3,2.0,1.0,0.5,0.3,7,0.25,0,0.0,0,1.0,1.0,1.0,1.0,0.25,0.4,0.75,0.14,0.459793
params_3698,3,2.0,1.0,0.5,0.3,14,0.25,0,0.0,0,1.0,1.0,1.0,1.0,0.25,0.4,0.75,0.14,0.459793
params_3699,3,2.0,1.0,0.5,0.3,21,0.25,0,0.0,0,1.0,1.0,1.0,1.0,0.25,0.4,0.75,0.14,0.459793
params_3700,3,2.0,1.0,0.5,0.3,30,0.25,0,0.0,0,1.0,1.0,1.0,1.0,0.25,0.4,0.75,0.14,0.459793
params_3701,3,2.0,1.0,0.5,0.5,7,0.25,0,0.0,0,1.0,1.0,1.0,1.0,0.25,0.4,0.75,0.14,0.459793
params_3702,3,2.0,1.0,0.5,0.5,14,0.25,0,0.0,0,1.0,1.0,1.0,1.0,0.25,0.4,0.75,0.14,0.459793
params_3703,3,2.0,1.0,0.5,0.5,21,0.25,0,0.0,0,1.0,1.0,1.0,1.0,0.25,0.4,0.75,0.14,0.459793
params_3704,3,2.0,1.0,0.5,0.5,30,0.25,0,0.0,0,1.0,1.0,1.0,1.0,0.25,0.4,0.75,0.14,0.459793
params_3705,3,2.0,1.0,0.5,0.7,7,0.25,0,0.0,0,1.0,1.0,1.0,1.0,0.25,0.4,0.75,0.14,0.459793
params_3706,3,2.0,1.0,0.5,0.7,14,0.25,0,0.0,0,1.0,1.0,1.0,1.0,0.25,0.4,0.75,0.14,0.459793
params_3707,3,2.0,1.0,0.5,0.7,21,0.25,0,0.0,0,1.0,1.0,1.0,1.0,0.25,0.4,0.75,0.14,0.459793
params_3708,3,2.0,1.0,0.5,0.7,30,0.25,0,0.0,0,1.0,1.0,1.0,1.0,0.25,0.4,0.75,0.14,0.459793
params_3777,3,2.0,1.2,0.5,0.3,7,0.25,0,0.0,0,1.0,1.0,1.0,1.0,0.25,0.4,0.75,0.14,0.459793
params_3778,3,2.0,1.2,0.5,0.3,14,0.25,0,0.0,0,1.0,1.0,1.0,1.0,0.25,0.4,0.75,0.14,0.459793
params_3779,3,2.0,1.2,0.5,0.3,21,0.25,0,0.0,0,1.0,1.0,1.0,1.0,0.25,0.4,0.75,0.14,0.459793
params_3780,3,2.0,1.2,0.5,0.3,30,0.25,0,0.0,0,1.0,1.0,1.0,1.0,0.25,0.4,0.75,0.14,0.459793
params_3781,3,2.0,1.2,0.5,0.5,7,0.25,0,0.0,0,1.0,1.0,1.0,1.0,0.25,0.4,0.75,0.14,0.459793
params_3782,3,2.0,1.2,0.5,0.5,14,0.25,0,0.0,0,1.0,1.0,1.0,1.0,0.25,0.4,0.75,0.14,0.459793
params_3783,3,2.0,1.2,0.5,0.5,21,0.25,0,0.0,0,1.0,1.0,1.0,1.0,0.25,0.4,0.75,0.14,0.459793
params_3784,3,2.0,1.2,0.5,0.5,30,0.25,0,0.0,0,1.0,1.0,1.0,1.0,0.25,0.4,0.75,0.14,0.459793
params_3785,3,2.0,1.2,0.5,0.7,7,0.25,0,0.0,0,1.0,1.0,1.0,1.0,0.25,0.4,0.75,0.14,0.459793
params_3786,3,2.0,1.2,0.5,0.7,14,0.25,0,0.0,0,1.0,1.0,1.0,1.0,0.25,0.4,0.75,0.14,0.459793
params_3787,3,2.0,1.2,0.5,0.7,21,0.25,0,0.0,0,1.0,1.0,1.0,1.0,0.25,0.4,0.75,0.14,0.459793
params_3788,3,2.0,1.2,0.5,0.7,30,0.25,0,0.0,0,1.0,1.0,1.0,1.0,0.25,0.4,0.75,0.14,0.459793
params_3857,3,2.0,1.5,0.5,0.3,7,0.25,0,0.0,0,1.0,1.0,1.0,1.0,0.25,0.4,0.75,0.14,0.459793
params_3858,3,2.0,1.5,0.5,0.3,14,0.25,0,0.0,0,1.0,1.0,1.0,1.0,0.25,0.4,0.75,0.14,0.459793
params_3859,3,2.0,1.5,0.5,0.3,21,0.25,0,0.0,0,1.0,1.0,1.0,1.0,0.25,0.4,0.75,0.14,0.459793
params_3860,3,2.0,1.5,0.5,0.3,30,0.25,0,0.0,0,1.0,1.0,1.0,1.0,0.25,0.4,0.75,0.14,0.459793
params_3861,3,2.0,1.5,0.5,0.5,7,0.25,0,0.0,0,1.0,1.0,1.0,1.0,0.25,0.4,0.75,0.14,0.459793
params_3862,3,2.0,1.5,0.5,0.5,14,0.25,0,0.0,0,1.0,1.0,1.0,1.0,0.25,0.4,0.75,0.14,0.459793
params_3863,3,2.0,1.5,0.5,0.5,21,0.25,0,0.0,0,1.0,1.0,1.0,1.0,0.25,0.4,0.75,0.14,0.459793
params_3864,3,2.0,1.5,0.5,0.5,30,0.25,0,0.0,0,1.0,1.0,1.0,1.0,0.25,0.4,0.75,0.14,0.459793
params_3865,3,2.0,1.5,0.5,0.7,7,0.25,0,0.0,0,1.0,1.0,1.0,1.0,0.25,0.4,0.75,0.14,0.459793
params_3866,3,2.0,1.5,0.5,0.7,14,0.25,0,0.0,0,1.0,1.0,1.0,1.0,0.25,0.4,0.75,0.14,0.459793
params_3867,3,2.0,1.5,0.5,0.7,21,0.25,0,0.0,0,1.0,1.0,1.0,1.0,0.25,0.4,0.75,0.14,0.459793
params_3868,3,2.0,1.5,0.5,0.7,30,0.25,0,0.0,0,1.0,1.0,1.0,1.0,0.25,0.4,0.75,0.14,0.459793
params_3937,3,2.0,2.0,0.5,0.3,7,0.25,0,0.0,0,1.0,1.0,1.0,1.0,0.25,0.4,0.75,0.14,0.459793
params_3938,3,2.0,2.0,0.5,0.3,14,0.25,0,0.0,0,1.0,1.0,1.0,1.0,0.25,0.4,0.75,0.14,0.459793
params_3939,3,2.0,2.0,0.5,0.3,21,0.25,0,0.0,0,1.0,1.0,1.0,1.0,0.25,0.4,0.75,0.14,0.459793
params_3940,3,2.0,2.0,0.5,0.3,30,0.25,0,0.0,0,1.0,1.0,1.0,1.0,0.25,0.4,0.75,0.14,0.459793
params_3941,3,2.0,2.0,0.5,0.5,7,0.25,0,0.0,0,1.0,1.0,1.0,1.0,0.25,0.4,0.75,0.14,0.459793
params_3942,3,2.0,2.0,0.5,0.5,14,0.25,0,0.0,0,1.0,1.0,1.0,1.0,0.25,0.4,0.75,0.14,0.459793
params_3943,3,2.0,2.0,0.5,0.5,21,0.25,0,0.0,0,1.0,1.0,1.0,1.0,0.25,0.4,0.75,0.14,0.459793
params_3944,3,2.0,2.0,0.5,0.5,30,0.25,0,0.0,0,1.0,1.0,1.0,1.0,0.25,0.4,0.75,0.14,0.459793
params_3945,3,2.0,2.0,0.5,0.7,7,0.25,0,0.0,0,1.0,1.0,1.0,1.0,0.25,0.4,0.75,0.14,0.459793
params_3946,3,2.0,2.0,0.5,0.7,14,0.25,0,0.0,0,1.0,1.0,1.0,1.0,0.25,0.4,0.75,0.14,0.459793
params_3947,3,2.0,2.0,0.5,0.7,21,0.25,0,0.0,0,1.0,1.0,1.0,1.0,0.25,0.4,0.75,0.14,0.459793
params_3948,3,2.0,2.0,0.5,0.7,30,0.25,0,0.0,0,1.0,1.0,1.0,1.0,0.25,0.4,0.75,0.14,0.459793
params_5217,4,1.5,0.5,0.5,0.3,7,0.25,0,0.0,0,1.0,1.0,1.0,1.0,0.25,0.4,0.75,0.14,0.459793
params_5218,4,1.5,0.5,0.5,0.3,14,0.25,0,0.0,0,1.0,1.0,1.0,1.0,0.25,0.4,0.75,0.14,0.459793
params_5219,4,1.5,0.5,0.5,0.3,21,0.25,0,0.0,0,1.0,1.0,1.0,1.0,0.25,0.4,0.75,0.14,0.459793
params_5220,4,1.5,0.5,0.5,0.3,30,0.25,0,0.0,0,1.0,1.0,1.0,1.0,0.25,0.4,0.75,0.14,0.459793
params_5221,4,1.5,0.5,0.5,0.5,7,0.25,0,0.0,0,1.0,1.0,1.0,1.0,0.25,0.4,0.75,0.14,0.459793
params_5222,4,1.5,0.5,0.5,0.5,14,0.25,0,0.0,0,1.0,1.0,1.0,1.0,0.25,0.4,0.75,0.14,0.459793
params_5223,4,1.5,0.5,0.5,0.5,21,0.25,0,0.0,0,1.0,1.0,1.0,1.0,0.25,0.4,0.75,0.14,0.459793
params_5224,4,1.5,0.5,0.5,0.5,30,0.25,0,0.0,0,1.0,1.0,1.0,1.0,0.25,0.4,0.75,0.14,0.459793
params_5225,4,1.5,0.5,0.5,0.7,7,0.25,0,0.0,0,1.0,1.0,1.0,1.0,0.25,0.4,0.75,0.14,0.459793
params_5226,4,1.5,0.5,0.5,0.7,14,0.25,0,0.0,0,1.0,1.0,1.0,1.0,0.25,0.4,0.75,0.14,0.459793
params_5227,4,1.5,0.5,0.5,0.7,21,0.25,0,0.0,0,1.0,1.0,1.0,1.0,0.25,0.4,0.75,0.14,0.459793
params_5228,4,1.5,0.5,0.5,0.7,30,0.25,0,0.0,0,1.0,1.0,1.0,1.0,0.25,0.4,0.75,0.14,0.459793
params_5297,4,1.5,1.0,0.5,0.3,7,0.25,0,0.0,0,1.0,1.0,1.0,1.0,0.25,0.4,0.75,0.14,0.459793
params_5298,4,1.5,1.0,0.5,0.3,14,0.25,0,0.0,0,1.0,1.0,1.0,1.0,0.25,0.4,0.75,0.14,0.459793
params_5299,4,1.5,1.0,0.5,0.3,21,0.25,0,0.0,0,1.0,1.0,1.0,1.0,0.25,0.4,0.75,0.14,0.459793
params_5300,4,1.5,1.0,0.5,0.3,30,0.25,0,0.0,0,1.0,1.0,1.0,1.0,0.25,0.4,0.75,0.14,0.459793
params_5301,4,1.5,1.0,0.5,0.5,7,0.25,0,0.0,0,1.0,1.0,1.0,1.0,0.25,0.4,0.75,0.14,0.459793
params_5302,4,1.5,1.0,0.5,0.5,14,0.25,0,0.0,0,1.0,1.0,1.0,1.0,0.25,0.4,0.75,0.14,0.459793
params_5303,4,1.5,1.0,0.5,0.5,21,0.25,0,0.0,0,1.0,1.0,1.0,1.0,0.25,0.4,0.75,0.14,0.459793
params_5304,4,1.5,1.0,0.5,0.5,30,0.25,0,0.0,0,1.0,1.0,1.0,1.0,0.25,0.4,0.75,0.14,0.459793
params_5305,4,1.5,1.0,0.5,0.7,7,0.25,0,0.0,0,1.0,1.0,1.0,1.0,0.25,0.4,0.75,0.14,0.459793
params_5306,4,1.5,1.0,0.5,0.7,14,0.25,0,0.0,0,1.0,1.0,1.0,1.0,0.25,0.4,0.75,0.14,0.459793
params_5307,4,1.5,1.0,0.5,0.7,21,0.25,0,0.0,0,1.0,1.0,1.0,1.0,0.25,0.4,0.75,0.14,0.459793
params_5308,4,1.5,1.0,0.5,0.7,30,0.25,0,0.0,0,1.0,1.0,1.0,1.0,0.25,0.4,0.75,0.14,0.459793
params_5377,4,1.5,1.2,0.5,0.3,7,0.25,0,0.0,0,1.0,1.0,1.0,1.0,0.25,0.4,0.75,0.14,0.459793
params_5378,4,1.5,1.2,0.5,0.3,14,0.25,0,0.0,0,1.0,1.0,1.0,1.0,0.25,0.4,0.75,0.14,0.459793
params_5379,4,1.5,1.2,0.5,0.3,21,0.25,0,0.0,0,1.0,1.0,1.0,1.0,0.25,0.4,0.75,0.14,0.459793
params_5380,4,1.5,1.2,0.5,0.3,30,0.25,0,0.0,0,1.0,1.0,1.0,1.0,0.25,0.4,0.75,0.14,0.459793
params_5381,4,1.5,1.2,0.5,0.5,7,0.25,0,0.0,0,1.0,1.0,1.0,1.0,0.25,0.4,0.75,0.14,0.459793
params_5382,4,1.5,1.2,0.5,0.5,14,0.25,0,0.0,0,1.0,1.0,1.0,1.0,0.25,0.4,0.75,0.14,0.459793
params_5383,4,1.5,1.2,0.5,0.5,21,0.25,0,0.0,0,1.0,1.0,1.0,1.0,0.25,0.4,0.75,0.14,0.459793
params_5384,4,1.5,1.2,0.5,0.5,30,0.25,0,0.0,0,1.0,1.0,1.0,1.0,0.25,0.4,0.75,0.14,0.459793
params_5385,4,1.5,1.2,0.5,0.7,7,0.25,0,0.0,0,1.0,1.0,1.0,1.0,0.25,0.4,0.75,0.14,0.459793
params_5386,4,1.5,1.2,0.5,0.7,14,0.25,0,0.0,0,1.0,1.0,1.0,1.0,0.25,0.4,0.75,0.14,0.459793
params_5387,4,1.5,1.2,0.5,0.7,21,0.25,0,0.0,0,1.0,1.0,1.0,1.0,0.25,0.4,0.75,0.14,0.459793
params_5388,4,1.5,1.2,0.5,0.7,30,0.25,0,0.0,0,1.0,1.0,1.0,1.0,0.25,0.4,0.75,0.14,0.459793
params_5457,4,1.5,1.5,0.5,0.3,7,0.25,0,0.0,0,1.0,1.0,1.0,1.0,0.25,0.4,0.75,0.14,0.459793
params_5458,4,1.5,1.5,0.5,0.3,14,0.25,0,0.0,0,1.0,1.0,1.0,1.0,0.25,0.4,0.75,0.14,0.459793
params_5459,4,1.5,1.5,0.5,0.3,21,0.25,0,0.0,0,1.0,1.0,1.0,1.0,0.25,0.4,0.75,0.14,0.459793
params_5460,4,1.5,1.5,0.5,0.3,30,0.25,0,0.0,0,1.0,1.0,1.0,1.0,0.25,0.4,0.75,0.14,0.459793
params_5461,4,1.5,1.5,0.5,0.5,7,0.25,0,0.0,0,1.0,1.0,1.0,1.0,0.25,0.4,0.75,0.14,0.459793
params_5462,4,1.5,1.5,0.5,0.5,14,0.25,0,0.0,0,1.0,1.0,1.0,1.0,0.25,0.4,0.75,0.14,0.459793
params_5463,4,1.5,1.5,0.5,0.5,21,0.25,0,0.0,0,1.0,1.0,1.0,1.0,0.25,0.4,0.75,0.14,0.459793
params_5464,4,1.5,1.5,0.5,0.5,30,0.25,0,0.0,0,1.0,1.0,1.0,1.0,0.25,0.4,0.75,0.14,0.459793
params_5465,4,1.5,1.5,0.5,0.7,7,0.25,0,0.0,0,1.0,1.0,1.0,1.0,0.25,0.4,0.75,0.14,0.459793
params_5466,4,1.5,1.5,0.5,0.7,14,0.25,0,0.0,0,1.0,1.0,1.0,1.0,0.25,0.4,0.75,0.14,0.459793
params_5467,4,1.5,1.5,0.5,0.7,21,0.25,0,0.0,0,1.0,1.0,1.0,1.0,0.25,0.4,0.75,0.14,0.459793
params_5468,4,1.5,1.5,0.5,0.7,30,0.25,0,0.0,0,1.0,1.0,1.0,1.0,0.25,0.4,0.75,0.14,0.459793
params_5537,4,1.5,2.0,0.5,0.3,7,0.25,0,0.0,0,1.0,1.0,1.0,1.0,0.25,0.4,0.75,0.14,0.459793
params_5538,4,1.5,2.0,0.5,0.3,14,0.25,0,0.0,0,1.0,1.0,1.0,1.0,0.25,0.4,0.75,0.14,0.459793
params_5539,4,1.5,2.0,0.5,0.3,21,0.25,0,0.0,0,1.0,1.0,1.0,1.0,0.25,0.4,0.75,0.14,0.459793
params_5540,4,1.5,2.0,0.5,0.3,30,0.25,0,0.0,0,1.0,1.0,1.0,1.0,0.25,0.4,0.75,0.14,0.459793
params_5541,4,1.5,2.0,0.5,0.5,7,0.25,0,0.0,0,1.0,1.0,1.0,1.0,0.25,0.4,0.75,0.14,0.459793
params_5542,4,1.5,2.0,0.5,0.5,14,0.25,0,0.0,0,1.0,1.0,1.0,1.0,0.25,0.4,0.75,0.14,0.459793
params_5543,4,1.5,2.0,0.5,0.5,21,0.25,0,0.0,0,1.0,1.0,1.0,1.0,0.25,0.4,0.75,0.14,0.459793
params_5544,4,1.5,2.0,0.5,0.5,30,0.25,0,0.0,0,1.0,1.0,1.0,1.0,0.25,0.4,0.75,0.14,0.459793
params_5545,4,1.5,2.0,0.5,0.7,7,0.25,0,0.0,0,1.0,1.0,1.0,1.0,0.25,0.4,0.75,0.14,0.459793
params_5546,4,1.5,2.0,0.5,0.7,14,0.25,0,0.0,0,1.0,1.0,1.0,1.0,0.25,0.4,0.75,0.14,0.459793
params_5547,4,1.5,2.0,0.5,0.7,21,0.25,0,0.0,0,1.0,1.0,1.0,1.0,0.25,0.4,0.75,0.14,0.459793
params_5548,4,1.5,2.0,0.5,0.7,30,0.25,0,0.0,0,1.0,1.0,1.0,1.0,0.25,0.4,0.75,0.14,0.459793
params_5617,4,2.0,0.5,0.5,0.3,7,0.25,0,0.0,0,1.0,1.0,1.0,1.0,0.25,0.4,0.75,0.14,0.459793
params_5618,4,2.0,0.5,0.5,0.3,14,0.25,0,0.0,0,1.0,1.0,1.0,1.0,0.25,0.4,0.75,0.14,0.459793
params_5619,4,2.0,0.5,0.5,0.3,21,0.25,0,0.0,0,1.0,1.0,1.0,1.0,0.25,0.4,0.75,0.14,0.459793
params_5620,4,2.0,0.5,0.5,0.3,30,0.25,0,0.0,0,1.0,1.0,1.0,1.0,0.25,0.4,0.75,0.14,0.459793
params_5621,4,2.0,0.5,0.5,0.5,7,0.25,0,0.0,0,1.0,1.0,1.0,1.0,0.25,0.4,0.75,0.14,0.459793
params_5622,4,2.0,0.5,0.5,0.5,14,0.25,0,0.0,0,1.0,1.0,1.0,1.0,0.25,0.4,0.75,0.14,0.459793
params_5623,4,2.0,0.5,0.5,0.5,21,0.25,0,0.0,0,1.0,1.0,1.0,1.0,0.25,0.4,0.75,0.14,0.459793
params_5624,4,2.0,0.5,0.5,0.5,30,0.25,0,0.0,0,1.0,1.0,1.0,1.0,0.25,0.4,0.75,0.14,0.459793
params_5625,4,2.0,0.5,0.5,0.7,7,0.25,0,0.0,0,1.0,1.0,1.0,1.0,0.25,0.4,0.75,0.14,0.459793
params_5626,4,2.0,0.5,0.5,0.7,14,0.25,0,0.0,0,1.0,1.0,1.0,1.0,0.25,0.4,0.75,0.14,0.459793
params_5627,4,2.0,0.5,0.5,0.7,21,0.25,0,0.0,0,1.0,1.0,1.0,1.0,0.25,0.4,0.75,0.14,0.459793
params_5628,4,2.0,0.5,0.5,0.7,30,0.25,0,0.0,0,1.0,1.0,1.0,1.0,0.25,0.4,0.75,0.14,0.459793
params_5697,4,2.0,1.0,0.5,0.3,7,0.25,0,0.0,0,1.0,1.0,1.0,1.0,0.25,0.4,0.75,0.14,0.459793
params_5698,4,2.0,1.0,0.5,0.3,14,0.25,0,0.0,0,1.0,1.0,1.0,1.0,0.25,0.4,0.75,0.14,0.459793
params_5699,4,2.0,1.0,0.5,0.3,21,0.25,0,0.0,0,1.0,1.0,1.0,1.0,0.25,0.4,0.75,0.14,0.459793
params_5700,4,2.0,1.0,0.5,0.3,30,0.25,0,0.0,0,1.0,1.0,1.0,1.0,0.25,0.4,0.75,0.14,0.459793
params_5701,4,2.0,1.0,0.5,0.5,7,0.25,0,0.0,0,1.0,1.0,1.0,1.0,0.25,0.4,0.75,0.14,0.459793
params_5702,4,2.0,1.0,0.5,0.5,14,0.25,0,0.0,0,1.0,1.0,1.0,1.0,0.25,0.4,0.75,0.14,0.459793
params_5703,4,2.0,1.0,0.5,0.5,21,0.25,0,0.0,0,1.0,1.0,1.0,1.0,0.25,0.4,0.75,0.14,0.459793
params_5704,4,2.0,1.0,0.5,0.5,30,0.25,0,0.0,0,1.0,1.0,1.0,1.0,0.25,0.4,0.75,0.14,0.459793
params_5705,4,2.0,1.0,0.5,0.7,7,0.25,0,0.0,0,1.0,1.0,1.0,1.0,0.25,0.4,0.75,0.14,0.459793
params_5706,4,2.0,1.0,0.5,0.7,14,0.25,0,0.0,0,1.0,1.0,1.0,1.0,0.25,0.4,0.75,0.14,0.459793
params_5707,4,2.0,1.0,0.5,0.7,21,0.25,0,0.0,0,1.0,1.0,1.0,1.0,0.25,0.4,0.75,0.14,0.459793
params_5708,4,2.0,1.0,0.5,0.7,30,0.25,0,0.0,0,1.0,1.0,1.0,1.0,0.25,0.4,0.75,0.14,0.459793
params_5777,4,2.0,1.2,0.5,0.3,7,0.25,0,0.0,0,1.0,1.0,1.0,1.0,0.25,0.4,0.75,0.14,0.459793
params_5778,4,2.0,1.2,0.5,0.3,14,0.25,0,0.0,0,1.0,1.0,1.0,1.0,0.25,0.4,0.75,0.14,0.459793
params_5779,4,2.0,1.2,0.5,0.3,21,0.25,0,0.0,0,1.0,1.0,1.0,1.0,0.25,0.4,0.75,0.14,0.459793
params_5780,4,2.0,1.2,0.5,0.3,30,0.25,0,0.0,0,1.0,1.0,1.0,1.0,0.25,0.4,0.75,0.14,0.459793
params_5781,4,2.0,1.2,0.5,0.5,7,0.25,0,0.0,0,1.0,1.0,1.0,1.0,0.25,0.4,0.75,0.14,0.459793
params_5782,4,2.0,1.2,0.5,0.5,14,0.25,0,0.0,0,1.0,1.0,1.0,1.0,0.25,0.4,0.75,0.14,0.459793
params_5783,4,2.0,1.2,0.5,0.5,21,0.25,0,0.0,0,1.0,1.0,1.0,1.0,0.25,0.4,0.75,0.14,0.459793
params_5784,4,2.0,1.2,0.5,0.5,30,0.25,0,0.0,0,1.0,1.0,1.0,1.0,0.25,0.4,0.75,0.14,0.459793
params_5785,4,2.0,1.2,0.5,0.7,7,0.25,0,0.0,0,1.0,1.0,1.0,1.0,0.25,0.4,0.75,0.14,0.459793
params_5786,4,2.0,1.2,0.5,0.7,14,0.25,0,0.0,0,1.0,1.0,1.0,1.0,0.25,0.4,0.75,0.14,0.459793
params_5787,4,2.0,1.2,0.5,0.7,21,0.25,0,0.0,0,1.0,1.0,1.0,1.0,0.25,0.4,0.75,0.14,0.459793
params_5788,4,2.0,1.2,0.5,0.7,30,0.25,0,0.0,0,1.0,1.0,1.0,1.0,0.25,0.4,0.75,0.14,0.459793
params_5857,4,2.0,1.5,0.5,0.3,7,0.25,0,0.0,0,1.0,1.0,1.0,1.0,0.25,0.4,0.75,0.14,0.459793
params_5858,4,2.0,1.5,0.5,0.3,14,0.25,0,0.0,0,1.0,1.0,1.0,1.0,0.25,0.4,0.75,0.14,0.459793
params_5859,4,2.0,1.5,0.5,0.3,21,0.25,0,0.0,0,1.0,1.0,1.0,1.0,0.25,0.4,0.75,0.14,0.459793
params_5860,4,2.0,1.5,0.5,0.3,30,0.25,0,0.0,0,1.0,1.0,1.0,1.0,0.25,0.4,0.75,0.14,0.459793
params_5861,4,2.0,1.5,0.5,0.5,7,0.25,0,0.0,0,1.0,1.0,1.0,1.0,0.25,0.4,0.75,0.14,0.459793
params_5862,4,2.0,1.5,0.5,0.5,14,0.25,0,0.0,0,1.0,1.0,1.0,1.0,0.25,0.4,0.75,0.14,0.459793
params_5863,4,2.0,1.5,0.5,0.5,21,0.25,0,0.0,0,1.0,1.0,1.0,1.0,0.25,0.4,0.75,0.14,0.459793
params_5864,4,2.0,1.5,0.5,0.5,30,0.25,0,0.0,0,1.0,1.0,1.0,1.0,0.25,0.4,0.75,0.14,0.459793
params_5865,4,2.0,1.5,0.5,0.7,7,0.25,0,0.0,0,1.0,1.0,1.0,1.0,0.25,0.4,0.75,0.14,0.459793
params_5866,4,2.0,1.5,0.5,0.7,14,0.25,0,0.0,0,1.0,1.0,1.0,1.0,0.25,0.4,0.75,0.14,0.459793
params_5867,4,2.0,1.5,0.5,0.7,21,0.25,0,0.0,0,1.0,1.0,1.0,1.0,0.25,0.4,0.75,0.14,0.459793
params_5868,4,2.0,1.5,0.5,0.7,30,0.25,0,0.0,0,1.0,1.0,1.0,1.0,0.25,0.4,0.75,0.14,0.459793
params_5937,4,2.0,2.0,0.5,0.3,7,0.25,0,0.0,0,1.0,1.0,1.0,1.0,0.25,0.4,0.75,0.14,0.459793
params_5938,4,2.0,2.0,0.5,0.3,14,0.25,0,0.0,0,1.0,1.0,1.0,1.0,0.25,0.4,0.75,0.14,0.459793
params_5939,4,2.0,2.0,0.5,0.3,21,0.25,0,0.0,0,1.0,1.0,1.0,1.0,0.25,0.4,0.75,0.14,0.459793
params_5940,4,2.0,2.0,0.5,0.3,30,0.25,0,0.0,0,1.0,1.0,1.0,1.0,0.25,0.4,0.75,0.14,0.459793
params_5941,4,2.0,2.0,0.5,0.5,7,0.25,0,0.0,0,1.0,1.0,1.0,1.0,0.25,0.4,0.75,0.14,0.459793
params_5942,4,2.0,2.0,0.5,0.5,14,0.25,0,0.0,0,1.0,1.0,1.0,1.0,0.25,0.4,0.75,0.14,0.459793
params_5943,4,2.0,2.0,0.5,0.5,21,0.25,0,0.0,0,1.0,1.0,1.0,1.0,0.25,0.4,0.75,0.14,0.459793
params_5944,4,2.0,2.0,0.5,0.5,30,0.25,0,0.0,0,1.0,1.0,1.0,1.0,0.25,0.4,0.75,0.14,0.459793
params_5945,4,2.0,2.0,0.5,0.7,7,0.25,0,0.0,0,1.0,1.0,1.0,1.0,0.25,0.4,0.75,0.14,0.459793
params_5946,4,2.0,2.0,0.5,0.7,14,0.25,0,0.0,0,1.0,1.0,1.0,1.0,0.25,0.4,0.75,0.14,0.459793
params_5947,4,2.0,2.0,0.5,0.7,21,0.25,0,0.0,0,1.0,1.0,1.0,1.0,0.25,0.4,0.75,0.14,0.459793
params_5948,4,2.0,2.0,0.5,0.7,30,0.25,0,0.0,0,1.0,1.0,1.0,1.0,0.25,0.4,0.75,0.14,0.459793
params_7217,5,1.5,0.5,0.5,0.3,7,0.25,0,0.0,0,1.0,1.0,1.0,1.0,0.25,0.4,0.75,0.14,0.459793
params_7218,5,1.5,0.5,0.5,0.3,14,0.25,0,0.0,0,1.0,1.0,1.0,1.0,0.25,0.4,0.75,0.14,0.459793
params_7219,5,1.5,0.5,0.5,0.3,21,0.25,0,0.0,0,1.0,1.0,1.0,1.0,0.25,0.4,0.75,0.14,0.459793
params_7220,5,1.5,0.5,0.5,0.3,30,0.25,0,0.0,0,1.0,1.0,1.0,1.0,0.25,0.4,0.75,0.14,0.459793
params_7221,5,1.5,0.5,0.5,0.5,7,0.25,0,0.0,0,1.0,1.0,1.0,1.0,0.25,0.4,0.75,0.14,0.459793
params_7222,5,1.5,0.5,0.5,0.5,14,0.25,0,0.0,0,1.0,1.0,1.0,1.0,0.25,0.4,0.75,0.14,0.459793
params_7223,5,1.5,0.5,0.5,0.5,21,0.25,0,0.0,0,1.0,1.0,1.0,1.0,0.25,0.4,0.75,0.14,0.459793
params_7224,5,1.5,0.5,0.5,0.5,30,0.25,0,0.0,0,1.0,1.0,1.0,1.0,0.25,0.4,0.75,0.14,0.459793
params_7225,5,1.5,0.5,0.5,0.7,7,0.25,0,0.0,0,1.0,1.0,1.0,1.0,0.25,0.4,0.75,0.14,0.459793
params_7226,5,1.5,0.5,0.5,0.7,14,0.25,0,0.0,0,1.0,1.0,1.0,1.0,0.25,0.4,0.75,0.14,0.459793
params_7227,5,1.5,0.5,0.5,0.7,21,0.25,0,0.0,0,1.0,1.0,1.0,1.0,0.25,0.4,0.75,0.14,0.459793
params_7228,5,1.5,0.5,0.5,0.7,30,0.25,0,0.0,0,1.0,1.0,1.0,1.0,0.25,0.4,0.75,0.14,0.459793
params_7297,5,1.5,1.0,0.5,0.3,7,0.25,0,0.0,0,1.0,1.0,1.0,1.0,0.25,0.4,0.75,0.14,0.459793
params_7298,5,1.5,1.0,0.5,0.3,14,0.25,0,0.0,0,1.0,1.0,1.0,1.0,0.25,0.4,0.75,0.14,0.459793
params_7299,5,1.5,1.0,0.5,0.3,21,0.25,0,0.0,0,1.0,1.0,1.0,1.0,0.25,0.4,0.75,0.14,0.459793
params_7300,5,1.5,1.0,0.5,0.3,30,0.25,0,0.0,0,1.0,1.0,1.0,1.0,0.25,0.4,0.75,0.14,0.459793
params_7301,5,1.5,1.0,0.5,0.5,7,0.25,0,0.0,0,1.0,1.0,1.0,1.0,0.25,0.4,0.75,0.14,0.459793
params_7302,5,1.5,1.0,0.5,0.5,14,0.25,0,0.0,0,1.0,1.0,1.0,1.0,0.25,0.4,0.75,0.14,0.459793
params_7303,5,1.5,1.0,0.5,0.5,21,0.25,0,0.0,0,1.0,1.0,1.0,1.0,0.25,0.4,0.75,0.14,0.459793
params_7304,5,1.5,1.0,0.5,0.5,30,0.25,0,0.0,0,1.0,1.0,1.0,1.0,0.25,0.4,0.75,0.14,0.459793
params_7305,5,1.5,1.0,0.5,0.7,7,0.25,0,0.0,0,1.0,1.0,1.0,1.0,0.25,0.4,0.75,0.14,0.459793
params_7306,5,1.5,1.0,0.5,0.7,14,0.25,0,0.0,0,1.0,1.0,1.0,1.0,0.25,0.4,0.75,0.14,0.459793
params_7307,5,1.5,1.0,0.5,0.7,21,0.25,0,0.0,0,1.0,1.0,1.0,1.0,0.25,0.4,0.75,0.14,0.459793
params_7308,5,1.5,1.0,0.5,0.7,30,0.25,0,0.0,0,1.0,1.0,1.0,1.0,0.25,0.4,0.75,0.14,0.459793
params_7377,5,1.5,1.2,0.5,0.3,7,0.25,0,0.0,0,1.0,1.0,1.0,1.0,0.25,0.4,0.75,0.14,0.459793
params_7378,5,1.5,1.2,0.5,0.3,14,0.25,0,0.0,0,1.0,1.0,1.0,1.0,0.25,0.4,0.75,0.14,0.459793
params_7379,5,1.5,1.2,0.5,0.3,21,0.25,0,0.0,0,1.0,1.0,1.0,1.0,0.25,0.4,0.75,0.14,0.459793
params_7380,5,1.5,1.2,0.5,0.3,30,0.25,0,0.0,0,1.0,1.0,1.0,1.0,0.25,0.4,0.75,0.14,0.459793
params_7381,5,1.5,1.2,0.5,0.5,7,0.25,0,0.0,0,1.0,1.0,1.0,1.0,0.25,0.4,0.75,0.14,0.459793
params_7382,5,1.5,1.2,0.5,0.5,14,0.25,0,0.0,0,1.0,1.0,1.0,1.0,0.25,0.4,0.75,0.14,0.459793
params_7383,5,1.5,1.2,0.5,0.5,21,0.25,0,0.0,0,1.0,1.0,1.0,1.0,0.25,0.4,0.75,0.14,0.459793
params_7384,5,1.5,1.2,0.5,0.5,30,0.25,0,0.0,0,1.0,1.0,1.0,1.0,0.25,0.4,0.75,0.14,0.459793
params_7385,5,1.5,1.2,0.5,0.7,7,0.25,0,0.0,0,1.0,1.0,1.0,1.0,0.25,0.4,0.75,0.14,0.459793
params_7386,5,1.5,1.2,0.5,0.7,14,0.25,0,0.0,0,1.0,1.0,1.0,1.0,0.25,0.4,0.75,0.14,0.459793
params_7387,5,1.5,1.2,0.5,0.7,21,0.25,0,0.0,0,1.0,1.0,1.0,1.0,0.25,0.4,0.75,0.14,0.459793
params_7388,5,1.5,1.2,0.5,0.7,30,0.25,0,0.0,0,1.0,1.0,1.0,1.0,0.25,0.4,0.75,0.14,0.459793
params_7457,5,1.5,1.5,0.5,0.3,7,0.25,0,0.0,0,1.0,1.0,1.0,1.0,0.25,0.4,0.75,0.14,0.459793
params_7458,5,1.5,1.5,0.5,0.3,14,0.25,0,0.0,0,1.0,1.0,1.0,1.0,0.25,0.4,0.75,0.14,0.459793
params_7459,5,1.5,1.5,0.5,0.3,21,0.25,0,0.0,0,1.0,1.0,1.0,1.0,0.25,0.4,0.75,0.14,0.459793
params_7460,5,1.5,1.5,0.5,0.3,30,0.25,0,0.0,0,1.0,1.0,1.0,1.0,0.25,0.4,0.75,0.14,0.459793
params_7461,5,1.5,1.5,0.5,0.5,7,0.25,0,0.0,0,1.0,1.0,1.0,1.0,0.25,0.4,0.75,0.14,0.459793
params_7462,5,1.5,1.5,0.5,0.5,14,0.25,0,0.0,0,1.0,1.0,1.0,1.0,0.25,0.4,0.75,0.14,0.459793
params_7463,5,1.5,1.5,0.5,0.5,21,0.25,0,0.0,0,1.0,1.0,1.0,1.0,0.25,0.4,0.75,0.14,0.459793
params_7464,5,1.5,1.5,0.5,0.5,30,0.25,0,0.0,0,1.0,1.0,1.0,1.0,0.25,0.4,0.75,0.14,0.459793
params_7465,5,1.5,1.5,0.5,0.7,7,0.25,0,0.0,0,1.0,1.0,1.0,1.0,0.25,0.4,0.75,0.14,0.459793
params_7466,5,1.5,1.5,0.5,0.7,14,0.25,0,0.0,0,1.0,1.0,1.0,1.0,0.25,0.4,0.75,0.14,0.459793
params_7467,5,1.5,1.5,0.5,0.7,21,0.25,0,0.0,0,1.0,1.0,1.0,1.0,0.25,0.4,0.75,0.14,0.459793
params_7468,5,1.5,1.5,0.5,0.7,30,0.25,0,0.0,0,1.0,1.0,1.0,1.0,0.25,0.4,0.75,0.14,0.459793
params_7537,5,1.5,2.0,0.5,0.3,7,0.25,0,0.0,0,1.0,1.0,1.0,1.0,0.25,0.4,0.75,0.14,0.459793
params_7538,5,1.5,2.0,0.5,0.3,14,0.25,0,0.0,0,1.0,1.0,1.0,1.0,0.25,0.4,0.75,0.14,0.459793
params_7539,5,1.5,2.0,0.5,0.3,21,0.25,0,0.0,0,1.0,1.0,1.0,1.0,0.25,0.4,0.75,0.14,0.459793
params_7540,5,1.5,2.0,0.5,0.3,30,0.25,0,0.0,0,1.0,1.0,1.0,1.0,0.25,0.4,0.75,0.14,0.459793
params_7541,5,1.5,2.0,0.5,0.5,7,0.25,0,0.0,0,1.0,1.0,1.0,1.0,0.25,0.4,0.75,0.14,0.459793
params_7542,5,1.5,2.0,0.5,0.5,14,0.25,0,0.0,0,1.0,1.0,1.0,1.0,0.25,0.4,0.75,0.14,0.459793
params_7543,5,1.5,2.0,0.5,0.5,21,0.25,0,0.0,0,1.0,1.0,1.0,1.0,0.25,0.4,0.75,0.14,0.459793
params_7544,5,1.5,2.0,0.5,0.5,30,0.25,0,0.0,0,1.0,1.0,1.0,1.0,0.25,0.4,0.75,0.14,0.459793
params_7545,5,1.5,2.0,0.5,0.7,7,0.25,0,0.0,0,1.0,1.0,1.0,1.0,0.25,0.4,0.75,0.14,0.459793
params_7546,5,1.5,2.0,0.5,0.7,14,0.25,0,0.0,0,1.0,1.0,1.0,1.0,0.25,0.4,0.75,0.14,0.459793
params_7547,5,1.5,2.0,0.5,0.7,21,0.25,0,0.0,0,1.0,1.0,1.0,1.0,0.25,0.4,0.75,0.14,0.459793
params_7548,5,1.5,2.0,0.5,0.7,30,0.25,0,0.0,0,1.0,1.0,1.0,1.0,0.25,0.4,0.75,0.14,0.459793
params_7617,5,2.0,0.5,0.5,0.3,7,0.25,0,0.0,0,1.0,1.0,1.0,1.0,0.25,0.4,0.75,0.14,0.459793
params_7618,5,2.0,0.5,0.5,0.3,14,0.25,0,0.0,0,1.0,1.0,1.0,1.0,0.25,0.4,0.75,0.14,0.459793
params_7619,5,2.0,0.5,0.5,0.3,21,0.25,0,0.0,0,1.0,1.0,1.0,1.0,0.25,0.4,0.75,0.14,0.459793
params_7620,5,2.0,0.5,0.5,0.3,30,0.25,0,0.0,0,1.0,1.0,1.0,1.0,0.25,0.4,0.75,0.14,0.459793
params_7621,5,2.0,0.5,0.5,0.5,7,0.25,0,0.0,0,1.0,1.0,1.0,1.0,0.25,0.4,0.75,0.14,0.459793
params_7622,5,2.0,0.5,0.5,0.5,14,0.25,0,0.0,0,1.0,1.0,1.0,1.0,0.25,0.4,0.75,0.14,0.459793
params_7623,5,2.0,0.5,0.5,0.5,21,0.25,0,0.0,0,1.0,1.0,1.0,1.0,0.25,0.4,0.75,0.14,0.459793
params_7624,5,2.0,0.5,0.5,0.5,30,0.25,0,0.0,0,1.0,1.0,1.0,1.0,0.25,0.4,0.75,0.14,0.459793
params_7625,5,2.0,0.5,0.5,0.7,7,0.25,0,0.0,0,1.0,1.0,1.0,1.0,0.25,0.4,0.75,0.14,0.459793
params_7626,5,2.0,0.5,0.5,0.7,14,0.25,0,0.0,0,1.0,1.0,1.0,1.0,0.25,0.4,0.75,0.14,0.459793
params_7627,5,2.0,0.5,0.5,0.7,21,0.25,0,0.0,0,1.0,1.0,1.0,1.0,0.25,0.4,0.75,0.14,0.459793
params_7628,5,2.0,0.5,0.5,0.7,30,0.25,0,0.0,0,1.0,1.0,1.0,1.0,0.25,0.4,0.75,0.14,0.459793
params_7697,5,2.0,1.0,0.5,0.3,7,0.25,0,0.0,0,1.0,1.0,1.0,1.0,0.25,0.4,0.75,0.14,0.459793
params_7698,5,2.0,1.0,0.5,0.3,14,0.25,0,0.0,0,1.0,1.0,1.0,1.0,0.25,0.4,0.75,0.14,0.459793
params_7699,5,2.0,1.0,0.5,0.3,21,0.25,0,0.0,0,1.0,1.0,1.0,1.0,0.25,0.4,0.75,0.14,0.459793
params_7700,5,2.0,1.0,0.5,0.3,30,0.25,0,0.0,0,1.0,1.0,1.0,1.0,0.25,0.4,0.75,0.14,0.459793
params_7701,5,2.0,1.0,0.5,0.5,7,0.25,0,0.0,0,1.0,1.0,1.0,1.0,0.25,0.4,0.75,0.14,0.459793
params_7702,5,2.0,1.0,0.5,0.5,14,0.25,0,0.0,0,1.0,1.0,1.0,1.0,0.25,0.4,0.75,0.14,0.459793
params_7703,5,2.0,1.0,0.5,0.5,21,0.25,0,0.0,0,1.0,1.0,1.0,1.0,0.25,0.4,0.75,0.14,0.459793
params_7704,5,2.0,1.0,0.5,0.5,30,0.25,0,0.0,0,1.0,1.0,1.0,1.0,0.25,0.4,0.75,0.14,0.459793
params_7705,5,2.0,1.0,0.5,0.7,7,0.25,0,0.0,0,1.0,1.0,1.0,1.0,0.25,0.4,0.75,0.14,0.459793
params_7706,5,2.0,1.0,0.5,0.7,14,0.25,0,0.0,0,1.0,1.0,1.0,1.0,0.25,0.4,0.75,0.14,0.459793
params_7707,5,2.0,1.0,0.5,0.7,21,0.25,0,0.0,0,1.0,1.0,1.0,1.0,0.25,0.4,0.75,0.14,0.459793
params_7708,5,2.0,1.0,0.5,0.7,30,0.25,0,0.0,0,1.0,1.0,1.0,1.0,0.25,0.4,0.75,0.14,0.459793
params_7777,5,2.0,1.2,0.5,0.3,7,0.25,0,0.0,0,1.0,1.0,1.0,1.0,0.25,0.4,0.75,0.14,0.459793
params_7778,5,2.0,1.2,0.5,0.3,14,0.25,0,0.0,0,1.0,1.0,1.0,1.0,0.25,0.4,0.75,0.14,0.459793
params_7779,5,2.0,1.2,0.5,0.3,21,0.25,0,0.0,0,1.0,1.0,1.0,1.0,0.25,0.4,0.75,0.14,0.459793
params_7780,5,2.0,1.2,0.5,0.3,30,0.25,0,0.0,0,1.0,1.0,1.0,1.0,0.25,0.4,0.75,0.14,0.459793
params_7781,5,2.0,1.2,0.5,0.5,7,0.25,0,0.0,0,1.0,1.0,1.0,1.0,0.25,0.4,0.75,0.14,0.459793
params_7782,5,2.0,1.2,0.5,0.5,14,0.25,0,0.0,0,1.0,1.0,1.0,1.0,0.25,0.4,0.75,0.14,0.459793
params_7783,5,2.0,1.2,0.5,0.5,21,0.25,0,0.0,0,1.0,1.0,1.0,1.0,0.25,0.4,0.75,0.14,0.459793
params_7784,5,2.0,1.2,0.5,0.5,30,0.25,0,0.0,0,1.0,1.0,1.0,1.0,0.25,0.4,0.75,0.14,0.459793
params_7785,5,2.0,1.2,0.5,0.7,7,0.25,0,0.0,0,1.0,1.0,1.0,1.0,0.25,0.4,0.75,0.14,0.459793
params_7786,5,2.0,1.2,0.5,0.7,14,0.25,0,0.0,0,1.0,1.0,1.0,1.0,0.25,0.4,0.75,0.14,0.459793
params_7787,5,2.0,1.2,0.5,0.7,21,0.25,0,0.0,0,1.0,1.0,1.0,1.0,0.25,0.4,0.75,0.14,0.459793
params_7788,5,2.0,1.2,0.5,0.7,30,0.25,0,0.0,0,1.0,1.0,1.0,1.0,0.25,0.4,0.75,0.14,0.459793
params_7857,5,2.0,1.5,0.5,0.3,7,0.25,0,0.0,0,1.0,1.0,1.0,1.0,0.25,0.4,0.75,0.14,0.459793
params_7858,5,2.0,1.5,0.5,0.3,14,0.25,0,0.0,0,1.0,1.0,1.0,1.0,0.25,0.4,0.75,0.14,0.459793
params_7859,5,2.0,1.5,0.5,0.3,21,0.25,0,0.0,0,1.0,1.0,1.0,1.0,0.25,0.4,0.75,0.14,0.459793
params_7860,5,2.0,1.5,0.5,0.3,30,0.25,0,0.0,0,1.0,1.0,1.0,1.0,0.25,0.4,0.75,0.14,0.459793
params_7861,5,2.0,1.5,0.5,0.5,7,0.25,0,0.0,0,1.0,1.0,1.0,1.0,0.25,0.4,0.75,0.14,0.459793
params_7862,5,2.0,1.5,0.5,0.5,14,0.25,0,0.0,0,1.0,1.0,1.0,1.0,0.25,0.4,0.75,0.14,0.459793
params_7863,5,2.0,1.5,0.5,0.5,21,0.25,0,0.0,0,1.0,1.0,1.0,1.0,0.25,0.4,0.75,0.14,0.459793
params_7864,5,2.0,1.5,0.5,0.5,30,0.25,0,0.0,0,1.0,1.0,1.0,1.0,0.25,0.4,0.75,0.14,0.459793
params_7865,5,2.0,1.5,0.5,0.7,7,0.25,0,0.0,0,1.0,1.0,1.0,1.0,0.25,0.4,0.75,0.14,0.459793
params_7866,5,2.0,1.5,0.5,0.7,14,0.25,0,0.0,0,1.0,1.0,1.0,1.0,0.25,0.4,0.75,0.14,0.459793
params_7867,5,2.0,1.5,0.5,0.7,21,0.25,0,0.0,0,1.0,1.0,1.0,1.0,0.25,0.4,0.75,0.14,0.459793
params_7868,5,2.0,1.5,0.5,0.7,30,0.25,0,0.0,0,1.0,1.0,1.0,1.0,0.25,0.4,0.75,0.14,0.459793
params_7937,5,2.0,2.0,0.5,0.3,7,0.25,0,0.0,0,1.0,1.0,1.0,1.0,0.25,0.4,0.75,0.14,0.459793
params_7938,5,2.0,2.0,0.5,0.3,14,0.25,0,0.0,0,1.0,1.0,1.0,1.0,0.25,0.4,0.75,0.14,0.459793
params_7939,5,2.0,2.0,0.5,0.3,21,0.25,0,0.0,0,1.0,1.0,1.0,1.0,0.25,0.4,0.75,0.14,0.459793
params_7940,5,2.0,2.0,0.5,0.3,30,0.25,0,0.0,0,1.0,1.0,1.0,1.0,0.25,0.4,0.75,0.14,0.459793
params_7941,5,2.0,2.0,0.5,0.5,7,0.25,0,0.0,0,1.0,1.0,1.0,1.0,0.25,0.4,0.75,0.14,0.459793
params_7942,5,2.0,2.0,0.5,0.5,14,0.25,0,0.0,0,1.0,1.0,1.0,1.0,0.25,0.4,0.75,0.14,0.459793
params_7943,5,2.0,2.0,0.5,0.5,21,0.25,0,0.0,0,1.0,1.0,1.0,1.0,0.25,0.4,0.75,0.14,0.459793
params_7944,5,2.0,2.0,0.5,0.5,30,0.25,0,0.0,0,1.0,1.0,1.0,1.0,0.25,0.4,0.75,0.14,0.459793
params_7945,5,2.0,2.0,0.5,0.7,7,0.25,0,0.0,0,1.0,1.0,1.0,1.0,0.25,0.4,0.75,0.14,0.459793
params_7946,5,2.0,2.0,0.5,0.7,14,0.25,0,0.0,0,1.0,1.0,1.0,1.0,0.25,0.4,0.75,0.14,0.459793
params_7947,5,2.0,2.0,0.5,0.7,21,0.25,0,0.0,0,1.0,1.0,1.0,1.0,0.25,0.4,0.75,0.14,0.459793
params_7948,5,2.0,2.0,0.5,0.7,30,0.25,0,0.0,0,1.0,1.0,1.0,1.0,0.25,0.4,0.75,0.14,0.459793
params_1201,2,1.5,0.5,0.3,0.3,7,0.25,0,0.0,0,1.0,1.0,1.0,1.0,0.25,0.4,0.75,0.18,0.455333
params_1202,2,1.5,0.5,0.3,0.3,14,0.25,0,0.0,0,1.0,1.0,1.0,1.0,0.25,0.4,0.75,0.18,0.455333
params_1203,2,1.5,0.5,0.3,0.3,21,0.25,0,0.0,0,1.0,1.0,1.0,1.0,0.25,0.4,0.75,0.18,0.455333
params_1204,2,1.5,0.5,0.3,0.3,30,0.25,0,0.0,0,1.0,1.0,1.0,1.0,0.25,0.4,0.75,0.18,0.455333
params_1205,2,1.5,0.5,0.3,0.5,7,0.25,0,0.0,0,1.0,1.0,1.0,1.0,0.25,0.4,0.75,0.18,0.455333
params_1206,2,1.5,0.5,0.3,0.5,14,0.25,0,0.0,0,1.0,1.0,1.0,1.0,0.25,0.4,0.75,0.18,0.455333
params_1207,2,1.5,0.5,0.3,0.5,21,0.25,0,0.0,0,1.0,1.0,1.0,1.0,0.25,0.4,0.75,0.18,0.455333
params_1208,2,1.5,0.5,0.3,0.5,30,0.25,0,0.0,0,1.0,1.0,1.0,1.0,0.25,0.4,0.75,0.18,0.455333
params_1209,2,1.5,0.5,0.3,0.7,7,0.25,0,0.0,0,1.0,1.0,1.0,1.0,0.25,0.4,0.75,0.18,0.455333
params_1210,2,1.5,0.5,0.3,0.7,14,0.25,0,0.0,0,1.0,1.0,1.0,1.0,0.25,0.4,0.75,0.18,0.455333
params_1211,2,1.5,0.5,0.3,0.7,21,0.25,0,0.0,0,1.0,1.0,1.0,1.0,0.25,0.4,0.75,0.18,0.455333
params_1212,2,1.5,0.5,0.3,0.7,30,0.25,0,0.0,0,1.0,1.0,1.0,1.0,0.25,0.4,0.75,0.18,0.455333
params_1281,2,1.5,1.0,0.3,0.3,7,0.25,0,0.0,0,1.0,1.0,1.0,1.0,0.25,0.4,0.75,0.18,0.455333
params_1282,2,1.5,1.0,0.3,0.3,14,0.25,0,0.0,0,1.0,1.0,1.0,1.0,0.25,0.4,0.75,0.18,0.455333
params_1283,2,1.5,1.0,0.3,0.3,21,0.25,0,0.0,0,1.0,1.0,1.0,1.0,0.25,0.4,0.75,0.18,0.455333
params_1284,2,1.5,1.0,0.3,0.3,30,0.25,0,0.0,0,1.0,1.0,1.0,1.0,0.25,0.4,0.75,0.18,0.455333
params_1285,2,1.5,1.0,0.3,0.5,7,0.25,0,0.0,0,1.0,1.0,1.0,1.0,0.25,0.4,0.75,0.18,0.455333
params_1286,2,1.5,1.0,0.3,0.5,14,0.25,0,0.0,0,1.0,1.0,1.0,1.0,0.25,0.4,0.75,0.18,0.455333
params_1287,2,1.5,1.0,0.3,0.5,21,0.25,0,0.0,0,1.0,1.0,1.0,1.0,0.25,0.4,0.75,0.18,0.455333
params_1288,2,1.5,1.0,0.3,0.5,30,0.25,0,0.0,0,1.0,1.0,1.0,1.0,0.25,0.4,0.75,0.18,0.455333
params_1289,2,1.5,1.0,0.3,0.7,7,0.25,0,0.0,0,1.0,1.0,1.0,1.0,0.25,0.4,0.75,0.18,0.455333
params_1290,2,1.5,1.0,0.3,0.7,14,0.25,0,0.0,0,1.0,1.0,1.0,1.0,0.25,0.4,0.75,0.18,0.455333
params_1291,2,1.5,1.0,0.3,0.7,21,0.25,0,0.0,0,1.0,1.0,1.0,1.0,0.25,0.4,0.75,0.18,0.455333
params_1292,2,1.5,1.0,0.3,0.7,30,0.25,0,0.0,0,1.0,1.0,1.0,1.0,0.25,0.4,0.75,0.18,0.455333
params_1361,2,1.5,1.2,0.3,0.3,7,0.25,0,0.0,0,1.0,1.0,1.0,1.0,0.25,0.4,0.75,0.18,0.455333
params_1362,2,1.5,1.2,0.3,0.3,14,0.25,0,0.0,0,1.0,1.0,1.0,1.0,0.25,0.4,0.75,0.18,0.455333
params_1363,2,1.5,1.2,0.3,0.3,21,0.25,0,0.0,0,1.0,1.0,1.0,1.0,0.25,0.4,0.75,0.18,0.455333
params_1364,2,1.5,1.2,0.3,0.3,30,0.25,0,0.0,0,1.0,1.0,1.0,1.0,0.25,0.4,0.75,0.18,0.455333
params_1365,2,1.5,1.2,0.3,0.5,7,0.25,0,0.0,0,1.0,1.0,1.0,1.0,0.25,0.4,0.75,0.18,0.455333
params_1366,2,1.5,1.2,0.3,0.5,14,0.25,0,0.0,0,1.0,1.0,1.0,1.0,0.25,0.4,0.75,0.18,0.455333
params_1367,2,1.5,1.2,0.3,0.5,21,0.25,0,0.0,0,1.0,1.0,1.0,1.0,0.25,0.4,0.75,0.18,0.455333
params_1368,2,1.5,1.2,0.3,0.5,30,0.25,0,0.0,0,1.0,1.0,1.0,1.0,0.25,0.4,0.75,0.18,0.455333
params_1369,2,1.5,1.2,0.3,0.7,7,0.25,0,0.0,0,1.0,1.0,1.0,1.0,0.25,0.4,0.75,0.18,0.455333
params_1370,2,1.5,1.2,0.3,0.7,14,0.25,0,0.0,0,1.0,1.0,1.0,1.0,0.25,0.4,0.75,0.18,0.455333
params_1371,2,1.5,1.2,0.3,0.7,21,0.25,0,0.0,0,1.0,1.0,1.0,1.0,0.25,0.4,0.75,0.18,0.455333
params_1372,2,1.5,1.2,0.3,0.7,30,0.25,0,0.0,0,1.0,1.0,1.0,1.0,0.25,0.4,0.75,0.18,0.455333
params_1441,2,1.5,1.5,0.3,0.3,7,0.25,0,0.0,0,1.0,1.0,1.0,1.0,0.25,0.4,0.75,0.18,0.455333
params_1442,2,1.5,1.5,0.3,0.3,14,0.25,0,0.0,0,1.0,1.0,1.0,1.0,0.25,0.4,0.75,0.18,0.455333
params_1443,2,1.5,1.5,0.3,0.3,21,0.25,0,0.0,0,1.0,1.0,1.0,1.0,0.25,0.4,0.75,0.18,0.455333
params_1444,2,1.5,1.5,0.3,0.3,30,0.25,0,0.0,0,1.0,1.0,1.0,1.0,0.25,0.4,0.75,0.18,0.455333
params_1445,2,1.5,1.5,0.3,0.5,7,0.25,0,0.0,0,1.0,1.0,1.0,1.0,0.25,0.4,0.75,0.18,0.455333
params_1446,2,1.5,1.5,0.3,0.5,14,0.25,0,0.0,0,1.0,1.0,1.0,1.0,0.25,0.4,0.75,0.18,0.455333
params_1447,2,1.5,1.5,0.3,0.5,21,0.25,0,0.0,0,1.0,1.0,1.0,1.0,0.25,0.4,0.75,0.18,0.455333
params_1448,2,1.5,1.5,0.3,0.5,30,0.25,0,0.0,0,1.0,1.0,1.0,1.0,0.25,0.4,0.75,0.18,0.455333
params_1449,2,1.5,1.5,0.3,0.7,7,0.25,0,0.0,0,1.0,1.0,1.0,1.0,0.25,0.4,0.75,0.18,0.455333
params_1450,2,1.5,1.5,0.3,0.7,14,0.25,0,0.0,0,1.0,1.0,1.0,1.0,0.25,0.4,0.75,0.18,0.455333
params_1451,2,1.5,1.5,0.3,0.7,21,0.25,0,0.0,0,1.0,1.0,1.0,1.0,0.25,0.4,0.75,0.18,0.455333
params_1452,2,1.5,1.5,0.3,0.7,30,0.25,0,0.0,0,1.0,1.0,1.0,1.0,0.25,0.4,0.75,0.18,0.455333
params_1521,2,1.5,2.0,0.3,0.3,7,0.25,0,0.0,0,1.0,1.0,1.0,1.0,0.25,0.4,0.75,0.18,0.455333
params_1522,2,1.5,2.0,0.3,0.3,14,0.25,0,0.0,0,1.0,1.0,1.0,1.0,0.25,0.4,0.75,0.18,0.455333
params_1523,2,1.5,2.0,0.3,0.3,21,0.25,0,0.0,0,1.0,1.0,1.0,1.0,0.25,0.4,0.75,0.18,0.455333
params_1524,2,1.5,2.0,0.3,0.3,30,0.25,0,0.0,0,1.0,1.0,1.0,1.0,0.25,0.4,0.75,0.18,0.455333
params_1525,2,1.5,2.0,0.3,0.5,7,0.25,0,0.0,0,1.0,1.0,1.0,1.0,0.25,0.4,0.75,0.18,0.455333
params_1526,2,1.5,2.0,0.3,0.5,14,0.25,0,0.0,0,1.0,1.0,1.0,1.0,0.25,0.4,0.75,0.18,0.455333
params_1527,2,1.5,2.0,0.3,0.5,21,0.25,0,0.0,0,1.0,1.0,1.0,1.0,0.25,0.4,0.75,0.18,0.455333
params_1528,2,1.5,2.0,0.3,0.5,30,0.25,0,0.0,0,1.0,1.0,1.0,1.0,0.25,0.4,0.75,0.18,0.455333
params_1529,2,1.5,2.0,0.3,0.7,7,0.25,0,0.0,0,1.0,1.0,1.0,1.0,0.25,0.4,0.75,0.18,0.455333
params_1530,2,1.5,2.0,0.3,0.7,14,0.25,0,0.0,0,1.0,1.0,1.0,1.0,0.25,0.4,0.75,0.18,0.455333
params_1531,2,1.5,2.0,0.3,0.7,21,0.25,0,0.0,0,1.0,1.0,1.0,1.0,0.25,0.4,0.75,0.18,0.455333
params_1532,2,1.5,2.0,0.3,0.7,30,0.25,0,0.0,0,1.0,1.0,1.0,1.0,0.25,0.4,0.75,0.18,0.455333
params_1601,2,2.0,0.5,0.3,0.3,7,0.25,0,0.0,0,1.0,1.0,1.0,1.0,0.25,0.4,0.75,0.18,0.455333
params_1602,2,2.0,0.5,0.3,0.3,14,0.25,0,0.0,0,1.0,1.0,1.0,1.0,0.25,0.4,0.75,0.18,0.455333
params_1603,2,2.0,0.5,0.3,0.3,21,0.25,0,0.0,0,1.0,1.0,1.0,1.0,0.25,0.4,0.75,0.18,0.455333
params_1604,2,2.0,0.5,0.3,0.3,30,0.25,0,0.0,0,1.0,1.0,1.0,1.0,0.25,0.4,0.75,0.18,0.455333
params_1605,2,2.0,0.5,0.3,0.5,7,0.25,0,0.0,0,1.0,1.0,1.0,1.0,0.25,0.4,0.75,0.18,0.455333
params_1606,2,2.0,0.5,0.3,0.5,14,0.25,0,0.0,0,1.0,1.0,1.0,1.0,0.25,0.4,0.75,0.18,0.455333
params_1607,2,2.0,0.5,0.3,0.5,21,0.25,0,0.0,0,1.0,1.0,1.0,1.0,0.25,0.4,0.75,0.18,0.455333
params_1608,2,2.0,0.5,0.3,0.5,30,0.25,0,0.0,0,1.0,1.0,1.0,1.0,0.25,0.4,0.75,0.18,0.455333
params_1609,2,2.0,0.5,0.3,0.7,7,0.25,0,0.0,0,1.0,1.0,1.0,1.0,0.25,0.4,0.75,0.18,0.455333
params_1610,2,2.0,0.5,0.3,0.7,14,0.25,0,0.0,0,1.0,1.0,1.0,1.0,0.25,0.4,0.75,0.18,0.455333
params_1611,2,2.0,0.5,0.3,0.7,21,0.25,0,0.0,0,1.0,1.0,1.0,1.0,0.25,0.4,0.75,0.18,0.455333
params_1612,2,2.0,0.5,0.3,0.7,30,0.25,0,0.0,0,1.0,1.0,1.0,1.0,0.25,0.4,0.75,0.18,0.455333
params_1681,2,2.0,1.0,0.3,0.3,7,0.25,0,0.0,0,1.0,1.0,1.0,1.0,0.25,0.4,0.75,0.18,0.455333
params_1682,2,2.0,1.0,0.3,0.3,14,0.25,0,0.0,0,1.0,1.0,1.0,1.0,0.25,0.4,0.75,0.18,0.455333
params_1683,2,2.0,1.0,0.3,0.3,21,0.25,0,0.0,0,1.0,1.0,1.0,1.0,0.25,0.4,0.75,0.18,0.455333
params_1684,2,2.0,1.0,0.3,0.3,30,0.25,0,0.0,0,1.0,1.0,1.0,1.0,0.25,0.4,0.75,0.18,0.455333
params_1685,2,2.0,1.0,0.3,0.5,7,0.25,0,0.0,0,1.0,1.0,1.0,1.0,0.25,0.4,0.75,0.18,0.455333
params_1686,2,2.0,1.0,0.3,0.5,14,0.25,0,0.0,0,1.0,1.0,1.0,1.0,0.25,0.4,0.75,0.18,0.455333
params_1687,2,2.0,1.0,0.3,0.5,21,0.25,0,0.0,0,1.0,1.0,1.0,1.0,0.25,0.4,0.75,0.18,0.455333
params_1688,2,2.0,1.0,0.3,0.5,30,0.25,0,0.0,0,1.0,1.0,1.0,1.0,0.25,0.4,0.75,0.18,0.455333
params_1689,2,2.0,1.0,0.3,0.7,7,0.25,0,0.0,0,1.0,1.0,1.0,1.0,0.25,0.4,0.75,0.18,0.455333
params_1690,2,2.0,1.0,0.3,0.7,14,0.25,0,0.0,0,1.0,1.0,1.0,1.0,0.25,0.4,0.75,0.18,0.455333
params_1691,2,2.0,1.0,0.3,0.7,21,0.25,0,0.0,0,1.0,1.0,1.0,1.0,0.25,0.4,0.75,0.18,0.455333
params_1692,2,2.0,1.0,0.3,0.7,30,0.25,0,0.0,0,1.0,1.0,1.0,1.0,0.25,0.4,0.75,0.18,0.455333
params_1761,2,2.0,1.2,0.3,0.3,7,0.25,0,0.0,0,1.0,1.0,1.0,1.0,0.25,0.4,0.75,0.18,0.455333
params_1762,2,2.0,1.2,0.3,0.3,14,0.25,0,0.0,0,1.0,1.0,1.0,1.0,0.25,0.4,0.75,0.18,0.455333
params_1763,2,2.0,1.2,0.3,0.3,21,0.25,0,0.0,0,1.0,1.0,1.0,1.0,0.25,0.4,0.75,0.18,0.455333
params_1764,2,2.0,1.2,0.3,0.3,30,0.25,0,0.0,0,1.0,1.0,1.0,1.0,0.25,0.4,0.75,0.18,0.455333
params_1765,2,2.0,1.2,0.3,0.5,7,0.25,0,0.0,0,1.0,1.0,1.0,1.0,0.25,0.4,0.75,0.18,0.455333
params_1766,2,2.0,1.2,0.3,0.5,14,0.25,0,0.0,0,1.0,1.0,1.0,1.0,0.25,0.4,0.75,0.18,0.455333
params_1767,2,2.0,1.2,0.3,0.5,21,0.25,0,0.0,0,1.0,1.0,1.0,1.0,0.25,0.4,0.75,0.18,0.455333
params_1768,2,2.0,1.2,0.3,0.5,30,0.25,0,0.0,0,1.0,1.0,1.0,1.0,0.25,0.4,0.75,0.18,0.455333
params_1769,2,2.0,1.2,0.3,0.7,7,0.25,0,0.0,0,1.0,1.0,1.0,1.0,0.25,0.4,0.75,0.18,0.455333
params_1770,2,2.0,1.2,0.3,0.7,14,0.25,0,0.0,0,1.0,1.0,1.0,1.0,0.25,0.4,0.75,0.18,0.455333
params_1771,2,2.0,1.2,0.3,0.7,21,0.25,0,0.0,0,1.0,1.0,1.0,1.0,0.25,0.4,0.75,0.18,0.455333
params_1772,2,2.0,1.2,0.3,0.7,30,0.25,0,0.0,0,1.0,1.0,1.0,1.0,0.25,0.4,0.75,0.18,0.455333
params_1841,2,2.0,1.5,0.3,0.3,7,0.25,0,0.0,0,1.0,1.0,1.0,1.0,0.25,0.4,0.75,0.18,0.455333
params_1842,2,2.0,1.5,0.3,0.3,14,0.25,0,0.0,0,1.0,1.0,1.0,1.0,0.25,0.4,0.75,0.18,0.455333
params_1843,2,2.0,1.5,0.3,0.3,21,0.25,0,0.0,0,1.0,1.0,1.0,1.0,0.25,0.4,0.75,0.18,0.455333
params_1844,2,2.0,1.5,0.3,0.3,30,0.25,0,0.0,0,1.0,1.0,1.0,1.0,0.25,0.4,0.75,0.18,0.455333
params_1845,2,2.0,1.5,0.3,0.5,7,0.25,0,0.0,0,1.0,1.0,1.0,1.0,0.25,0.4,0.75,0.18,0.455333
params_1846,2,2.0,1.5,0.3,0.5,14,0.25,0,0.0,0,1.0,1.0,1.0,1.0,0.25,0.4,0.75,0.18,0.455333
params_1847,2,2.0,1.5,0.3,0.5,21,0.25,0,0.0,0,1.0,1.0,1.0,1.0,0.25,0.4,0.75,0.18,0.455333
params_1848,2,2.0,1.5,0.3,0.5,30,0.25,0,0.0,0,1.0,1.0,1.0,1.0,0.25,0.4,0.75,0.18,0.455333
params_1849,2,2.0,1.5,0.3,0.7,7,0.25,0,0.0,0,1.0,1.0,1.0,1.0,0.25,0.4,0.75,0.18,0.455333
params_1850,2,2.0,1.5,0.3,0.7,14,0.25,0,0.0,0,1.0,1.0,1.0,1.0,0.25,0.4,0.75,0.18,0.455333
params_1851,2,2.0,1.5,0.3,0.7,21,0.25,0,0.0,0,1.0,1.0,1.0,1.0,0.25,0.4,0.75,0.18,0.455333
params_1852,2,2.0,1.5,0.3,0.7,30,0.25,0,0.0,0,1.0,1.0,1.0,1.0,0.25,0.4,0.75,0.18,0.455333
params_1921,2,2.0,2.0,0.3,0.3,7,0.25,0,0.0,0,1.0,1.0,1.0,1.0,0.25,0.4,0.75,0.18,0.455333
params_1922,2,2.0,2.0,0.3,0.3,14,0.25,0,0.0,0,1.0,1.0,1.0,1.0,0.25,0.4,0.75,0.18,0.455333
params_1923,2,2.0,2.0,0.3,0.3,21,0.25,0,0.0,0,1.0,1.0,1.0,1.0,0.25,0.4,0.75,0.18,0.455333
params_1924,2,2.0,2.0,0.3,0.3,30,0.25,0,0.0,0,1.0,1.0,1.0,1.0,0.25,0.4,0.75,0.18,0.455333
params_1925,2,2.0,2.0,0.3,0.5,7,0.25,0,0.0,0,1.0,1.0,1.0,1.0,0.25,0.4,0.75,0.18,0.455333
params_1926,2,2.0,2.0,0.3,0.5,14,0.25,0,0.0,0,1.0,1.0,1.0,1.0,0.25,0.4,0.75,0.18,0.455333
params_1927,2,2.0,2.0,0.3,0.5,21,0.25,0,0.0,0,1.0,1.0,1.0,1.0,0.25,0.4,0.75,0.18,0.455333
params_1928,2,2.0,2.0,0.3,0.5,30,0.25,0,0.0,0,1.0,1.0,1.0,1.0,0.25,0.4,0.75,0.18,0.455333
params_1929,2,2.0,2.0,0.3,0.7,7,0.25,0,0.0,0,1.0,1.0,1.0,1.0,0.25,0.4,0.75,0.18,0.455333
params_1930,2,2.0,2.0,0.3,0.7,14,0.25,0,0.0,0,1.0,1.0,1.0,1.0,0.25,0.4,0.75,0.18,0.455333
params_1931,2,2.0,2.0,0.3,0.7,21,0.25,0,0.0,0,1.0,1.0,1.0,1.0,0.25,0.4,0.75,0.18,0.455333
params_1932,2,2.0,2.0,0.3,0.7,30,0.25,0,0.0,0,1.0,1.0,1.0,1.0,0.25,0.4,0.75,0.18,0.455333
params_3201,3,1.5,0.5,0.3,0.3,7,0.25,0,0.0,0,1.0,1.0,1.0,1.0,0.25,0.4,0.75,0.18,0.455333
params_3202,3,1.5,0.5,0.3,0.3,14,0.25,0,0.0,0,1.0,1.0,1.0,1.0,0.25,0.4,0.75,0.18,0.455333
params_3203,3,1.5,0.5,0.3,0.3,21,0.25,0,0.0,0,1.0,1.0,1.0,1.0,0.25,0.4,0.75,0.18,0.455333
params_3204,3,1.5,0.5,0.3,0.3,30,0.25,0,0.0,0,1.0,1.0,1.0,1.0,0.25,0.4,0.75,0.18,0.455333
params_3205,3,1.5,0.5,0.3,0.5,7,0.25,0,0.0,0,1.0,1.0,1.0,1.0,0.25,0.4,0.75,0.18,0.455333
params_3206,3,1.5,0.5,0.3,0.5,14,0.25,0,0.0,0,1.0,1.0,1.0,1.0,0.25,0.4,0.75,0.18,0.455333
params_3207,3,1.5,0.5,0.3,0.5,21,0.25,0,0.0,0,1.0,1.0,1.0,1.0,0.25,0.4,0.75,0.18,0.455333
params_3208,3,1.5,0.5,0.3,0.5,30,0.25,0,0.0,0,1.0,1.0,1.0,1.0,0.25,0.4,0.75,0.18,0.455333
params_3209,3,1.5,0.5,0.3,0.7,7,0.25,0,0.0,0,1.0,1.0,1.0,1.0,0.25,0.4,0.75,0.18,0.455333
params_3210,3,1.5,0.5,0.3,0.7,14,0.25,0,0.0,0,1.0,1.0,1.0,1.0,0.25,0.4,0.75,0.18,0.455333
params_3211,3,1.5,0.5,0.3,0.7,21,0.25,0,0.0,0,1.0,1.0,1.0,1.0,0.25,0.4,0.75,0.18,0.455333
params_3212,3,1.5,0.5,0.3,0.7,30,0.25,0,0.0,0,1.0,1.0,1.0,1.0,0.25,0.4,0.75,0.18,0.455333
params_3281,3,1.5,1.0,0.3,0.3,7,0.25,0,0.0,0,1.0,1.0,1.0,1.0,0.25,0.4,0.75,0.18,0.455333
params_3282,3,1.5,1.0,0.3,0.3,14,0.25,0,0.0,0,1.0,1.0,1.0,1.0,0.25,0.4,0.75,0.18,0.455333
params_3283,3,1.5,1.0,0.3,0.3,21,0.25,0,0.0,0,1.0,1.0,1.0,1.0,0.25,0.4,0.75,0.18,0.455333
params_3284,3,1.5,1.0,0.3,0.3,30,0.25,0,0.0,0,1.0,1.0,1.0,1.0,0.25,0.4,0.75,0.18,0.455333
params_3285,3,1.5,1.0,0.3,0.5,7,0.25,0,0.0,0,1.0,1.0,1.0,1.0,0.25,0.4,0.75,0.18,0.455333
params_3286,3,1.5,1.0,0.3,0.5,14,0.25,0,0.0,0,1.0,1.0,1.0,1.0,0.25,0.4,0.75,0.18,0.455333
params_3287,3,1.5,1.0,0.3,0.5,21,0.25,0,0.0,0,1.0,1.0,1.0,1.0,0.25,0.4,0.75,0.18,0.455333
params_3288,3,1.5,1.0,0.3,0.5,30,0.25,0,0.0,0,1.0,1.0,1.0,1.0,0.25,0.4,0.75,0.18,0.455333
params_3289,3,1.5,1.0,0.3,0.7,7,0.25,0,0.0,0,1.0,1.0,1.0,1.0,0.25,0.4,0.75,0.18,0.455333
params_3290,3,1.5,1.0,0.3,0.7,14,0.25,0,0.0,0,1.0,1.0,1.0,1.0,0.25,0.4,0.75,0.18,0.455333
params_3291,3,1.5,1.0,0.3,0.7,21,0.25,0,0.0,0,1.0,1.0,1.0,1.0,0.25,0.4,0.75,0.18,0.455333
params_3292,3,1.5,1.0,0.3,0.7,30,0.25,0,0.0,0,1.0,1.0,1.0,1.0,0.25,0.4,0.75,0.18,0.455333
params_3361,3,1.5,1.2,0.3,0.3,7,0.25,0,0.0,0,1.0,1.0,1.0,1.0,0.25,0.4,0.75,0.18,0.455333
params_3362,3,1.5,1.2,0.3,0.3,14,0.25,0,0.0,0,1.0,1.0,1.0,1.0,0.25,0.4,0.75,0.18,0.455333
params_3363,3,1.5,1.2,0.3,0.3,21,0.25,0,0.0,0,1.0,1.0,1.0,1.0,0.25,0.4,0.75,0.18,0.455333
params_3364,3,1.5,1.2,0.3,0.3,30,0.25,0,0.0,0,1.0,1.0,1.0,1.0,0.25,0.4,0.75,0.18,0.455333
params_3365,3,1.5,1.2,0.3,0.5,7,0.25,0,0.0,0,1.0,1.0,1.0,1.0,0.25,0.4,0.75,0.18,0.455333
params_3366,3,1.5,1.2,0.3,0.5,14,0.25,0,0.0,0,1.0,1.0,1.0,1.0,0.25,0.4,0.75,0.18,0.455333
params_3367,3,1.5,1.2,0.3,0.5,21,0.25,0,0.0,0,1.0,1.0,1.0,1.0,0.25,0.4,0.75,0.18,0.455333
params_3368,3,1.5,1.2,0.3,0.5,30,0.25,0,0.0,0,1.0,1.0,1.0,1.0,0.25,0.4,0.75,0.18,0.455333
params_3369,3,1.5,1.2,0.3,0.7,7,0.25,0,0.0,0,1.0,1.0,1.0,1.0,0.25,0.4,0.75,0.18,0.455333
params_3370,3,1.5,1.2,0.3,0.7,14,0.25,0,0.0,0,1.0,1.0,1.0,1.0,0.25,0.4,0.75,0.18,0.455333
params_3371,3,1.5,1.2,0.3,0.7,21,0.25,0,0.0,0,1.0,1.0,1.0,1.0,0.25,0.4,0.75,0.18,0.455333
params_3372,3,1.5,1.2,0.3,0.7,30,0.25,0,0.0,0,1.0,1.0,1.0,1.0,0.25,0.4,0.75,0.18,0.455333
params_3441,3,1.5,1.5,0.3,0.3,7,0.25,0,0.0,0,1.0,1.0,1.0,1.0,0.25,0.4,0.75,0.18,0.455333
params_3442,3,1.5,1.5,0.3,0.3,14,0.25,0,0.0,0,1.0,1.0,1.0,1.0,0.25,0.4,0.75,0.18,0.455333
params_3443,3,1.5,1.5,0.3,0.3,21,0.25,0,0.0,0,1.0,1.0,1.0,1.0,0.25,0.4,0.75,0.18,0.455333
params_3444,3,1.5,1.5,0.3,0.3,30,0.25,0,0.0,0,1.0,1.0,1.0,1.0,0.25,0.4,0.75,0.18,0.455333
params_3445,3,1.5,1.5,0.3,0.5,7,0.25,0,0.0,0,1.0,1.0,1.0,1.0,0.25,0.4,0.75,0.18,0.455333
params_3446,3,1.5,1.5,0.3,0.5,14,0.25,0,0.0,0,1.0,1.0,1.0,1.0,0.25,0.4,0.75,0.18,0.455333
params_3447,3,1.5,1.5,0.3,0.5,21,0.25,0,0.0,0,1.0,1.0,1.0,1.0,0.25,0.4,0.75,0.18,0.455333
params_3448,3,1.5,1.5,0.3,0.5,30,0.25,0,0.0,0,1.0,1.0,1.0,1.0,0.25,0.4,0.75,0.18,0.455333
params_3449,3,1.5,1.5,0.3,0.7,7,0.25,0,0.0,0,1.0,1.0,1.0,1.0,0.25,0.4,0.75,0.18,0.455333
params_3450,3,1.5,1.5,0.3,0.7,14,0.25,0,0.0,0,1.0,1.0,1.0,1.0,0.25,0.4,0.75,0.18,0.455333
params_3451,3,1.5,1.5,0.3,0.7,21,0.25,0,0.0,0,1.0,1.0,1.0,1.0,0.25,0.4,0.75,0.18,0.455333
params_3452,3,1.5,1.5,0.3,0.7,30,0.25,0,0.0,0,1.0,1.0,1.0,1.0,0.25,0.4,0.75,0.18,0.455333
params_3521,3,1.5,2.0,0.3,0.3,7,0.25,0,0.0,0,1.0,1.0,1.0,1.0,0.25,0.4,0.75,0.18,0.455333
params_3522,3,1.5,2.0,0.3,0.3,14,0.25,0,0.0,0,1.0,1.0,1.0,1.0,0.25,0.4,0.75,0.18,0.455333
params_3523,3,1.5,2.0,0.3,0.3,21,0.25,0,0.0,0,1.0,1.0,1.0,1.0,0.25,0.4,0.75,0.18,0.455333
params_3524,3,1.5,2.0,0.3,0.3,30,0.25,0,0.0,0,1.0,1.0,1.0,1.0,0.25,0.4,0.75,0.18,0.455333
params_3525,3,1.5,2.0,0.3,0.5,7,0.25,0,0.0,0,1.0,1.0,1.0,1.0,0.25,0.4,0.75,0.18,0.455333
params_3526,3,1.5,2.0,0.3,0.5,14,0.25,0,0.0,0,1.0,1.0,1.0,1.0,0.25,0.4,0.75,0.18,0.455333
params_3527,3,1.5,2.0,0.3,0.5,21,0.25,0,0.0,0,1.0,1.0,1.0,1.0,0.25,0.4,0.75,0.18,0.455333
params_3528,3,1.5,2.0,0.3,0.5,30,0.25,0,0.0,0,1.0,1.0,1.0,1.0,0.25,0.4,0.75,0.18,0.455333
params_3529,3,1.5,2.0,0.3,0.7,7,0.25,0,0.0,0,1.0,1.0,1.0,1.0,0.25,0.4,0.75,0.18,0.455333
params_3530,3,1.5,2.0,0.3,0.7,14,0.25,0,0.0,0,1.0,1.0,1.0,1.0,0.25,0.4,0.75,0.18,0.455333
params_3531,3,1.5,2.0,0.3,0.7,21,0.25,0,0.0,0,1.0,1.0,1.0,1.0,0.25,0.4,0.75,0.18,0.455333
params_3532,3,1.5,2.0,0.3,0.7,30,0.25,0,0.0,0,1.0,1.0,1.0,1.0,0.25,0.4,0.75,0.18,0.455333
params_3601,3,2.0,0.5,0.3,0.3,7,0.25,0,0.0,0,1.0,1.0,1.0,1.0,0.25,0.4,0.75,0.18,0.455333
params_3602,3,2.0,0.5,0.3,0.3,14,0.25,0,0.0,0,1.0,1.0,1.0,1.0,0.25,0.4,0.75,0.18,0.455333
params_3603,3,2.0,0.5,0.3,0.3,21,0.25,0,0.0,0,1.0,1.0,1.0,1.0,0.25,0.4,0.75,0.18,0.455333
params_3604,3,2.0,0.5,0.3,0.3,30,0.25,0,0.0,0,1.0,1.0,1.0,1.0,0.25,0.4,0.75,0.18,0.455333
params_3605,3,2.0,0.5,0.3,0.5,7,0.25,0,0.0,0,1.0,1.0,1.0,1.0,0.25,0.4,0.75,0.18,0.455333
params_3606,3,2.0,0.5,0.3,0.5,14,0.25,0,0.0,0,1.0,1.0,1.0,1.0,0.25,0.4,0.75,0.18,0.455333
params_3607,3,2.0,0.5,0.3,0.5,21,0.25,0,0.0,0,1.0,1.0,1.0,1.0,0.25,0.4,0.75,0.18,0.455333
params_3608,3,2.0,0.5,0.3,0.5,30,0.25,0,0.0,0,1.0,1.0,1.0,1.0,0.25,0.4,0.75,0.18,0.455333
params_3609,3,2.0,0.5,0.3,0.7,7,0.25,0,0.0,0,1.0,1.0,1.0,1.0,0.25,0.4,0.75,0.18,0.455333
params_3610,3,2.0,0.5,0.3,0.7,14,0.25,0,0.0,0,1.0,1.0,1.0,1.0,0.25,0.4,0.75,0.18,0.455333
params_3611,3,2.0,0.5,0.3,0.7,21,0.25,0,0.0,0,1.0,1.0,1.0,1.0,0.25,0.4,0.75,0.18,0.455333
params_3612,3,2.0,0.5,0.3,0.7,30,0.25,0,0.0,0,1.0,1.0,1.0,1.0,0.25,0.4,0.75,0.18,0.455333
params_3681,3,2.0,1.0,0.3,0.3,7,0.25,0,0.0,0,1.0,1.0,1.0,1.0,0.25,0.4,0.75,0.18,0.455333
params_3682,3,2.0,1.0,0.3,0.3,14,0.25,0,0.0,0,1.0,1.0,1.0,1.0,0.25,0.4,0.75,0.18,0.455333
params_3683,3,2.0,1.0,0.3,0.3,21,0.25,0,0.0,0,1.0,1.0,1.0,1.0,0.25,0.4,0.75,0.18,0.455333
params_3684,3,2.0,1.0,0.3,0.3,30,0.25,0,0.0,0,1.0,1.0,1.0,1.0,0.25,0.4,0.75,0.18,0.455333
params_3685,3,2.0,1.0,0.3,0.5,7,0.25,0,0.0,0,1.0,1.0,1.0,1.0,0.25,0.4,0.75,0.18,0.455333
params_3686,3,2.0,1.0,0.3,0.5,14,0.25,0,0.0,0,1.0,1.0,1.0,1.0,0.25,0.4,0.75,0.18,0.455333
params_3687,3,2.0,1.0,0.3,0.5,21,0.25,0,0.0,0,1.0,1.0,1.0,1.0,0.25,0.4,0.75,0.18,0.455333
params_3688,3,2.0,1.0,0.3,0.5,30,0.25,0,0.0,0,1.0,1.0,1.0,1.0,0.25,0.4,0.75,0.18,0.455333
params_3689,3,2.0,1.0,0.3,0.7,7,0.25,0,0.0,0,1.0,1.0,1.0,1.0,0.25,0.4,0.75,0.18,0.455333
params_3690,3,2.0,1.0,0.3,0.7,14,0.25,0,0.0,0,1.0,1.0,1.0,1.0,0.25,0.4,0.75,0.18,0.455333
params_3691,3,2.0,1.0,0.3,0.7,21,0.25,0,0.0,0,1.0,1.0,1.0,1.0,0.25,0.4,0.75,0.18,0.455333
params_3692,3,2.0,1.0,0.3,0.7,30,0.25,0,0.0,0,1.0,1.0,1.0,1.0,0.25,0.4,0.75,0.18,0.455333
params_3761,3,2.0,1.2,0.3,0.3,7,0.25,0,0.0,0,1.0,1.0,1.0,1.0,0.25,0.4,0.75,0.18,0.455333
params_3762,3,2.0,1.2,0.3,0.3,14,0.25,0,0.0,0,1.0,1.0,1.0,1.0,0.25,0.4,0.75,0.18,0.455333
params_3763,3,2.0,1.2,0.3,0.3,21,0.25,0,0.0,0,1.0,1.0,1.0,1.0,0.25,0.4,0.75,0.18,0.455333
params_3764,3,2.0,1.2,0.3,0.3,30,0.25,0,0.0,0,1.0,1.0,1.0,1.0,0.25,0.4,0.75,0.18,0.455333
params_3765,3,2.0,1.2,0.3,0.5,7,0.25,0,0.0,0,1.0,1.0,1.0,1.0,0.25,0.4,0.75,0.18,0.455333
params_3766,3,2.0,1.2,0.3,0.5,14,0.25,0,0.0,0,1.0,1.0,1.0,1.0,0.25,0.4,0.75,0.18,0.455333
params_3767,3,2.0,1.2,0.3,0.5,21,0.25,0,0.0,0,1.0,1.0,1.0,1.0,0.25,0.4,0.75,0.18,0.455333
params_3768,3,2.0,1.2,0.3,0.5,30,0.25,0,0.0,0,1.0,1.0,1.0,1.0,0.25,0.4,0.75,0.18,0.455333
params_3769,3,2.0,1.2,0.3,0.7,7,0.25,0,0.0,0,1.0,1.0,1.0,1.0,0.25,0.4,0.75,0.18,0.455333
params_3770,3,2.0,1.2,0.3,0.7,14,0.25,0,0.0,0,1.0,1.0,1.0,1.0,0.25,0.4,0.75,0.18,0.455333
params_3771,3,2.0,1.2,0.3,0.7,21,0.25,0,0.0,0,1.0,1.0,1.0,1.0,0.25,0.4,0.75,0.18,0.455333
params_3772,3,2.0,1.2,0.3,0.7,30,0.25,0,0.0,0,1.0,1.0,1.0,1.0,0.25,0.4,0.75,0.18,0.455333
params_3841,3,2.0,1.5,0.3,0.3,7,0.25,0,0.0,0,1.0,1.0,1.0,1.0,0.25,0.4,0.75,0.18,0.455333
params_3842,3,2.0,1.5,0.3,0.3,14,0.25,0,0.0,0,1.0,1.0,1.0,1.0,0.25,0.4,0.75,0.18,0.455333
params_3843,3,2.0,1.5,0.3,0.3,21,0.25,0,0.0,0,1.0,1.0,1.0,1.0,0.25,0.4,0.75,0.18,0.455333
params_3844,3,2.0,1.5,0.3,0.3,30,0.25,0,0.0,0,1.0,1.0,1.0,1.0,0.25,0.4,0.75,0.18,0.455333
params_3845,3,2.0,1.5,0.3,0.5,7,0.25,0,0.0,0,1.0,1.0,1.0,1.0,0.25,0.4,0.75,0.18,0.455333
params_3846,3,2.0,1.5,0.3,0.5,14,0.25,0,0.0,0,1.0,1.0,1.0,1.0,0.25,0.4,0.75,0.18,0.455333
params_3847,3,2.0,1.5,0.3,0.5,21,0.25,0,0.0,0,1.0,1.0,1.0,1.0,0.25,0.4,0.75,0.18,0.455333
params_3848,3,2.0,1.5,0.3,0.5,30,0.25,0,0.0,0,1.0,1.0,1.0,1.0,0.25,0.4,0.75,0.18,0.455333
params_3849,3,2.0,1.5,0.3,0.7,7,0.25,0,0.0,0,1.0,1.0,1.0,1.0,0.25,0.4,0.75,0.18,0.455333
params_3850,3,2.0,1.5,0.3,0.7,14,0.25,0,0.0,0,1.0,1.0,1.0,1.0,0.25,0.4,0.75,0.18,0.455333
params_3851,3,2.0,1.5,0.3,0.7,21,0.25,0,0.0,0,1.0,1.0,1.0,1.0,0.25,0.4,0.75,0.18,0.455333
params_3852,3,2.0,1.5,0.3,0.7,30,0.25,0,0.0,0,1.0,1.0,1.0,1.0,0.25,0.4,0.75,0.18,0.455333
params_3921,3,2.0,2.0,0.3,0.3,7,0.25,0,0.0,0,1.0,1.0,1.0,1.0,0.25,0.4,0.75,0.18,0.455333
params_3922,3,2.0,2.0,0.3,0.3,14,0.25,0,0.0,0,1.0,1.0,1.0,1.0,0.25,0.4,0.75,0.18,0.455333
params_3923,3,2.0,2.0,0.3,0.3,21,0.25,0,0.0,0,1.0,1.0,1.0,1.0,0.25,0.4,0.75,0.18,0.455333
params_3924,3,2.0,2.0,0.3,0.3,30,0.25,0,0.0,0,1.0,1.0,1.0,1.0,0.25,0.4,0.75,0.18,0.455333
params_3925,3,2.0,2.0,0.3,0.5,7,0.25,0,0.0,0,1.0,1.0,1.0,1.0,0.25,0.4,0.75,0.18,0.455333
params_3926,3,2.0,2.0,0.3,0.5,14,0.25,0,0.0,0,1.0,1.0,1.0,1.0,0.25,0.4,0.75,0.18,0.455333
params_3927,3,2.0,2.0,0.3,0.5,21,0.25,0,0.0,0,1.0,1.0,1.0,1.0,0.25,0.4,0.75,0.18,0.455333
params_3928,3,2.0,2.0,0.3,0.5,30,0.25,0,0.0,0,1.0,1.0,1.0,1.0,0.25,0.4,0.75,0.18,0.455333
params_3929,3,2.0,2.0,0.3,0.7,7,0.25,0,0.0,0,1.0,1.0,1.0,1.0,0.25,0.4,0.75,0.18,0.455333
params_3930,3,2.0,2.0,0.3,0.7,14,0.25,0,0.0,0,1.0,1.0,1.0,1.0,0.25,0.4,0.75,0.18,0.455333
params_3931,3,2.0,2.0,0.3,0.7,21,0.25,0,0.0,0,1.0,1.0,1.0,1.0,0.25,0.4,0.75,0.18,0.455333
params_3932,3,2.0,2.0,0.3,0.7,30,0.25,0,0.0,0,1.0,1.0,1.0,1.0,0.25,0.4,0.75,0.18,0.455333
params_5201,4,1.5,0.5,0.3,0.3,7,0.25,0,0.0,0,1.0,1.0,1.0,1.0,0.25,0.4,0.75,0.18,0.455333
params_5202,4,1.5,0.5,0.3,0.3,14,0.25,0,0.0,0,1.0,1.0,1.0,1.0,0.25,0.4,0.75,0.18,0.455333
params_5203,4,1.5,0.5,0.3,0.3,21,0.25,0,0.0,0,1.0,1.0,1.0,1.0,0.25,0.4,0.75,0.18,0.455333
params_5204,4,1.5,0.5,0.3,0.3,30,0.25,0,0.0,0,1.0,1.0,1.0,1.0,0.25,0.4,0.75,0.18,0.455333
params_5205,4,1.5,0.5,0.3,0.5,7,0.25,0,0.0,0,1.0,1.0,1.0,1.0,0.25,0.4,0.75,0.18,0.455333
params_5206,4,1.5,0.5,0.3,0.5,14,0.25,0,0.0,0,1.0,1.0,1.0,1.0,0.25,0.4,0.75,0.18,0.455333
params_5207,4,1.5,0.5,0.3,0.5,21,0.25,0,0.0,0,1.0,1.0,1.0,1.0,0.25,0.4,0.75,0.18,0.455333
params_5208,4,1.5,0.5,0.3,0.5,30,0.25,0,0.0,0,1.0,1.0,1.0,1.0,0.25,0.4,0.75,0.18,0.455333
params_5209,4,1.5,0.5,0.3,0.7,7,0.25,0,0.0,0,1.0,1.0,1.0,1.0,0.25,0.4,0.75,0.18,0.455333
params_5210,4,1.5,0.5,0.3,0.7,14,0.25,0,0.0,0,1.0,1.0,1.0,1.0,0.25,0.4,0.75,0.18,0.455333
params_5211,4,1.5,0.5,0.3,0.7,21,0.25,0,0.0,0,1.0,1.0,1.0,1.0,0.25,0.4,0.75,0.18,0.455333
params_5212,4,1.5,0.5,0.3,0.7,30,0.25,0,0.0,0,1.0,1.0,1.0,1.0,0.25,0.4,0.75,0.18,0.455333
params_5281,4,1.5,1.0,0.3,0.3,7,0.25,0,0.0,0,1.0,1.0,1.0,1.0,0.25,0.4,0.75,0.18,0.455333
params_5282,4,1.5,1.0,0.3,0.3,14,0.25,0,0.0,0,1.0,1.0,1.0,1.0,0.25,0.4,0.75,0.18,0.455333
params_5283,4,1.5,1.0,0.3,0.3,21,0.25,0,0.0,0,1.0,1.0,1.0,1.0,0.25,0.4,0.75,0.18,0.455333
params_5284,4,1.5,1.0,0.3,0.3,30,0.25,0,0.0,0,1.0,1.0,1.0,1.0,0.25,0.4,0.75,0.18,0.455333
params_5285,4,1.5,1.0,0.3,0.5,7,0.25,0,0.0,0,1.0,1.0,1.0,1.0,0.25,0.4,0.75,0.18,0.455333
params_5286,4,1.5,1.0,0.3,0.5,14,0.25,0,0.0,0,1.0,1.0,1.0,1.0,0.25,0.4,0.75,0.18,0.455333
params_5287,4,1.5,1.0,0.3,0.5,21,0.25,0,0.0,0,1.0,1.0,1.0,1.0,0.25,0.4,0.75,0.18,0.455333
params_5288,4,1.5,1.0,0.3,0.5,30,0.25,0,0.0,0,1.0,1.0,1.0,1.0,0.25,0.4,0.75,0.18,0.455333
params_5289,4,1.5,1.0,0.3,0.7,7,0.25,0,0.0,0,1.0,1.0,1.0,1.0,0.25,0.4,0.75,0.18,0.455333
params_5290,4,1.5,1.0,0.3,0.7,14,0.25,0,0.0,0,1.0,1.0,1.0,1.0,0.25,0.4,0.75,0.18,0.455333
params_5291,4,1.5,1.0,0.3,0.7,21,0.25,0,0.0,0,1.0,1.0,1.0,1.0,0.25,0.4,0.75,0.18,0.455333
params_5292,4,1.5,1.0,0.3,0.7,30,0.25,0,0.0,0,1.0,1.0,1.0,1.0,0.25,0.4,0.75,0.18,0.455333
params_5361,4,1.5,1.2,0.3,0.3,7,0.25,0,0.0,0,1.0,1.0,1.0,1.0,0.25,0.4,0.75,0.18,0.455333
params_5362,4,1.5,1.2,0.3,0.3,14,0.25,0,0.0,0,1.0,1.0,1.0,1.0,0.25,0.4,0.75,0.18,0.455333
params_5363,4,1.5,1.2,0.3,0.3,21,0.25,0,0.0,0,1.0,1.0,1.0,1.0,0.25,0.4,0.75,0.18,0.455333
params_5364,4,1.5,1.2,0.3,0.3,30,0.25,0,0.0,0,1.0,1.0,1.0,1.0,0.25,0.4,0.75,0.18,0.455333
params_5365,4,1.5,1.2,0.3,0.5,7,0.25,0,0.0,0,1.0,1.0,1.0,1.0,0.25,0.4,0.75,0.18,0.455333
params_5366,4,1.5,1.2,0.3,0.5,14,0.25,0,0.0,0,1.0,1.0,1.0,1.0,0.25,0.4,0.75,0.18,0.455333
params_5367,4,1.5,1.2,0.3,0.5,21,0.25,0,0.0,0,1.0,1.0,1.0,1.0,0.25,0.4,0.75,0.18,0.455333
params_5368,4,1.5,1.2,0.3,0.5,30,0.25,0,0.0,0,1.0,1.0,1.0,1.0,0.25,0.4,0.75,0.18,0.455333
params_5369,4,1.5,1.2,0.3,0.7,7,0.25,0,0.0,0,1.0,1.0,1.0,1.0,0.25,0.4,0.75,0.18,0.455333
params_5370,4,1.5,1.2,0.3,0.7,14,0.25,0,0.0,0,1.0,1.0,1.0,1.0,0.25,0.4,0.75,0.18,0.455333
params_5371,4,1.5,1.2,0.3,0.7,21,0.25,0,0.0,0,1.0,1.0,1.0,1.0,0.25,0.4,0.75,0.18,0.455333
params_5372,4,1.5,1.2,0.3,0.7,30,0.25,0,0.0,0,1.0,1.0,1.0,1.0,0.25,0.4,0.75,0.18,0.455333
params_5441,4,1.5,1.5,0.3,0.3,7,0.25,0,0.0,0,1.0,1.0,1.0,1.0,0.25,0.4,0.75,0.18,0.455333
params_5442,4,1.5,1.5,0.3,0.3,14,0.25,0,0.0,0,1.0,1.0,1.0,1.0,0.25,0.4,0.75,0.18,0.455333
params_5443,4,1.5,1.5,0.3,0.3,21,0.25,0,0.0,0,1.0,1.0,1.0,1.0,0.25,0.4,0.75,0.18,0.455333
params_5444,4,1.5,1.5,0.3,0.3,30,0.25,0,0.0,0,1.0,1.0,1.0,1.0,0.25,0.4,0.75,0.18,0.455333
params_5445,4,1.5,1.5,0.3,0.5,7,0.25,0,0.0,0,1.0,1.0,1.0,1.0,0.25,0.4,0.75,0.18,0.455333
params_5446,4,1.5,1.5,0.3,0.5,14,0.25,0,0.0,0,1.0,1.0,1.0,1.0,0.25,0.4,0.75,0.18,0.455333
params_5447,4,1.5,1.5,0.3,0.5,21,0.25,0,0.0,0,1.0,1.0,1.0,1.0,0.25,0.4,0.75,0.18,0.455333
params_5448,4,1.5,1.5,0.3,0.5,30,0.25,0,0.0,0,1.0,1.0,1.0,1.0,0.25,0.4,0.75,0.18,0.455333
params_5449,4,1.5,1.5,0.3,0.7,7,0.25,0,0.0,0,1.0,1.0,1.0,1.0,0.25,0.4,0.75,0.18,0.455333
params_5450,4,1.5,1.5,0.3,0.7,14,0.25,0,0.0,0,1.0,1.0,1.0,1.0,0.25,0.4,0.75,0.18,0.455333
params_5451,4,1.5,1.5,0.3,0.7,21,0.25,0,0.0,0,1.0,1.0,1.0,1.0,0.25,0.4,0.75,0.18,0.455333
params_5452,4,1.5,1.5,0.3,0.7,30,0.25,0,0.0,0,1.0,1.0,1.0,1.0,0.25,0.4,0.75,0.18,0.455333
params_5521,4,1.5,2.0,0.3,0.3,7,0.25,0,0.0,0,1.0,1.0,1.0,1.0,0.25,0.4,0.75,0.18,0.455333
params_5522,4,1.5,2.0,0.3,0.3,14,0.25,0,0.0,0,1.0,1.0,1.0,1.0,0.25,0.4,0.75,0.18,0.455333
params_5523,4,1.5,2.0,0.3,0.3,21,0.25,0,0.0,0,1.0,1.0,1.0,1.0,0.25,0.4,0.75,0.18,0.455333
params_5524,4,1.5,2.0,0.3,0.3,30,0.25,0,0.0,0,1.0,1.0,1.0,1.0,0.25,0.4,0.75,0.18,0.455333
params_5525,4,1.5,2.0,0.3,0.5,7,0.25,0,0.0,0,1.0,1.0,1.0,1.0,0.25,0.4,0.75,0.18,0.455333
params_5526,4,1.5,2.0,0.3,0.5,14,0.25,0,0.0,0,1.0,1.0,1.0,1.0,0.25,0.4,0.75,0.18,0.455333
params_5527,4,1.5,2.0,0.3,0.5,21,0.25,0,0.0,0,1.0,1.0,1.0,1.0,0.25,0.4,0.75,0.18,0.455333
params_5528,4,1.5,2.0,0.3,0.5,30,0.25,0,0.0,0,1.0,1.0,1.0,1.0,0.25,0.4,0.75,0.18,0.455333
params_5529,4,1.5,2.0,0.3,0.7,7,0.25,0,0.0,0,1.0,1.0,1.0,1.0,0.25,0.4,0.75,0.18,0.455333
params_5530,4,1.5,2.0,0.3,0.7,14,0.25,0,0.0,0,1.0,1.0,1.0,1.0,0.25,0.4,0.75,0.18,0.455333
params_5531,4,1.5,2.0,0.3,0.7,21,0.25,0,0.0,0,1.0,1.0,1.0,1.0,0.25,0.4,0.75,0.18,0.455333
params_5532,4,1.5,2.0,0.3,0.7,30,0.25,0,0.0,0,1.0,1.0,1.0,1.0,0.25,0.4,0.75,0.18,0.455333
params_5601,4,2.0,0.5,0.3,0.3,7,0.25,0,0.0,0,1.0,1.0,1.0,1.0,0.25,0.4,0.75,0.18,0.455333
params_5602,4,2.0,0.5,0.3,0.3,14,0.25,0,0.0,0,1.0,1.0,1.0,1.0,0.25,0.4,0.75,0.18,0.455333
params_5603,4,2.0,0.5,0.3,0.3,21,0.25,0,0.0,0,1.0,1.0,1.0,1.0,0.25,0.4,0.75,0.18,0.455333
params_5604,4,2.0,0.5,0.3,0.3,30,0.25,0,0.0,0,1.0,1.0,1.0,1.0,0.25,0.4,0.75,0.18,0.455333
params_5605,4,2.0,0.5,0.3,0.5,7,0.25,0,0.0,0,1.0,1.0,1.0,1.0,0.25,0.4,0.75,0.18,0.455333
params_5606,4,2.0,0.5,0.3,0.5,14,0.25,0,0.0,0,1.0,1.0,1.0,1.0,0.25,0.4,0.75,0.18,0.455333
params_5607,4,2.0,0.5,0.3,0.5,21,0.25,0,0.0,0,1.0,1.0,1.0,1.0,0.25,0.4,0.75,0.18,0.455333
params_5608,4,2.0,0.5,0.3,0.5,30,0.25,0,0.0,0,1.0,1.0,1.0,1.0,0.25,0.4,0.75,0.18,0.455333
params_5609,4,2.0,0.5,0.3,0.7,7,0.25,0,0.0,0,1.0,1.0,1.0,1.0,0.25,0.4,0.75,0.18,0.455333
params_5610,4,2.0,0.5,0.3,0.7,14,0.25,0,0.0,0,1.0,1.0,1.0,1.0,0.25,0.4,0.75,0.18,0.455333
params_5611,4,2.0,0.5,0.3,0.7,21,0.25,0,0.0,0,1.0,1.0,1.0,1.0,0.25,0.4,0.75,0.18,0.455333
params_5612,4,2.0,0.5,0.3,0.7,30,0.25,0,0.0,0,1.0,1.0,1.0,1.0,0.25,0.4,0.75,0.18,0.455333
params_5681,4,2.0,1.0,0.3,0.3,7,0.25,0,0.0,0,1.0,1.0,1.0,1.0,0.25,0.4,0.75,0.18,0.455333
params_5682,4,2.0,1.0,0.3,0.3,14,0.25,0,0.0,0,1.0,1.0,1.0,1.0,0.25,0.4,0.75,0.18,0.455333
params_5683,4,2.0,1.0,0.3,0.3,21,0.25,0,0.0,0,1.0,1.0,1.0,1.0,0.25,0.4,0.75,0.18,0.455333
params_5684,4,2.0,1.0,0.3,0.3,30,0.25,0,0.0,0,1.0,1.0,1.0,1.0,0.25,0.4,0.75,0.18,0.455333
params_5685,4,2.0,1.0,0.3,0.5,7,0.25,0,0.0,0,1.0,1.0,1.0,1.0,0.25,0.4,0.75,0.18,0.455333
params_5686,4,2.0,1.0,0.3,0.5,14,0.25,0,0.0,0,1.0,1.0,1.0,1.0,0.25,0.4,0.75,0.18,0.455333
params_5687,4,2.0,1.0,0.3,0.5,21,0.25,0,0.0,0,1.0,1.0,1.0,1.0,0.25,0.4,0.75,0.18,0.455333
params_5688,4,2.0,1.0,0.3,0.5,30,0.25,0,0.0,0,1.0,1.0,1.0,1.0,0.25,0.4,0.75,0.18,0.455333
params_5689,4,2.0,1.0,0.3,0.7,7,0.25,0,0.0,0,1.0,1.0,1.0,1.0,0.25,0.4,0.75,0.18,0.455333
params_5690,4,2.0,1.0,0.3,0.7,14,0.25,0,0.0,0,1.0,1.0,1.0,1.0,0.25,0.4,0.75,0.18,0.455333
params_5691,4,2.0,1.0,0.3,0.7,21,0.25,0,0.0,0,1.0,1.0,1.0,1.0,0.25,0.4,0.75,0.18,0.455333
params_5692,4,2.0,1.0,0.3,0.7,30,0.25,0,0.0,0,1.0,1.0,1.0,1.0,0.25,0.4,0.75,0.18,0.455333
params_5761,4,2.0,1.2,0.3,0.3,7,0.25,0,0.0,0,1.0,1.0,1.0,1.0,0.25,0.4,0.75,0.18,0.455333
params_5762,4,2.0,1.2,0.3,0.3,14,0.25,0,0.0,0,1.0,1.0,1.0,1.0,0.25,0.4,0.75,0.18,0.455333
params_5763,4,2.0,1.2,0.3,0.3,21,0.25,0,0.0,0,1.0,1.0,1.0,1.0,0.25,0.4,0.75,0.18,0.455333
params_5764,4,2.0,1.2,0.3,0.3,30,0.25,0,0.0,0,1.0,1.0,1.0,1.0,0.25,0.4,0.75,0.18,0.455333
params_5765,4,2.0,1.2,0.3,0.5,7,0.25,0,0.0,0,1.0,1.0,1.0,1.0,0.25,0.4,0.75,0.18,0.455333
params_5766,4,2.0,1.2,0.3,0.5,14,0.25,0,0.0,0,1.0,1.0,1.0,1.0,0.25,0.4,0.75,0.18,0.455333
params_5767,4,2.0,1.2,0.3,0.5,21,0.25,0,0.0,0,1.0,1.0,1.0,1.0,0.25,0.4,0.75,0.18,0.455333
params_5768,4,2.0,1.2,0.3,0.5,30,0.25,0,0.0,0,1.0,1.0,1.0,1.0,0.25,0.4,0.75,0.18,0.455333
params_5769,4,2.0,1.2,0.3,0.7,7,0.25,0,0.0,0,1.0,1.0,1.0,1.0,0.25,0.4,0.75,0.18,0.455333
params_5770,4,2.0,1.2,0.3,0.7,14,0.25,0,0.0,0,1.0,1.0,1.0,1.0,0.25,0.4,0.75,0.18,0.455333
params_5771,4,2.0,1.2,0.3,0.7,21,0.25,0,0.0,0,1.0,1.0,1.0,1.0,0.25,0.4,0.75,0.18,0.455333
params_5772,4,2.0,1.2,0.3,0.7,30,0.25,0,0.0,0,1.0,1.0,1.0,1.0,0.25,0.4,0.75,0.18,0.455333
params_5841,4,2.0,1.5,0.3,0.3,7,0.25,0,0.0,0,1.0,1.0,1.0,1.0,0.25,0.4,0.75,0.18,0.455333
params_5842,4,2.0,1.5,0.3,0.3,14,0.25,0,0.0,0,1.0,1.0,1.0,1.0,0.25,0.4,0.75,0.18,0.455333
params_5843,4,2.0,1.5,0.3,0.3,21,0.25,0,0.0,0,1.0,1.0,1.0,1.0,0.25,0.4,0.75,0.18,0.455333
params_5844,4,2.0,1.5,0.3,0.3,30,0.25,0,0.0,0,1.0,1.0,1.0,1.0,0.25,0.4,0.75,0.18,0.455333
params_5845,4,2.0,1.5,0.3,0.5,7,0.25,0,0.0,0,1.0,1.0,1.0,1.0,0.25,0.4,0.75,0.18,0.455333
params_5846,4,2.0,1.5,0.3,0.5,14,0.25,0,0.0,0,1.0,1.0,1.0,1.0,0.25,0.4,0.75,0.18,0.455333
params_5847,4,2.0,1.5,0.3,0.5,21,0.25,0,0.0,0,1.0,1.0,1.0,1.0,0.25,0.4,0.75,0.18,0.455333
params_5848,4,2.0,1.5,0.3,0.5,30,0.25,0,0.0,0,1.0,1.0,1.0,1.0,0.25,0.4,0.75,0.18,0.455333
params_5849,4,2.0,1.5,0.3,0.7,7,0.25,0,0.0,0,1.0,1.0,1.0,1.0,0.25,0.4,0.75,0.18,0.455333
params_5850,4,2.0,1.5,0.3,0.7,14,0.25,0,0.0,0,1.0,1.0,1.0,1.0,0.25,0.4,0.75,0.18,0.455333
params_5851,4,2.0,1.5,0.3,0.7,21,0.25,0,0.0,0,1.0,1.0,1.0,1.0,0.25,0.4,0.75,0.18,0.455333
params_5852,4,2.0,1.5,0.3,0.7,30,0.25,0,0.0,0,1.0,1.0,1.0,1.0,0.25,0.4,0.75,0.18,0.455333
params_5921,4,2.0,2.0,0.3,0.3,7,0.25,0,0.0,0,1.0,1.0,1.0,1.0,0.25,0.4,0.75,0.18,0.455333
params_5922,4,2.0,2.0,0.3,0.3,14,0.25,0,0.0,0,1.0,1.0,1.0,1.0,0.25,0.4,0.75,0.18,0.455333
params_5923,4,2.0,2.0,0.3,0.3,21,0.25,0,0.0,0,1.0,1.0,1.0,1.0,0.25,0.4,0.75,0.18,0.455333
params_5924,4,2.0,2.0,0.3,0.3,30,0.25,0,0.0,0,1.0,1.0,1.0,1.0,0.25,0.4,0.75,0.18,0.455333
params_5925,4,2.0,2.0,0.3,0.5,7,0.25,0,0.0,0,1.0,1.0,1.0,1.0,0.25,0.4,0.75,0.18,0.455333
params_5926,4,2.0,2.0,0.3,0.5,14,0.25,0,0.0,0,1.0,1.0,1.0,1.0,0.25,0.4,0.75,0.18,0.455333
params_5927,4,2.0,2.0,0.3,0.5,21,0.25,0,0.0,0,1.0,1.0,1.0,1.0,0.25,0.4,0.75,0.18,0.455333
params_5928,4,2.0,2.0,0.3,0.5,30,0.25,0,0.0,0,1.0,1.0,1.0,1.0,0.25,0.4,0.75,0.18,0.455333
params_5929,4,2.0,2.0,0.3,0.7,7,0.25,0,0.0,0,1.0,1.0,1.0,1.0,0.25,0.4,0.75,0.18,0.455333
params_5930,4,2.0,2.0,0.3,0.7,14,0.25,0,0.0,0,1.0,1.0,1.0,1.0,0.25,0.4,0.75,0.18,0.455333
params_5931,4,2.0,2.0,0.3,0.7,21,0.25,0,0.0,0,1.0,1.0,1.0,1.0,0.25,0.4,0.75,0.18,0.455333
params_5932,4,2.0,2.0,0.3,0.7,30,0.25,0,0.0,0,1.0,1.0,1.0,1.0,0.25,0.4,0.75,0.18,0.455333
params_7201,5,1.5,0.5,0.3,0.3,7,0.25,0,0.0,0,1.0,1.0,1.0,1.0,0.25,0.4,0.75,0.18,0.455333
params_7202,5,1.5,0.5,0.3,0.3,14,0.25,0,0.0,0,1.0,1.0,1.0,1.0,0.25,0.4,0.75,0.18,0.455333
params_7203,5,1.5,0.5,0.3,0.3,21,0.25,0,0.0,0,1.0,1.0,1.0,1.0,0.25,0.4,0.75,0.18,0.455333
params_7204,5,1.5,0.5,0.3,0.3,30,0.25,0,0.0,0,1.0,1.0,1.0,1.0,0.25,0.4,0.75,0.18,0.455333
params_7205,5,1.5,0.5,0.3,0.5,7,0.25,0,0.0,0,1.0,1.0,1.0,1.0,0.25,0.4,0.75,0.18,0.455333
params_7206,5,1.5,0.5,0.3,0.5,14,0.25,0,0.0,0,1.0,1.0,1.0,1.0,0.25,0.4,0.75,0.18,0.455333
params_7207,5,1.5,0.5,0.3,0.5,21,0.25,0,0.0,0,1.0,1.0,1.0,1.0,0.25,0.4,0.75,0.18,0.455333
params_7208,5,1.5,0.5,0.3,0.5,30,0.25,0,0.0,0,1.0,1.0,1.0,1.0,0.25,0.4,0.75,0.18,0.455333
params_7209,5,1.5,0.5,0.3,0.7,7,0.25,0,0.0,0,1.0,1.0,1.0,1.0,0.25,0.4,0.75,0.18,0.455333
params_7210,5,1.5,0.5,0.3,0.7,14,0.25,0,0.0,0,1.0,1.0,1.0,1.0,0.25,0.4,0.75,0.18,0.455333
params_7211,5,1.5,0.5,0.3,0.7,21,0.25,0,0.0,0,1.0,1.0,1.0,1.0,0.25,0.4,0.75,0.18,0.455333
params_7212,5,1.5,0.5,0.3,0.7,30,0.25,0,0.0,0,1.0,1.0,1.0,1.0,0.25,0.4,0.75,0.18,0.455333
params_7281,5,1.5,1.0,0.3,0.3,7,0.25,0,0.0,0,1.0,1.0,1.0,1.0,0.25,0.4,0.75,0.18,0.455333
params_7282,5,1.5,1.0,0.3,0.3,14,0.25,0,0.0,0,1.0,1.0,1.0,1.0,0.25,0.4,0.75,0.18,0.455333
params_7283,5,1.5,1.0,0.3,0.3,21,0.25,0,0.0,0,1.0,1.0,1.0,1.0,0.25,0.4,0.75,0.18,0.455333
params_7284,5,1.5,1.0,0.3,0.3,30,0.25,0,0.0,0,1.0,1.0,1.0,1.0,0.25,0.4,0.75,0.18,0.455333
params_7285,5,1.5,1.0,0.3,0.5,7,0.25,0,0.0,0,1.0,1.0,1.0,1.0,0.25,0.4,0.75,0.18,0.455333
params_7286,5,1.5,1.0,0.3,0.5,14,0.25,0,0.0,0,1.0,1.0,1.0,1.0,0.25,0.4,0.75,0.18,0.455333
params_7287,5,1.5,1.0,0.3,0.5,21,0.25,0,0.0,0,1.0,1.0,1.0,1.0,0.25,0.4,0.75,0.18,0.455333
params_7288,5,1.5,1.0,0.3,0.5,30,0.25,0,0.0,0,1.0,1.0,1.0,1.0,0.25,0.4,0.75,0.18,0.455333
params_7289,5,1.5,1.0,0.3,0.7,7,0.25,0,0.0,0,1.0,1.0,1.0,1.0,0.25,0.4,0.75,0.18,0.455333
params_7290,5,1.5,1.0,0.3,0.7,14,0.25,0,0.0,0,1.0,1.0,1.0,1.0,0.25,0.4,0.75,0.18,0.455333
params_7291,5,1.5,1.0,0.3,0.7,21,0.25,0,0.0,0,1.0,1.0,1.0,1.0,0.25,0.4,0.75,0.18,0.455333
params_7292,5,1.5,1.0,0.3,0.7,30,0.25,0,0.0,0,1.0,1.0,1.0,1.0,0.25,0.4,0.75,0.18,0.455333
params_7361,5,1.5,1.2,0.3,0.3,7,0.25,0,0.0,0,1.0,1.0,1.0,1.0,0.25,0.4,0.75,0.18,0.455333
params_7362,5,1.5,1.2,0.3,0.3,14,0.25,0,0.0,0,1.0,1.0,1.0,1.0,0.25,0.4,0.75,0.18,0.455333
params_7363,5,1.5,1.2,0.3,0.3,21,0.25,0,0.0,0,1.0,1.0,1.0,1.0,0.25,0.4,0.75,0.18,0.455333
params_7364,5,1.5,1.2,0.3,0.3,30,0.25,0,0.0,0,1.0,1.0,1.0,1.0,0.25,0.4,0.75,0.18,0.455333
params_7365,5,1.5,1.2,0.3,0.5,7,0.25,0,0.0,0,1.0,1.0,1.0,1.0,0.25,0.4,0.75,0.18,0.455333
params_7366,5,1.5,1.2,0.3,0.5,14,0.25,0,0.0,0,1.0,1.0,1.0,1.0,0.25,0.4,0.75,0.18,0.455333
params_7367,5,1.5,1.2,0.3,0.5,21,0.25,0,0.0,0,1.0,1.0,1.0,1.0,0.25,0.4,0.75,0.18,0.455333
params_7368,5,1.5,1.2,0.3,0.5,30,0.25,0,0.0,0,1.0,1.0,1.0,1.0,0.25,0.4,0.75,0.18,0.455333
params_7369,5,1.5,1.2,0.3,0.7,7,0.25,0,0.0,0,1.0,1.0,1.0,1.0,0.25,0.4,0.75,0.18,0.455333
params_7370,5,1.5,1.2,0.3,0.7,14,0.25,0,0.0,0,1.0,1.0,1.0,1.0,0.25,0.4,0.75,0.18,0.455333
params_7371,5,1.5,1.2,0.3,0.7,21,0.25,0,0.0,0,1.0,1.0,1.0,1.0,0.25,0.4,0.75,0.18,0.455333
params_7372,5,1.5,1.2,0.3,0.7,30,0.25,0,0.0,0,1.0,1.0,1.0,1.0,0.25,0.4,0.75,0.18,0.455333
params_7441,5,1.5,1.5,0.3,0.3,7,0.25,0,0.0,0,1.0,1.0,1.0,1.0,0.25,0.4,0.75,0.18,0.455333
params_7442,5,1.5,1.5,0.3,0.3,14,0.25,0,0.0,0,1.0,1.0,1.0,1.0,0.25,0.4,0.75,0.18,0.455333
params_7443,5,1.5,1.5,0.3,0.3,21,0.25,0,0.0,0,1.0,1.0,1.0,1.0,0.25,0.4,0.75,0.18,0.455333
params_7444,5,1.5,1.5,0.3,0.3,30,0.25,0,0.0,0,1.0,1.0,1.0,1.0,0.25,0.4,0.75,0.18,0.455333
params_7445,5,1.5,1.5,0.3,0.5,7,0.25,0,0.0,0,1.0,1.0,1.0,1.0,0.25,0.4,0.75,0.18,0.455333
params_7446,5,1.5,1.5,0.3,0.5,14,0.25,0,0.0,0,1.0,1.0,1.0,1.0,0.25,0.4,0.75,0.18,0.455333
params_7447,5,1.5,1.5,0.3,0.5,21,0.25,0,0.0,0,1.0,1.0,1.0,1.0,0.25,0.4,0.75,0.18,0.455333
params_7448,5,1.5,1.5,0.3,0.5,30,0.25,0,0.0,0,1.0,1.0,1.0,1.0,0.25,0.4,0.75,0.18,0.455333
params_7449,5,1.5,1.5,0.3,0.7,7,0.25,0,0.0,0,1.0,1.0,1.0,1.0,0.25,0.4,0.75,0.18,0.455333
params_7450,5,1.5,1.5,0.3,0.7,14,0.25,0,0.0,0,1.0,1.0,1.0,1.0,0.25,0.4,0.75,0.18,0.455333
params_7451,5,1.5,1.5,0.3,0.7,21,0.25,0,0.0,0,1.0,1.0,1.0,1.0,0.25,0.4,0.75,0.18,0.455333
params_7452,5,1.5,1.5,0.3,0.7,30,0.25,0,0.0,0,1.0,1.0,1.0,1.0,0.25,0.4,0.75,0.18,0.455333
params_7521,5,1.5,2.0,0.3,0.3,7,0.25,0,0.0,0,1.0,1.0,1.0,1.0,0.25,0.4,0.75,0.18,0.455333
params_7522,5,1.5,2.0,0.3,0.3,14,0.25,0,0.0,0,1.0,1.0,1.0,1.0,0.25,0.4,0.75,0.18,0.455333
params_7523,5,1.5,2.0,0.3,0.3,21,0.25,0,0.0,0,1.0,1.0,1.0,1.0,0.25,0.4,0.75,0.18,0.455333
params_7524,5,1.5,2.0,0.3,0.3,30,0.25,0,0.0,0,1.0,1.0,1.0,1.0,0.25,0.4,0.75,0.18,0.455333
params_7525,5,1.5,2.0,0.3,0.5,7,0.25,0,0.0,0,1.0,1.0,1.0,1.0,0.25,0.4,0.75,0.18,0.455333
params_7526,5,1.5,2.0,0.3,0.5,14,0.25,0,0.0,0,1.0,1.0,1.0,1.0,0.25,0.4,0.75,0.18,0.455333
params_7527,5,1.5,2.0,0.3,0.5,21,0.25,0,0.0,0,1.0,1.0,1.0,1.0,0.25,0.4,0.75,0.18,0.455333
params_7528,5,1.5,2.0,0.3,0.5,30,0.25,0,0.0,0,1.0,1.0,1.0,1.0,0.25,0.4,0.75,0.18,0.455333
params_7529,5,1.5,2.0,0.3,0.7,7,0.25,0,0.0,0,1.0,1.0,1.0,1.0,0.25,0.4,0.75,0.18,0.455333
params_7530,5,1.5,2.0,0.3,0.7,14,0.25,0,0.0,0,1.0,1.0,1.0,1.0,0.25,0.4,0.75,0.18,0.455333
params_7531,5,1.5,2.0,0.3,0.7,21,0.25,0,0.0,0,1.0,1.0,1.0,1.0,0.25,0.4,0.75,0.18,0.455333
params_7532,5,1.5,2.0,0.3,0.7,30,0.25,0,0.0,0,1.0,1.0,1.0,1.0,0.25,0.4,0.75,0.18,0.455333
params_7601,5,2.0,0.5,0.3,0.3,7,0.25,0,0.0,0,1.0,1.0,1.0,1.0,0.25,0.4,0.75,0.18,0.455333
params_7602,5,2.0,0.5,0.3,0.3,14,0.25,0,0.0,0,1.0,1.0,1.0,1.0,0.25,0.4,0.75,0.18,0.455333
params_7603,5,2.0,0.5,0.3,0.3,21,0.25,0,0.0,0,1.0,1.0,1.0,1.0,0.25,0.4,0.75,0.18,0.455333
params_7604,5,2.0,0.5,0.3,0.3,30,0.25,0,0.0,0,1.0,1.0,1.0,1.0,0.25,0.4,0.75,0.18,0.455333
params_7605,5,2.0,0.5,0.3,0.5,7,0.25,0,0.0,0,1.0,1.0,1.0,1.0,0.25,0.4,0.75,0.18,0.455333
params_7606,5,2.0,0.5,0.3,0.5,14,0.25,0,0.0,0,1.0,1.0,1.0,1.0,0.25,0.4,0.75,0.18,0.455333
params_7607,5,2.0,0.5,0.3,0.5,21,0.25,0,0.0,0,1.0,1.0,1.0,1.0,0.25,0.4,0.75,0.18,0.455333
params_7608,5,2.0,0.5,0.3,0.5,30,0.25,0,0.0,0,1.0,1.0,1.0,1.0,0.25,0.4,0.75,0.18,0.455333
params_7609,5,2.0,0.5,0.3,0.7,7,0.25,0,0.0,0,1.0,1.0,1.0,1.0,0.25,0.4,0.75,0.18,0.455333
params_7610,5,2.0,0.5,0.3,0.7,14,0.25,0,0.0,0,1.0,1.0,1.0,1.0,0.25,0.4,0.75,0.18,0.455333
params_7611,5,2.0,0.5,0.3,0.7,21,0.25,0,0.0,0,1.0,1.0,1.0,1.0,0.25,0.4,0.75,0.18,0.455333
params_7612,5,2.0,0.5,0.3,0.7,30,0.25,0,0.0,0,1.0,1.0,1.0,1.0,0.25,0.4,0.75,0.18,0.455333
params_7681,5,2.0,1.0,0.3,0.3,7,0.25,0,0.0,0,1.0,1.0,1.0,1.0,0.25,0.4,0.75,0.18,0.455333
params_7682,5,2.0,1.0,0.3,0.3,14,0.25,0,0.0,0,1.0,1.0,1.0,1.0,0.25,0.4,0.75,0.18,0.455333
params_7683,5,2.0,1.0,0.3,0.3,21,0.25,0,0.0,0,1.0,1.0,1.0,1.0,0.25,0.4,0.75,0.18,0.455333
params_7684,5,2.0,1.0,0.3,0.3,30,0.25,0,0.0,0,1.0,1.0,1.0,1.0,0.25,0.4,0.75,0.18,0.455333
params_7685,5,2.0,1.0,0.3,0.5,7,0.25,0,0.0,0,1.0,1.0,1.0,1.0,0.25,0.4,0.75,0.18,0.455333
params_7686,5,2.0,1.0,0.3,0.5,14,0.25,0,0.0,0,1.0,1.0,1.0,1.0,0.25,0.4,0.75,0.18,0.455333
params_7687,5,2.0,1.0,0.3,0.5,21,0.25,0,0.0,0,1.0,1.0,1.0,1.0,0.25,0.4,0.75,0.18,0.455333
params_7688,5,2.0,1.0,0.3,0.5,30,0.25,0,0.0,0,1.0,1.0,1.0,1.0,0.25,0.4,0.75,0.18,0.455333
params_7689,5,2.0,1.0,0.3,0.7,7,0.25,0,0.0,0,1.0,1.0,1.0,1.0,0.25,0.4,0.75,0.18,0.455333
params_7690,5,2.0,1.0,0.3,0.7,14,0.25,0,0.0,0,1.0,1.0,1.0,1.0,0.25,0.4,0.75,0.18,0.455333
params_7691,5,2.0,1.0,0.3,0.7,21,0.25,0,0.0,0,1.0,1.0,1.0,1.0,0.25,0.4,0.75,0.18,0.455333
params_7692,5,2.0,1.0,0.3,0.7,30,0.25,0,0.0,0,1.0,1.0,1.0,1.0,0.25,0.4,0.75,0.18,0.455333
params_7761,5,2.0,1.2,0.3,0.3,7,0.25,0,0.0,0,1.0,1.0,1.0,1.0,0.25,0.4,0.75,0.18,0.455333
params_7762,5,2.0,1.2,0.3,0.3,14,0.25,0,0.0,0,1.0,1.0,1.0,1.0,0.25,0.4,0.75,0.18,0.455333
params_7763,5,2.0,1.2,0.3,0.3,21,0.25,0,0.0,0,1.0,1.0,1.0,1.0,0.25,0.4,0.75,0.18,0.455333
params_7764,5,2.0,1.2,0.3,0.3,30,0.25,0,0.0,0,1.0,1.0,1.0,1.0,0.25,0.4,0.75,0.18,0.455333
params_7765,5,2.0,1.2,0.3,0.5,7,0.25,0,0.0,0,1.0,1.0,1.0,1.0,0.25,0.4,0.75,0.18,0.455333
params_7766,5,2.0,1.2,0.3,0.5,14,0.25,0,0.0,0,1.0,1.0,1.0,1.0,0.25,0.4,0.75,0.18,0.455333
params_7767,5,2.0,1.2,0.3,0.5,21,0.25,0,0.0,0,1.0,1.0,1.0,1.0,0.25,0.4,0.75,0.18,0.455333
params_7768,5,2.0,1.2,0.3,0.5,30,0.25,0,0.0,0,1.0,1.0,1.0,1.0,0.25,0.4,0.75,0.18,0.455333
params_7769,5,2.0,1.2,0.3,0.7,7,0.25,0,0.0,0,1.0,1.0,1.0,1.0,0.25,0.4,0.75,0.18,0.455333
params_7770,5,2.0,1.2,0.3,0.7,14,0.25,0,0.0,0,1.0,1.0,1.0,1.0,0.25,0.4,0.75,0.18,0.455333
params_7771,5,2.0,1.2,0.3,0.7,21,0.25,0,0.0,0,1.0,1.0,1.0,1.0,0.25,0.4,0.75,0.18,0.455333
params_7772,5,2.0,1.2,0.3,0.7,30,0.25,0,0.0,0,1.0,1.0,1.0,1.0,0.25,0.4,0.75,0.18,0.455333
params_7841,5,2.0,1.5,0.3,0.3,7,0.25,0,0.0,0,1.0,1.0,1.0,1.0,0.25,0.4,0.75,0.18,0.455333
params_7842,5,2.0,1.5,0.3,0.3,14,0.25,0,0.0,0,1.0,1.0,1.0,1.0,0.25,0.4,0.75,0.18,0.455333
params_7843,5,2.0,1.5,0.3,0.3,21,0.25,0,0.0,0,1.0,1.0,1.0,1.0,0.25,0.4,0.75,0.18,0.455333
params_7844,5,2.0,1.5,0.3,0.3,30,0.25,0,0.0,0,1.0,1.0,1.0,1.0,0.25,0.4,0.75,0.18,0.455333
params_7845,5,2.0,1.5,0.3,0.5,7,0.25,0,0.0,0,1.0,1.0,1.0,1.0,0.25,0.4,0.75,0.18,0.455333
params_7846,5,2.0,1.5,0.3,0.5,14,0.25,0,0.0,0,1.0,1.0,1.0,1.0,0.25,0.4,0.75,0.18,0.455333
params_7847,5,2.0,1.5,0.3,0.5,21,0.25,0,0.0,0,1.0,1.0,1.0,1.0,0.25,0.4,0.75,0.18,0.455333
params_7848,5,2.0,1.5,0.3,0.5,30,0.25,0,0.0,0,1.0,1.0,1.0,1.0,0.25,0.4,0.75,0.18,0.455333
params_7849,5,2.0,1.5,0.3,0.7,7,0.25,0,0.0,0,1.0,1.0,1.0,1.0,0.25,0.4,0.75,0.18,0.455333
params_7850,5,2.0,1.5,0.3,0.7,14,0.25,0,0.0,0,1.0,1.0,1.0,1.0,0.25,0.4,0.75,0.18,0.455333
params_7851,5,2.0,1.5,0.3,0.7,21,0.25,0,0.0,0,1.0,1.0,1.0,1.0,0.25,0.4,0.75,0.18,0.455333
params_7852,5,2.0,1.5,0.3,0.7,30,0.25,0,0.0,0,1.0,1.0,1.0,1.0,0.25,0.4,0.75,0.18,0.455333
params_7921,5,2.0,2.0,0.3,0.3,7,0.25,0,0.0,0,1.0,1.0,1.0,1.0,0.25,0.4,0.75,0.18,0.455333
params_7922,5,2.0,2.0,0.3,0.3,14,0.25,0,0.0,0,1.0,1.0,1.0,1.0,0.25,0.4,0.75,0.18,0.455333
params_7923,5,2.0,2.0,0.3,0.3,21,0.25,0,0.0,0,1.0,1.0,1.0,1.0,0.25,0.4,0.75,0.18,0.455333
params_7924,5,2.0,2.0,0.3,0.3,30,0.25,0,0.0,0,1.0,1.0,1.0,1.0,0.25,0.4,0.75,0.18,0.455333
params_7925,5,2.0,2.0,0.3,0.5,7,0.25,0,0.0,0,1.0,1.0,1.0,1.0,0.25,0.4,0.75,0.18,0.455333
params_7926,5,2.0,2.0,0.3,0.5,14,0.25,0,0.0,0,1.0,1.0,1.0,1.0,0.25,0.4,0.75,0.18,0.455333
params_7927,5,2.0,2.0,0.3,0.5,21,0.25,0,0.0,0,1.0,1.0,1.0,1.0,0.25,0.4,0.75,0.18,0.455333
params_7928,5,2.0,2.0,0.3,0.5,30,0.25,0,0.0,0,1.0,1.0,1.0,1.0,0.25,0.4,0.75,0.18,0.455333
params_7929,5,2.0,2.0,0.3,0.7,7,0.25,0,0.0,0,1.0,1.0,1.0,1.0,0.25,0.4,0.75,0.18,0.455333
params_7930,5,2.0,2.0,0.3,0.7,14,0.25,0,0.0,0,1.0,1.0,1.0,1.0,0.25,0.4,0.75,0.18,0.455333
params_7931,5,2.0,2.0,0.3,0.7,21,0.25,0,0.0,0,1.0,1.0,1.0,1.0,0.25,0.4,0.75,0.18,0.455333
params_7932,5,2.0,2.0,0.3,0.7,30,0.25,0,0.0,0,1.0,1.0,1.0,1.0,0.25,0.4,0.75,0.18,0.455333
params_1213,2,1.5,0.5,0.3,1.0,7,0.0,0,0.0,0,0,0.0,0,0,0.0,0,0.75,0.25,0.205714
params_1214,2,1.5,0.5,0.3,1.0,14,0.0,0,0.0,0,0,0.0,0,0,0.0,0,0.75,0.25,0.205714
params_1215,2,1.5,0.5,0.3,1.0,21,0.0,0,0.0,0,0,0.0,0,0,0.0,0,0.75,0.25,0.205714
params_1216,2,1.5,0.5,0.3,1.0,30,0.0,0,0.0,0,0,0.0,0,0,0.0,0,0.75,0.25,0.205714
params_1229,2,1.5,0.5,0.5,1.0,7,0.0,0,0.0,0,0,0.0,0,0,0.0,0,0.75,0.25,0.205714
params_1230,2,1.5,0.5,0.5,1.0,14,0.0,0,0.0,0,0,0.0,0,0,0.0,0,0.75,0.25,0.205714
params_1231,2,1.5,0.5,0.5,1.0,21,0.0,0,0.0,0,0,0.0,0,0,0.0,0,0.75,0.25,0.205714
params_1232,2,1.5,0.5,0.5,1.0,30,0.0,0,0.0,0,0,0.0,0,0,0.0,0,0.75,0.25,0.205714
params_1245,2,1.5,0.5,0.6,1.0,7,0.0,0,0.0,0,0,0.0,0,0,0.0,0,0.75,0.25,0.205714
params_1246,2,1.5,0.5,0.6,1.0,14,0.0,0,0.0,0,0,0.0,0,0,0.0,0,0.75,0.25,0.205714
params_1247,2,1.5,0.5,0.6,1.0,21,0.0,0,0.0,0,0,0.0,0,0,0.0,0,0.75,0.25,0.205714
params_1248,2,1.5,0.5,0.6,1.0,30,0.0,0,0.0,0,0,0.0,0,0,0.0,0,0.75,0.25,0.205714
params_1261,2,1.5,0.5,0.7,1.0,7,0.0,0,0.0,0,0,0.0,0,0,0.0,0,0.75,0.25,0.205714
params_1262,2,1.5,0.5,0.7,1.0,14,0.0,0,0.0,0,0,0.0,0,0,0.0,0,0.75,0.25,0.205714
params_1263,2,1.5,0.5,0.7,1.0,21,0.0,0,0.0,0,0,0.0,0,0,0.0,0,0.75,0.25,0.205714
params_1264,2,1.5,0.5,0.7,1.0,30,0.0,0,0.0,0,0,0.0,0,0,0.0,0,0.75,0.25,0.205714
params_1277,2,1.5,0.5,0.9,1.0,7,0.0,0,0.0,0,0,0.0,0,0,0.0,0,0.75,0.25,0.205714
params_1278,2,1.5,0.5,0.9,1.0,14,0.0,0,0.0,0,0,0.0,0,0,0.0,0,0.75,0.25,0.205714
params_1279,2,1.5,0.5,0.9,1.0,21,0.0,0,0.0,0,0,0.0,0,0,0.0,0,0.75,0.25,0.205714
params_1280,2,1.5,0.5,0.9,1.0,30,0.0,0,0.0,0,0,0.0,0,0,0.0,0,0.75,0.25,0.205714
params_1293,2,1.5,1.0,0.3,1.0,7,0.0,0,0.0,0,0,0.0,0,0,0.0,0,0.75,0.25,0.205714
params_1294,2,1.5,1.0,0.3,1.0,14,0.0,0,0.0,0,0,0.0,0,0,0.0,0,0.75,0.25,0.205714
params_1295,2,1.5,1.0,0.3,1.0,21,0.0,0,0.0,0,0,0.0,0,0,0.0,0,0.75,0.25,0.205714
params_1296,2,1.5,1.0,0.3,1.0,30,0.0,0,0.0,0,0,0.0,0,0,0.0,0,0.75,0.25,0.205714
params_1309,2,1.5,1.0,0.5,1.0,7,0.0,0,0.0,0,0,0.0,0,0,0.0,0,0.75,0.25,0.205714
params_1310,2,1.5,1.0,0.5,1.0,14,0.0,0,0.0,0,0,0.0,0,0,0.0,0,0.75,0.25,0.205714
params_1311,2,1.5,1.0,0.5,1.0,21,0.0,0,0.0,0,0,0.0,0,0,0.0,0,0.75,0.25,0.205714
params_1312,2,1.5,1.0,0.5,1.0,30,0.0,0,0.0,0,0,0.0,0,0,0.0,0,0.75,0.25,0.205714
params_1325,2,1.5,1.0,0.6,1.0,7,0.0,0,0.0,0,0,0.0,0,0,0.0,0,0.75,0.25,0.205714
params_1326,2,1.5,1.0,0.6,1.0,14,0.0,0,0.0,0,0,0.0,0,0,0.0,0,0.75,0.25,0.205714
params_1327,2,1.5,1.0,0.6,1.0,21,0.0,0,0.0,0,0,0.0,0,0,0.0,0,0.75,0.25,0.205714
params_1328,2,1.5,1.0,0.6,1.0,30,0.0,0,0.0,0,0,0.0,0,0,0.0,0,0.75,0.25,0.205714
params_1341,2,1.5,1.0,0.7,1.0,7,0.0,0,0.0,0,0,0.0,0,0,0.0,0,0.75,0.25,0.205714
params_1342,2,1.5,1.0,0.7,1.0,14,0.0,0,0.0,0,0,0.0,0,0,0.0,0,0.75,0.25,0.205714
params_1343,2,1.5,1.0,0.7,1.0,21,0.0,0,0.0,0,0,0.0,0,0,0.0,0,0.75,0.25,0.205714
params_1344,2,1.5,1.0,0.7,1.0,30,0.0,0,0.0,0,0,0.0,0,0,0.0,0,0.75,0.25,0.205714
params_1357,2,1.5,1.0,0.9,1.0,7,0.0,0,0.0,0,0,0.0,0,0,0.0,0,0.75,0.25,0.205714
params_1358,2,1.5,1.0,0.9,1.0,14,0.0,0,0.0,0,0,0.0,0,0,0.0,0,0.75,0.25,0.205714
params_1359,2,1.5,1.0,0.9,1.0,21,0.0,0,0.0,0,0,0.0,0,0,0.0,0,0.75,0.25,0.205714
params_1360,2,1.5,1.0,0.9,1.0,30,0.0,0,0.0,0,0,0.0,0,0,0.0,0,0.75,0.25,0.205714
params_1373,2,1.5,1.2,0.3,1.0,7,0.0,0,0.0,0,0,0.0,0,0,0.0,0,0.75,0.25,0.205714
params_1374,2,1.5,1.2,0.3,1.0,14,0.0,0,0.0,0,0,0.0,0,0,0.0,0,0.75,0.25,0.205714
params_1375,2,1.5,1.2,0.3,1.0,21,0.0,0,0.0,0,0,0.0,0,0,0.0,0,0.75,0.25,0.205714
params_1376,2,1.5,1.2,0.3,1.0,30,0.0,0,0.0,0,0,0.0,0,0,0.0,0,0.75,0.25,0.205714
params_1389,2,1.5,1.2,0.5,1.0,7,0.0,0,0.0,0,0,0.0,0,0,0.0,0,0.75,0.25,0.205714
params_1390,2,1.5,1.2,0.5,1.0,14,0.0,0,0.0,0,0,0.0,0,0,0.0,0,0.75,0.25,0.205714
params_1391,2,1.5,1.2,0.5,1.0,21,0.0,0,0.0,0,0,0.0,0,0,0.0,0,0.75,0.25,0.205714
params_1392,2,1.5,1.2,0.5,1.0,30,0.0,0,0.0,0,0,0.0,0,0,0.0,0,0.75,0.25,0.205714
params_1405,2,1.5,1.2,0.6,1.0,7,0.0,0,0.0,0,0,0.0,0,0,0.0,0,0.75,0.25,0.205714
params_1406,2,1.5,1.2,0.6,1.0,14,0.0,0,0.0,0,0,0.0,0,0,0.0,0,0.75,0.25,0.205714
params_1407,2,1.5,1.2,0.6,1.0,21,0.0,0,0.0,0,0,0.0,0,0,0.0,0,0.75,0.25,0.205714
params_1408,2,1.5,1.2,0.6,1.0,30,0.0,0,0.0,0,0,0.0,0,0,0.0,0,0.75,0.25,0.205714
params_1421,2,1.5,1.2,0.7,1.0,7,0.0,0,0.0,0,0,0.0,0,0,0.0,0,0.75,0.25,0.205714
params_1422,2,1.5,1.2,0.7,1.0,14,0.0,0,0.0,0,0,0.0,0,0,0.0,0,0.75,0.25,0.205714
params_1423,2,1.5,1.2,0.7,1.0,21,0.0,0,0.0,0,0,0.0,0,0,0.0,0,0.75,0.25,0.205714
params_1424,2,1.5,1.2,0.7,1.0,30,0.0,0,0.0,0,0,0.0,0,0,0.0,0,0.75,0.25,0.205714
params_1437,2,1.5,1.2,0.9,1.0,7,0.0,0,0.0,0,0,0.0,0,0,0.0,0,0.75,0.25,0.205714
params_1438,2,1.5,1.2,0.9,1.0,14,0.0,0,0.0,0,0,0.0,0,0,0.0,0,0.75,0.25,0.205714
params_1439,2,1.5,1.2,0.9,1.0,21,0.0,0,0.0,0,0,0.0,0,0,0.0,0,0.75,0.25,0.205714
params_1440,2,1.5,1.2,0.9,1.0,30,0.0,0,0.0,0,0,0.0,0,0,0.0,0,0.75,0.25,0.205714
params_1453,2,1.5,1.5,0.3,1.0,7,0.0,0,0.0,0,0,0.0,0,0,0.0,0,0.75,0.25,0.205714
params_1454,2,1.5,1.5,0.3,1.0,14,0.0,0,0.0,0,0,0.0,0,0,0.0,0,0.75,0.25,0.205714
params_1455,2,1.5,1.5,0.3,1.0,21,0.0,0,0.0,0,0,0.0,0,0,0.0,0,0.75,0.25,0.205714
params_1456,2,1.5,1.5,0.3,1.0,30,0.0,0,0.0,0,0,0.0,0,0,0.0,0,0.75,0.25,0.205714
params_1469,2,1.5,1.5,0.5,1.0,7,0.0,0,0.0,0,0,0.0,0,0,0.0,0,0.75,0.25,0.205714
params_1470,2,1.5,1.5,0.5,1.0,14,0.0,0,0.0,0,0,0.0,0,0,0.0,0,0.75,0.25,0.205714
params_1471,2,1.5,1.5,0.5,1.0,21,0.0,0,0.0,0,0,0.0,0,0,0.0,0,0.75,0.25,0.205714
params_1472,2,1.5,1.5,0.5,1.0,30,0.0,0,0.0,0,0,0.0,0,0,0.0,0,0.75,0.25,0.205714
params_1485,2,1.5,1.5,0.6,1.0,7,0.0,0,0.0,0,0,0.0,0,0,0.0,0,0.75,0.25,0.205714
params_1486,2,1.5,1.5,0.6,1.0,14,0.0,0,0.0,0,0,0.0,0,0,0.0,0,0.75,0.25,0.205714
params_1487,2,1.5,1.5,0.6,1.0,21,0.0,0,0.0,0,0,0.0,0,0,0.0,0,0.75,0.25,0.205714
params_1488,2,1.5,1.5,0.6,1.0,30,0.0,0,0.0,0,0,0.0,0,0,0.0,0,0.75,0.25,0.205714
params_1501,2,1.5,1.5,0.7,1.0,7,0.0,0,0.0,0,0,0.0,0,0,0.0,0,0.75,0.25,0.205714
params_1502,2,1.5,1.5,0.7,1.0,14,0.0,0,0.0,0,0,0.0,0,0,0.0,0,0.75,0.25,0.205714
params_1503,2,1.5,1.5,0.7,1.0,21,0.0,0,0.0,0,0,0.0,0,0,0.0,0,0.75,0.25,0.205714
params_1504,2,1.5,1.5,0.7,1.0,30,0.0,0,0.0,0,0,0.0,0,0,0.0,0,0.75,0.25,0.205714
params_1517,2,1.5,1.5,0.9,1.0,7,0.0,0,0.0,0,0,0.0,0,0,0.0,0,0.75,0.25,0.205714
params_1518,2,1.5,1.5,0.9,1.0,14,0.0,0,0.0,0,0,0.0,0,0,0.0,0,0.75,0.25,0.205714
params_1519,2,1.5,1.5,0.9,1.0,21,0.0,0,0.0,0,0,0.0,0,0,0.0,0,0.75,0.25,0.205714
params_1520,2,1.5,1.5,0.9,1.0,30,0.0,0,0.0,0,0,0.0,0,0,0.0,0,0.75,0.25,0.205714
params_1533,2,1.5,2.0,0.3,1.0,7,0.0,0,0.0,0,0,0.0,0,0,0.0,0,0.75,0.25,0.205714
params_1534,2,1.5,2.0,0.3,1.0,14,0.0,0,0.0,0,0,0.0,0,0,0.0,0,0.75,0.25,0.205714
params_1535,2,1.5,2.0,0.3,1.0,21,0.0,0,0.0,0,0,0.0,0,0,0.0,0,0.75,0.25,0.205714
params_1536,2,1.5,2.0,0.3,1.0,30,0.0,0,0.0,0,0,0.0,0,0,0.0,0,0.75,0.25,0.205714
params_1549,2,1.5,2.0,0.5,1.0,7,0.0,0,0.0,0,0,0.0,0,0,0.0,0,0.75,0.25,0.205714
params_1550,2,1.5,2.0,0.5,1.0,14,0.0,0,0.0,0,0,0.0,0,0,0.0,0,0.75,0.25,0.205714
params_1551,2,1.5,2.0,0.5,1.0,21,0.0,0,0.0,0,0,0.0,0,0,0.0,0,0.75,0.25,0.205714
params_1552,2,1.5,2.0,0.5,1.0,30,0.0,0,0.0,0,0,0.0,0,0,0.0,0,0.75,0.25,0.205714
params_1565,2,1.5,2.0,0.6,1.0,7,0.0,0,0.0,0,0,0.0,0,0,0.0,0,0.75,0.25,0.205714
params_1566,2,1.5,2.0,0.6,1.0,14,0.0,0,0.0,0,0,0.0,0,0,0.0,0,0.75,0.25,0.205714
params_1567,2,1.5,2.0,0.6,1.0,21,0.0,0,0.0,0,0,0.0,0,0,0.0,0,0.75,0.25,0.205714
params_1568,2,1.5,2.0,0.6,1.0,30,0.0,0,0.0,0,0,0.0,0,0,0.0,0,0.75,0.25,0.205714
params_1581,2,1.5,2.0,0.7,1.0,7,0.0,0,0.0,0,0,0.0,0,0,0.0,0,0.75,0.25,0.205714
params_1582,2,1.5,2.0,0.7,1.0,14,0.0,0,0.0,0,0,0.0,0,0,0.0,0,0.75,0.25,0.205714
params_1583,2,1.5,2.0,0.7,1.0,21,0.0,0,0.0,0,0,0.0,0,0,0.0,0,0.75,0.25,0.205714
params_1584,2,1.5,2.0,0.7,1.0,30,0.0,0,0.0,0,0,0.0,0,0,0.0,0,0.75,0.25,0.205714
params_1597,2,1.5,2.0,0.9,1.0,7,0.0,0,0.0,0,0,0.0,0,0,0.0,0,0.75,0.25,0.205714
params_1598,2,1.5,2.0,0.9,1.0,14,0.0,0,0.0,0,0,0.0,0,0,0.0,0,0.75,0.25,0.205714
params_1599,2,1.5,2.0,0.9,1.0,21,0.0,0,0.0,0,0,0.0,0,0,0.0,0,0.75,0.25,0.205714
params_1600,2,1.5,2.0,0.9,1.0,30,0.0,0,0.0,0,0,0.0,0,0,0.0,0,0.75,0.25,0.205714
params_1613,2,2.0,0.5,0.3,1.0,7,0.0,0,0.0,0,0,0.0,0,0,0.0,0,0.75,0.25,0.205714
params_1614,2,2.0,0.5,0.3,1.0,14,0.0,0,0.0,0,0,0.0,0,0,0.0,0,0.75,0.25,0.205714
params_1615,2,2.0,0.5,0.3,1.0,21,0.0,0,0.0,0,0,0.0,0,0,0.0,0,0.75,0.25,0.205714
params_1616,2,2.0,0.5,0.3,1.0,30,0.0,0,0.0,0,0,0.0,0,0,0.0,0,0.75,0.25,0.205714
params_1629,2,2.0,0.5,0.5,1.0,7,0.0,0,0.0,0,0,0.0,0,0,0.0,0,0.75,0.25,0.205714
params_1630,2,2.0,0.5,0.5,1.0,14,0.0,0,0.0,0,0,0.0,0,0,0.0,0,0.75,0.25,0.205714
params_1631,2,2.0,0.5,0.5,1.0,21,0.0,0,0.0,0,0,0.0,0,0,0.0,0,0.75,0.25,0.205714
params_1632,2,2.0,0.5,0.5,1.0,30,0.0,0,0.0,0,0,0.0,0,0,0.0,0,0.75,0.25,0.205714
params_1645,2,2.0,0.5,0.6,1.0,7,0.0,0,0.0,0,0,0.0,0,0,0.0,0,0.75,0.25,0.205714
params_1646,2,2.0,0.5,0.6,1.0,14,0.0,0,0.0,0,0,0.0,0,0,0.0,0,0.75,0.25,0.205714
params_1647,2,2.0,0.5,0.6,1.0,21,0.0,0,0.0,0,0,0.0,0,0,0.0,0,0.75,0.25,0.205714
params_1648,2,2.0,0.5,0.6,1.0,30,0.0,0,0.0,0,0,0.0,0,0,0.0,0,0.75,0.25,0.205714
params_1661,2,2.0,0.5,0.7,1.0,7,0.0,0,0.0,0,0,0.0,0,0,0.0,0,0.75,0.25,0.205714
params_1662,2,2.0,0.5,0.7,1.0,14,0.0,0,0.0,0,0,0.0,0,0,0.0,0,0.75,0.25,0.205714
params_1663,2,2.0,0.5,0.7,1.0,21,0.0,0,0.0,0,0,0.0,0,0,0.0,0,0.75,0.25,0.205714
params_1664,2,2.0,0.5,0.7,1.0,30,0.0,0,0.0,0,0,0.0,0,0,0.0,0,0.75,0.25,0.205714
params_1677,2,2.0,0.5,0.9,1.0,7,0.0,0,0.0,0,0,0.0,0,0,0.0,0,0.75,0.25,0.205714
params_1678,2,2.0,0.5,0.9,1.0,14,0.0,0,0.0,0,0,0.0,0,0,0.0,0,0.75,0.25,0.205714
params_1679,2,2.0,0.5,0.9,1.0,21,0.0,0,0.0,0,0,0.0,0,0,0.0,0,0.75,0.25,0.205714
params_1680,2,2.0,0.5,0.9,1.0,30,0.0,0,0.0,0,0,0.0,0,0,0.0,0,0.75,0.25,0.205714
params_1693,2,2.0,1.0,0.3,1.0,7,0.0,0,0.0,0,0,0.0,0,0,0.0,0,0.75,0.25,0.205714
params_1694,2,2.0,1.0,0.3,1.0,14,0.0,0,0.0,0,0,0.0,0,0,0.0,0,0.75,0.25,0.205714
params_1695,2,2.0,1.0,0.3,1.0,21,0.0,0,0.0,0,0,0.0,0,0,0.0,0,0.75,0.25,0.205714
params_1696,2,2.0,1.0,0.3,1.0,30,0.0,0,0.0,0,0,0.0,0,0,0.0,0,0.75,0.25,0.205714
params_1709,2,2.0,1.0,0.5,1.0,7,0.0,0,0.0,0,0,0.0,0,0,0.0,0,0.75,0.25,0.205714
params_1710,2,2.0,1.0,0.5,1.0,14,0.0,0,0.0,0,0,0.0,0,0,0.0,0,0.75,0.25,0.205714
params_1711,2,2.0,1.0,0.5,1.0,21,0.0,0,0.0,0,0,0.0,0,0,0.0,0,0.75,0.25,0.205714
params_1712,2,2.0,1.0,0.5,1.0,30,0.0,0,0.0,0,0,0.0,0,0,0.0,0,0.75,0.25,0.205714
params_1725,2,2.0,1.0,0.6,1.0,7,0.0,0,0.0,0,0,0.0,0,0,0.0,0,0.75,0.25,0.205714
params_1726,2,2.0,1.0,0.6,1.0,14,0.0,0,0.0,0,0,0.0,0,0,0.0,0,0.75,0.25,0.205714
params_1727,2,2.0,1.0,0.6,1.0,21,0.0,0,0.0,0,0,0.0,0,0,0.0,0,0.75,0.25,0.205714
params_1728,2,2.0,1.0,0.6,1.0,30,0.0,0,0.0,0,0,0.0,0,0,0.0,0,0.75,0.25,0.205714
params_1741,2,2.0,1.0,0.7,1.0,7,0.0,0,0.0,0,0,0.0,0,0,0.0,0,0.75,0.25,0.205714
params_1742,2,2.0,1.0,0.7,1.0,14,0.0,0,0.0,0,0,0.0,0,0,0.0,0,0.75,0.25,0.205714
params_1743,2,2.0,1.0,0.7,1.0,21,0.0,0,0.0,0,0,0.0,0,0,0.0,0,0.75,0.25,0.205714
params_1744,2,2.0,1.0,0.7,1.0,30,0.0,0,0.0,0,0,0.0,0,0,0.0,0,0.75,0.25,0.205714
params_1757,2,2.0,1.0,0.9,1.0,7,0.0,0,0.0,0,0,0.0,0,0,0.0,0,0.75,0.25,0.205714
params_1758,2,2.0,1.0,0.9,1.0,14,0.0,0,0.0,0,0,0.0,0,0,0.0,0,0.75,0.25,0.205714
params_1759,2,2.0,1.0,0.9,1.0,21,0.0,0,0.0,0,0,0.0,0,0,0.0,0,0.75,0.25,0.205714
params_1760,2,2.0,1.0,0.9,1.0,30,0.0,0,0.0,0,0,0.0,0,0,0.0,0,0.75,0.25,0.205714
params_1773,2,2.0,1.2,0.3,1.0,7,0.0,0,0.0,0,0,0.0,0,0,0.0,0,0.75,0.25,0.205714
params_1774,2,2.0,1.2,0.3,1.0,14,0.0,0,0.0,0,0,0.0,0,0,0.0,0,0.75,0.25,0.205714
params_1775,2,2.0,1.2,0.3,1.0,21,0.0,0,0.0,0,0,0.0,0,0,0.0,0,0.75,0.25,0.205714
params_1776,2,2.0,1.2,0.3,1.0,30,0.0,0,0.0,0,0,0.0,0,0,0.0,0,0.75,0.25,0.205714
params_1789,2,2.0,1.2,0.5,1.0,7,0.0,0,0.0,0,0,0.0,0,0,0.0,0,0.75,0.25,0.205714
params_1790,2,2.0,1.2,0.5,1.0,14,0.0,0,0.0,0,0,0.0,0,0,0.0,0,0.75,0.25,0.205714
params_1791,2,2.0,1.2,0.5,1.0,21,0.0,0,0.0,0,0,0.0,0,0,0.0,0,0.75,0.25,0.205714
params_1792,2,2.0,1.2,0.5,1.0,30,0.0,0,0.0,0,0,0.0,0,0,0.0,0,0.75,0.25,0.205714
params_1805,2,2.0,1.2,0.6,1.0,7,0.0,0,0.0,0,0,0.0,0,0,0.0,0,0.75,0.25,0.205714
params_1806,2,2.0,1.2,0.6,1.0,14,0.0,0,0.0,0,0,0.0,0,0,0.0,0,0.75,0.25,0.205714
params_1807,2,2.0,1.2,0.6,1.0,21,0.0,0,0.0,0,0,0.0,0,0,0.0,0,0.75,0.25,0.205714
params_1808,2,2.0,1.2,0.6,1.0,30,0.0,0,0.0,0,0,0.0,0,0,0.0,0,0.75,0.25,0.205714
params_1821,2,2.0,1.2,0.7,1.0,7,0.0,0,0.0,0,0,0.0,0,0,0.0,0,0.75,0.25,0.205714
params_1822,2,2.0,1.2,0.7,1.0,14,0.0,0,0.0,0,0,0.0,0,0,0.0,0,0.75,0.25,0.205714
params_1823,2,2.0,1.2,0.7,1.0,21,0.0,0,0.0,0,0,0.0,0,0,0.0,0,0.75,0.25,0.205714
params_1824,2,2.0,1.2,0.7,1.0,30,0.0,0,0.0,0,0,0.0,0,0,0.0,0,0.75,0.25,0.205714
params_1837,2,2.0,1.2,0.9,1.0,7,0.0,0,0.0,0,0,0.0,0,0,0.0,0,0.75,0.25,0.205714
params_1838,2,2.0,1.2,0.9,1.0,14,0.0,0,0.0,0,0,0.0,0,0,0.0,0,0.75,0.25,0.205714
params_1839,2,2.0,1.2,0.9,1.0,21,0.0,0,0.0,0,0,0.0,0,0,0.0,0,0.75,0.25,0.205714
params_1840,2,2.0,1.2,0.9,1.0,30,0.0,0,0.0,0,0,0.0,0,0,0.0,0,0.75,0.25,0.205714
params_1853,2,2.0,1.5,0.3,1.0,7,0.0,0,0.0,0,0,0.0,0,0,0.0,0,0.75,0.25,0.205714
params_1854,2,2.0,1.5,0.3,1.0,14,0.0,0,0.0,0,0,0.0,0,0,0.0,0,0.75,0.25,0.205714
params_1855,2,2.0,1.5,0.3,1.0,21,0.0,0,0.0,0,0,0.0,0,0,0.0,0,0.75,0.25,0.205714
params_1856,2,2.0,1.5,0.3,1.0,30,0.0,0,0.0,0,0,0.0,0,0,0.0,0,0.75,0.25,0.205714
params_1869,2,2.0,1.5,0.5,1.0,7,0.0,0,0.0,0,0,0.0,0,0,0.0,0,0.75,0.25,0.205714
params_1870,2,2.0,1.5,0.5,1.0,14,0.0,0,0.0,0,0,0.0,0,0,0.0,0,0.75,0.25,0.205714
params_1871,2,2.0,1.5,0.5,1.0,21,0.0,0,0.0,0,0,0.0,0,0,0.0,0,0.75,0.25,0.205714
params_1872,2,2.0,1.5,0.5,1.0,30,0.0,0,0.0,0,0,0.0,0,0,0.0,0,0.75,0.25,0.205714
params_1885,2,2.0,1.5,0.6,1.0,7,0.0,0,0.0,0,0,0.0,0,0,0.0,0,0.75,0.25,0.205714
params_1886,2,2.0,1.5,0.6,1.0,14,0.0,0,0.0,0,0,0.0,0,0,0.0,0,0.75,0.25,0.205714
params_1887,2,2.0,1.5,0.6,1.0,21,0.0,0,0.0,0,0,0.0,0,0,0.0,0,0.75,0.25,0.205714
params_1888,2,2.0,1.5,0.6,1.0,30,0.0,0,0.0,0,0,0.0,0,0,0.0,0,0.75,0.25,0.205714
params_1901,2,2.0,1.5,0.7,1.0,7,0.0,0,0.0,0,0,0.0,0,0,0.0,0,0.75,0.25,0.205714
params_1902,2,2.0,1.5,0.7,1.0,14,0.0,0,0.0,0,0,0.0,0,0,0.0,0,0.75,0.25,0.205714
params_1903,2,2.0,1.5,0.7,1.0,21,0.0,0,0.0,0,0,0.0,0,0,0.0,0,0.75,0.25,0.205714
params_1904,2,2.0,1.5,0.7,1.0,30,0.0,0,0.0,0,0,0.0,0,0,0.0,0,0.75,0.25,0.205714
params_1917,2,2.0,1.5,0.9,1.0,7,0.0,0,0.0,0,0,0.0,0,0,0.0,0,0.75,0.25,0.205714
params_1918,2,2.0,1.5,0.9,1.0,14,0.0,0,0.0,0,0,0.0,0,0,0.0,0,0.75,0.25,0.205714
params_1919,2,2.0,1.5,0.9,1.0,21,0.0,0,0.0,0,0,0.0,0,0,0.0,0,0.75,0.25,0.205714
params_1920,2,2.0,1.5,0.9,1.0,30,0.0,0,0.0,0,0,0.0,0,0,0.0,0,0.75,0.25,0.205714
params_1933,2,2.0,2.0,0.3,1.0,7,0.0,0,0.0,0,0,0.0,0,0,0.0,0,0.75,0.25,0.205714
params_1934,2,2.0,2.0,0.3,1.0,14,0.0,0,0.0,0,0,0.0,0,0,0.0,0,0.75,0.25,0.205714
params_1935,2,2.0,2.0,0.3,1.0,21,0.0,0,0.0,0,0,0.0,0,0,0.0,0,0.75,0.25,0.205714
params_1936,2,2.0,2.0,0.3,1.0,30,0.0,0,0.0,0,0,0.0,0,0,0.0,0,0.75,0.25,0.205714
params_1949,2,2.0,2.0,0.5,1.0,7,0.0,0,0.0,0,0,0.0,0,0,0.0,0,0.75,0.25,0.205714
params_1950,2,2.0,2.0,0.5,1.0,14,0.0,0,0.0,0,0,0.0,0,0,0.0,0,0.75,0.25,0.205714
params_1951,2,2.0,2.0,0.5,1.0,21,0.0,0,0.0,0,0,0.0,0,0,0.0,0,0.75,0.25,0.205714
params_1952,2,2.0,2.0,0.5,1.0,30,0.0,0,0.0,0,0,0.0,0,0,0.0,0,0.75,0.25,0.205714
params_1965,2,2.0,2.0,0.6,1.0,7,0.0,0,0.0,0,0,0.0,0,0,0.0,0,0.75,0.25,0.205714
params_1966,2,2.0,2.0,0.6,1.0,14,0.0,0,0.0,0,0,0.0,0,0,0.0,0,0.75,0.25,0.205714
params_1967,2,2.0,2.0,0.6,1.0,21,0.0,0,0.0,0,0,0.0,0,0,0.0,0,0.75,0.25,0.205714
params_1968,2,2.0,2.0,0.6,1.0,30,0.0,0,0.0,0,0,0.0,0,0,0.0,0,0.75,0.25,0.205714
params_1981,2,2.0,2.0,0.7,1.0,7,0.0,0,0.0,0,0,0.0,0,0,0.0,0,0.75,0.25,0.205714
params_1982,2,2.0,2.0,0.7,1.0,14,0.0,0,0.0,0,0,0.0,0,0,0.0,0,0.75,0.25,0.205714
params_1983,2,2.0,2.0,0.7,1.0,21,0.0,0,0.0,0,0,0.0,0,0,0.0,0,0.75,0.25,0.205714
params_1984,2,2.0,2.0,0.7,1.0,30,0.0,0,0.0,0,0,0.0,0,0,0.0,0,0.75,0.25,0.205714
params_1997,2,2.0,2.0,0.9,1.0,7,0.0,0,0.0,0,0,0.0,0,0,0.0,0,0.75,0.25,0.205714
params_1998,2,2.0,2.0,0.9,1.0,14,0.0,0,0.0,0,0,0.0,0,0,0.0,0,0.75,0.25,0.205714
params_1999,2,2.0,2.0,0.9,1.0,21,0.0,0,0.0,0,0,0.0,0,0,0.0,0,0.75,0.25,0.205714
params_2000,2,2.0,2.0,0.9,1.0,30,0.0,0,0.0,0,0,0.0,0,0,0.0,0,0.75,0.25,0.205714
params_3213,3,1.5,0.5,0.3,1.0,7,0.0,0,0.0,0,0,0.0,0,0,0.0,0,0.75,0.25,0.205714
params_3214,3,1.5,0.5,0.3,1.0,14,0.0,0,0.0,0,0,0.0,0,0,0.0,0,0.75,0.25,0.205714
params_3215,3,1.5,0.5,0.3,1.0,21,0.0,0,0.0,0,0,0.0,0,0,0.0,0,0.75,0.25,0.205714
params_3216,3,1.5,0.5,0.3,1.0,30,0.0,0,0.0,0,0,0.0,0,0,0.0,0,0.75,0.25,0.205714
params_3229,3,1.5,0.5,0.5,1.0,7,0.0,0,0.0,0,0,0.0,0,0,0.0,0,0.75,0.25,0.205714
params_3230,3,1.5,0.5,0.5,1.0,14,0.0,0,0.0,0,0,0.0,0,0,0.0,0,0.75,0.25,0.205714
params_3231,3,1.5,0.5,0.5,1.0,21,0.0,0,0.0,0,0,0.0,0,0,0.0,0,0.75,0.25,0.205714
params_3232,3,1.5,0.5,0.5,1.0,30,0.0,0,0.0,0,0,0.0,0,0,0.0,0,0.75,0.25,0.205714
params_3245,3,1.5,0.5,0.6,1.0,7,0.0,0,0.0,0,0,0.0,0,0,0.0,0,0.75,0.25,0.205714
params_3246,3,1.5,0.5,0.6,1.0,14,0.0,0,0.0,0,0,0.0,0,0,0.0,0,0.75,0.25,0.205714
params_3247,3,1.5,0.5,0.6,1.0,21,0.0,0,0.0,0,0,0.0,0,0,0.0,0,0.75,0.25,0.205714
params_3248,3,1.5,0.5,0.6,1.0,30,0.0,0,0.0,0,0,0.0,0,0,0.0,0,0.75,0.25,0.205714
params_3261,3,1.5,0.5,0.7,1.0,7,0.0,0,0.0,0,0,0.0,0,0,0.0,0,0.75,0.25,0.205714
params_3262,3,1.5,0.5,0.7,1.0,14,0.0,0,0.0,0,0,0.0,0,0,0.0,0,0.75,0.25,0.205714
params_3263,3,1.5,0.5,0.7,1.0,21,0.0,0,0.0,0,0,0.0,0,0,0.0,0,0.75,0.25,0.205714
params_3264,3,1.5,0.5,0.7,1.0,30,0.0,0,0.0,0,0,0.0,0,0,0.0,0,0.75,0.25,0.205714
params_3277,3,1.5,0.5,0.9,1.0,7,0.0,0,0.0,0,0,0.0,0,0,0.0,0,0.75,0.25,0.205714
params_3278,3,1.5,0.5,0.9,1.0,14,0.0,0,0.0,0,0,0.0,0,0,0.0,0,0.75,0.25,0.205714
params_3279,3,1.5,0.5,0.9,1.0,21,0.0,0,0.0,0,0,0.0,0,0,0.0,0,0.75,0.25,0.205714
params_3280,3,1.5,0.5,0.9,1.0,30,0.0,0,0.0,0,0,0.0,0,0,0.0,0,0.75,0.25,0.205714
params_3293,3,1.5,1.0,0.3,1.0,7,0.0,0,0.0,0,0,0.0,0,0,0.0,0,0.75,0.25,0.205714
params_3294,3,1.5,1.0,0.3,1.0,14,0.0,0,0.0,0,0,0.0,0,0,0.0,0,0.75,0.25,0.205714
params_3295,3,1.5,1.0,0.3,1.0,21,0.0,0,0.0,0,0,0.0,0,0,0.0,0,0.75,0.25,0.205714
params_3296,3,1.5,1.0,0.3,1.0,30,0.0,0,0.0,0,0,0.0,0,0,0.0,0,0.75,0.25,0.205714
params_3309,3,1.5,1.0,0.5,1.0,7,0.0,0,0.0,0,0,0.0,0,0,0.0,0,0.75,0.25,0.205714
params_3310,3,1.5,1.0,0.5,1.0,14,0.0,0,0.0,0,0,0.0,0,0,0.0,0,0.75,0.25,0.205714
params_3311,3,1.5,1.0,0.5,1.0,21,0.0,0,0.0,0,0,0.0,0,0,0.0,0,0.75,0.25,0.205714
params_3312,3,1.5,1.0,0.5,1.0,30,0.0,0,0.0,0,0,0.0,0,0,0.0,0,0.75,0.25,0.205714
params_3325,3,1.5,1.0,0.6,1.0,7,0.0,0,0.0,0,0,0.0,0,0,0.0,0,0.75,0.25,0.205714
params_3326,3,1.5,1.0,0.6,1.0,14,0.0,0,0.0,0,0,0.0,0,0,0.0,0,0.75,0.25,0.205714
params_3327,3,1.5,1.0,0.6,1.0,21,0.0,0,0.0,0,0,0.0,0,0,0.0,0,0.75,0.25,0.205714
params_3328,3,1.5,1.0,0.6,1.0,30,0.0,0,0.0,0,0,0.0,0,0,0.0,0,0.75,0.25,0.205714
params_3341,3,1.5,1.0,0.7,1.0,7,0.0,0,0.0,0,0,0.0,0,0,0.0,0,0.75,0.25,0.205714
params_3342,3,1.5,1.0,0.7,1.0,14,0.0,0,0.0,0,0,0.0,0,0,0.0,0,0.75,0.25,0.205714
params_3343,3,1.5,1.0,0.7,1.0,21,0.0,0,0.0,0,0,0.0,0,0,0.0,0,0.75,0.25,0.205714
params_3344,3,1.5,1.0,0.7,1.0,30,0.0,0,0.0,0,0,0.0,0,0,0.0,0,0.75,0.25,0.205714
params_3357,3,1.5,1.0,0.9,1.0,7,0.0,0,0.0,0,0,0.0,0,0,0.0,0,0.75,0.25,0.205714
params_3358,3,1.5,1.0,0.9,1.0,14,0.0,0,0.0,0,0,0.0,0,0,0.0,0,0.75,0.25,0.205714
params_3359,3,1.5,1.0,0.9,1.0,21,0.0,0,0.0,0,0,0.0,0,0,0.0,0,0.75,0.25,0.205714
params_3360,3,1.5,1.0,0.9,1.0,30,0.0,0,0.0,0,0,0.0,0,0,0.0,0,0.75,0.25,0.205714
params_3373,3,1.5,1.2,0.3,1.0,7,0.0,0,0.0,0,0,0.0,0,0,0.0,0,0.75,0.25,0.205714
params_3374,3,1.5,1.2,0.3,1.0,14,0.0,0,0.0,0,0,0.0,0,0,0.0,0,0.75,0.25,0.205714
params_3375,3,1.5,1.2,0.3,1.0,21,0.0,0,0.0,0,0,0.0,0,0,0.0,0,0.75,0.25,0.205714
params_3376,3,1.5,1.2,0.3,1.0,30,0.0,0,0.0,0,0,0.0,0,0,0.0,0,0.75,0.25,0.205714
params_3389,3,1.5,1.2,0.5,1.0,7,0.0,0,0.0,0,0,0.0,0,0,0.0,0,0.75,0.25,0.205714
params_3390,3,1.5,1.2,0.5,1.0,14,0.0,0,0.0,0,0,0.0,0,0,0.0,0,0.75,0.25,0.205714
params_3391,3,1.5,1.2,0.5,1.0,21,0.0,0,0.0,0,0,0.0,0,0,0.0,0,0.75,0.25,0.205714
params_3392,3,1.5,1.2,0.5,1.0,30,0.0,0,0.0,0,0,0.0,0,0,0.0,0,0.75,0.25,0.205714
params_3405,3,1.5,1.2,0.6,1.0,7,0.0,0,0.0,0,0,0.0,0,0,0.0,0,0.75,0.25,0.205714
params_3406,3,1.5,1.2,0.6,1.0,14,0.0,0,0.0,0,0,0.0,0,0,0.0,0,0.75,0.25,0.205714
params_3407,3,1.5,1.2,0.6,1.0,21,0.0,0,0.0,0,0,0.0,0,0,0.0,0,0.75,0.25,0.205714
params_3408,3,1.5,1.2,0.6,1.0,30,0.0,0,0.0,0,0,0.0,0,0,0.0,0,0.75,0.25,0.205714
params_3421,3,1.5,1.2,0.7,1.0,7,0.0,0,0.0,0,0,0.0,0,0,0.0,0,0.75,0.25,0.205714
params_3422,3,1.5,1.2,0.7,1.0,14,0.0,0,0.0,0,0,0.0,0,0,0.0,0,0.75,0.25,0.205714
params_3423,3,1.5,1.2,0.7,1.0,21,0.0,0,0.0,0,0,0.0,0,0,0.0,0,0.75,0.25,0.205714
params_3424,3,1.5,1.2,0.7,1.0,30,0.0,0,0.0,0,0,0.0,0,0,0.0,0,0.75,0.25,0.205714
params_3437,3,1.5,1.2,0.9,1.0,7,0.0,0,0.0,0,0,0.0,0,0,0.0,0,0.75,0.25,0.205714
params_3438,3,1.5,1.2,0.9,1.0,14,0.0,0,0.0,0,0,0.0,0,0,0.0,0,0.75,0.25,0.205714
params_3439,3,1.5,1.2,0.9,1.0,21,0.0,0,0.0,0,0,0.0,0,0,0.0,0,0.75,0.25,0.205714
params_3440,3,1.5,1.2,0.9,1.0,30,0.0,0,0.0,0,0,0.0,0,0,0.0,0,0.75,0.25,0.205714
params_3453,3,1.5,1.5,0.3,1.0,7,0.0,0,0.0,0,0,0.0,0,0,0.0,0,0.75,0.25,0.205714
params_3454,3,1.5,1.5,0.3,1.0,14,0.0,0,0.0,0,0,0.0,0,0,0.0,0,0.75,0.25,0.205714
params_3455,3,1.5,1.5,0.3,1.0,21,0.0,0,0.0,0,0,0.0,0,0,0.0,0,0.75,0.25,0.205714
params_3456,3,1.5,1.5,0.3,1.0,30,0.0,0,0.0,0,0,0.0,0,0,0.0,0,0.75,0.25,0.205714
params_3469,3,1.5,1.5,0.5,1.0,7,0.0,0,0.0,0,0,0.0,0,0,0.0,0,0.75,0.25,0.205714
params_3470,3,1.5,1.5,0.5,1.0,14,0.0,0,0.0,0,0,0.0,0,0,0.0,0,0.75,0.25,0.205714
params_3471,3,1.5,1.5,0.5,1.0,21,0.0,0,0.0,0,0,0.0,0,0,0.0,0,0.75,0.25,0.205714
params_3472,3,1.5,1.5,0.5,1.0,30,0.0,0,0.0,0,0,0.0,0,0,0.0,0,0.75,0.25,0.205714
params_3485,3,1.5,1.5,0.6,1.0,7,0.0,0,0.0,0,0,0.0,0,0,0.0,0,0.75,0.25,0.205714
params_3486,3,1.5,1.5,0.6,1.0,14,0.0,0,0.0,0,0,0.0,0,0,0.0,0,0.75,0.25,0.205714
params_3487,3,1.5,1.5,0.6,1.0,21,0.0,0,0.0,0,0,0.0,0,0,0.0,0,0.75,0.25,0.205714
params_3488,3,1.5,1.5,0.6,1.0,30,0.0,0,0.0,0,0,0.0,0,0,0.0,0,0.75,0.25,0.205714
params_3501,3,1.5,1.5,0.7,1.0,7,0.0,0,0.0,0,0,0.0,0,0,0.0,0,0.75,0.25,0.205714
params_3502,3,1.5,1.5,0.7,1.0,14,0.0,0,0.0,0,0,0.0,0,0,0.0,0,0.75,0.25,0.205714
params_3503,3,1.5,1.5,0.7,1.0,21,0.0,0,0.0,0,0,0.0,0,0,0.0,0,0.75,0.25,0.205714
params_3504,3,1.5,1.5,0.7,1.0,30,0.0,0,0.0,0,0,0.0,0,0,0.0,0,0.75,0.25,0.205714
params_3517,3,1.5,1.5,0.9,1.0,7,0.0,0,0.0,0,0,0.0,0,0,0.0,0,0.75,0.25,0.205714
params_3518,3,1.5,1.5,0.9,1.0,14,0.0,0,0.0,0,0,0.0,0,0,0.0,0,0.75,0.25,0.205714
params_3519,3,1.5,1.5,0.9,1.0,21,0.0,0,0.0,0,0,0.0,0,0,0.0,0,0.75,0.25,0.205714
params_3520,3,1.5,1.5,0.9,1.0,30,0.0,0,0.0,0,0,0.0,0,0,0.0,0,0.75,0.25,0.205714
params_3533,3,1.5,2.0,0.3,1.0,7,0.0,0,0.0,0,0,0.0,0,0,0.0,0,0.75,0.25,0.205714
params_3534,3,1.5,2.0,0.3,1.0,14,0.0,0,0.0,0,0,0.0,0,0,0.0,0,0.75,0.25,0.205714
params_3535,3,1.5,2.0,0.3,1.0,21,0.0,0,0.0,0,0,0.0,0,0,0.0,0,0.75,0.25,0.205714
params_3536,3,1.5,2.0,0.3,1.0,30,0.0,0,0.0,0,0,0.0,0,0,0.0,0,0.75,0.25,0.205714
params_3549,3,1.5,2.0,0.5,1.0,7,0.0,0,0.0,0,0,0.0,0,0,0.0,0,0.75,0.25,0.205714
params_3550,3,1.5,2.0,0.5,1.0,14,0.0,0,0.0,0,0,0.0,0,0,0.0,0,0.75,0.25,0.205714
params_3551,3,1.5,2.0,0.5,1.0,21,0.0,0,0.0,0,0,0.0,0,0,0.0,0,0.75,0.25,0.205714
params_3552,3,1.5,2.0,0.5,1.0,30,0.0,0,0.0,0,0,0.0,0,0,0.0,0,0.75,0.25,0.205714
params_3565,3,1.5,2.0,0.6,1.0,7,0.0,0,0.0,0,0,0.0,0,0,0.0,0,0.75,0.25,0.205714
params_3566,3,1.5,2.0,0.6,1.0,14,0.0,0,0.0,0,0,0.0,0,0,0.0,0,0.75,0.25,0.205714
params_3567,3,1.5,2.0,0.6,1.0,21,0.0,0,0.0,0,0,0.0,0,0,0.0,0,0.75,0.25,0.205714
params_3568,3,1.5,2.0,0.6,1.0,30,0.0,0,0.0,0,0,0.0,0,0,0.0,0,0.75,0.25,0.205714
params_3581,3,1.5,2.0,0.7,1.0,7,0.0,0,0.0,0,0,0.0,0,0,0.0,0,0.75,0.25,0.205714
params_3582,3,1.5,2.0,0.7,1.0,14,0.0,0,0.0,0,0,0.0,0,0,0.0,0,0.75,0.25,0.205714
params_3583,3,1.5,2.0,0.7,1.0,21,0.0,0,0.0,0,0,0.0,0,0,0.0,0,0.75,0.25,0.205714
params_3584,3,1.5,2.0,0.7,1.0,30,0.0,0,0.0,0,0,0.0,0,0,0.0,0,0.75,0.25,0.205714
params_3597,3,1.5,2.0,0.9,1.0,7,0.0,0,0.0,0,0,0.0,0,0,0.0,0,0.75,0.25,0.205714
params_3598,3,1.5,2.0,0.9,1.0,14,0.0,0,0.0,0,0,0.0,0,0,0.0,0,0.75,0.25,0.205714
params_3599,3,1.5,2.0,0.9,1.0,21,0.0,0,0.0,0,0,0.0,0,0,0.0,0,0.75,0.25,0.205714
params_3600,3,1.5,2.0,0.9,1.0,30,0.0,0,0.0,0,0,0.0,0,0,0.0,0,0.75,0.25,0.205714
params_3613,3,2.0,0.5,0.3,1.0,7,0.0,0,0.0,0,0,0.0,0,0,0.0,0,0.75,0.25,0.205714
params_3614,3,2.0,0.5,0.3,1.0,14,0.0,0,0.0,0,0,0.0,0,0,0.0,0,0.75,0.25,0.205714
params_3615,3,2.0,0.5,0.3,1.0,21,0.0,0,0.0,0,0,0.0,0,0,0.0,0,0.75,0.25,0.205714
params_3616,3,2.0,0.5,0.3,1.0,30,0.0,0,0.0,0,0,0.0,0,0,0.0,0,0.75,0.25,0.205714
params_3629,3,2.0,0.5,0.5,1.0,7,0.0,0,0.0,0,0,0.0,0,0,0.0,0,0.75,0.25,0.205714
params_3630,3,2.0,0.5,0.5,1.0,14,0.0,0,0.0,0,0,0.0,0,0,0.0,0,0.75,0.25,0.205714
params_3631,3,2.0,0.5,0.5,1.0,21,0.0,0,0.0,0,0,0.0,0,0,0.0,0,0.75,0.25,0.205714
params_3632,3,2.0,0.5,0.5,1.0,30,0.0,0,0.0,0,0,0.0,0,0,0.0,0,0.75,0.25,0.205714
params_3645,3,2.0,0.5,0.6,1.0,7,0.0,0,0.0,0,0,0.0,0,0,0.0,0,0.75,0.25,0.205714
params_3646,3,2.0,0.5,0.6,1.0,14,0.0,0,0.0,0,0,0.0,0,0,0.0,0,0.75,0.25,0.205714
params_3647,3,2.0,0.5,0.6,1.0,21,0.0,0,0.0,0,0,0.0,0,0,0.0,0,0.75,0.25,0.205714
params_3648,3,2.0,0.5,0.6,1.0,30,0.0,0,0.0,0,0,0.0,0,0,0.0,0,0.75,0.25,0.205714
params_3661,3,2.0,0.5,0.7,1.0,7,0.0,0,0.0,0,0,0.0,0,0,0.0,0,0.75,0.25,0.205714
params_3662,3,2.0,0.5,0.7,1.0,14,0.0,0,0.0,0,0,0.0,0,0,0.0,0,0.75,0.25,0.205714
params_3663,3,2.0,0.5,0.7,1.0,21,0.0,0,0.0,0,0,0.0,0,0,0.0,0,0.75,0.25,0.205714
params_3664,3,2.0,0.5,0.7,1.0,30,0.0,0,0.0,0,0,0.0,0,0,0.0,0,0.75,0.25,0.205714
params_3677,3,2.0,0.5,0.9,1.0,7,0.0,0,0.0,0,0,0.0,0,0,0.0,0,0.75,0.25,0.205714
params_3678,3,2.0,0.5,0.9,1.0,14,0.0,0,0.0,0,0,0.0,0,0,0.0,0,0.75,0.25,0.205714
params_3679,3,2.0,0.5,0.9,1.0,21,0.0,0,0.0,0,0,0.0,0,0,0.0,0,0.75,0.25,0.205714
params_3680,3,2.0,0.5,0.9,1.0,30,0.0,0,0.0,0,0,0.0,0,0,0.0,0,0.75,0.25,0.205714
params_3693,3,2.0,1.0,0.3,1.0,7,0.0,0,0.0,0,0,0.0,0,0,0.0,0,0.75,0.25,0.205714
params_3694,3,2.0,1.0,0.3,1.0,14,0.0,0,0.0,0,0,0.0,0,0,0.0,0,0.75,0.25,0.205714
params_3695,3,2.0,1.0,0.3,1.0,21,0.0,0,0.0,0,0,0.0,0,0,0.0,0,0.75,0.25,0.205714
params_3696,3,2.0,1.0,0.3,1.0,30,0.0,0,0.0,0,0,0.0,0,0,0.0,0,0.75,0.25,0.205714
params_3709,3,2.0,1.0,0.5,1.0,7,0.0,0,0.0,0,0,0.0,0,0,0.0,0,0.75,0.25,0.205714
params_3710,3,2.0,1.0,0.5,1.0,14,0.0,0,0.0,0,0,0.0,0,0,0.0,0,0.75,0.25,0.205714
params_3711,3,2.0,1.0,0.5,1.0,21,0.0,0,0.0,0,0,0.0,0,0,0.0,0,0.75,0.25,0.205714
params_3712,3,2.0,1.0,0.5,1.0,30,0.0,0,0.0,0,0,0.0,0,0,0.0,0,0.75,0.25,0.205714
params_3725,3,2.0,1.0,0.6,1.0,7,0.0,0,0.0,0,0,0.0,0,0,0.0,0,0.75,0.25,0.205714
params_3726,3,2.0,1.0,0.6,1.0,14,0.0,0,0.0,0,0,0.0,0,0,0.0,0,0.75,0.25,0.205714
params_3727,3,2.0,1.0,0.6,1.0,21,0.0,0,0.0,0,0,0.0,0,0,0.0,0,0.75,0.25,0.205714
params_3728,3,2.0,1.0,0.6,1.0,30,0.0,0,0.0,0,0,0.0,0,0,0.0,0,0.75,0.25,0.205714
params_3741,3,2.0,1.0,0.7,1.0,7,0.0,0,0.0,0,0,0.0,0,0,0.0,0,0.75,0.25,0.205714
params_3742,3,2.0,1.0,0.7,1.0,14,0.0,0,0.0,0,0,0.0,0,0,0.0,0,0.75,0.25,0.205714
params_3743,3,2.0,1.0,0.7,1.0,21,0.0,0,0.0,0,0,0.0,0,0,0.0,0,0.75,0.25,0.205714
params_3744,3,2.0,1.0,0.7,1.0,30,0.0,0,0.0,0,0,0.0,0,0,0.0,0,0.75,0.25,0.205714
params_3757,3,2.0,1.0,0.9,1.0,7,0.0,0,0.0,0,0,0.0,0,0,0.0,0,0.75,0.25,0.205714
params_3758,3,2.0,1.0,0.9,1.0,14,0.0,0,0.0,0,0,0.0,0,0,0.0,0,0.75,0.25,0.205714
params_3759,3,2.0,1.0,0.9,1.0,21,0.0,0,0.0,0,0,0.0,0,0,0.0,0,0.75,0.25,0.205714
params_3760,3,2.0,1.0,0.9,1.0,30,0.0,0,0.0,0,0,0.0,0,0,0.0,0,0.75,0.25,0.205714
params_3773,3,2.0,1.2,0.3,1.0,7,0.0,0,0.0,0,0,0.0,0,0,0.0,0,0.75,0.25,0.205714
params_3774,3,2.0,1.2,0.3,1.0,14,0.0,0,0.0,0,0,0.0,0,0,0.0,0,0.75,0.25,0.205714
params_3775,3,2.0,1.2,0.3,1.0,21,0.0,0,0.0,0,0,0.0,0,0,0.0,0,0.75,0.25,0.205714
params_3776,3,2.0,1.2,0.3,1.0,30,0.0,0,0.0,0,0,0.0,0,0,0.0,0,0.75,0.25,0.205714
params_3789,3,2.0,1.2,0.5,1.0,7,0.0,0,0.0,0,0,0.0,0,0,0.0,0,0.75,0.25,0.205714
params_3790,3,2.0,1.2,0.5,1.0,14,0.0,0,0.0,0,0,0.0,0,0,0.0,0,0.75,0.25,0.205714
params_3791,3,2.0,1.2,0.5,1.0,21,0.0,0,0.0,0,0,0.0,0,0,0.0,0,0.75,0.25,0.205714
params_3792,3,2.0,1.2,0.5,1.0,30,0.0,0,0.0,0,0,0.0,0,0,0.0,0,0.75,0.25,0.205714
params_3805,3,2.0,1.2,0.6,1.0,7,0.0,0,0.0,0,0,0.0,0,0,0.0,0,0.75,0.25,0.205714
params_3806,3,2.0,1.2,0.6,1.0,14,0.0,0,0.0,0,0,0.0,0,0,0.0,0,0.75,0.25,0.205714
params_3807,3,2.0,1.2,0.6,1.0,21,0.0,0,0.0,0,0,0.0,0,0,0.0,0,0.75,0.25,0.205714
params_3808,3,2.0,1.2,0.6,1.0,30,0.0,0,0.0,0,0,0.0,0,0,0.0,0,0.75,0.25,0.205714
params_3821,3,2.0,1.2,0.7,1.0,7,0.0,0,0.0,0,0,0.0,0,0,0.0,0,0.75,0.25,0.205714
params_3822,3,2.0,1.2,0.7,1.0,14,0.0,0,0.0,0,0,0.0,0,0,0.0,0,0.75,0.25,0.205714
params_3823,3,2.0,1.2,0.7,1.0,21,0.0,0,0.0,0,0,0.0,0,0,0.0,0,0.75,0.25,0.205714
params_3824,3,2.0,1.2,0.7,1.0,30,0.0,0,0.0,0,0,0.0,0,0,0.0,0,0.75,0.25,0.205714
params_3837,3,2.0,1.2,0.9,1.0,7,0.0,0,0.0,0,0,0.0,0,0,0.0,0,0.75,0.25,0.205714
params_3838,3,2.0,1.2,0.9,1.0,14,0.0,0,0.0,0,0,0.0,0,0,0.0,0,0.75,0.25,0.205714
params_3839,3,2.0,1.2,0.9,1.0,21,0.0,0,0.0,0,0,0.0,0,0,0.0,0,0.75,0.25,0.205714
params_3840,3,2.0,1.2,0.9,1.0,30,0.0,0,0.0,0,0,0.0,0,0,0.0,0,0.75,0.25,0.205714
params_3853,3,2.0,1.5,0.3,1.0,7,0.0,0,0.0,0,0,0.0,0,0,0.0,0,0.75,0.25,0.205714
params_3854,3,2.0,1.5,0.3,1.0,14,0.0,0,0.0,0,0,0.0,0,0,0.0,0,0.75,0.25,0.205714
params_3855,3,2.0,1.5,0.3,1.0,21,0.0,0,0.0,0,0,0.0,0,0,0.0,0,0.75,0.25,0.205714
params_3856,3,2.0,1.5,0.3,1.0,30,0.0,0,0.0,0,0,0.0,0,0,0.0,0,0.75,0.25,0.205714
params_3869,3,2.0,1.5,0.5,1.0,7,0.0,0,0.0,0,0,0.0,0,0,0.0,0,0.75,0.25,0.205714
params_3870,3,2.0,1.5,0.5,1.0,14,0.0,0,0.0,0,0,0.0,0,0,0.0,0,0.75,0.25,0.205714
params_3871,3,2.0,1.5,0.5,1.0,21,0.0,0,0.0,0,0,0.0,0,0,0.0,0,0.75,0.25,0.205714
params_3872,3,2.0,1.5,0.5,1.0,30,0.0,0,0.0,0,0,0.0,0,0,0.0,0,0.75,0.25,0.205714
params_3885,3,2.0,1.5,0.6,1.0,7,0.0,0,0.0,0,0,0.0,0,0,0.0,0,0.75,0.25,0.205714
params_3886,3,2.0,1.5,0.6,1.0,14,0.0,0,0.0,0,0,0.0,0,0,0.0,0,0.75,0.25,0.205714
params_3887,3,2.0,1.5,0.6,1.0,21,0.0,0,0.0,0,0,0.0,0,0,0.0,0,0.75,0.25,0.205714
params_3888,3,2.0,1.5,0.6,1.0,30,0.0,0,0.0,0,0,0.0,0,0,0.0,0,0.75,0.25,0.205714
params_3901,3,2.0,1.5,0.7,1.0,7,0.0,0,0.0,0,0,0.0,0,0,0.0,0,0.75,0.25,0.205714
params_3902,3,2.0,1.5,0.7,1.0,14,0.0,0,0.0,0,0,0.0,0,0,0.0,0,0.75,0.25,0.205714
params_3903,3,2.0,1.5,0.7,1.0,21,0.0,0,0.0,0,0,0.0,0,0,0.0,0,0.75,0.25,0.205714
params_3904,3,2.0,1.5,0.7,1.0,30,0.0,0,0.0,0,0,0.0,0,0,0.0,0,0.75,0.25,0.205714
params_3917,3,2.0,1.5,0.9,1.0,7,0.0,0,0.0,0,0,0.0,0,0,0.0,0,0.75,0.25,0.205714
params_3918,3,2.0,1.5,0.9,1.0,14,0.0,0,0.0,0,0,0.0,0,0,0.0,0,0.75,0.25,0.205714
params_3919,3,2.0,1.5,0.9,1.0,21,0.0,0,0.0,0,0,0.0,0,0,0.0,0,0.75,0.25,0.205714
params_3920,3,2.0,1.5,0.9,1.0,30,0.0,0,0.0,0,0,0.0,0,0,0.0,0,0.75,0.25,0.205714
params_3933,3,2.0,2.0,0.3,1.0,7,0.0,0,0.0,0,0,0.0,0,0,0.0,0,0.75,0.25,0.205714
params_3934,3,2.0,2.0,0.3,1.0,14,0.0,0,0.0,0,0,0.0,0,0,0.0,0,0.75,0.25,0.205714
params_3935,3,2.0,2.0,0.3,1.0,21,0.0,0,0.0,0,0,0.0,0,0,0.0,0,0.75,0.25,0.205714
params_3936,3,2.0,2.0,0.3,1.0,30,0.0,0,0.0,0,0,0.0,0,0,0.0,0,0.75,0.25,0.205714
params_3949,3,2.0,2.0,0.5,1.0,7,0.0,0,0.0,0,0,0.0,0,0,0.0,0,0.75,0.25,0.205714
params_3950,3,2.0,2.0,0.5,1.0,14,0.0,0,0.0,0,0,0.0,0,0,0.0,0,0.75,0.25,0.205714
params_3951,3,2.0,2.0,0.5,1.0,21,0.0,0,0.0,0,0,0.0,0,0,0.0,0,0.75,0.25,0.205714
params_3952,3,2.0,2.0,0.5,1.0,30,0.0,0,0.0,0,0,0.0,0,0,0.0,0,0.75,0.25,0.205714
params_3965,3,2.0,2.0,0.6,1.0,7,0.0,0,0.0,0,0,0.0,0,0,0.0,0,0.75,0.25,0.205714
params_3966,3,2.0,2.0,0.6,1.0,14,0.0,0,0.0,0,0,0.0,0,0,0.0,0,0.75,0.25,0.205714
params_3967,3,2.0,2.0,0.6,1.0,21,0.0,0,0.0,0,0,0.0,0,0,0.0,0,0.75,0.25,0.205714
params_3968,3,2.0,2.0,0.6,1.0,30,0.0,0,0.0,0,0,0.0,0,0,0.0,0,0.75,0.25,0.205714
params_3981,3,2.0,2.0,0.7,1.0,7,0.0,0,0.0,0,0,0.0,0,0,0.0,0,0.75,0.25,0.205714
params_3982,3,2.0,2.0,0.7,1.0,14,0.0,0,0.0,0,0,0.0,0,0,0.0,0,0.75,0.25,0.205714
params_3983,3,2.0,2.0,0.7,1.0,21,0.0,0,0.0,0,0,0.0,0,0,0.0,0,0.75,0.25,0.205714
params_3984,3,2.0,2.0,0.7,1.0,30,0.0,0,0.0,0,0,0.0,0,0,0.0,0,0.75,0.25,0.205714
params_3997,3,2.0,2.0,0.9,1.0,7,0.0,0,0.0,0,0,0.0,0,0,0.0,0,0.75,0.25,0.205714
params_3998,3,2.0,2.0,0.9,1.0,14,0.0,0,0.0,0,0,0.0,0,0,0.0,0,0.75,0.25,0.205714
params_3999,3,2.0,2.0,0.9,1.0,21,0.0,0,0.0,0,0,0.0,0,0,0.0,0,0.75,0.25,0.205714
params_4000,3,2.0,2.0,0.9,1.0,30,0.0,0,0.0,0,0,0.0,0,0,0.0,0,0.75,0.25,0.205714
params_5213,4,1.5,0.5,0.3,1.0,7,0.0,0,0.0,0,0,0.0,0,0,0.0,0,0.75,0.25,0.205714
params_5214,4,1.5,0.5,0.3,1.0,14,0.0,0,0.0,0,0,0.0,0,0,0.0,0,0.75,0.25,0.205714
params_5215,4,1.5,0.5,0.3,1.0,21,0.0,0,0.0,0,0,0.0,0,0,0.0,0,0.75,0.25,0.205714
params_5216,4,1.5,0.5,0.3,1.0,30,0.0,0,0.0,0,0,0.0,0,0,0.0,0,0.75,0.25,0.205714
params_5229,4,1.5,0.5,0.5,1.0,7,0.0,0,0.0,0,0,0.0,0,0,0.0,0,0.75,0.25,0.205714
params_5230,4,1.5,0.5,0.5,1.0,14,0.0,0,0.0,0,0,0.0,0,0,0.0,0,0.75,0.25,0.205714
params_5231,4,1.5,0.5,0.5,1.0,21,0.0,0,0.0,0,0,0.0,0,0,0.0,0,0.75,0.25,0.205714
params_5232,4,1.5,0.5,0.5,1.0,30,0.0,0,0.0,0,0,0.0,0,0,0.0,0,0.75,0.25,0.205714
params_5245,4,1.5,0.5,0.6,1.0,7,0.0,0,0.0,0,0,0.0,0,0,0.0,0,0.75,0.25,0.205714
params_5246,4,1.5,0.5,0.6,1.0,14,0.0,0,0.0,0,0,0.0,0,0,0.0,0,0.75,0.25,0.205714
params_5247,4,1.5,0.5,0.6,1.0,21,0.0,0,0.0,0,0,0.0,0,0,0.0,0,0.75,0.25,0.205714
params_5248,4,1.5,0.5,0.6,1.0,30,0.0,0,0.0,0,0,0.0,0,0,0.0,0,0.75,0.25,0.205714
params_5261,4,1.5,0.5,0.7,1.0,7,0.0,0,0.0,0,0,0.0,0,0,0.0,0,0.75,0.25,0.205714
params_5262,4,1.5,0.5,0.7,1.0,14,0.0,0,0.0,0,0,0.0,0,0,0.0,0,0.75,0.25,0.205714
params_5263,4,1.5,0.5,0.7,1.0,21,0.0,0,0.0,0,0,0.0,0,0,0.0,0,0.75,0.25,0.205714
params_5264,4,1.5,0.5,0.7,1.0,30,0.0,0,0.0,0,0,0.0,0,0,0.0,0,0.75,0.25,0.205714
params_5277,4,1.5,0.5,0.9,1.0,7,0.0,0,0.0,0,0,0.0,0,0,0.0,0,0.75,0.25,0.205714
params_5278,4,1.5,0.5,0.9,1.0,14,0.0,0,0.0,0,0,0.0,0,0,0.0,0,0.75,0.25,0.205714
params_5279,4,1.5,0.5,0.9,1.0,21,0.0,0,0.0,0,0,0.0,0,0,0.0,0,0.75,0.25,0.205714
params_5280,4,1.5,0.5,0.9,1.0,30,0.0,0,0.0,0,0,0.0,0,0,0.0,0,0.75,0.25,0.205714
params_5293,4,1.5,1.0,0.3,1.0,7,0.0,0,0.0,0,0,0.0,0,0,0.0,0,0.75,0.25,0.205714
params_5294,4,1.5,1.0,0.3,1.0,14,0.0,0,0.0,0,0,0.0,0,0,0.0,0,0.75,0.25,0.205714
params_5295,4,1.5,1.0,0.3,1.0,21,0.0,0,0.0,0,0,0.0,0,0,0.0,0,0.75,0.25,0.205714
params_5296,4,1.5,1.0,0.3,1.0,30,0.0,0,0.0,0,0,0.0,0,0,0.0,0,0.75,0.25,0.205714
params_5309,4,1.5,1.0,0.5,1.0,7,0.0,0,0.0,0,0,0.0,0,0,0.0,0,0.75,0.25,0.205714
params_5310,4,1.5,1.0,0.5,1.0,14,0.0,0,0.0,0,0,0.0,0,0,0.0,0,0.75,0.25,0.205714
params_5311,4,1.5,1.0,0.5,1.0,21,0.0,0,0.0,0,0,0.0,0,0,0.0,0,0.75,0.25,0.205714
params_5312,4,1.5,1.0,0.5,1.0,30,0.0,0,0.0,0,0,0.0,0,0,0.0,0,0.75,0.25,0.205714
params_5325,4,1.5,1.0,0.6,1.0,7,0.0,0,0.0,0,0,0.0,0,0,0.0,0,0.75,0.25,0.205714
params_5326,4,1.5,1.0,0.6,1.0,14,0.0,0,0.0,0,0,0.0,0,0,0.0,0,0.75,0.25,0.205714
params_5327,4,1.5,1.0,0.6,1.0,21,0.0,0,0.0,0,0,0.0,0,0,0.0,0,0.75,0.25,0.205714
params_5328,4,1.5,1.0,0.6,1.0,30,0.0,0,0.0,0,0,0.0,0,0,0.0,0,0.75,0.25,0.205714
params_5341,4,1.5,1.0,0.7,1.0,7,0.0,0,0.0,0,0,0.0,0,0,0.0,0,0.75,0.25,0.205714
params_5342,4,1.5,1.0,0.7,1.0,14,0.0,0,0.0,0,0,0.0,0,0,0.0,0,0.75,0.25,0.205714
params_5343,4,1.5,1.0,0.7,1.0,21,0.0,0,0.0,0,0,0.0,0,0,0.0,0,0.75,0.25,0.205714
params_5344,4,1.5,1.0,0.7,1.0,30,0.0,0,0.0,0,0,0.0,0,0,0.0,0,0.75,0.25,0.205714
params_5357,4,1.5,1.0,0.9,1.0,7,0.0,0,0.0,0,0,0.0,0,0,0.0,0,0.75,0.25,0.205714
params_5358,4,1.5,1.0,0.9,1.0,14,0.0,0,0.0,0,0,0.0,0,0,0.0,0,0.75,0.25,0.205714
params_5359,4,1.5,1.0,0.9,1.0,21,0.0,0,0.0,0,0,0.0,0,0,0.0,0,0.75,0.25,0.205714
params_5360,4,1.5,1.0,0.9,1.0,30,0.0,0,0.0,0,0,0.0,0,0,0.0,0,0.75,0.25,0.205714
params_5373,4,1.5,1.2,0.3,1.0,7,0.0,0,0.0,0,0,0.0,0,0,0.0,0,0.75,0.25,0.205714
params_5374,4,1.5,1.2,0.3,1.0,14,0.0,0,0.0,0,0,0.0,0,0,0.0,0,0.75,0.25,0.205714
params_5375,4,1.5,1.2,0.3,1.0,21,0.0,0,0.0,0,0,0.0,0,0,0.0,0,0.75,0.25,0.205714
params_5376,4,1.5,1.2,0.3,1.0,30,0.0,0,0.0,0,0,0.0,0,0,0.0,0,0.75,0.25,0.205714
params_5389,4,1.5,1.2,0.5,1.0,7,0.0,0,0.0,0,0,0.0,0,0,0.0,0,0.75,0.25,0.205714
params_5390,4,1.5,1.2,0.5,1.0,14,0.0,0,0.0,0,0,0.0,0,0,0.0,0,0.75,0.25,0.205714
params_5391,4,1.5,1.2,0.5,1.0,21,0.0,0,0.0,0,0,0.0,0,0,0.0,0,0.75,0.25,0.205714
params_5392,4,1.5,1.2,0.5,1.0,30,0.0,0,0.0,0,0,0.0,0,0,0.0,0,0.75,0.25,0.205714
params_5405,4,1.5,1.2,0.6,1.0,7,0.0,0,0.0,0,0,0.0,0,0,0.0,0,0.75,0.25,0.205714
params_5406,4,1.5,1.2,0.6,1.0,14,0.0,0,0.0,0,0,0.0,0,0,0.0,0,0.75,0.25,0.205714
params_5407,4,1.5,1.2,0.6,1.0,21,0.0,0,0.0,0,0,0.0,0,0,0.0,0,0.75,0.25,0.205714
params_5408,4,1.5,1.2,0.6,1.0,30,0.0,0,0.0,0,0,0.0,0,0,0.0,0,0.75,0.25,0.205714
params_5421,4,1.5,1.2,0.7,1.0,7,0.0,0,0.0,0,0,0.0,0,0,0.0,0,0.75,0.25,0.205714
params_5422,4,1.5,1.2,0.7,1.0,14,0.0,0,0.0,0,0,0.0,0,0,0.0,0,0.75,0.25,0.205714
params_5423,4,1.5,1.2,0.7,1.0,21,0.0,0,0.0,0,0,0.0,0,0,0.0,0,0.75,0.25,0.205714
params_5424,4,1.5,1.2,0.7,1.0,30,0.0,0,0.0,0,0,0.0,0,0,0.0,0,0.75,0.25,0.205714
params_5437,4,1.5,1.2,0.9,1.0,7,0.0,0,0.0,0,0,0.0,0,0,0.0,0,0.75,0.25,0.205714
params_5438,4,1.5,1.2,0.9,1.0,14,0.0,0,0.0,0,0,0.0,0,0,0.0,0,0.75,0.25,0.205714
params_5439,4,1.5,1.2,0.9,1.0,21,0.0,0,0.0,0,0,0.0,0,0,0.0,0,0.75,0.25,0.205714
params_5440,4,1.5,1.2,0.9,1.0,30,0.0,0,0.0,0,0,0.0,0,0,0.0,0,0.75,0.25,0.205714
params_5453,4,1.5,1.5,0.3,1.0,7,0.0,0,0.0,0,0,0.0,0,0,0.0,0,0.75,0.25,0.205714
params_5454,4,1.5,1.5,0.3,1.0,14,0.0,0,0.0,0,0,0.0,0,0,0.0,0,0.75,0.25,0.205714
params_5455,4,1.5,1.5,0.3,1.0,21,0.0,0,0.0,0,0,0.0,0,0,0.0,0,0.75,0.25,0.205714
params_5456,4,1.5,1.5,0.3,1.0,30,0.0,0,0.0,0,0,0.0,0,0,0.0,0,0.75,0.25,0.205714
params_5469,4,1.5,1.5,0.5,1.0,7,0.0,0,0.0,0,0,0.0,0,0,0.0,0,0.75,0.25,0.205714
params_5470,4,1.5,1.5,0.5,1.0,14,0.0,0,0.0,0,0,0.0,0,0,0.0,0,0.75,0.25,0.205714
params_5471,4,1.5,1.5,0.5,1.0,21,0.0,0,0.0,0,0,0.0,0,0,0.0,0,0.75,0.25,0.205714
params_5472,4,1.5,1.5,0.5,1.0,30,0.0,0,0.0,0,0,0.0,0,0,0.0,0,0.75,0.25,0.205714
params_5485,4,1.5,1.5,0.6,1.0,7,0.0,0,0.0,0,0,0.0,0,0,0.0,0,0.75,0.25,0.205714
params_5486,4,1.5,1.5,0.6,1.0,14,0.0,0,0.0,0,0,0.0,0,0,0.0,0,0.75,0.25,0.205714
params_5487,4,1.5,1.5,0.6,1.0,21,0.0,0,0.0,0,0,0.0,0,0,0.0,0,0.75,0.25,0.205714
params_5488,4,1.5,1.5,0.6,1.0,30,0.0,0,0.0,0,0,0.0,0,0,0.0,0,0.75,0.25,0.205714
params_5501,4,1.5,1.5,0.7,1.0,7,0.0,0,0.0,0,0,0.0,0,0,0.0,0,0.75,0.25,0.205714
params_5502,4,1.5,1.5,0.7,1.0,14,0.0,0,0.0,0,0,0.0,0,0,0.0,0,0.75,0.25,0.205714
params_5503,4,1.5,1.5,0.7,1.0,21,0.0,0,0.0,0,0,0.0,0,0,0.0,0,0.75,0.25,0.205714
params_5504,4,1.5,1.5,0.7,1.0,30,0.0,0,0.0,0,0,0.0,0,0,0.0,0,0.75,0.25,0.205714
params_5517,4,1.5,1.5,0.9,1.0,7,0.0,0,0.0,0,0,0.0,0,0,0.0,0,0.75,0.25,0.205714
params_5518,4,1.5,1.5,0.9,1.0,14,0.0,0,0.0,0,0,0.0,0,0,0.0,0,0.75,0.25,0.205714
params_5519,4,1.5,1.5,0.9,1.0,21,0.0,0,0.0,0,0,0.0,0,0,0.0,0,0.75,0.25,0.205714
params_5520,4,1.5,1.5,0.9,1.0,30,0.0,0,0.0,0,0,0.0,0,0,0.0,0,0.75,0.25,0.205714
params_5533,4,1.5,2.0,0.3,1.0,7,0.0,0,0.0,0,0,0.0,0,0,0.0,0,0.75,0.25,0.205714
params_5534,4,1.5,2.0,0.3,1.0,14,0.0,0,0.0,0,0,0.0,0,0,0.0,0,0.75,0.25,0.205714
params_5535,4,1.5,2.0,0.3,1.0,21,0.0,0,0.0,0,0,0.0,0,0,0.0,0,0.75,0.25,0.205714
params_5536,4,1.5,2.0,0.3,1.0,30,0.0,0,0.0,0,0,0.0,0,0,0.0,0,0.75,0.25,0.205714
params_5549,4,1.5,2.0,0.5,1.0,7,0.0,0,0.0,0,0,0.0,0,0,0.0,0,0.75,0.25,0.205714
params_5550,4,1.5,2.0,0.5,1.0,14,0.0,0,0.0,0,0,0.0,0,0,0.0,0,0.75,0.25,0.205714
params_5551,4,1.5,2.0,0.5,1.0,21,0.0,0,0.0,0,0,0.0,0,0,0.0,0,0.75,0.25,0.205714
params_5552,4,1.5,2.0,0.5,1.0,30,0.0,0,0.0,0,0,0.0,0,0,0.0,0,0.75,0.25,0.205714
params_5565,4,1.5,2.0,0.6,1.0,7,0.0,0,0.0,0,0,0.0,0,0,0.0,0,0.75,0.25,0.205714
params_5566,4,1.5,2.0,0.6,1.0,14,0.0,0,0.0,0,0,0.0,0,0,0.0,0,0.75,0.25,0.205714
params_5567,4,1.5,2.0,0.6,1.0,21,0.0,0,0.0,0,0,0.0,0,0,0.0,0,0.75,0.25,0.205714
params_5568,4,1.5,2.0,0.6,1.0,30,0.0,0,0.0,0,0,0.0,0,0,0.0,0,0.75,0.25,0.205714
params_5581,4,1.5,2.0,0.7,1.0,7,0.0,0,0.0,0,0,0.0,0,0,0.0,0,0.75,0.25,0.205714
params_5582,4,1.5,2.0,0.7,1.0,14,0.0,0,0.0,0,0,0.0,0,0,0.0,0,0.75,0.25,0.205714
params_5583,4,1.5,2.0,0.7,1.0,21,0.0,0,0.0,0,0,0.0,0,0,0.0,0,0.75,0.25,0.205714
params_5584,4,1.5,2.0,0.7,1.0,30,0.0,0,0.0,0,0,0.0,0,0,0.0,0,0.75,0.25,0.205714
params_5597,4,1.5,2.0,0.9,1.0,7,0.0,0,0.0,0,0,0.0,0,0,0.0,0,0.75,0.25,0.205714
params_5598,4,1.5,2.0,0.9,1.0,14,0.0,0,0.0,0,0,0.0,0,0,0.0,0,0.75,0.25,0.205714
params_5599,4,1.5,2.0,0.9,1.0,21,0.0,0,0.0,0,0,0.0,0,0,0.0,0,0.75,0.25,0.205714
params_5600,4,1.5,2.0,0.9,1.0,30,0.0,0,0.0,0,0,0.0,0,0,0.0,0,0.75,0.25,0.205714
params_5613,4,2.0,0.5,0.3,1.0,7,0.0,0,0.0,0,0,0.0,0,0,0.0,0,0.75,0.25,0.205714
params_5614,4,2.0,0.5,0.3,1.0,14,0.0,0,0.0,0,0,0.0,0,0,0.0,0,0.75,0.25,0.205714
params_5615,4,2.0,0.5,0.3,1.0,21,0.0,0,0.0,0,0,0.0,0,0,0.0,0,0.75,0.25,0.205714
params_5616,4,2.0,0.5,0.3,1.0,30,0.0,0,0.0,0,0,0.0,0,0,0.0,0,0.75,0.25,0.205714
params_5629,4,2.0,0.5,0.5,1.0,7,0.0,0,0.0,0,0,0.0,0,0,0.0,0,0.75,0.25,0.205714
params_5630,4,2.0,0.5,0.5,1.0,14,0.0,0,0.0,0,0,0.0,0,0,0.0,0,0.75,0.25,0.205714
params_5631,4,2.0,0.5,0.5,1.0,21,0.0,0,0.0,0,0,0.0,0,0,0.0,0,0.75,0.25,0.205714
params_5632,4,2.0,0.5,0.5,1.0,30,0.0,0,0.0,0,0,0.0,0,0,0.0,0,0.75,0.25,0.205714
params_5645,4,2.0,0.5,0.6,1.0,7,0.0,0,0.0,0,0,0.0,0,0,0.0,0,0.75,0.25,0.205714
params_5646,4,2.0,0.5,0.6,1.0,14,0.0,0,0.0,0,0,0.0,0,0,0.0,0,0.75,0.25,0.205714
params_5647,4,2.0,0.5,0.6,1.0,21,0.0,0,0.0,0,0,0.0,0,0,0.0,0,0.75,0.25,0.205714
params_5648,4,2.0,0.5,0.6,1.0,30,0.0,0,0.0,0,0,0.0,0,0,0.0,0,0.75,0.25,0.205714
params_5661,4,2.0,0.5,0.7,1.0,7,0.0,0,0.0,0,0,0.0,0,0,0.0,0,0.75,0.25,0.205714
params_5662,4,2.0,0.5,0.7,1.0,14,0.0,0,0.0,0,0,0.0,0,0,0.0,0,0.75,0.25,0.205714
params_5663,4,2.0,0.5,0.7,1.0,21,0.0,0,0.0,0,0,0.0,0,0,0.0,0,0.75,0.25,0.205714
params_5664,4,2.0,0.5,0.7,1.0,30,0.0,0,0.0,0,0,0.0,0,0,0.0,0,0.75,0.25,0.205714
params_5677,4,2.0,0.5,0.9,1.0,7,0.0,0,0.0,0,0,0.0,0,0,0.0,0,0.75,0.25,0.205714
params_5678,4,2.0,0.5,0.9,1.0,14,0.0,0,0.0,0,0,0.0,0,0,0.0,0,0.75,0.25,0.205714
params_5679,4,2.0,0.5,0.9,1.0,21,0.0,0,0.0,0,0,0.0,0,0,0.0,0,0.75,0.25,0.205714
params_5680,4,2.0,0.5,0.9,1.0,30,0.0,0,0.0,0,0,0.0,0,0,0.0,0,0.75,0.25,0.205714
params_5693,4,2.0,1.0,0.3,1.0,7,0.0,0,0.0,0,0,0.0,0,0,0.0,0,0.75,0.25,0.205714
params_5694,4,2.0,1.0,0.3,1.0,14,0.0,0,0.0,0,0,0.0,0,0,0.0,0,0.75,0.25,0.205714
params_5695,4,2.0,1.0,0.3,1.0,21,0.0,0,0.0,0,0,0.0,0,0,0.0,0,0.75,0.25,0.205714
params_5696,4,2.0,1.0,0.3,1.0,30,0.0,0,0.0,0,0,0.0,0,0,0.0,0,0.75,0.25,0.205714
params_5709,4,2.0,1.0,0.5,1.0,7,0.0,0,0.0,0,0,0.0,0,0,0.0,0,0.75,0.25,0.205714
params_5710,4,2.0,1.0,0.5,1.0,14,0.0,0,0.0,0,0,0.0,0,0,0.0,0,0.75,0.25,0.205714
params_5711,4,2.0,1.0,0.5,1.0,21,0.0,0,0.0,0,0,0.0,0,0,0.0,0,0.75,0.25,0.205714
params_5712,4,2.0,1.0,0.5,1.0,30,0.0,0,0.0,0,0,0.0,0,0,0.0,0,0.75,0.25,0.205714
params_5725,4,2.0,1.0,0.6,1.0,7,0.0,0,0.0,0,0,0.0,0,0,0.0,0,0.75,0.25,0.205714
params_5726,4,2.0,1.0,0.6,1.0,14,0.0,0,0.0,0,0,0.0,0,0,0.0,0,0.75,0.25,0.205714
params_5727,4,2.0,1.0,0.6,1.0,21,0.0,0,0.0,0,0,0.0,0,0,0.0,0,0.75,0.25,0.205714
params_5728,4,2.0,1.0,0.6,1.0,30,0.0,0,0.0,0,0,0.0,0,0,0.0,0,0.75,0.25,0.205714
params_5741,4,2.0,1.0,0.7,1.0,7,0.0,0,0.0,0,0,0.0,0,0,0.0,0,0.75,0.25,0.205714
params_5742,4,2.0,1.0,0.7,1.0,14,0.0,0,0.0,0,0,0.0,0,0,0.0,0,0.75,0.25,0.205714
params_5743,4,2.0,1.0,0.7,1.0,21,0.0,0,0.0,0,0,0.0,0,0,0.0,0,0.75,0.25,0.205714
params_5744,4,2.0,1.0,0.7,1.0,30,0.0,0,0.0,0,0,0.0,0,0,0.0,0,0.75,0.25,0.205714
params_5757,4,2.0,1.0,0.9,1.0,7,0.0,0,0.0,0,0,0.0,0,0,0.0,0,0.75,0.25,0.205714
params_5758,4,2.0,1.0,0.9,1.0,14,0.0,0,0.0,0,0,0.0,0,0,0.0,0,0.75,0.25,0.205714
params_5759,4,2.0,1.0,0.9,1.0,21,0.0,0,0.0,0,0,0.0,0,0,0.0,0,0.75,0.25,0.205714
params_5760,4,2.0,1.0,0.9,1.0,30,0.0,0,0.0,0,0,0.0,0,0,0.0,0,0.75,0.25,0.205714
params_5773,4,2.0,1.2,0.3,1.0,7,0.0,0,0.0,0,0,0.0,0,0,0.0,0,0.75,0.25,0.205714
params_5774,4,2.0,1.2,0.3,1.0,14,0.0,0,0.0,0,0,0.0,0,0,0.0,0,0.75,0.25,0.205714
params_5775,4,2.0,1.2,0.3,1.0,21,0.0,0,0.0,0,0,0.0,0,0,0.0,0,0.75,0.25,0.205714
params_5776,4,2.0,1.2,0.3,1.0,30,0.0,0,0.0,0,0,0.0,0,0,0.0,0,0.75,0.25,0.205714
params_5789,4,2.0,1.2,0.5,1.0,7,0.0,0,0.0,0,0,0.0,0,0,0.0,0,0.75,0.25,0.205714
params_5790,4,2.0,1.2,0.5,1.0,14,0.0,0,0.0,0,0,0.0,0,0,0.0,0,0.75,0.25,0.205714
params_5791,4,2.0,1.2,0.5,1.0,21,0.0,0,0.0,0,0,0.0,0,0,0.0,0,0.75,0.25,0.205714
params_5792,4,2.0,1.2,0.5,1.0,30,0.0,0,0.0,0,0,0.0,0,0,0.0,0,0.75,0.25,0.205714
params_5805,4,2.0,1.2,0.6,1.0,7,0.0,0,0.0,0,0,0.0,0,0,0.0,0,0.75,0.25,0.205714
params_5806,4,2.0,1.2,0.6,1.0,14,0.0,0,0.0,0,0,0.0,0,0,0.0,0,0.75,0.25,0.205714
params_5807,4,2.0,1.2,0.6,1.0,21,0.0,0,0.0,0,0,0.0,0,0,0.0,0,0.75,0.25,0.205714
params_5808,4,2.0,1.2,0.6,1.0,30,0.0,0,0.0,0,0,0.0,0,0,0.0,0,0.75,0.25,0.205714
params_5821,4,2.0,1.2,0.7,1.0,7,0.0,0,0.0,0,0,0.0,0,0,0.0,0,0.75,0.25,0.205714
params_5822,4,2.0,1.2,0.7,1.0,14,0.0,0,0.0,0,0,0.0,0,0,0.0,0,0.75,0.25,0.205714
params_5823,4,2.0,1.2,0.7,1.0,21,0.0,0,0.0,0,0,0.0,0,0,0.0,0,0.75,0.25,0.205714
params_5824,4,2.0,1.2,0.7,1.0,30,0.0,0,0.0,0,0,0.0,0,0,0.0,0,0.75,0.25,0.205714
params_5837,4,2.0,1.2,0.9,1.0,7,0.0,0,0.0,0,0,0.0,0,0,0.0,0,0.75,0.25,0.205714
params_5838,4,2.0,1.2,0.9,1.0,14,0.0,0,0.0,0,0,0.0,0,0,0.0,0,0.75,0.25,0.205714
params_5839,4,2.0,1.2,0.9,1.0,21,0.0,0,0.0,0,0,0.0,0,0,0.0,0,0.75,0.25,0.205714
params_5840,4,2.0,1.2,0.9,1.0,30,0.0,0,0.0,0,0,0.0,0,0,0.0,0,0.75,0.25,0.205714
params_5853,4,2.0,1.5,0.3,1.0,7,0.0,0,0.0,0,0,0.0,0,0,0.0,0,0.75,0.25,0.205714
params_5854,4,2.0,1.5,0.3,1.0,14,0.0,0,0.0,0,0,0.0,0,0,0.0,0,0.75,0.25,0.205714
params_5855,4,2.0,1.5,0.3,1.0,21,0.0,0,0.0,0,0,0.0,0,0,0.0,0,0.75,0.25,0.205714
params_5856,4,2.0,1.5,0.3,1.0,30,0.0,0,0.0,0,0,0.0,0,0,0.0,0,0.75,0.25,0.205714
params_5869,4,2.0,1.5,0.5,1.0,7,0.0,0,0.0,0,0,0.0,0,0,0.0,0,0.75,0.25,0.205714
params_5870,4,2.0,1.5,0.5,1.0,14,0.0,0,0.0,0,0,0.0,0,0,0.0,0,0.75,0.25,0.205714
params_5871,4,2.0,1.5,0.5,1.0,21,0.0,0,0.0,0,0,0.0,0,0,0.0,0,0.75,0.25,0.205714
params_5872,4,2.0,1.5,0.5,1.0,30,0.0,0,0.0,0,0,0.0,0,0,0.0,0,0.75,0.25,0.205714
params_5885,4,2.0,1.5,0.6,1.0,7,0.0,0,0.0,0,0,0.0,0,0,0.0,0,0.75,0.25,0.205714
params_5886,4,2.0,1.5,0.6,1.0,14,0.0,0,0.0,0,0,0.0,0,0,0.0,0,0.75,0.25,0.205714
params_5887,4,2.0,1.5,0.6,1.0,21,0.0,0,0.0,0,0,0.0,0,0,0.0,0,0.75,0.25,0.205714
params_5888,4,2.0,1.5,0.6,1.0,30,0.0,0,0.0,0,0,0.0,0,0,0.0,0,0.75,0.25,0.205714
params_5901,4,2.0,1.5,0.7,1.0,7,0.0,0,0.0,0,0,0.0,0,0,0.0,0,0.75,0.25,0.205714
params_5902,4,2.0,1.5,0.7,1.0,14,0.0,0,0.0,0,0,0.0,0,0,0.0,0,0.75,0.25,0.205714
params_5903,4,2.0,1.5,0.7,1.0,21,0.0,0,0.0,0,0,0.0,0,0,0.0,0,0.75,0.25,0.205714
params_5904,4,2.0,1.5,0.7,1.0,30,0.0,0,0.0,0,0,0.0,0,0,0.0,0,0.75,0.25,0.205714
params_5917,4,2.0,1.5,0.9,1.0,7,0.0,0,0.0,0,0,0.0,0,0,0.0,0,0.75,0.25,0.205714
params_5918,4,2.0,1.5,0.9,1.0,14,0.0,0,0.0,0,0,0.0,0,0,0.0,0,0.75,0.25,0.205714
params_5919,4,2.0,1.5,0.9,1.0,21,0.0,0,0.0,0,0,0.0,0,0,0.0,0,0.75,0.25,0.205714
params_5920,4,2.0,1.5,0.9,1.0,30,0.0,0,0.0,0,0,0.0,0,0,0.0,0,0.75,0.25,0.205714
params_5933,4,2.0,2.0,0.3,1.0,7,0.0,0,0.0,0,0,0.0,0,0,0.0,0,0.75,0.25,0.205714
params_5934,4,2.0,2.0,0.3,1.0,14,0.0,0,0.0,0,0,0.0,0,0,0.0,0,0.75,0.25,0.205714
params_5935,4,2.0,2.0,0.3,1.0,21,0.0,0,0.0,0,0,0.0,0,0,0.0,0,0.75,0.25,0.205714
params_5936,4,2.0,2.0,0.3,1.0,30,0.0,0,0.0,0,0,0.0,0,0,0.0,0,0.75,0.25,0.205714
params_5949,4,2.0,2.0,0.5,1.0,7,0.0,0,0.0,0,0,0.0,0,0,0.0,0,0.75,0.25,0.205714
params_5950,4,2.0,2.0,0.5,1.0,14,0.0,0,0.0,0,0,0.0,0,0,0.0,0,0.75,0.25,0.205714
params_5951,4,2.0,2.0,0.5,1.0,21,0.0,0,0.0,0,0,0.0,0,0,0.0,0,0.75,0.25,0.205714
params_5952,4,2.0,2.0,0.5,1.0,30,0.0,0,0.0,0,0,0.0,0,0,0.0,0,0.75,0.25,0.205714
params_5965,4,2.0,2.0,0.6,1.0,7,0.0,0,0.0,0,0,0.0,0,0,0.0,0,0.75,0.25,0.205714
params_5966,4,2.0,2.0,0.6,1.0,14,0.0,0,0.0,0,0,0.0,0,0,0.0,0,0.75,0.25,0.205714
params_5967,4,2.0,2.0,0.6,1.0,21,0.0,0,0.0,0,0,0.0,0,0,0.0,0,0.75,0.25,0.205714
params_5968,4,2.0,2.0,0.6,1.0,30,0.0,0,0.0,0,0,0.0,0,0,0.0,0,0.75,0.25,0.205714
params_5981,4,2.0,2.0,0.7,1.0,7,0.0,0,0.0,0,0,0.0,0,0,0.0,0,0.75,0.25,0.205714
params_5982,4,2.0,2.0,0.7,1.0,14,0.0,0,0.0,0,0,0.0,0,0,0.0,0,0.75,0.25,0.205714
params_5983,4,2.0,2.0,0.7,1.0,21,0.0,0,0.0,0,0,0.0,0,0,0.0,0,0.75,0.25,0.205714
params_5984,4,2.0,2.0,0.7,1.0,30,0.0,0,0.0,0,0,0.0,0,0,0.0,0,0.75,0.25,0.205714
params_5997,4,2.0,2.0,0.9,1.0,7,0.0,0,0.0,0,0,0.0,0,0,0.0,0,0.75,0.25,0.205714
params_5998,4,2.0,2.0,0.9,1.0,14,0.0,0,0.0,0,0,0.0,0,0,0.0,0,0.75,0.25,0.205714
params_5999,4,2.0,2.0,0.9,1.0,21,0.0,0,0.0,0,0,0.0,0,0,0.0,0,0.75,0.25,0.205714
params_6000,4,2.0,2.0,0.9,1.0,30,0.0,0,0.0,0,0,0.0,0,0,0.0,0,0.75,0.25,0.205714
params_7213,5,1.5,0.5,0.3,1.0,7,0.0,0,0.0,0,0,0.0,0,0,0.0,0,0.75,0.25,0.205714
params_7214,5,1.5,0.5,0.3,1.0,14,0.0,0,0.0,0,0,0.0,0,0,0.0,0,0.75,0.25,0.205714
params_7215,5,1.5,0.5,0.3,1.0,21,0.0,0,0.0,0,0,0.0,0,0,0.0,0,0.75,0.25,0.205714
params_7216,5,1.5,0.5,0.3,1.0,30,0.0,0,0.0,0,0,0.0,0,0,0.0,0,0.75,0.25,0.205714
params_7229,5,1.5,0.5,0.5,1.0,7,0.0,0,0.0,0,0,0.0,0,0,0.0,0,0.75,0.25,0.205714
params_7230,5,1.5,0.5,0.5,1.0,14,0.0,0,0.0,0,0,0.0,0,0,0.0,0,0.75,0.25,0.205714
params_7231,5,1.5,0.5,0.5,1.0,21,0.0,0,0.0,0,0,0.0,0,0,0.0,0,0.75,0.25,0.205714
params_7232,5,1.5,0.5,0.5,1.0,30,0.0,0,0.0,0,0,0.0,0,0,0.0,0,0.75,0.25,0.205714
params_7245,5,1.5,0.5,0.6,1.0,7,0.0,0,0.0,0,0,0.0,0,0,0.0,0,0.75,0.25,0.205714
params_7246,5,1.5,0.5,0.6,1.0,14,0.0,0,0.0,0,0,0.0,0,0,0.0,0,0.75,0.25,0.205714
params_7247,5,1.5,0.5,0.6,1.0,21,0.0,0,0.0,0,0,0.0,0,0,0.0,0,0.75,0.25,0.205714
params_7248,5,1.5,0.5,0.6,1.0,30,0.0,0,0.0,0,0,0.0,0,0,0.0,0,0.75,0.25,0.205714
params_7261,5,1.5,0.5,0.7,1.0,7,0.0,0,0.0,0,0,0.0,0,0,0.0,0,0.75,0.25,0.205714
params_7262,5,1.5,0.5,0.7,1.0,14,0.0,0,0.0,0,0,0.0,0,0,0.0,0,0.75,0.25,0.205714
params_7263,5,1.5,0.5,0.7,1.0,21,0.0,0,0.0,0,0,0.0,0,0,0.0,0,0.75,0.25,0.205714
params_7264,5,1.5,0.5,0.7,1.0,30,0.0,0,0.0,0,0,0.0,0,0,0.0,0,0.75,0.25,0.205714
params_7277,5,1.5,0.5,0.9,1.0,7,0.0,0,0.0,0,0,0.0,0,0,0.0,0,0.75,0.25,0.205714
params_7278,5,1.5,0.5,0.9,1.0,14,0.0,0,0.0,0,0,0.0,0,0,0.0,0,0.75,0.25,0.205714
params_7279,5,1.5,0.5,0.9,1.0,21,0.0,0,0.0,0,0,0.0,0,0,0.0,0,0.75,0.25,0.205714
params_7280,5,1.5,0.5,0.9,1.0,30,0.0,0,0.0,0,0,0.0,0,0,0.0,0,0.75,0.25,0.205714
params_7293,5,1.5,1.0,0.3,1.0,7,0.0,0,0.0,0,0,0.0,0,0,0.0,0,0.75,0.25,0.205714
params_7294,5,1.5,1.0,0.3,1.0,14,0.0,0,0.0,0,0,0.0,0,0,0.0,0,0.75,0.25,0.205714
params_7295,5,1.5,1.0,0.3,1.0,21,0.0,0,0.0,0,0,0.0,0,0,0.0,0,0.75,0.25,0.205714
params_7296,5,1.5,1.0,0.3,1.0,30,0.0,0,0.0,0,0,0.0,0,0,0.0,0,0.75,0.25,0.205714
params_7309,5,1.5,1.0,0.5,1.0,7,0.0,0,0.0,0,0,0.0,0,0,0.0,0,0.75,0.25,0.205714
params_7310,5,1.5,1.0,0.5,1.0,14,0.0,0,0.0,0,0,0.0,0,0,0.0,0,0.75,0.25,0.205714
params_7311,5,1.5,1.0,0.5,1.0,21,0.0,0,0.0,0,0,0.0,0,0,0.0,0,0.75,0.25,0.205714
params_7312,5,1.5,1.0,0.5,1.0,30,0.0,0,0.0,0,0,0.0,0,0,0.0,0,0.75,0.25,0.205714
params_7325,5,1.5,1.0,0.6,1.0,7,0.0,0,0.0,0,0,0.0,0,0,0.0,0,0.75,0.25,0.205714
params_7326,5,1.5,1.0,0.6,1.0,14,0.0,0,0.0,0,0,0.0,0,0,0.0,0,0.75,0.25,0.205714
params_7327,5,1.5,1.0,0.6,1.0,21,0.0,0,0.0,0,0,0.0,0,0,0.0,0,0.75,0.25,0.205714
params_7328,5,1.5,1.0,0.6,1.0,30,0.0,0,0.0,0,0,0.0,0,0,0.0,0,0.75,0.25,0.205714
params_7341,5,1.5,1.0,0.7,1.0,7,0.0,0,0.0,0,0,0.0,0,0,0.0,0,0.75,0.25,0.205714
params_7342,5,1.5,1.0,0.7,1.0,14,0.0,0,0.0,0,0,0.0,0,0,0.0,0,0.75,0.25,0.205714
params_7343,5,1.5,1.0,0.7,1.0,21,0.0,0,0.0,0,0,0.0,0,0,0.0,0,0.75,0.25,0.205714
params_7344,5,1.5,1.0,0.7,1.0,30,0.0,0,0.0,0,0,0.0,0,0,0.0,0,0.75,0.25,0.205714
params_7357,5,1.5,1.0,0.9,1.0,7,0.0,0,0.0,0,0,0.0,0,0,0.0,0,0.75,0.25,0.205714
params_7358,5,1.5,1.0,0.9,1.0,14,0.0,0,0.0,0,0,0.0,0,0,0.0,0,0.75,0.25,0.205714
params_7359,5,1.5,1.0,0.9,1.0,21,0.0,0,0.0,0,0,0.0,0,0,0.0,0,0.75,0.25,0.205714
params_7360,5,1.5,1.0,0.9,1.0,30,0.0,0,0.0,0,0,0.0,0,0,0.0,0,0.75,0.25,0.205714
params_7373,5,1.5,1.2,0.3,1.0,7,0.0,0,0.0,0,0,0.0,0,0,0.0,0,0.75,0.25,0.205714
params_7374,5,1.5,1.2,0.3,1.0,14,0.0,0,0.0,0,0,0.0,0,0,0.0,0,0.75,0.25,0.205714
params_7375,5,1.5,1.2,0.3,1.0,21,0.0,0,0.0,0,0,0.0,0,0,0.0,0,0.75,0.25,0.205714
params_7376,5,1.5,1.2,0.3,1.0,30,0.0,0,0.0,0,0,0.0,0,0,0.0,0,0.75,0.25,0.205714
params_7389,5,1.5,1.2,0.5,1.0,7,0.0,0,0.0,0,0,0.0,0,0,0.0,0,0.75,0.25,0.205714
params_7390,5,1.5,1.2,0.5,1.0,14,0.0,0,0.0,0,0,0.0,0,0,0.0,0,0.75,0.25,0.205714
params_7391,5,1.5,1.2,0.5,1.0,21,0.0,0,0.0,0,0,0.0,0,0,0.0,0,0.75,0.25,0.205714
params_7392,5,1.5,1.2,0.5,1.0,30,0.0,0,0.0,0,0,0.0,0,0,0.0,0,0.75,0.25,0.205714
params_7405,5,1.5,1.2,0.6,1.0,7,0.0,0,0.0,0,0,0.0,0,0,0.0,0,0.75,0.25,0.205714
params_7406,5,1.5,1.2,0.6,1.0,14,0.0,0,0.0,0,0,0.0,0,0,0.0,0,0.75,0.25,0.205714
params_7407,5,1.5,1.2,0.6,1.0,21,0.0,0,0.0,0,0,0.0,0,0,0.0,0,0.75,0.25,0.205714
params_7408,5,1.5,1.2,0.6,1.0,30,0.0,0,0.0,0,0,0.0,0,0,0.0,0,0.75,0.25,0.205714
params_7421,5,1.5,1.2,0.7,1.0,7,0.0,0,0.0,0,0,0.0,0,0,0.0,0,0.75,0.25,0.205714
params_7422,5,1.5,1.2,0.7,1.0,14,0.0,0,0.0,0,0,0.0,0,0,0.0,0,0.75,0.25,0.205714
params_7423,5,1.5,1.2,0.7,1.0,21,0.0,0,0.0,0,0,0.0,0,0,0.0,0,0.75,0.25,0.205714
params_7424,5,1.5,1.2,0.7,1.0,30,0.0,0,0.0,0,0,0.0,0,0,0.0,0,0.75,0.25,0.205714
params_7437,5,1.5,1.2,0.9,1.0,7,0.0,0,0.0,0,0,0.0,0,0,0.0,0,0.75,0.25,0.205714
params_7438,5,1.5,1.2,0.9,1.0,14,0.0,0,0.0,0,0,0.0,0,0,0.0,0,0.75,0.25,0.205714
params_7439,5,1.5,1.2,0.9,1.0,21,0.0,0,0.0,0,0,0.0,0,0,0.0,0,0.75,0.25,0.205714
params_7440,5,1.5,1.2,0.9,1.0,30,0.0,0,0.0,0,0,0.0,0,0,0.0,0,0.75,0.25,0.205714
params_7453,5,1.5,1.5,0.3,1.0,7,0.0,0,0.0,0,0,0.0,0,0,0.0,0,0.75,0.25,0.205714
params_7454,5,1.5,1.5,0.3,1.0,14,0.0,0,0.0,0,0,0.0,0,0,0.0,0,0.75,0.25,0.205714
params_7455,5,1.5,1.5,0.3,1.0,21,0.0,0,0.0,0,0,0.0,0,0,0.0,0,0.75,0.25,0.205714
params_7456,5,1.5,1.5,0.3,1.0,30,0.0,0,0.0,0,0,0.0,0,0,0.0,0,0.75,0.25,0.205714
params_7469,5,1.5,1.5,0.5,1.0,7,0.0,0,0.0,0,0,0.0,0,0,0.0,0,0.75,0.25,0.205714
params_7470,5,1.5,1.5,0.5,1.0,14,0.0,0,0.0,0,0,0.0,0,0,0.0,0,0.75,0.25,0.205714
params_7471,5,1.5,1.5,0.5,1.0,21,0.0,0,0.0,0,0,0.0,0,0,0.0,0,0.75,0.25,0.205714
params_7472,5,1.5,1.5,0.5,1.0,30,0.0,0,0.0,0,0,0.0,0,0,0.0,0,0.75,0.25,0.205714
params_7485,5,1.5,1.5,0.6,1.0,7,0.0,0,0.0,0,0,0.0,0,0,0.0,0,0.75,0.25,0.205714
params_7486,5,1.5,1.5,0.6,1.0,14,0.0,0,0.0,0,0,0.0,0,0,0.0,0,0.75,0.25,0.205714
params_7487,5,1.5,1.5,0.6,1.0,21,0.0,0,0.0,0,0,0.0,0,0,0.0,0,0.75,0.25,0.205714
params_7488,5,1.5,1.5,0.6,1.0,30,0.0,0,0.0,0,0,0.0,0,0,0.0,0,0.75,0.25,0.205714
params_7501,5,1.5,1.5,0.7,1.0,7,0.0,0,0.0,0,0,0.0,0,0,0.0,0,0.75,0.25,0.205714
params_7502,5,1.5,1.5,0.7,1.0,14,0.0,0,0.0,0,0,0.0,0,0,0.0,0,0.75,0.25,0.205714
params_7503,5,1.5,1.5,0.7,1.0,21,0.0,0,0.0,0,0,0.0,0,0,0.0,0,0.75,0.25,0.205714
params_7504,5,1.5,1.5,0.7,1.0,30,0.0,0,0.0,0,0,0.0,0,0,0.0,0,0.75,0.25,0.205714
params_7517,5,1.5,1.5,0.9,1.0,7,0.0,0,0.0,0,0,0.0,0,0,0.0,0,0.75,0.25,0.205714
params_7518,5,1.5,1.5,0.9,1.0,14,0.0,0,0.0,0,0,0.0,0,0,0.0,0,0.75,0.25,0.205714
params_7519,5,1.5,1.5,0.9,1.0,21,0.0,0,0.0,0,0,0.0,0,0,0.0,0,0.75,0.25,0.205714
params_7520,5,1.5,1.5,0.9,1.0,30,0.0,0,0.0,0,0,0.0,0,0,0.0,0,0.75,0.25,0.205714
params_7533,5,1.5,2.0,0.3,1.0,7,0.0,0,0.0,0,0,0.0,0,0,0.0,0,0.75,0.25,0.205714
params_7534,5,1.5,2.0,0.3,1.0,14,0.0,0,0.0,0,0,0.0,0,0,0.0,0,0.75,0.25,0.205714
params_7535,5,1.5,2.0,0.3,1.0,21,0.0,0,0.0,0,0,0.0,0,0,0.0,0,0.75,0.25,0.205714
params_7536,5,1.5,2.0,0.3,1.0,30,0.0,0,0.0,0,0,0.0,0,0,0.0,0,0.75,0.25,0.205714
params_7549,5,1.5,2.0,0.5,1.0,7,0.0,0,0.0,0,0,0.0,0,0,0.0,0,0.75,0.25,0.205714
params_7550,5,1.5,2.0,0.5,1.0,14,0.0,0,0.0,0,0,0.0,0,0,0.0,0,0.75,0.25,0.205714
params_7551,5,1.5,2.0,0.5,1.0,21,0.0,0,0.0,0,0,0.0,0,0,0.0,0,0.75,0.25,0.205714
params_7552,5,1.5,2.0,0.5,1.0,30,0.0,0,0.0,0,0,0.0,0,0,0.0,0,0.75,0.25,0.205714
params_7565,5,1.5,2.0,0.6,1.0,7,0.0,0,0.0,0,0,0.0,0,0,0.0,0,0.75,0.25,0.205714
params_7566,5,1.5,2.0,0.6,1.0,14,0.0,0,0.0,0,0,0.0,0,0,0.0,0,0.75,0.25,0.205714
params_7567,5,1.5,2.0,0.6,1.0,21,0.0,0,0.0,0,0,0.0,0,0,0.0,0,0.75,0.25,0.205714
params_7568,5,1.5,2.0,0.6,1.0,30,0.0,0,0.0,0,0,0.0,0,0,0.0,0,0.75,0.25,0.205714
params_7581,5,1.5,2.0,0.7,1.0,7,0.0,0,0.0,0,0,0.0,0,0,0.0,0,0.75,0.25,0.205714
params_7582,5,1.5,2.0,0.7,1.0,14,0.0,0,0.0,0,0,0.0,0,0,0.0,0,0.75,0.25,0.205714
params_7583,5,1.5,2.0,0.7,1.0,21,0.0,0,0.0,0,0,0.0,0,0,0.0,0,0.75,0.25,0.205714
params_7584,5,1.5,2.0,0.7,1.0,30,0.0,0,0.0,0,0,0.0,0,0,0.0,0,0.75,0.25,0.205714
params_7597,5,1.5,2.0,0.9,1.0,7,0.0,0,0.0,0,0,0.0,0,0,0.0,0,0.75,0.25,0.205714
params_7598,5,1.5,2.0,0.9,1.0,14,0.0,0,0.0,0,0,0.0,0,0,0.0,0,0.75,0.25,0.205714
params_7599,5,1.5,2.0,0.9,1.0,21,0.0,0,0.0,0,0,0.0,0,0,0.0,0,0.75,0.25,0.205714
params_7600,5,1.5,2.0,0.9,1.0,30,0.0,0,0.0,0,0,0.0,0,0,0.0,0,0.75,0.25,0.205714
params_7613,5,2.0,0.5,0.3,1.0,7,0.0,0,0.0,0,0,0.0,0,0,0.0,0,0.75,0.25,0.205714
params_7614,5,2.0,0.5,0.3,1.0,14,0.0,0,0.0,0,0,0.0,0,0,0.0,0,0.75,0.25,0.205714
params_7615,5,2.0,0.5,0.3,1.0,21,0.0,0,0.0,0,0,0.0,0,0,0.0,0,0.75,0.25,0.205714
params_7616,5,2.0,0.5,0.3,1.0,30,0.0,0,0.0,0,0,0.0,0,0,0.0,0,0.75,0.25,0.205714
params_7629,5,2.0,0.5,0.5,1.0,7,0.0,0,0.0,0,0,0.0,0,0,0.0,0,0.75,0.25,0.205714
params_7630,5,2.0,0.5,0.5,1.0,14,0.0,0,0.0,0,0,0.0,0,0,0.0,0,0.75,0.25,0.205714
params_7631,5,2.0,0.5,0.5,1.0,21,0.0,0,0.0,0,0,0.0,0,0,0.0,0,0.75,0.25,0.205714
params_7632,5,2.0,0.5,0.5,1.0,30,0.0,0,0.0,0,0,0.0,0,0,0.0,0,0.75,0.25,0.205714
params_7645,5,2.0,0.5,0.6,1.0,7,0.0,0,0.0,0,0,0.0,0,0,0.0,0,0.75,0.25,0.205714
params_7646,5,2.0,0.5,0.6,1.0,14,0.0,0,0.0,0,0,0.0,0,0,0.0,0,0.75,0.25,0.205714
params_7647,5,2.0,0.5,0.6,1.0,21,0.0,0,0.0,0,0,0.0,0,0,0.0,0,0.75,0.25,0.205714
params_7648,5,2.0,0.5,0.6,1.0,30,0.0,0,0.0,0,0,0.0,0,0,0.0,0,0.75,0.25,0.205714
params_7661,5,2.0,0.5,0.7,1.0,7,0.0,0,0.0,0,0,0.0,0,0,0.0,0,0.75,0.25,0.205714
params_7662,5,2.0,0.5,0.7,1.0,14,0.0,0,0.0,0,0,0.0,0,0,0.0,0,0.75,0.25,0.205714
params_7663,5,2.0,0.5,0.7,1.0,21,0.0,0,0.0,0,0,0.0,0,0,0.0,0,0.75,0.25,0.205714
params_7664,5,2.0,0.5,0.7,1.0,30,0.0,0,0.0,0,0,0.0,0,0,0.0,0,0.75,0.25,0.205714
params_7677,5,2.0,0.5,0.9,1.0,7,0.0,0,0.0,0,0,0.0,0,0,0.0,0,0.75,0.25,0.205714
params_7678,5,2.0,0.5,0.9,1.0,14,0.0,0,0.0,0,0,0.0,0,0,0.0,0,0.75,0.25,0.205714
params_7679,5,2.0,0.5,0.9,1.0,21,0.0,0,0.0,0,0,0.0,0,0,0.0,0,0.75,0.25,0.205714
params_7680,5,2.0,0.5,0.9,1.0,30,0.0,0,0.0,0,0,0.0,0,0,0.0,0,0.75,0.25,0.205714
params_7693,5,2.0,1.0,0.3,1.0,7,0.0,0,0.0,0,0,0.0,0,0,0.0,0,0.75,0.25,0.205714
params_7694,5,2.0,1.0,0.3,1.0,14,0.0,0,0.0,0,0,0.0,0,0,0.0,0,0.75,0.25,0.205714
params_7695,5,2.0,1.0,0.3,1.0,21,0.0,0,0.0,0,0,0.0,0,0,0.0,0,0.75,0.25,0.205714
params_7696,5,2.0,1.0,0.3,1.0,30,0.0,0,0.0,0,0,0.0,0,0,0.0,0,0.75,0.25,0.205714
params_7709,5,2.0,1.0,0.5,1.0,7,0.0,0,0.0,0,0,0.0,0,0,0.0,0,0.75,0.25,0.205714
params_7710,5,2.0,1.0,0.5,1.0,14,0.0,0,0.0,0,0,0.0,0,0,0.0,0,0.75,0.25,0.205714
params_7711,5,2.0,1.0,0.5,1.0,21,0.0,0,0.0,0,0,0.0,0,0,0.0,0,0.75,0.25,0.205714
params_7712,5,2.0,1.0,0.5,1.0,30,0.0,0,0.0,0,0,0.0,0,0,0.0,0,0.75,0.25,0.205714
params_7725,5,2.0,1.0,0.6,1.0,7,0.0,0,0.0,0,0,0.0,0,0,0.0,0,0.75,0.25,0.205714
params_7726,5,2.0,1.0,0.6,1.0,14,0.0,0,0.0,0,0,0.0,0,0,0.0,0,0.75,0.25,0.205714
params_7727,5,2.0,1.0,0.6,1.0,21,0.0,0,0.0,0,0,0.0,0,0,0.0,0,0.75,0.25,0.205714
params_7728,5,2.0,1.0,0.6,1.0,30,0.0,0,0.0,0,0,0.0,0,0,0.0,0,0.75,0.25,0.205714
params_7741,5,2.0,1.0,0.7,1.0,7,0.0,0,0.0,0,0,0.0,0,0,0.0,0,0.75,0.25,0.205714
params_7742,5,2.0,1.0,0.7,1.0,14,0.0,0,0.0,0,0,0.0,0,0,0.0,0,0.75,0.25,0.205714
params_7743,5,2.0,1.0,0.7,1.0,21,0.0,0,0.0,0,0,0.0,0,0,0.0,0,0.75,0.25,0.205714
params_7744,5,2.0,1.0,0.7,1.0,30,0.0,0,0.0,0,0,0.0,0,0,0.0,0,0.75,0.25,0.205714
params_7757,5,2.0,1.0,0.9,1.0,7,0.0,0,0.0,0,0,0.0,0,0,0.0,0,0.75,0.25,0.205714
params_7758,5,2.0,1.0,0.9,1.0,14,0.0,0,0.0,0,0,0.0,0,0,0.0,0,0.75,0.25,0.205714
params_7759,5,2.0,1.0,0.9,1.0,21,0.0,0,0.0,0,0,0.0,0,0,0.0,0,0.75,0.25,0.205714
params_7760,5,2.0,1.0,0.9,1.0,30,0.0,0,0.0,0,0,0.0,0,0,0.0,0,0.75,0.25,0.205714
params_7773,5,2.0,1.2,0.3,1.0,7,0.0,0,0.0,0,0,0.0,0,0,0.0,0,0.75,0.25,0.205714
params_7774,5,2.0,1.2,0.3,1.0,14,0.0,0,0.0,0,0,0.0,0,0,0.0,0,0.75,0.25,0.205714
params_7775,5,2.0,1.2,0.3,1.0,21,0.0,0,0.0,0,0,0.0,0,0,0.0,0,0.75,0.25,0.205714
params_7776,5,2.0,1.2,0.3,1.0,30,0.0,0,0.0,0,0,0.0,0,0,0.0,0,0.75,0.25,0.205714
params_7789,5,2.0,1.2,0.5,1.0,7,0.0,0,0.0,0,0,0.0,0,0,0.0,0,0.75,0.25,0.205714
params_7790,5,2.0,1.2,0.5,1.0,14,0.0,0,0.0,0,0,0.0,0,0,0.0,0,0.75,0.25,0.205714
params_7791,5,2.0,1.2,0.5,1.0,21,0.0,0,0.0,0,0,0.0,0,0,0.0,0,0.75,0.25,0.205714
params_7792,5,2.0,1.2,0.5,1.0,30,0.0,0,0.0,0,0,0.0,0,0,0.0,0,0.75,0.25,0.205714
params_7805,5,2.0,1.2,0.6,1.0,7,0.0,0,0.0,0,0,0.0,0,0,0.0,0,0.75,0.25,0.205714
params_7806,5,2.0,1.2,0.6,1.0,14,0.0,0,0.0,0,0,0.0,0,0,0.0,0,0.75,0.25,0.205714
params_7807,5,2.0,1.2,0.6,1.0,21,0.0,0,0.0,0,0,0.0,0,0,0.0,0,0.75,0.25,0.205714
params_7808,5,2.0,1.2,0.6,1.0,30,0.0,0,0.0,0,0,0.0,0,0,0.0,0,0.75,0.25,0.205714
params_7821,5,2.0,1.2,0.7,1.0,7,0.0,0,0.0,0,0,0.0,0,0,0.0,0,0.75,0.25,0.205714
params_7822,5,2.0,1.2,0.7,1.0,14,0.0,0,0.0,0,0,0.0,0,0,0.0,0,0.75,0.25,0.205714
params_7823,5,2.0,1.2,0.7,1.0,21,0.0,0,0.0,0,0,0.0,0,0,0.0,0,0.75,0.25,0.205714
params_7824,5,2.0,1.2,0.7,1.0,30,0.0,0,0.0,0,0,0.0,0,0,0.0,0,0.75,0.25,0.205714
params_7837,5,2.0,1.2,0.9,1.0,7,0.0,0,0.0,0,0,0.0,0,0,0.0,0,0.75,0.25,0.205714
params_7838,5,2.0,1.2,0.9,1.0,14,0.0,0,0.0,0,0,0.0,0,0,0.0,0,0.75,0.25,0.205714
params_7839,5,2.0,1.2,0.9,1.0,21,0.0,0,0.0,0,0,0.0,0,0,0.0,0,0.75,0.25,0.205714
params_7840,5,2.0,1.2,0.9,1.0,30,0.0,0,0.0,0,0,0.0,0,0,0.0,0,0.75,0.25,0.205714
params_7853,5,2.0,1.5,0.3,1.0,7,0.0,0,0.0,0,0,0.0,0,0,0.0,0,0.75,0.25,0.205714
params_7854,5,2.0,1.5,0.3,1.0,14,0.0,0,0.0,0,0,0.0,0,0,0.0,0,0.75,0.25,0.205714
params_7855,5,2.0,1.5,0.3,1.0,21,0.0,0,0.0,0,0,0.0,0,0,0.0,0,0.75,0.25,0.205714
params_7856,5,2.0,1.5,0.3,1.0,30,0.0,0,0.0,0,0,0.0,0,0,0.0,0,0.75,0.25,0.205714
params_7869,5,2.0,1.5,0.5,1.0,7,0.0,0,0.0,0,0,0.0,0,0,0.0,0,0.75,0.25,0.205714
params_7870,5,2.0,1.5,0.5,1.0,14,0.0,0,0.0,0,0,0.0,0,0,0.0,0,0.75,0.25,0.205714
params_7871,5,2.0,1.5,0.5,1.0,21,0.0,0,0.0,0,0,0.0,0,0,0.0,0,0.75,0.25,0.205714
params_7872,5,2.0,1.5,0.5,1.0,30,0.0,0,0.0,0,0,0.0,0,0,0.0,0,0.75,0.25,0.205714
params_7885,5,2.0,1.5,0.6,1.0,7,0.0,0,0.0,0,0,0.0,0,0,0.0,0,0.75,0.25,0.205714
params_7886,5,2.0,1.5,0.6,1.0,14,0.0,0,0.0,0,0,0.0,0,0,0.0,0,0.75,0.25,0.205714
params_7887,5,2.0,1.5,0.6,1.0,21,0.0,0,0.0,0,0,0.0,0,0,0.0,0,0.75,0.25,0.205714
params_7888,5,2.0,1.5,0.6,1.0,30,0.0,0,0.0,0,0,0.0,0,0,0.0,0,0.75,0.25,0.205714
params_7901,5,2.0,1.5,0.7,1.0,7,0.0,0,0.0,0,0,0.0,0,0,0.0,0,0.75,0.25,0.205714
params_7902,5,2.0,1.5,0.7,1.0,14,0.0,0,0.0,0,0,0.0,0,0,0.0,0,0.75,0.25,0.205714
params_7903,5,2.0,1.5,0.7,1.0,21,0.0,0,0.0,0,0,0.0,0,0,0.0,0,0.75,0.25,0.205714
params_7904,5,2.0,1.5,0.7,1.0,30,0.0,0,0.0,0,0,0.0,0,0,0.0,0,0.75,0.25,0.205714
params_7917,5,2.0,1.5,0.9,1.0,7,0.0,0,0.0,0,0,0.0,0,0,0.0,0,0.75,0.25,0.205714
params_7918,5,2.0,1.5,0.9,1.0,14,0.0,0,0.0,0,0,0.0,0,0,0.0,0,0.75,0.25,0.205714
params_7919,5,2.0,1.5,0.9,1.0,21,0.0,0,0.0,0,0,0.0,0,0,0.0,0,0.75,0.25,0.205714
params_7920,5,2.0,1.5,0.9,1.0,30,0.0,0,0.0,0,0,0.0,0,0,0.0,0,0.75,0.25,0.205714
params_7933,5,2.0,2.0,0.3,1.0,7,0.0,0,0.0,0,0,0.0,0,0,0.0,0,0.75,0.25,0.205714
params_7934,5,2.0,2.0,0.3,1.0,14,0.0,0,0.0,0,0,0.0,0,0,0.0,0,0.75,0.25,0.205714
params_7935,5,2.0,2.0,0.3,1.0,21,0.0,0,0.0,0,0,0.0,0,0,0.0,0,0.75,0.25,0.205714
params_7936,5,2.0,2.0,0.3,1.0,30,0.0,0,0.0,0,0,0.0,0,0,0.0,0,0.75,0.25,0.205714
params_7949,5,2.0,2.0,0.5,1.0,7,0.0,0,0.0,0,0,0.0,0,0,0.0,0,0.75,0.25,0.205714
params_7950,5,2.0,2.0,0.5,1.0,14,0.0,0,0.0,0,0,0.0,0,0,0.0,0,0.75,0.25,0.205714
params_7951,5,2.0,2.0,0.5,1.0,21,0.0,0,0.0,0,0,0.0,0,0,0.0,0,0.75,0.25,0.205714
params_7952,5,2.0,2.0,0.5,1.0,30,0.0,0,0.0,0,0,0.0,0,0,0.0,0,0.75,0.25,0.205714
params_7965,5,2.0,2.0,0.6,1.0,7,0.0,0,0.0,0,0,0.0,0,0,0.0,0,0.75,0.25,0.205714
params_7966,5,2.0,2.0,0.6,1.0,14,0.0,0,0.0,0,0,0.0,0,0,0.0,0,0.75,0.25,0.205714
params_7967,5,2.0,2.0,0.6,1.0,21,0.0,0,0.0,0,0,0.0,0,0,0.0,0,0.75,0.25,0.205714
params_7968,5,2.0,2.0,0.6,1.0,30,0.0,0,0.0,0,0,0.0,0,0,0.0,0,0.75,0.25,0.205714
params_7981,5,2.0,2.0,0.7,1.0,7,0.0,0,0.0,0,0,0.0,0,0,0.0,0,0.75,0.25,0.205714
params_7982,5,2.0,2.0,0.7,1.0,14,0.0,0,0.0,0,0,0.0,0,0,0.0,0,0.75,0.25,0.205714
params_7983,5,2.0,2.0,0.7,1.0,21,0.0,0,0.0,0,0,0.0,0,0,0.0,0,0.75,0.25,0.205714
params_7984,5,2.0,2.0,0.7,1.0,30,0.0,0,0.0,0,0,0.0,0,0,0.0,0,0.75,0.25,0.205714
params_7997,5,2.0,2.0,0.9,1.0,7,0.0,0,0.0,0,0,0.0,0,0,0.0,0,0.75,0.25,0.205714
params_7998,5,2.0,2.0,0.9,1.0,14,0.0,0,0.0,0,0,0.0,0,0,0.0,0,0.75,0.25,0.205714
params_7999,5,2.0,2.0,0.9,1.0,21,0.0,0,0.0,0,0,0.0,0,0,0.0,0,0.75,0.25,0.205714
params_8000,5,2.0,2.0,0.9,1.0,30,0.0,0,0.0,0,0,0.0,0,0,0.0,0,0.75,0.25,0.205714
