log_id,user_id,family_id,appliance_id,appliance_type,device_name,event_type,action_type,operation_state,mode,started_at,ended_at,usage_date,duration_minutes,energy_kwh,error_code,source,dataset_split,period_label,created_at
TRAIN_000001,U001,F001,RC001,robot_cleaner,거실 로봇청소기,usage,start,completed,quiet_clean,2025-01-01T09:43:00+09:00,2025-01-01T10:30:00+09:00,2025-01-01,47,0.203,,dummy_thinq_like_log,train,base_routine,2025-01-01T10:30:00+09:00
TRAIN_000731,U001,F001,WM001,washer,세탁기,usage,start,completed,quick_wash,2025-01-01T18:51:00+09:00,2025-01-01T19:48:00+09:00,2025-01-01,57,0.464,,dummy_thinq_like_log,train,base_routine,2025-01-01T19:48:00+09:00
TRAIN_000732,U001,F001,DR001,dryer,건조기,usage,start,completed,speed_dry,2025-01-01T21:03:00+09:00,2025-01-01T22:13:00+09:00,2025-01-01,70,1.31,,dummy_thinq_like_log,train,base_routine,2025-01-01T22:13:00+09:00
TRAIN_000366,U001,F001,DW001,dishwasher,주방 식기세척기,usage,start,completed,standard,2025-01-01T21:17:00+09:00,2025-01-01T22:33:00+09:00,2025-01-01,76,1.002,,dummy_thinq_like_log,train,base_routine,2025-01-01T22:33:00+09:00
TRAIN_000002,U001,F001,RC001,robot_cleaner,거실 로봇청소기,usage,start,completed,quiet_clean,2025-01-02T09:43:00+09:00,2025-01-02T10:22:00+09:00,2025-01-02,39,0.141,,dummy_thinq_like_log,train,base_routine,2025-01-02T10:22:00+09:00
TRAIN_000367,U001,F001,DW001,dishwasher,주방 식기세척기,usage,start,completed,standard,2025-01-02T20:57:00+09:00,2025-01-02T22:16:00+09:00,2025-01-02,79,0.901,,dummy_thinq_like_log,train,base_routine,2025-01-02T22:16:00+09:00
TRAIN_000003,U001,F001,RC001,robot_cleaner,거실 로봇청소기,usage,start,completed,quiet_clean,2025-01-03T10:10:00+09:00,2025-01-03T11:02:00+09:00,2025-01-03,52,0.179,,dummy_thinq_like_log,train,base_routine,2025-01-03T11:02:00+09:00
TRAIN_000368,U001,F001,DW001,dishwasher,주방 식기세척기,usage,start,completed,standard,2025-01-03T21:08:00+09:00,2025-01-03T22:11:00+09:00,2025-01-03,63,1.028,,dummy_thinq_like_log,train,base_routine,2025-01-03T22:11:00+09:00
TRAIN_000004,U001,F001,RC001,robot_cleaner,거실 로봇청소기,usage,start,completed,edge_clean,2025-01-04T10:14:00+09:00,2025-01-04T11:16:00+09:00,2025-01-04,62,0.203,,dummy_thinq_like_log,train,base_routine,2025-01-04T11:16:00+09:00
TRAIN_000733,U001,F001,WM001,washer,세탁기,usage,start,completed,quick_wash,2025-01-04T19:22:00+09:00,2025-01-04T20:31:00+09:00,2025-01-04,69,0.591,,dummy_thinq_like_log,train,base_routine,2025-01-04T20:31:00+09:00
TRAIN_000369,U001,F001,DW001,dishwasher,주방 식기세척기,usage,start,completed,quick,2025-01-04T20:52:00+09:00,2025-01-04T22:04:00+09:00,2025-01-04,72,0.951,,dummy_thinq_like_log,train,base_routine,2025-01-04T22:04:00+09:00
TRAIN_000734,U001,F001,DR001,dryer,건조기,usage,start,completed,normal_dry,2025-01-04T21:29:00+09:00,2025-01-04T22:50:00+09:00,2025-01-04,81,1.632,,dummy_thinq_like_log,train,base_routine,2025-01-04T22:50:00+09:00
TRAIN_000005,U001,F001,RC001,robot_cleaner,거실 로봇청소기,usage,start,completed,edge_clean,2025-01-05T10:12:00+09:00,2025-01-05T11:16:00+09:00,2025-01-05,64,0.194,,dummy_thinq_like_log,train,base_routine,2025-01-05T11:16:00+09:00
TRAIN_000370,U001,F001,DW001,dishwasher,주방 식기세척기,usage,start,completed,intensive,2025-01-05T21:00:00+09:00,2025-01-05T22:20:00+09:00,2025-01-05,80,0.871,,dummy_thinq_like_log,train,base_routine,2025-01-05T22:20:00+09:00
TRAIN_000006,U001,F001,RC001,robot_cleaner,거실 로봇청소기,usage,start,completed,auto_clean,2025-01-06T09:58:00+09:00,2025-01-06T10:56:00+09:00,2025-01-06,58,0.151,,dummy_thinq_like_log,train,base_routine,2025-01-06T10:56:00+09:00
TRAIN_000371,U001,F001,DW001,dishwasher,주방 식기세척기,usage,start,completed,intensive,2025-01-06T20:46:00+09:00,2025-01-06T22:03:00+09:00,2025-01-06,77,1.14,,dummy_thinq_like_log,train,base_routine,2025-01-06T22:03:00+09:00
TRAIN_000007,U001,F001,RC001,robot_cleaner,거실 로봇청소기,usage,start,completed,quiet_clean,2025-01-07T10:15:00+09:00,2025-01-07T11:10:00+09:00,2025-01-07,55,0.174,,dummy_thinq_like_log,train,base_routine,2025-01-07T11:10:00+09:00
TRAIN_000735,U001,F001,WM001,washer,세탁기,usage,start,completed,bedding,2025-01-07T19:05:00+09:00,2025-01-07T19:53:00+09:00,2025-01-07,48,0.47,,dummy_thinq_like_log,train,base_routine,2025-01-07T19:53:00+09:00
TRAIN_000372,U001,F001,DW001,dishwasher,주방 식기세척기,usage,start,completed,intensive,2025-01-07T21:19:00+09:00,2025-01-07T22:47:00+09:00,2025-01-07,88,1.099,,dummy_thinq_like_log,train,base_routine,2025-01-07T22:47:00+09:00
TRAIN_000736,U001,F001,DR001,dryer,건조기,usage,start,completed,bedding_dry,2025-01-07T21:21:00+09:00,2025-01-07T22:46:00+09:00,2025-01-07,85,1.228,,dummy_thinq_like_log,train,base_routine,2025-01-07T22:46:00+09:00
TRAIN_000008,U001,F001,RC001,robot_cleaner,거실 로봇청소기,usage,start,completed,edge_clean,2025-01-08T10:08:00+09:00,2025-01-08T11:13:00+09:00,2025-01-08,65,0.175,,dummy_thinq_like_log,train,base_routine,2025-01-08T11:13:00+09:00
TRAIN_000373,U001,F001,DW001,dishwasher,주방 식기세척기,usage,start,completed,quick,2025-01-08T21:00:00+09:00,2025-01-08T22:24:00+09:00,2025-01-08,84,1.022,,dummy_thinq_like_log,train,base_routine,2025-01-08T22:24:00+09:00
TRAIN_000009,U001,F001,RC001,robot_cleaner,거실 로봇청소기,usage,start,completed,quiet_clean,2025-01-09T10:07:00+09:00,2025-01-09T10:59:00+09:00,2025-01-09,52,0.196,,dummy_thinq_like_log,train,base_routine,2025-01-09T10:59:00+09:00
TRAIN_000374,U001,F001,DW001,dishwasher,주방 식기세척기,usage,start,completed,intensive,2025-01-09T21:03:00+09:00,2025-01-09T22:10:00+09:00,2025-01-09,67,1.034,,dummy_thinq_like_log,train,base_routine,2025-01-09T22:10:00+09:00
TRAIN_000010,U001,F001,RC001,robot_cleaner,거실 로봇청소기,usage,start,completed,auto_clean,2025-01-10T10:00:00+09:00,2025-01-10T10:58:00+09:00,2025-01-10,58,0.193,,dummy_thinq_like_log,train,base_routine,2025-01-10T10:58:00+09:00
TRAIN_000737,U001,F001,WM001,washer,세탁기,usage,start,completed,quick_wash,2025-01-10T19:21:00+09:00,2025-01-10T20:44:00+09:00,2025-01-10,83,0.594,,dummy_thinq_like_log,train,base_routine,2025-01-10T20:44:00+09:00
TRAIN_000375,U001,F001,DW001,dishwasher,주방 식기세척기,usage,start,completed,intensive,2025-01-10T21:19:00+09:00,2025-01-10T22:29:00+09:00,2025-01-10,70,1.106,,dummy_thinq_like_log,train,base_routine,2025-01-10T22:29:00+09:00
TRAIN_000738,U001,F001,DR001,dryer,건조기,usage,start,completed,normal_dry,2025-01-10T21:25:00+09:00,2025-01-10T22:39:00+09:00,2025-01-10,74,1.07,,dummy_thinq_like_log,train,base_routine,2025-01-10T22:39:00+09:00
TRAIN_000011,U001,F001,RC001,robot_cleaner,거실 로봇청소기,usage,start,completed,quiet_clean,2025-01-11T10:17:00+09:00,2025-01-11T11:09:00+09:00,2025-01-11,52,0.165,,dummy_thinq_like_log,train,base_routine,2025-01-11T11:09:00+09:00
TRAIN_000376,U001,F001,DW001,dishwasher,주방 식기세척기,usage,start,completed,standard,2025-01-11T21:05:00+09:00,2025-01-11T22:38:00+09:00,2025-01-11,93,0.917,,dummy_thinq_like_log,train,base_routine,2025-01-11T22:38:00+09:00
TRAIN_000012,U001,F001,RC001,robot_cleaner,거실 로봇청소기,usage,start,completed,edge_clean,2025-01-12T10:17:00+09:00,2025-01-12T11:17:00+09:00,2025-01-12,60,0.214,,dummy_thinq_like_log,train,base_routine,2025-01-12T11:17:00+09:00
TRAIN_000377,U001,F001,DW001,dishwasher,주방 식기세척기,usage,start,completed,quick,2025-01-12T20:53:00+09:00,2025-01-12T22:09:00+09:00,2025-01-12,76,0.962,,dummy_thinq_like_log,train,base_routine,2025-01-12T22:09:00+09:00
TRAIN_000013,U001,F001,RC001,robot_cleaner,거실 로봇청소기,usage,start,completed,auto_clean,2025-01-13T09:58:00+09:00,2025-01-13T10:46:00+09:00,2025-01-13,48,0.155,,dummy_thinq_like_log,train,base_routine,2025-01-13T10:46:00+09:00
TRAIN_000739,U001,F001,WM001,washer,세탁기,usage,start,completed,quick_wash,2025-01-13T19:03:00+09:00,2025-01-13T20:10:00+09:00,2025-01-13,67,0.401,,dummy_thinq_like_log,train,base_routine,2025-01-13T20:10:00+09:00
TRAIN_000740,U001,F001,DR001,dryer,건조기,usage,start,completed,normal_dry,2025-01-13T21:13:00+09:00,2025-01-13T22:38:00+09:00,2025-01-13,85,1.211,,dummy_thinq_like_log,train,base_routine,2025-01-13T22:38:00+09:00
TRAIN_000378,U001,F001,DW001,dishwasher,주방 식기세척기,usage,start,completed,intensive,2025-01-13T21:14:00+09:00,2025-01-13T22:43:00+09:00,2025-01-13,89,0.907,,dummy_thinq_like_log,train,base_routine,2025-01-13T22:43:00+09:00
TRAIN_000014,U001,F001,RC001,robot_cleaner,거실 로봇청소기,usage,start,completed,quiet_clean,2025-01-14T10:03:00+09:00,2025-01-14T11:04:00+09:00,2025-01-14,61,0.196,,dummy_thinq_like_log,train,base_routine,2025-01-14T11:04:00+09:00
TRAIN_000379,U001,F001,DW001,dishwasher,주방 식기세척기,usage,start,completed,quick,2025-01-14T21:00:00+09:00,2025-01-14T22:08:00+09:00,2025-01-14,68,1.004,,dummy_thinq_like_log,train,base_routine,2025-01-14T22:08:00+09:00
TRAIN_000015,U001,F001,RC001,robot_cleaner,거실 로봇청소기,usage,start,completed,quiet_clean,2025-01-15T10:11:00+09:00,2025-01-15T11:08:00+09:00,2025-01-15,57,0.184,,dummy_thinq_like_log,train,base_routine,2025-01-15T11:08:00+09:00
TRAIN_000380,U001,F001,DW001,dishwasher,주방 식기세척기,usage,start,completed,standard,2025-01-15T20:56:00+09:00,2025-01-15T22:07:00+09:00,2025-01-15,71,0.922,,dummy_thinq_like_log,train,base_routine,2025-01-15T22:07:00+09:00
TRAIN_000016,U001,F001,RC001,robot_cleaner,거실 로봇청소기,usage,start,completed,auto_clean,2025-01-16T10:16:00+09:00,2025-01-16T11:18:00+09:00,2025-01-16,62,0.187,,dummy_thinq_like_log,train,base_routine,2025-01-16T11:18:00+09:00
TRAIN_000741,U001,F001,WM001,washer,세탁기,usage,start,completed,quick_wash,2025-01-16T18:44:00+09:00,2025-01-16T19:44:00+09:00,2025-01-16,60,0.536,,dummy_thinq_like_log,train,base_routine,2025-01-16T19:44:00+09:00
TRAIN_000742,U001,F001,DR001,dryer,건조기,usage,start,completed,speed_dry,2025-01-16T20:34:00+09:00,2025-01-16T22:06:00+09:00,2025-01-16,92,1.445,,dummy_thinq_like_log,train,base_routine,2025-01-16T22:06:00+09:00
TRAIN_000381,U001,F001,DW001,dishwasher,주방 식기세척기,usage,start,completed,standard,2025-01-16T20:50:00+09:00,2025-01-16T22:05:00+09:00,2025-01-16,75,1.163,,dummy_thinq_like_log,train,base_routine,2025-01-16T22:05:00+09:00
TRAIN_000017,U001,F001,RC001,robot_cleaner,거실 로봇청소기,usage,start,completed,auto_clean,2025-01-17T10:14:00+09:00,2025-01-17T11:10:00+09:00,2025-01-17,56,0.189,,dummy_thinq_like_log,train,base_routine,2025-01-17T11:10:00+09:00
TRAIN_000382,U001,F001,DW001,dishwasher,주방 식기세척기,usage,start,completed,standard,2025-01-17T21:02:00+09:00,2025-01-17T22:18:00+09:00,2025-01-17,76,0.698,,dummy_thinq_like_log,train,base_routine,2025-01-17T22:18:00+09:00
TRAIN_000018,U001,F001,RC001,robot_cleaner,거실 로봇청소기,usage,start,completed,edge_clean,2025-01-18T10:11:00+09:00,2025-01-18T10:54:00+09:00,2025-01-18,43,0.17,,dummy_thinq_like_log,train,base_routine,2025-01-18T10:54:00+09:00
TRAIN_000383,U001,F001,DW001,dishwasher,주방 식기세척기,usage,start,completed,intensive,2025-01-18T20:58:00+09:00,2025-01-18T22:13:00+09:00,2025-01-18,75,0.868,,dummy_thinq_like_log,train,base_routine,2025-01-18T22:13:00+09:00
TRAIN_000019,U001,F001,RC001,robot_cleaner,거실 로봇청소기,usage,start,completed,edge_clean,2025-01-19T10:02:00+09:00,2025-01-19T10:52:00+09:00,2025-01-19,50,0.172,,dummy_thinq_like_log,train,base_routine,2025-01-19T10:52:00+09:00
TRAIN_000743,U001,F001,WM001,washer,세탁기,usage,start,completed,bedding,2025-01-19T18:48:00+09:00,2025-01-19T19:49:00+09:00,2025-01-19,61,0.585,,dummy_thinq_like_log,train,base_routine,2025-01-19T19:49:00+09:00
TRAIN_000384,U001,F001,DW001,dishwasher,주방 식기세척기,usage,start,completed,standard,2025-01-19T20:47:00+09:00,2025-01-19T22:03:00+09:00,2025-01-19,76,1.105,,dummy_thinq_like_log,train,base_routine,2025-01-19T22:03:00+09:00
TRAIN_000744,U001,F001,DR001,dryer,건조기,usage,start,completed,normal_dry,2025-01-19T20:48:00+09:00,2025-01-19T22:08:00+09:00,2025-01-19,80,1.392,,dummy_thinq_like_log,train,base_routine,2025-01-19T22:08:00+09:00
TRAIN_000020,U001,F001,RC001,robot_cleaner,거실 로봇청소기,usage,start,completed,auto_clean,2025-01-20T09:50:00+09:00,2025-01-20T10:38:00+09:00,2025-01-20,48,0.209,,dummy_thinq_like_log,train,base_routine,2025-01-20T10:38:00+09:00
TRAIN_000385,U001,F001,DW001,dishwasher,주방 식기세척기,usage,start,completed,standard,2025-01-20T21:14:00+09:00,2025-01-20T22:32:00+09:00,2025-01-20,78,0.939,,dummy_thinq_like_log,train,base_routine,2025-01-20T22:32:00+09:00
TRAIN_000021,U001,F001,RC001,robot_cleaner,거실 로봇청소기,usage,start,completed,edge_clean,2025-01-21T10:15:00+09:00,2025-01-21T11:07:00+09:00,2025-01-21,52,0.185,,dummy_thinq_like_log,train,base_routine,2025-01-21T11:07:00+09:00
TRAIN_000386,U001,F001,DW001,dishwasher,주방 식기세척기,usage,start,completed,intensive,2025-01-21T21:12:00+09:00,2025-01-21T22:47:00+09:00,2025-01-21,95,0.672,,dummy_thinq_like_log,train,base_routine,2025-01-21T22:47:00+09:00
TRAIN_000022,U001,F001,RC001,robot_cleaner,거실 로봇청소기,usage,start,completed,edge_clean,2025-01-22T10:03:00+09:00,2025-01-22T11:04:00+09:00,2025-01-22,61,0.204,,dummy_thinq_like_log,train,base_routine,2025-01-22T11:04:00+09:00
TRAIN_000745,U001,F001,WM001,washer,세탁기,usage,start,completed,delicate,2025-01-22T19:02:00+09:00,2025-01-22T20:19:00+09:00,2025-01-22,77,0.692,,dummy_thinq_like_log,train,base_routine,2025-01-22T20:19:00+09:00
TRAIN_000746,U001,F001,DR001,dryer,건조기,usage,start,completed,speed_dry,2025-01-22T21:05:00+09:00,2025-01-22T22:30:00+09:00,2025-01-22,85,1.252,,dummy_thinq_like_log,train,base_routine,2025-01-22T22:30:00+09:00
TRAIN_000387,U001,F001,DW001,dishwasher,주방 식기세척기,usage,start,completed,standard,2025-01-22T21:05:00+09:00,2025-01-22T22:18:00+09:00,2025-01-22,73,0.952,,dummy_thinq_like_log,train,base_routine,2025-01-22T22:18:00+09:00
TRAIN_000023,U001,F001,RC001,robot_cleaner,거실 로봇청소기,usage,start,completed,auto_clean,2025-01-23T10:04:00+09:00,2025-01-23T10:55:00+09:00,2025-01-23,51,0.206,,dummy_thinq_like_log,train,base_routine,2025-01-23T10:55:00+09:00
TRAIN_000388,U001,F001,DW001,dishwasher,주방 식기세척기,usage,start,completed,standard,2025-01-23T21:34:00+09:00,2025-01-23T22:57:00+09:00,2025-01-23,83,0.904,,dummy_thinq_like_log,train,base_routine,2025-01-23T22:57:00+09:00
TRAIN_000024,U001,F001,RC001,robot_cleaner,거실 로봇청소기,usage,start,completed,edge_clean,2025-01-24T09:51:00+09:00,2025-01-24T10:36:00+09:00,2025-01-24,45,0.146,,dummy_thinq_like_log,train,base_routine,2025-01-24T10:36:00+09:00
TRAIN_000389,U001,F001,DW001,dishwasher,주방 식기세척기,usage,start,completed,standard,2025-01-24T20:53:00+09:00,2025-01-24T22:21:00+09:00,2025-01-24,88,0.972,,dummy_thinq_like_log,train,base_routine,2025-01-24T22:21:00+09:00
TRAIN_000025,U001,F001,RC001,robot_cleaner,거실 로봇청소기,usage,start,completed,auto_clean,2025-01-25T10:13:00+09:00,2025-01-25T11:12:00+09:00,2025-01-25,59,0.184,,dummy_thinq_like_log,train,base_routine,2025-01-25T11:12:00+09:00
TRAIN_000747,U001,F001,WM001,washer,세탁기,usage,start,completed,bedding,2025-01-25T18:31:00+09:00,2025-01-25T19:30:00+09:00,2025-01-25,59,0.431,,dummy_thinq_like_log,train,base_routine,2025-01-25T19:30:00+09:00
TRAIN_000748,U001,F001,DR001,dryer,건조기,usage,start,completed,speed_dry,2025-01-25T20:38:00+09:00,2025-01-25T21:54:00+09:00,2025-01-25,76,1.265,,dummy_thinq_like_log,train,base_routine,2025-01-25T21:54:00+09:00
TRAIN_000390,U001,F001,DW001,dishwasher,주방 식기세척기,usage,start,completed,intensive,2025-01-25T21:20:00+09:00,2025-01-25T22:41:00+09:00,2025-01-25,81,0.883,,dummy_thinq_like_log,train,base_routine,2025-01-25T22:41:00+09:00
TRAIN_000026,U001,F001,RC001,robot_cleaner,거실 로봇청소기,usage,start,completed,edge_clean,2025-01-26T09:57:00+09:00,2025-01-26T10:49:00+09:00,2025-01-26,52,0.185,,dummy_thinq_like_log,train,base_routine,2025-01-26T10:49:00+09:00
TRAIN_000391,U001,F001,DW001,dishwasher,주방 식기세척기,usage,start,completed,quick,2025-01-26T20:54:00+09:00,2025-01-26T22:13:00+09:00,2025-01-26,79,0.95,,dummy_thinq_like_log,train,base_routine,2025-01-26T22:13:00+09:00
TRAIN_000027,U001,F001,RC001,robot_cleaner,거실 로봇청소기,usage,start,completed,edge_clean,2025-01-27T10:20:00+09:00,2025-01-27T11:13:00+09:00,2025-01-27,53,0.194,,dummy_thinq_like_log,train,base_routine,2025-01-27T11:13:00+09:00
TRAIN_000392,U001,F001,DW001,dishwasher,주방 식기세척기,usage,start,completed,intensive,2025-01-27T21:33:00+09:00,2025-01-27T22:26:00+09:00,2025-01-27,53,0.78,,dummy_thinq_like_log,train,base_routine,2025-01-27T22:26:00+09:00
TRAIN_000028,U001,F001,RC001,robot_cleaner,거실 로봇청소기,usage,start,completed,auto_clean,2025-01-28T09:53:00+09:00,2025-01-28T10:45:00+09:00,2025-01-28,52,0.169,,dummy_thinq_like_log,train,base_routine,2025-01-28T10:45:00+09:00
TRAIN_000749,U001,F001,WM001,washer,세탁기,usage,start,completed,delicate,2025-01-28T19:06:00+09:00,2025-01-28T20:01:00+09:00,2025-01-28,55,0.569,,dummy_thinq_like_log,train,base_routine,2025-01-28T20:01:00+09:00
TRAIN_000750,U001,F001,DR001,dryer,건조기,usage,start,completed,speed_dry,2025-01-28T20:58:00+09:00,2025-01-28T22:30:00+09:00,2025-01-28,92,1.643,,dummy_thinq_like_log,train,base_routine,2025-01-28T22:30:00+09:00
TRAIN_000393,U001,F001,DW001,dishwasher,주방 식기세척기,usage,start,completed,standard,2025-01-28T21:16:00+09:00,2025-01-28T22:30:00+09:00,2025-01-28,74,0.919,,dummy_thinq_like_log,train,base_routine,2025-01-28T22:30:00+09:00
TRAIN_000029,U001,F001,RC001,robot_cleaner,거실 로봇청소기,usage,start,completed,quiet_clean,2025-01-29T10:11:00+09:00,2025-01-29T11:10:00+09:00,2025-01-29,59,0.166,,dummy_thinq_like_log,train,base_routine,2025-01-29T11:10:00+09:00
TRAIN_000394,U001,F001,DW001,dishwasher,주방 식기세척기,usage,start,completed,intensive,2025-01-29T20:57:00+09:00,2025-01-29T22:05:00+09:00,2025-01-29,68,0.847,,dummy_thinq_like_log,train,base_routine,2025-01-29T22:05:00+09:00
TRAIN_000030,U001,F001,RC001,robot_cleaner,거실 로봇청소기,usage,start,completed,edge_clean,2025-01-30T10:16:00+09:00,2025-01-30T11:15:00+09:00,2025-01-30,59,0.193,,dummy_thinq_like_log,train,base_routine,2025-01-30T11:15:00+09:00
TRAIN_000395,U001,F001,DW001,dishwasher,주방 식기세척기,usage,start,completed,intensive,2025-01-30T21:04:00+09:00,2025-01-30T22:40:00+09:00,2025-01-30,96,0.901,,dummy_thinq_like_log,train,base_routine,2025-01-30T22:40:00+09:00
TRAIN_000031,U001,F001,RC001,robot_cleaner,거실 로봇청소기,usage,start,completed,edge_clean,2025-01-31T10:00:00+09:00,2025-01-31T10:54:00+09:00,2025-01-31,54,0.167,,dummy_thinq_like_log,train,base_routine,2025-01-31T10:54:00+09:00
TRAIN_000751,U001,F001,WM001,washer,세탁기,usage,start,completed,bedding,2025-01-31T19:15:00+09:00,2025-01-31T20:24:00+09:00,2025-01-31,69,0.464,,dummy_thinq_like_log,train,base_routine,2025-01-31T20:24:00+09:00
TRAIN_000396,U001,F001,DW001,dishwasher,주방 식기세척기,usage,start,completed,standard,2025-01-31T21:12:00+09:00,2025-01-31T22:19:00+09:00,2025-01-31,67,0.721,,dummy_thinq_like_log,train,base_routine,2025-01-31T22:19:00+09:00
TRAIN_000752,U001,F001,DR001,dryer,건조기,usage,start,completed,speed_dry,2025-01-31T21:31:00+09:00,2025-01-31T23:15:00+09:00,2025-01-31,104,1.084,,dummy_thinq_like_log,train,base_routine,2025-01-31T23:15:00+09:00
TRAIN_000032,U001,F001,RC001,robot_cleaner,거실 로봇청소기,usage,start,completed,edge_clean,2025-02-01T10:08:00+09:00,2025-02-01T10:50:00+09:00,2025-02-01,42,0.137,,dummy_thinq_like_log,train,base_routine,2025-02-01T10:50:00+09:00
TRAIN_000397,U001,F001,DW001,dishwasher,주방 식기세척기,usage,start,completed,standard,2025-02-01T21:16:00+09:00,2025-02-01T22:24:00+09:00,2025-02-01,68,0.94,,dummy_thinq_like_log,train,base_routine,2025-02-01T22:24:00+09:00
TRAIN_000033,U001,F001,RC001,robot_cleaner,거실 로봇청소기,usage,start,completed,auto_clean,2025-02-02T09:54:00+09:00,2025-02-02T10:41:00+09:00,2025-02-02,47,0.192,,dummy_thinq_like_log,train,base_routine,2025-02-02T10:41:00+09:00
TRAIN_000398,U001,F001,DW001,dishwasher,주방 식기세척기,usage,start,completed,intensive,2025-02-02T20:50:00+09:00,2025-02-02T22:00:00+09:00,2025-02-02,70,0.968,,dummy_thinq_like_log,train,base_routine,2025-02-02T22:00:00+09:00
TRAIN_000034,U001,F001,RC001,robot_cleaner,거실 로봇청소기,usage,start,completed,quiet_clean,2025-02-03T10:00:00+09:00,2025-02-03T10:52:00+09:00,2025-02-03,52,0.219,,dummy_thinq_like_log,train,base_routine,2025-02-03T10:52:00+09:00
TRAIN_000753,U001,F001,WM001,washer,세탁기,usage,start,completed,cotton,2025-02-03T19:12:00+09:00,2025-02-03T20:17:00+09:00,2025-02-03,65,0.543,,dummy_thinq_like_log,train,base_routine,2025-02-03T20:17:00+09:00
TRAIN_000754,U001,F001,DR001,dryer,건조기,usage,start,completed,normal_dry,2025-02-03T21:04:00+09:00,2025-02-03T22:25:00+09:00,2025-02-03,81,1.471,,dummy_thinq_like_log,train,base_routine,2025-02-03T22:25:00+09:00
TRAIN_000399,U001,F001,DW001,dishwasher,주방 식기세척기,usage,start,completed,standard,2025-02-03T21:23:00+09:00,2025-02-03T22:45:00+09:00,2025-02-03,82,0.792,,dummy_thinq_like_log,train,base_routine,2025-02-03T22:45:00+09:00
TRAIN_000035,U001,F001,RC001,robot_cleaner,거실 로봇청소기,usage,start,completed,quiet_clean,2025-02-04T09:50:00+09:00,2025-02-04T10:51:00+09:00,2025-02-04,61,0.152,,dummy_thinq_like_log,train,base_routine,2025-02-04T10:51:00+09:00
TRAIN_000400,U001,F001,DW001,dishwasher,주방 식기세척기,usage,start,completed,quick,2025-02-04T21:07:00+09:00,2025-02-04T22:17:00+09:00,2025-02-04,70,1.026,,dummy_thinq_like_log,train,base_routine,2025-02-04T22:17:00+09:00
TRAIN_000036,U001,F001,RC001,robot_cleaner,거실 로봇청소기,usage,start,completed,auto_clean,2025-02-05T10:10:00+09:00,2025-02-05T10:57:00+09:00,2025-02-05,47,0.17,,dummy_thinq_like_log,train,base_routine,2025-02-05T10:57:00+09:00
TRAIN_000401,U001,F001,DW001,dishwasher,주방 식기세척기,usage,start,completed,standard,2025-02-05T21:03:00+09:00,2025-02-05T22:07:00+09:00,2025-02-05,64,0.912,,dummy_thinq_like_log,train,base_routine,2025-02-05T22:07:00+09:00
TRAIN_000037,U001,F001,RC001,robot_cleaner,거실 로봇청소기,usage,start,completed,edge_clean,2025-02-06T09:45:00+09:00,2025-02-06T10:26:00+09:00,2025-02-06,41,0.193,,dummy_thinq_like_log,train,base_routine,2025-02-06T10:26:00+09:00
TRAIN_000755,U001,F001,WM001,washer,세탁기,usage,start,completed,bedding,2025-02-06T18:40:00+09:00,2025-02-06T19:32:00+09:00,2025-02-06,52,0.625,,dummy_thinq_like_log,train,base_routine,2025-02-06T19:32:00+09:00
TRAIN_000756,U001,F001,DR001,dryer,건조기,usage,start,completed,normal_dry,2025-02-06T20:48:00+09:00,2025-02-06T22:06:00+09:00,2025-02-06,78,0.965,,dummy_thinq_like_log,train,base_routine,2025-02-06T22:06:00+09:00
TRAIN_000402,U001,F001,DW001,dishwasher,주방 식기세척기,usage,start,completed,quick,2025-02-06T21:24:00+09:00,2025-02-06T22:48:00+09:00,2025-02-06,84,0.933,,dummy_thinq_like_log,train,base_routine,2025-02-06T22:48:00+09:00
TRAIN_000038,U001,F001,RC001,robot_cleaner,거실 로봇청소기,usage,start,completed,edge_clean,2025-02-07T10:13:00+09:00,2025-02-07T11:03:00+09:00,2025-02-07,50,0.137,,dummy_thinq_like_log,train,base_routine,2025-02-07T11:03:00+09:00
TRAIN_000403,U001,F001,DW001,dishwasher,주방 식기세척기,usage,start,completed,quick,2025-02-07T20:49:00+09:00,2025-02-07T22:17:00+09:00,2025-02-07,88,0.919,,dummy_thinq_like_log,train,base_routine,2025-02-07T22:17:00+09:00
TRAIN_000039,U001,F001,RC001,robot_cleaner,거실 로봇청소기,usage,start,completed,quiet_clean,2025-02-08T09:40:00+09:00,2025-02-08T10:31:00+09:00,2025-02-08,51,0.187,,dummy_thinq_like_log,train,base_routine,2025-02-08T10:31:00+09:00
TRAIN_000404,U001,F001,DW001,dishwasher,주방 식기세척기,usage,start,completed,standard,2025-02-08T21:09:00+09:00,2025-02-08T22:46:00+09:00,2025-02-08,97,1.185,,dummy_thinq_like_log,train,base_routine,2025-02-08T22:46:00+09:00
TRAIN_000040,U001,F001,RC001,robot_cleaner,거실 로봇청소기,usage,start,completed,edge_clean,2025-02-09T09:52:00+09:00,2025-02-09T11:00:00+09:00,2025-02-09,68,0.173,,dummy_thinq_like_log,train,base_routine,2025-02-09T11:00:00+09:00
TRAIN_000757,U001,F001,WM001,washer,세탁기,usage,start,completed,cotton,2025-02-09T19:07:00+09:00,2025-02-09T20:12:00+09:00,2025-02-09,65,0.643,,dummy_thinq_like_log,train,base_routine,2025-02-09T20:12:00+09:00
TRAIN_000405,U001,F001,DW001,dishwasher,주방 식기세척기,usage,start,completed,standard,2025-02-09T21:08:00+09:00,2025-02-09T22:17:00+09:00,2025-02-09,69,1.128,,dummy_thinq_like_log,train,base_routine,2025-02-09T22:17:00+09:00
TRAIN_000758,U001,F001,DR001,dryer,건조기,usage,start,completed,bedding_dry,2025-02-09T21:26:00+09:00,2025-02-09T22:50:00+09:00,2025-02-09,84,1.372,,dummy_thinq_like_log,train,base_routine,2025-02-09T22:50:00+09:00
TRAIN_000041,U001,F001,RC001,robot_cleaner,거실 로봇청소기,usage,start,completed,auto_clean,2025-02-10T10:05:00+09:00,2025-02-10T11:01:00+09:00,2025-02-10,56,0.187,,dummy_thinq_like_log,train,base_routine,2025-02-10T11:01:00+09:00
TRAIN_000406,U001,F001,DW001,dishwasher,주방 식기세척기,usage,start,completed,standard,2025-02-10T21:30:00+09:00,2025-02-10T22:35:00+09:00,2025-02-10,65,0.892,,dummy_thinq_like_log,train,base_routine,2025-02-10T22:35:00+09:00
TRAIN_000042,U001,F001,RC001,robot_cleaner,거실 로봇청소기,usage,start,completed,edge_clean,2025-02-11T09:47:00+09:00,2025-02-11T10:49:00+09:00,2025-02-11,62,0.191,,dummy_thinq_like_log,train,base_routine,2025-02-11T10:49:00+09:00
TRAIN_000407,U001,F001,DW001,dishwasher,주방 식기세척기,usage,start,completed,standard,2025-02-11T21:11:00+09:00,2025-02-11T22:28:00+09:00,2025-02-11,77,0.872,,dummy_thinq_like_log,train,base_routine,2025-02-11T22:28:00+09:00
TRAIN_000043,U001,F001,RC001,robot_cleaner,거실 로봇청소기,usage,start,completed,auto_clean,2025-02-12T10:07:00+09:00,2025-02-12T10:52:00+09:00,2025-02-12,45,0.161,,dummy_thinq_like_log,train,base_routine,2025-02-12T10:52:00+09:00
TRAIN_000759,U001,F001,WM001,washer,세탁기,usage,start,completed,quick_wash,2025-02-12T18:44:00+09:00,2025-02-12T19:58:00+09:00,2025-02-12,74,0.455,,dummy_thinq_like_log,train,base_routine,2025-02-12T19:58:00+09:00
TRAIN_000408,U001,F001,DW001,dishwasher,주방 식기세척기,usage,start,completed,standard,2025-02-12T20:54:00+09:00,2025-02-12T22:05:00+09:00,2025-02-12,71,0.844,,dummy_thinq_like_log,train,base_routine,2025-02-12T22:05:00+09:00
TRAIN_000760,U001,F001,DR001,dryer,건조기,usage,start,completed,speed_dry,2025-02-12T20:57:00+09:00,2025-02-12T22:25:00+09:00,2025-02-12,88,1.445,,dummy_thinq_like_log,train,base_routine,2025-02-12T22:25:00+09:00
TRAIN_000044,U001,F001,RC001,robot_cleaner,거실 로봇청소기,usage,start,completed,quiet_clean,2025-02-13T09:52:00+09:00,2025-02-13T10:44:00+09:00,2025-02-13,52,0.139,,dummy_thinq_like_log,train,base_routine,2025-02-13T10:44:00+09:00
TRAIN_000409,U001,F001,DW001,dishwasher,주방 식기세척기,usage,start,completed,quick,2025-02-13T21:11:00+09:00,2025-02-13T22:32:00+09:00,2025-02-13,81,1.056,,dummy_thinq_like_log,train,base_routine,2025-02-13T22:32:00+09:00
TRAIN_000045,U001,F001,RC001,robot_cleaner,거실 로봇청소기,usage,start,completed,edge_clean,2025-02-14T10:05:00+09:00,2025-02-14T10:58:00+09:00,2025-02-14,53,0.136,,dummy_thinq_like_log,train,base_routine,2025-02-14T10:58:00+09:00
TRAIN_000410,U001,F001,DW001,dishwasher,주방 식기세척기,usage,start,completed,standard,2025-02-14T21:06:00+09:00,2025-02-14T22:22:00+09:00,2025-02-14,76,0.864,,dummy_thinq_like_log,train,base_routine,2025-02-14T22:22:00+09:00
TRAIN_000046,U001,F001,RC001,robot_cleaner,거실 로봇청소기,usage,start,completed,edge_clean,2025-02-15T09:57:00+09:00,2025-02-15T10:55:00+09:00,2025-02-15,58,0.205,,dummy_thinq_like_log,train,base_routine,2025-02-15T10:55:00+09:00
TRAIN_000761,U001,F001,WM001,washer,세탁기,usage,start,completed,delicate,2025-02-15T19:08:00+09:00,2025-02-15T19:52:00+09:00,2025-02-15,44,0.487,,dummy_thinq_like_log,train,base_routine,2025-02-15T19:52:00+09:00
TRAIN_000762,U001,F001,DR001,dryer,건조기,usage,start,completed,speed_dry,2025-02-15T21:09:00+09:00,2025-02-15T22:32:00+09:00,2025-02-15,83,1.336,,dummy_thinq_like_log,train,base_routine,2025-02-15T22:32:00+09:00
TRAIN_000411,U001,F001,DW001,dishwasher,주방 식기세척기,usage,start,completed,standard,2025-02-15T21:20:00+09:00,2025-02-15T22:24:00+09:00,2025-02-15,64,0.733,,dummy_thinq_like_log,train,base_routine,2025-02-15T22:24:00+09:00
TRAIN_000047,U001,F001,RC001,robot_cleaner,거실 로봇청소기,usage,start,completed,edge_clean,2025-02-16T09:51:00+09:00,2025-02-16T11:09:00+09:00,2025-02-16,78,0.192,,dummy_thinq_like_log,train,base_routine,2025-02-16T11:09:00+09:00
TRAIN_000412,U001,F001,DW001,dishwasher,주방 식기세척기,usage,start,completed,quick,2025-02-16T21:08:00+09:00,2025-02-16T22:14:00+09:00,2025-02-16,66,1.109,,dummy_thinq_like_log,train,base_routine,2025-02-16T22:14:00+09:00
TRAIN_000048,U001,F001,RC001,robot_cleaner,거실 로봇청소기,usage,start,completed,edge_clean,2025-02-17T09:46:00+09:00,2025-02-17T10:24:00+09:00,2025-02-17,38,0.188,,dummy_thinq_like_log,train,base_routine,2025-02-17T10:24:00+09:00
TRAIN_000413,U001,F001,DW001,dishwasher,주방 식기세척기,usage,start,completed,intensive,2025-02-17T21:34:00+09:00,2025-02-17T23:05:00+09:00,2025-02-17,91,0.999,,dummy_thinq_like_log,train,base_routine,2025-02-17T23:05:00+09:00
TRAIN_000049,U001,F001,RC001,robot_cleaner,거실 로봇청소기,usage,start,completed,auto_clean,2025-02-18T10:19:00+09:00,2025-02-18T11:11:00+09:00,2025-02-18,52,0.162,,dummy_thinq_like_log,train,base_routine,2025-02-18T11:11:00+09:00
TRAIN_000763,U001,F001,WM001,washer,세탁기,usage,start,completed,quick_wash,2025-02-18T18:39:00+09:00,2025-02-18T19:49:00+09:00,2025-02-18,70,0.533,,dummy_thinq_like_log,train,base_routine,2025-02-18T19:49:00+09:00
TRAIN_000414,U001,F001,DW001,dishwasher,주방 식기세척기,usage,start,completed,intensive,2025-02-18T20:52:00+09:00,2025-02-18T22:01:00+09:00,2025-02-18,69,1.013,,dummy_thinq_like_log,train,base_routine,2025-02-18T22:01:00+09:00
TRAIN_000764,U001,F001,DR001,dryer,건조기,usage,start,completed,speed_dry,2025-02-18T20:53:00+09:00,2025-02-18T22:13:00+09:00,2025-02-18,80,1.325,,dummy_thinq_like_log,train,base_routine,2025-02-18T22:13:00+09:00
TRAIN_000050,U001,F001,RC001,robot_cleaner,거실 로봇청소기,usage,start,completed,auto_clean,2025-02-19T09:51:00+09:00,2025-02-19T10:55:00+09:00,2025-02-19,64,0.185,,dummy_thinq_like_log,train,base_routine,2025-02-19T10:55:00+09:00
TRAIN_000415,U001,F001,DW001,dishwasher,주방 식기세척기,usage,start,completed,standard,2025-02-19T20:48:00+09:00,2025-02-19T22:00:00+09:00,2025-02-19,72,1.017,,dummy_thinq_like_log,train,base_routine,2025-02-19T22:00:00+09:00
TRAIN_000051,U001,F001,RC001,robot_cleaner,거실 로봇청소기,usage,start,completed,auto_clean,2025-02-20T10:02:00+09:00,2025-02-20T10:49:00+09:00,2025-02-20,47,0.13,,dummy_thinq_like_log,train,base_routine,2025-02-20T10:49:00+09:00
TRAIN_000416,U001,F001,DW001,dishwasher,주방 식기세척기,usage,start,completed,intensive,2025-02-20T21:31:00+09:00,2025-02-20T22:44:00+09:00,2025-02-20,73,0.815,,dummy_thinq_like_log,train,base_routine,2025-02-20T22:44:00+09:00
TRAIN_000052,U001,F001,RC001,robot_cleaner,거실 로봇청소기,usage,start,completed,quiet_clean,2025-02-21T10:07:00+09:00,2025-02-21T11:02:00+09:00,2025-02-21,55,0.233,,dummy_thinq_like_log,train,base_routine,2025-02-21T11:02:00+09:00
TRAIN_000765,U001,F001,WM001,washer,세탁기,usage,start,completed,cotton,2025-02-21T19:28:00+09:00,2025-02-21T20:39:00+09:00,2025-02-21,71,0.623,,dummy_thinq_like_log,train,base_routine,2025-02-21T20:39:00+09:00
TRAIN_000417,U001,F001,DW001,dishwasher,주방 식기세척기,usage,start,completed,quick,2025-02-21T21:01:00+09:00,2025-02-21T22:20:00+09:00,2025-02-21,79,0.989,,dummy_thinq_like_log,train,base_routine,2025-02-21T22:20:00+09:00
TRAIN_000766,U001,F001,DR001,dryer,건조기,usage,start,completed,normal_dry,2025-02-21T21:26:00+09:00,2025-02-21T22:14:00+09:00,2025-02-21,48,1.02,,dummy_thinq_like_log,train,base_routine,2025-02-21T22:14:00+09:00
TRAIN_000053,U001,F001,RC001,robot_cleaner,거실 로봇청소기,usage,start,completed,quiet_clean,2025-02-22T10:18:00+09:00,2025-02-22T11:21:00+09:00,2025-02-22,63,0.165,,dummy_thinq_like_log,train,base_routine,2025-02-22T11:21:00+09:00
TRAIN_000418,U001,F001,DW001,dishwasher,주방 식기세척기,usage,start,completed,quick,2025-02-22T21:25:00+09:00,2025-02-22T22:43:00+09:00,2025-02-22,78,1.018,,dummy_thinq_like_log,train,base_routine,2025-02-22T22:43:00+09:00
TRAIN_000054,U001,F001,RC001,robot_cleaner,거실 로봇청소기,usage,start,completed,auto_clean,2025-02-23T10:19:00+09:00,2025-02-23T11:06:00+09:00,2025-02-23,47,0.158,,dummy_thinq_like_log,train,base_routine,2025-02-23T11:06:00+09:00
TRAIN_000419,U001,F001,DW001,dishwasher,주방 식기세척기,usage,start,completed,standard,2025-02-23T20:56:00+09:00,2025-02-23T22:30:00+09:00,2025-02-23,94,1.103,,dummy_thinq_like_log,train,base_routine,2025-02-23T22:30:00+09:00
TRAIN_000055,U001,F001,RC001,robot_cleaner,거실 로봇청소기,usage,start,completed,edge_clean,2025-02-24T10:02:00+09:00,2025-02-24T10:50:00+09:00,2025-02-24,48,0.205,,dummy_thinq_like_log,train,base_routine,2025-02-24T10:50:00+09:00
TRAIN_000767,U001,F001,WM001,washer,세탁기,usage,start,completed,cotton,2025-02-24T18:37:00+09:00,2025-02-24T19:37:00+09:00,2025-02-24,60,0.391,,dummy_thinq_like_log,train,base_routine,2025-02-24T19:37:00+09:00
TRAIN_000420,U001,F001,DW001,dishwasher,주방 식기세척기,usage,start,completed,quick,2025-02-24T20:46:00+09:00,2025-02-24T22:21:00+09:00,2025-02-24,95,0.886,,dummy_thinq_like_log,train,base_routine,2025-02-24T22:21:00+09:00
TRAIN_000768,U001,F001,DR001,dryer,건조기,usage,start,completed,speed_dry,2025-02-24T20:51:00+09:00,2025-02-24T22:16:00+09:00,2025-02-24,85,1.449,,dummy_thinq_like_log,train,base_routine,2025-02-24T22:16:00+09:00
TRAIN_000056,U001,F001,RC001,robot_cleaner,거실 로봇청소기,usage,start,completed,auto_clean,2025-02-25T10:19:00+09:00,2025-02-25T11:21:00+09:00,2025-02-25,62,0.192,,dummy_thinq_like_log,train,base_routine,2025-02-25T11:21:00+09:00
TRAIN_000421,U001,F001,DW001,dishwasher,주방 식기세척기,usage,start,completed,quick,2025-02-25T21:07:00+09:00,2025-02-25T22:26:00+09:00,2025-02-25,79,0.901,,dummy_thinq_like_log,train,base_routine,2025-02-25T22:26:00+09:00
TRAIN_000057,U001,F001,RC001,robot_cleaner,거실 로봇청소기,usage,start,completed,edge_clean,2025-02-26T10:05:00+09:00,2025-02-26T11:00:00+09:00,2025-02-26,55,0.16,,dummy_thinq_like_log,train,base_routine,2025-02-26T11:00:00+09:00
TRAIN_000422,U001,F001,DW001,dishwasher,주방 식기세척기,usage,start,completed,intensive,2025-02-26T21:25:00+09:00,2025-02-26T22:41:00+09:00,2025-02-26,76,0.763,,dummy_thinq_like_log,train,base_routine,2025-02-26T22:41:00+09:00
TRAIN_000058,U001,F001,RC001,robot_cleaner,거실 로봇청소기,usage,start,completed,auto_clean,2025-02-27T09:47:00+09:00,2025-02-27T10:38:00+09:00,2025-02-27,51,0.143,,dummy_thinq_like_log,train,base_routine,2025-02-27T10:38:00+09:00
TRAIN_000769,U001,F001,WM001,washer,세탁기,usage,start,completed,cotton,2025-02-27T18:48:00+09:00,2025-02-27T19:57:00+09:00,2025-02-27,69,0.579,,dummy_thinq_like_log,train,base_routine,2025-02-27T19:57:00+09:00
TRAIN_000770,U001,F001,DR001,dryer,건조기,usage,start,completed,bedding_dry,2025-02-27T20:44:00+09:00,2025-02-27T22:36:00+09:00,2025-02-27,112,1.425,,dummy_thinq_like_log,train,base_routine,2025-02-27T22:36:00+09:00
TRAIN_000423,U001,F001,DW001,dishwasher,주방 식기세척기,usage,start,completed,quick,2025-02-27T20:58:00+09:00,2025-02-27T22:31:00+09:00,2025-02-27,93,0.854,,dummy_thinq_like_log,train,base_routine,2025-02-27T22:31:00+09:00
TRAIN_000059,U001,F001,RC001,robot_cleaner,거실 로봇청소기,usage,start,completed,quiet_clean,2025-02-28T10:19:00+09:00,2025-02-28T11:15:00+09:00,2025-02-28,56,0.227,,dummy_thinq_like_log,train,base_routine,2025-02-28T11:15:00+09:00
TRAIN_000424,U001,F001,DW001,dishwasher,주방 식기세척기,usage,start,completed,quick,2025-02-28T20:59:00+09:00,2025-02-28T22:10:00+09:00,2025-02-28,71,0.875,,dummy_thinq_like_log,train,base_routine,2025-02-28T22:10:00+09:00
TRAIN_000060,U001,F001,RC001,robot_cleaner,거실 로봇청소기,usage,start,completed,quiet_clean,2025-03-01T10:14:00+09:00,2025-03-01T11:08:00+09:00,2025-03-01,54,0.189,,dummy_thinq_like_log,train,base_routine,2025-03-01T11:08:00+09:00
TRAIN_000425,U001,F001,DW001,dishwasher,주방 식기세척기,usage,start,completed,quick,2025-03-01T21:34:00+09:00,2025-03-01T22:52:00+09:00,2025-03-01,78,1.159,,dummy_thinq_like_log,train,base_routine,2025-03-01T22:52:00+09:00
TRAIN_000061,U001,F001,RC001,robot_cleaner,거실 로봇청소기,usage,start,completed,auto_clean,2025-03-02T09:59:00+09:00,2025-03-02T10:56:00+09:00,2025-03-02,57,0.168,,dummy_thinq_like_log,train,base_routine,2025-03-02T10:56:00+09:00
TRAIN_000771,U001,F001,WM001,washer,세탁기,usage,start,completed,cotton,2025-03-02T19:09:00+09:00,2025-03-02T20:18:00+09:00,2025-03-02,69,0.641,,dummy_thinq_like_log,train,base_routine,2025-03-02T20:18:00+09:00
TRAIN_000426,U001,F001,DW001,dishwasher,주방 식기세척기,usage,start,completed,standard,2025-03-02T21:00:00+09:00,2025-03-02T22:28:00+09:00,2025-03-02,88,0.962,,dummy_thinq_like_log,train,base_routine,2025-03-02T22:28:00+09:00
TRAIN_000772,U001,F001,DR001,dryer,건조기,usage,start,completed,bedding_dry,2025-03-02T21:14:00+09:00,2025-03-02T22:34:00+09:00,2025-03-02,80,1.46,,dummy_thinq_like_log,train,base_routine,2025-03-02T22:34:00+09:00
TRAIN_000062,U001,F001,RC001,robot_cleaner,거실 로봇청소기,usage,start,completed,edge_clean,2025-03-03T09:56:00+09:00,2025-03-03T10:54:00+09:00,2025-03-03,58,0.226,,dummy_thinq_like_log,train,base_routine,2025-03-03T10:54:00+09:00
TRAIN_000427,U001,F001,DW001,dishwasher,주방 식기세척기,usage,start,completed,standard,2025-03-03T21:29:00+09:00,2025-03-03T22:43:00+09:00,2025-03-03,74,0.944,,dummy_thinq_like_log,train,base_routine,2025-03-03T22:43:00+09:00
TRAIN_000063,U001,F001,RC001,robot_cleaner,거실 로봇청소기,usage,start,completed,auto_clean,2025-03-04T09:55:00+09:00,2025-03-04T10:40:00+09:00,2025-03-04,45,0.139,,dummy_thinq_like_log,train,base_routine,2025-03-04T10:40:00+09:00
TRAIN_000428,U001,F001,DW001,dishwasher,주방 식기세척기,usage,start,completed,standard,2025-03-04T21:12:00+09:00,2025-03-04T22:22:00+09:00,2025-03-04,70,1.029,,dummy_thinq_like_log,train,base_routine,2025-03-04T22:22:00+09:00
TRAIN_000064,U001,F001,RC001,robot_cleaner,거실 로봇청소기,usage,start,completed,auto_clean,2025-03-05T09:41:00+09:00,2025-03-05T10:50:00+09:00,2025-03-05,69,0.175,,dummy_thinq_like_log,train,base_routine,2025-03-05T10:50:00+09:00
TRAIN_000773,U001,F001,WM001,washer,세탁기,usage,start,completed,cotton,2025-03-05T18:30:00+09:00,2025-03-05T19:58:00+09:00,2025-03-05,88,0.49,,dummy_thinq_like_log,train,base_routine,2025-03-05T19:58:00+09:00
TRAIN_000774,U001,F001,DR001,dryer,건조기,usage,start,completed,normal_dry,2025-03-05T20:22:00+09:00,2025-03-05T21:43:00+09:00,2025-03-05,81,1.162,,dummy_thinq_like_log,train,base_routine,2025-03-05T21:43:00+09:00
TRAIN_000429,U001,F001,DW001,dishwasher,주방 식기세척기,usage,start,completed,quick,2025-03-05T20:54:00+09:00,2025-03-05T22:18:00+09:00,2025-03-05,84,1.134,,dummy_thinq_like_log,train,base_routine,2025-03-05T22:18:00+09:00
TRAIN_000065,U001,F001,RC001,robot_cleaner,거실 로봇청소기,usage,start,completed,auto_clean,2025-03-06T10:10:00+09:00,2025-03-06T11:17:00+09:00,2025-03-06,67,0.147,,dummy_thinq_like_log,train,base_routine,2025-03-06T11:17:00+09:00
TRAIN_000430,U001,F001,DW001,dishwasher,주방 식기세척기,usage,start,completed,intensive,2025-03-06T21:18:00+09:00,2025-03-06T22:32:00+09:00,2025-03-06,74,0.995,,dummy_thinq_like_log,train,base_routine,2025-03-06T22:32:00+09:00
TRAIN_000066,U001,F001,RC001,robot_cleaner,거실 로봇청소기,usage,start,completed,auto_clean,2025-03-07T09:51:00+09:00,2025-03-07T10:51:00+09:00,2025-03-07,60,0.168,,dummy_thinq_like_log,train,base_routine,2025-03-07T10:51:00+09:00
TRAIN_000431,U001,F001,DW001,dishwasher,주방 식기세척기,usage,start,completed,quick,2025-03-07T21:31:00+09:00,2025-03-07T22:49:00+09:00,2025-03-07,78,0.878,,dummy_thinq_like_log,train,base_routine,2025-03-07T22:49:00+09:00
TRAIN_000067,U001,F001,RC001,robot_cleaner,거실 로봇청소기,usage,start,completed,edge_clean,2025-03-08T10:00:00+09:00,2025-03-08T10:54:00+09:00,2025-03-08,54,0.19,,dummy_thinq_like_log,train,base_routine,2025-03-08T10:54:00+09:00
TRAIN_000775,U001,F001,WM001,washer,세탁기,usage,start,completed,delicate,2025-03-08T19:03:00+09:00,2025-03-08T19:43:00+09:00,2025-03-08,40,0.515,,dummy_thinq_like_log,train,base_routine,2025-03-08T19:43:00+09:00
TRAIN_000776,U001,F001,DR001,dryer,건조기,usage,start,completed,speed_dry,2025-03-08T21:16:00+09:00,2025-03-08T22:35:00+09:00,2025-03-08,79,1.598,,dummy_thinq_like_log,train,base_routine,2025-03-08T22:35:00+09:00
TRAIN_000432,U001,F001,DW001,dishwasher,주방 식기세척기,usage,start,completed,intensive,2025-03-08T21:32:00+09:00,2025-03-08T22:54:00+09:00,2025-03-08,82,0.924,,dummy_thinq_like_log,train,base_routine,2025-03-08T22:54:00+09:00
TRAIN_000068,U001,F001,RC001,robot_cleaner,거실 로봇청소기,usage,start,completed,auto_clean,2025-03-09T09:47:00+09:00,2025-03-09T10:43:00+09:00,2025-03-09,56,0.199,,dummy_thinq_like_log,train,base_routine,2025-03-09T10:43:00+09:00
TRAIN_000433,U001,F001,DW001,dishwasher,주방 식기세척기,usage,start,completed,intensive,2025-03-09T21:02:00+09:00,2025-03-09T21:58:00+09:00,2025-03-09,56,0.708,,dummy_thinq_like_log,train,base_routine,2025-03-09T21:58:00+09:00
TRAIN_000069,U001,F001,RC001,robot_cleaner,거실 로봇청소기,usage,start,completed,auto_clean,2025-03-10T10:19:00+09:00,2025-03-10T11:14:00+09:00,2025-03-10,55,0.155,,dummy_thinq_like_log,train,base_routine,2025-03-10T11:14:00+09:00
TRAIN_000434,U001,F001,DW001,dishwasher,주방 식기세척기,usage,start,completed,quick,2025-03-10T20:55:00+09:00,2025-03-10T22:14:00+09:00,2025-03-10,79,0.98,,dummy_thinq_like_log,train,base_routine,2025-03-10T22:14:00+09:00
TRAIN_000070,U001,F001,RC001,robot_cleaner,거실 로봇청소기,usage,start,completed,edge_clean,2025-03-11T10:11:00+09:00,2025-03-11T10:59:00+09:00,2025-03-11,48,0.17,,dummy_thinq_like_log,train,base_routine,2025-03-11T10:59:00+09:00
TRAIN_000777,U001,F001,WM001,washer,세탁기,usage,start,completed,bedding,2025-03-11T18:31:00+09:00,2025-03-11T19:48:00+09:00,2025-03-11,77,0.571,,dummy_thinq_like_log,train,base_routine,2025-03-11T19:48:00+09:00
TRAIN_000778,U001,F001,DR001,dryer,건조기,usage,start,completed,bedding_dry,2025-03-11T20:38:00+09:00,2025-03-11T22:06:00+09:00,2025-03-11,88,1.496,,dummy_thinq_like_log,train,base_routine,2025-03-11T22:06:00+09:00
TRAIN_000435,U001,F001,DW001,dishwasher,주방 식기세척기,usage,start,completed,standard,2025-03-11T21:32:00+09:00,2025-03-11T22:50:00+09:00,2025-03-11,78,1.19,,dummy_thinq_like_log,train,base_routine,2025-03-11T22:50:00+09:00
TRAIN_000071,U001,F001,RC001,robot_cleaner,거실 로봇청소기,usage,start,completed,quiet_clean,2025-03-12T09:41:00+09:00,2025-03-12T10:25:00+09:00,2025-03-12,44,0.181,,dummy_thinq_like_log,train,base_routine,2025-03-12T10:25:00+09:00
TRAIN_000436,U001,F001,DW001,dishwasher,주방 식기세척기,usage,start,completed,quick,2025-03-12T21:28:00+09:00,2025-03-12T22:48:00+09:00,2025-03-12,80,0.897,,dummy_thinq_like_log,train,base_routine,2025-03-12T22:48:00+09:00
TRAIN_000072,U001,F001,RC001,robot_cleaner,거실 로봇청소기,usage,start,completed,auto_clean,2025-03-13T09:57:00+09:00,2025-03-13T10:56:00+09:00,2025-03-13,59,0.165,,dummy_thinq_like_log,train,base_routine,2025-03-13T10:56:00+09:00
TRAIN_000437,U001,F001,DW001,dishwasher,주방 식기세척기,usage,start,completed,intensive,2025-03-13T21:07:00+09:00,2025-03-13T22:04:00+09:00,2025-03-13,57,0.981,,dummy_thinq_like_log,train,base_routine,2025-03-13T22:04:00+09:00
TRAIN_000073,U001,F001,RC001,robot_cleaner,거실 로봇청소기,usage,start,completed,auto_clean,2025-03-14T10:19:00+09:00,2025-03-14T11:22:00+09:00,2025-03-14,63,0.196,,dummy_thinq_like_log,train,base_routine,2025-03-14T11:22:00+09:00
TRAIN_000779,U001,F001,WM001,washer,세탁기,usage,start,completed,delicate,2025-03-14T18:35:00+09:00,2025-03-14T19:44:00+09:00,2025-03-14,69,0.579,,dummy_thinq_like_log,train,base_routine,2025-03-14T19:44:00+09:00
TRAIN_000780,U001,F001,DR001,dryer,건조기,usage,start,completed,normal_dry,2025-03-14T20:47:00+09:00,2025-03-14T22:17:00+09:00,2025-03-14,90,1.652,,dummy_thinq_like_log,train,base_routine,2025-03-14T22:17:00+09:00
TRAIN_000438,U001,F001,DW001,dishwasher,주방 식기세척기,usage,start,completed,intensive,2025-03-14T20:57:00+09:00,2025-03-14T21:59:00+09:00,2025-03-14,62,0.871,,dummy_thinq_like_log,train,base_routine,2025-03-14T21:59:00+09:00
TRAIN_000074,U001,F001,RC001,robot_cleaner,거실 로봇청소기,usage,start,completed,quiet_clean,2025-03-15T09:52:00+09:00,2025-03-15T10:46:00+09:00,2025-03-15,54,0.159,,dummy_thinq_like_log,train,base_routine,2025-03-15T10:46:00+09:00
TRAIN_000439,U001,F001,DW001,dishwasher,주방 식기세척기,usage,start,completed,standard,2025-03-15T21:28:00+09:00,2025-03-15T22:36:00+09:00,2025-03-15,68,0.956,,dummy_thinq_like_log,train,base_routine,2025-03-15T22:36:00+09:00
TRAIN_000075,U001,F001,RC001,robot_cleaner,거실 로봇청소기,usage,start,completed,auto_clean,2025-03-16T10:00:00+09:00,2025-03-16T10:57:00+09:00,2025-03-16,57,0.185,,dummy_thinq_like_log,train,base_routine,2025-03-16T10:57:00+09:00
TRAIN_000440,U001,F001,DW001,dishwasher,주방 식기세척기,usage,start,completed,quick,2025-03-16T21:14:00+09:00,2025-03-16T22:07:00+09:00,2025-03-16,53,1.024,,dummy_thinq_like_log,train,base_routine,2025-03-16T22:07:00+09:00
TRAIN_000076,U001,F001,RC001,robot_cleaner,거실 로봇청소기,usage,start,completed,auto_clean,2025-03-17T10:14:00+09:00,2025-03-17T11:10:00+09:00,2025-03-17,56,0.187,,dummy_thinq_like_log,train,base_routine,2025-03-17T11:10:00+09:00
TRAIN_000781,U001,F001,WM001,washer,세탁기,usage,start,completed,bedding,2025-03-17T18:51:00+09:00,2025-03-17T20:00:00+09:00,2025-03-17,69,0.651,,dummy_thinq_like_log,train,base_routine,2025-03-17T20:00:00+09:00
TRAIN_000782,U001,F001,DR001,dryer,건조기,usage,start,completed,normal_dry,2025-03-17T21:01:00+09:00,2025-03-17T22:26:00+09:00,2025-03-17,85,0.821,,dummy_thinq_like_log,train,base_routine,2025-03-17T22:26:00+09:00
TRAIN_000441,U001,F001,DW001,dishwasher,주방 식기세척기,usage,start,completed,quick,2025-03-17T21:10:00+09:00,2025-03-17T22:25:00+09:00,2025-03-17,75,0.652,,dummy_thinq_like_log,train,base_routine,2025-03-17T22:25:00+09:00
TRAIN_000077,U001,F001,RC001,robot_cleaner,거실 로봇청소기,usage,start,completed,quiet_clean,2025-03-18T09:40:00+09:00,2025-03-18T10:50:00+09:00,2025-03-18,70,0.154,,dummy_thinq_like_log,train,base_routine,2025-03-18T10:50:00+09:00
TRAIN_000442,U001,F001,DW001,dishwasher,주방 식기세척기,usage,start,completed,quick,2025-03-18T21:22:00+09:00,2025-03-18T22:52:00+09:00,2025-03-18,90,0.617,,dummy_thinq_like_log,train,base_routine,2025-03-18T22:52:00+09:00
TRAIN_000078,U001,F001,RC001,robot_cleaner,거실 로봇청소기,usage,start,completed,quiet_clean,2025-03-19T10:10:00+09:00,2025-03-19T10:53:00+09:00,2025-03-19,43,0.162,,dummy_thinq_like_log,train,base_routine,2025-03-19T10:53:00+09:00
TRAIN_000443,U001,F001,DW001,dishwasher,주방 식기세척기,usage,start,completed,quick,2025-03-19T20:51:00+09:00,2025-03-19T21:57:00+09:00,2025-03-19,66,1.047,,dummy_thinq_like_log,train,base_routine,2025-03-19T21:57:00+09:00
TRAIN_000079,U001,F001,RC001,robot_cleaner,거실 로봇청소기,usage,start,completed,auto_clean,2025-03-20T10:14:00+09:00,2025-03-20T11:19:00+09:00,2025-03-20,65,0.158,,dummy_thinq_like_log,train,base_routine,2025-03-20T11:19:00+09:00
TRAIN_000783,U001,F001,WM001,washer,세탁기,usage,start,completed,cotton,2025-03-20T18:32:00+09:00,2025-03-20T19:17:00+09:00,2025-03-20,45,0.668,,dummy_thinq_like_log,train,base_routine,2025-03-20T19:17:00+09:00
TRAIN_000784,U001,F001,DR001,dryer,건조기,usage,start,completed,normal_dry,2025-03-20T20:39:00+09:00,2025-03-20T22:16:00+09:00,2025-03-20,97,1.088,,dummy_thinq_like_log,train,base_routine,2025-03-20T22:16:00+09:00
TRAIN_000444,U001,F001,DW001,dishwasher,주방 식기세척기,usage,start,completed,intensive,2025-03-20T20:56:00+09:00,2025-03-20T22:18:00+09:00,2025-03-20,82,1.018,,dummy_thinq_like_log,train,base_routine,2025-03-20T22:18:00+09:00
TRAIN_000080,U001,F001,RC001,robot_cleaner,거실 로봇청소기,usage,start,completed,quiet_clean,2025-03-21T09:50:00+09:00,2025-03-21T10:28:00+09:00,2025-03-21,38,0.175,,dummy_thinq_like_log,train,base_routine,2025-03-21T10:28:00+09:00
TRAIN_000445,U001,F001,DW001,dishwasher,주방 식기세척기,usage,start,completed,intensive,2025-03-21T21:22:00+09:00,2025-03-21T22:38:00+09:00,2025-03-21,76,0.995,,dummy_thinq_like_log,train,base_routine,2025-03-21T22:38:00+09:00
TRAIN_000081,U001,F001,RC001,robot_cleaner,거실 로봇청소기,usage,start,completed,edge_clean,2025-03-22T10:11:00+09:00,2025-03-22T11:02:00+09:00,2025-03-22,51,0.154,,dummy_thinq_like_log,train,base_routine,2025-03-22T11:02:00+09:00
TRAIN_000446,U001,F001,DW001,dishwasher,주방 식기세척기,usage,start,completed,quick,2025-03-22T21:10:00+09:00,2025-03-22T22:40:00+09:00,2025-03-22,90,0.859,,dummy_thinq_like_log,train,base_routine,2025-03-22T22:40:00+09:00
TRAIN_000082,U001,F001,RC001,robot_cleaner,거실 로봇청소기,usage,start,completed,edge_clean,2025-03-23T09:44:00+09:00,2025-03-23T10:25:00+09:00,2025-03-23,41,0.136,,dummy_thinq_like_log,train,base_routine,2025-03-23T10:25:00+09:00
TRAIN_000785,U001,F001,WM001,washer,세탁기,usage,start,completed,cotton,2025-03-23T18:35:00+09:00,2025-03-23T19:42:00+09:00,2025-03-23,67,0.547,,dummy_thinq_like_log,train,base_routine,2025-03-23T19:42:00+09:00
TRAIN_000786,U001,F001,DR001,dryer,건조기,usage,start,completed,normal_dry,2025-03-23T20:28:00+09:00,2025-03-23T21:54:00+09:00,2025-03-23,86,1.748,,dummy_thinq_like_log,train,base_routine,2025-03-23T21:54:00+09:00
TRAIN_000447,U001,F001,DW001,dishwasher,주방 식기세척기,usage,start,completed,intensive,2025-03-23T21:16:00+09:00,2025-03-23T22:34:00+09:00,2025-03-23,78,0.762,,dummy_thinq_like_log,train,base_routine,2025-03-23T22:34:00+09:00
TRAIN_000083,U001,F001,RC001,robot_cleaner,거실 로봇청소기,usage,start,completed,auto_clean,2025-03-24T10:01:00+09:00,2025-03-24T10:46:00+09:00,2025-03-24,45,0.147,,dummy_thinq_like_log,train,base_routine,2025-03-24T10:46:00+09:00
TRAIN_000448,U001,F001,DW001,dishwasher,주방 식기세척기,usage,start,completed,standard,2025-03-24T20:51:00+09:00,2025-03-24T22:19:00+09:00,2025-03-24,88,0.985,,dummy_thinq_like_log,train,base_routine,2025-03-24T22:19:00+09:00
TRAIN_000084,U001,F001,RC001,robot_cleaner,거실 로봇청소기,usage,start,completed,quiet_clean,2025-03-25T10:14:00+09:00,2025-03-25T11:32:00+09:00,2025-03-25,78,0.145,,dummy_thinq_like_log,train,base_routine,2025-03-25T11:32:00+09:00
TRAIN_000449,U001,F001,DW001,dishwasher,주방 식기세척기,usage,start,completed,standard,2025-03-25T21:32:00+09:00,2025-03-25T22:49:00+09:00,2025-03-25,77,1.039,,dummy_thinq_like_log,train,base_routine,2025-03-25T22:49:00+09:00
TRAIN_000085,U001,F001,RC001,robot_cleaner,거실 로봇청소기,usage,start,completed,edge_clean,2025-03-26T09:59:00+09:00,2025-03-26T10:57:00+09:00,2025-03-26,58,0.232,,dummy_thinq_like_log,train,base_routine,2025-03-26T10:57:00+09:00
TRAIN_000787,U001,F001,WM001,washer,세탁기,usage,start,completed,cotton,2025-03-26T18:46:00+09:00,2025-03-26T20:00:00+09:00,2025-03-26,74,0.618,,dummy_thinq_like_log,train,base_routine,2025-03-26T20:00:00+09:00
TRAIN_000788,U001,F001,DR001,dryer,건조기,usage,start,completed,speed_dry,2025-03-26T21:01:00+09:00,2025-03-26T22:24:00+09:00,2025-03-26,83,0.88,,dummy_thinq_like_log,train,base_routine,2025-03-26T22:24:00+09:00
TRAIN_000450,U001,F001,DW001,dishwasher,주방 식기세척기,usage,start,completed,quick,2025-03-26T21:10:00+09:00,2025-03-26T22:17:00+09:00,2025-03-26,67,1.055,,dummy_thinq_like_log,train,base_routine,2025-03-26T22:17:00+09:00
TRAIN_000086,U001,F001,RC001,robot_cleaner,거실 로봇청소기,usage,start,completed,auto_clean,2025-03-27T09:53:00+09:00,2025-03-27T10:46:00+09:00,2025-03-27,53,0.203,,dummy_thinq_like_log,train,base_routine,2025-03-27T10:46:00+09:00
TRAIN_000451,U001,F001,DW001,dishwasher,주방 식기세척기,usage,start,completed,quick,2025-03-27T20:55:00+09:00,2025-03-27T22:17:00+09:00,2025-03-27,82,1.173,,dummy_thinq_like_log,train,base_routine,2025-03-27T22:17:00+09:00
TRAIN_000087,U001,F001,RC001,robot_cleaner,거실 로봇청소기,usage,start,completed,auto_clean,2025-03-28T10:04:00+09:00,2025-03-28T10:56:00+09:00,2025-03-28,52,0.176,,dummy_thinq_like_log,train,base_routine,2025-03-28T10:56:00+09:00
TRAIN_000452,U001,F001,DW001,dishwasher,주방 식기세척기,usage,start,completed,standard,2025-03-28T20:57:00+09:00,2025-03-28T22:22:00+09:00,2025-03-28,85,1.275,,dummy_thinq_like_log,train,base_routine,2025-03-28T22:22:00+09:00
TRAIN_000088,U001,F001,RC001,robot_cleaner,거실 로봇청소기,usage,start,completed,auto_clean,2025-03-29T09:58:00+09:00,2025-03-29T10:51:00+09:00,2025-03-29,53,0.172,,dummy_thinq_like_log,train,base_routine,2025-03-29T10:51:00+09:00
TRAIN_000789,U001,F001,WM001,washer,세탁기,usage,start,completed,cotton,2025-03-29T19:04:00+09:00,2025-03-29T20:16:00+09:00,2025-03-29,72,0.472,,dummy_thinq_like_log,train,base_routine,2025-03-29T20:16:00+09:00
TRAIN_000790,U001,F001,DR001,dryer,건조기,usage,start,completed,normal_dry,2025-03-29T21:23:00+09:00,2025-03-29T22:40:00+09:00,2025-03-29,77,1.52,,dummy_thinq_like_log,train,base_routine,2025-03-29T22:40:00+09:00
TRAIN_000453,U001,F001,DW001,dishwasher,주방 식기세척기,usage,start,completed,quick,2025-03-29T21:30:00+09:00,2025-03-29T22:40:00+09:00,2025-03-29,70,1.001,,dummy_thinq_like_log,train,base_routine,2025-03-29T22:40:00+09:00
TRAIN_000089,U001,F001,RC001,robot_cleaner,거실 로봇청소기,usage,start,completed,auto_clean,2025-03-30T09:47:00+09:00,2025-03-30T10:38:00+09:00,2025-03-30,51,0.194,,dummy_thinq_like_log,train,base_routine,2025-03-30T10:38:00+09:00
TRAIN_000454,U001,F001,DW001,dishwasher,주방 식기세척기,usage,start,completed,standard,2025-03-30T21:03:00+09:00,2025-03-30T22:16:00+09:00,2025-03-30,73,0.826,,dummy_thinq_like_log,train,base_routine,2025-03-30T22:16:00+09:00
TRAIN_000090,U001,F001,RC001,robot_cleaner,거실 로봇청소기,usage,start,completed,quiet_clean,2025-03-31T10:01:00+09:00,2025-03-31T10:57:00+09:00,2025-03-31,56,0.191,,dummy_thinq_like_log,train,base_routine,2025-03-31T10:57:00+09:00
TRAIN_000455,U001,F001,DW001,dishwasher,주방 식기세척기,usage,start,completed,intensive,2025-03-31T21:09:00+09:00,2025-03-31T22:30:00+09:00,2025-03-31,81,0.862,,dummy_thinq_like_log,train,base_routine,2025-03-31T22:30:00+09:00
TRAIN_000091,U001,F001,RC001,robot_cleaner,거실 로봇청소기,usage,start,completed,edge_clean,2025-04-01T10:20:00+09:00,2025-04-01T11:15:00+09:00,2025-04-01,55,0.158,,dummy_thinq_like_log,train,base_routine,2025-04-01T11:15:00+09:00
TRAIN_000791,U001,F001,WM001,washer,세탁기,usage,start,completed,bedding,2025-04-01T18:53:00+09:00,2025-04-01T20:04:00+09:00,2025-04-01,71,0.6,,dummy_thinq_like_log,train,base_routine,2025-04-01T20:04:00+09:00
TRAIN_000792,U001,F001,DR001,dryer,건조기,usage,start,completed,bedding_dry,2025-04-01T21:03:00+09:00,2025-04-01T22:30:00+09:00,2025-04-01,87,1.037,,dummy_thinq_like_log,train,base_routine,2025-04-01T22:30:00+09:00
TRAIN_000456,U001,F001,DW001,dishwasher,주방 식기세척기,usage,start,completed,standard,2025-04-01T21:12:00+09:00,2025-04-01T22:29:00+09:00,2025-04-01,77,0.92,,dummy_thinq_like_log,train,base_routine,2025-04-01T22:29:00+09:00
TRAIN_000092,U001,F001,RC001,robot_cleaner,거실 로봇청소기,usage,start,completed,auto_clean,2025-04-02T10:01:00+09:00,2025-04-02T10:55:00+09:00,2025-04-02,54,0.243,,dummy_thinq_like_log,train,base_routine,2025-04-02T10:55:00+09:00
TRAIN_000457,U001,F001,DW001,dishwasher,주방 식기세척기,usage,start,completed,intensive,2025-04-02T21:00:00+09:00,2025-04-02T22:05:00+09:00,2025-04-02,65,0.992,,dummy_thinq_like_log,train,base_routine,2025-04-02T22:05:00+09:00
TRAIN_000093,U001,F001,RC001,robot_cleaner,거실 로봇청소기,usage,start,completed,edge_clean,2025-04-03T10:06:00+09:00,2025-04-03T11:04:00+09:00,2025-04-03,58,0.157,,dummy_thinq_like_log,train,base_routine,2025-04-03T11:04:00+09:00
TRAIN_000458,U001,F001,DW001,dishwasher,주방 식기세척기,usage,start,completed,intensive,2025-04-03T20:45:00+09:00,2025-04-03T22:08:00+09:00,2025-04-03,83,0.905,,dummy_thinq_like_log,train,base_routine,2025-04-03T22:08:00+09:00
TRAIN_000094,U001,F001,RC001,robot_cleaner,거실 로봇청소기,usage,start,completed,edge_clean,2025-04-04T09:40:00+09:00,2025-04-04T10:37:00+09:00,2025-04-04,57,0.147,,dummy_thinq_like_log,train,base_routine,2025-04-04T10:37:00+09:00
TRAIN_000793,U001,F001,WM001,washer,세탁기,usage,start,completed,cotton,2025-04-04T18:42:00+09:00,2025-04-04T19:48:00+09:00,2025-04-04,66,0.576,,dummy_thinq_like_log,train,base_routine,2025-04-04T19:48:00+09:00
TRAIN_000459,U001,F001,DW001,dishwasher,주방 식기세척기,usage,start,completed,intensive,2025-04-04T20:48:00+09:00,2025-04-04T22:02:00+09:00,2025-04-04,74,0.92,,dummy_thinq_like_log,train,base_routine,2025-04-04T22:02:00+09:00
TRAIN_000794,U001,F001,DR001,dryer,건조기,usage,start,completed,normal_dry,2025-04-04T20:58:00+09:00,2025-04-04T22:42:00+09:00,2025-04-04,104,1.533,,dummy_thinq_like_log,train,base_routine,2025-04-04T22:42:00+09:00
TRAIN_000095,U001,F001,RC001,robot_cleaner,거실 로봇청소기,usage,start,completed,quiet_clean,2025-04-05T09:43:00+09:00,2025-04-05T10:40:00+09:00,2025-04-05,57,0.194,,dummy_thinq_like_log,train,base_routine,2025-04-05T10:40:00+09:00
TRAIN_000460,U001,F001,DW001,dishwasher,주방 식기세척기,usage,start,completed,quick,2025-04-05T21:25:00+09:00,2025-04-05T22:52:00+09:00,2025-04-05,87,0.742,,dummy_thinq_like_log,train,base_routine,2025-04-05T22:52:00+09:00
TRAIN_000096,U001,F001,RC001,robot_cleaner,거실 로봇청소기,usage,start,completed,auto_clean,2025-04-06T10:08:00+09:00,2025-04-06T11:10:00+09:00,2025-04-06,62,0.194,,dummy_thinq_like_log,train,base_routine,2025-04-06T11:10:00+09:00
TRAIN_000461,U001,F001,DW001,dishwasher,주방 식기세척기,usage,start,completed,standard,2025-04-06T20:59:00+09:00,2025-04-06T22:13:00+09:00,2025-04-06,74,0.995,,dummy_thinq_like_log,train,base_routine,2025-04-06T22:13:00+09:00
TRAIN_000097,U001,F001,RC001,robot_cleaner,거실 로봇청소기,usage,start,completed,quiet_clean,2025-04-07T09:49:00+09:00,2025-04-07T10:40:00+09:00,2025-04-07,51,0.188,,dummy_thinq_like_log,train,base_routine,2025-04-07T10:40:00+09:00
TRAIN_000795,U001,F001,WM001,washer,세탁기,usage,start,completed,delicate,2025-04-07T19:25:00+09:00,2025-04-07T20:27:00+09:00,2025-04-07,62,0.588,,dummy_thinq_like_log,train,base_routine,2025-04-07T20:27:00+09:00
TRAIN_000462,U001,F001,DW001,dishwasher,주방 식기세척기,usage,start,completed,intensive,2025-04-07T20:55:00+09:00,2025-04-07T22:26:00+09:00,2025-04-07,91,1.099,,dummy_thinq_like_log,train,base_routine,2025-04-07T22:26:00+09:00
TRAIN_000796,U001,F001,DR001,dryer,건조기,usage,start,completed,speed_dry,2025-04-07T21:42:00+09:00,2025-04-07T23:25:00+09:00,2025-04-07,103,1.451,,dummy_thinq_like_log,train,base_routine,2025-04-07T23:25:00+09:00
TRAIN_000098,U001,F001,RC001,robot_cleaner,거실 로봇청소기,usage,start,completed,edge_clean,2025-04-08T10:05:00+09:00,2025-04-08T10:58:00+09:00,2025-04-08,53,0.177,,dummy_thinq_like_log,train,base_routine,2025-04-08T10:58:00+09:00
TRAIN_000463,U001,F001,DW001,dishwasher,주방 식기세척기,usage,start,completed,intensive,2025-04-08T20:51:00+09:00,2025-04-08T21:54:00+09:00,2025-04-08,63,1.049,,dummy_thinq_like_log,train,base_routine,2025-04-08T21:54:00+09:00
TRAIN_000099,U001,F001,RC001,robot_cleaner,거실 로봇청소기,usage,start,completed,edge_clean,2025-04-09T10:13:00+09:00,2025-04-09T11:09:00+09:00,2025-04-09,56,0.224,,dummy_thinq_like_log,train,base_routine,2025-04-09T11:09:00+09:00
TRAIN_000464,U001,F001,DW001,dishwasher,주방 식기세척기,usage,start,completed,intensive,2025-04-09T21:16:00+09:00,2025-04-09T22:18:00+09:00,2025-04-09,62,0.947,,dummy_thinq_like_log,train,base_routine,2025-04-09T22:18:00+09:00
TRAIN_000100,U001,F001,RC001,robot_cleaner,거실 로봇청소기,usage,start,completed,edge_clean,2025-04-10T10:14:00+09:00,2025-04-10T11:07:00+09:00,2025-04-10,53,0.185,,dummy_thinq_like_log,train,base_routine,2025-04-10T11:07:00+09:00
TRAIN_000797,U001,F001,WM001,washer,세탁기,usage,start,completed,bedding,2025-04-10T19:29:00+09:00,2025-04-10T20:26:00+09:00,2025-04-10,57,0.613,,dummy_thinq_like_log,train,base_routine,2025-04-10T20:26:00+09:00
TRAIN_000465,U001,F001,DW001,dishwasher,주방 식기세척기,usage,start,completed,intensive,2025-04-10T21:32:00+09:00,2025-04-10T22:56:00+09:00,2025-04-10,84,0.971,,dummy_thinq_like_log,train,base_routine,2025-04-10T22:56:00+09:00
TRAIN_000798,U001,F001,DR001,dryer,건조기,usage,start,completed,normal_dry,2025-04-10T21:41:00+09:00,2025-04-10T23:03:00+09:00,2025-04-10,82,1.229,,dummy_thinq_like_log,train,base_routine,2025-04-10T23:03:00+09:00
TRAIN_000101,U001,F001,RC001,robot_cleaner,거실 로봇청소기,usage,start,completed,auto_clean,2025-04-11T09:50:00+09:00,2025-04-11T10:42:00+09:00,2025-04-11,52,0.127,,dummy_thinq_like_log,train,base_routine,2025-04-11T10:42:00+09:00
TRAIN_000466,U001,F001,DW001,dishwasher,주방 식기세척기,usage,start,completed,intensive,2025-04-11T21:34:00+09:00,2025-04-11T23:07:00+09:00,2025-04-11,93,1.097,,dummy_thinq_like_log,train,base_routine,2025-04-11T23:07:00+09:00
TRAIN_000102,U001,F001,RC001,robot_cleaner,거실 로봇청소기,usage,start,completed,edge_clean,2025-04-12T09:46:00+09:00,2025-04-12T10:55:00+09:00,2025-04-12,69,0.134,,dummy_thinq_like_log,train,base_routine,2025-04-12T10:55:00+09:00
TRAIN_000467,U001,F001,DW001,dishwasher,주방 식기세척기,usage,start,completed,quick,2025-04-12T21:23:00+09:00,2025-04-12T22:38:00+09:00,2025-04-12,75,0.93,,dummy_thinq_like_log,train,base_routine,2025-04-12T22:38:00+09:00
TRAIN_000103,U001,F001,RC001,robot_cleaner,거실 로봇청소기,usage,start,completed,edge_clean,2025-04-13T10:00:00+09:00,2025-04-13T10:52:00+09:00,2025-04-13,52,0.178,,dummy_thinq_like_log,train,base_routine,2025-04-13T10:52:00+09:00
TRAIN_000799,U001,F001,WM001,washer,세탁기,usage,start,completed,cotton,2025-04-13T19:21:00+09:00,2025-04-13T20:23:00+09:00,2025-04-13,62,0.355,,dummy_thinq_like_log,train,base_routine,2025-04-13T20:23:00+09:00
TRAIN_000468,U001,F001,DW001,dishwasher,주방 식기세척기,usage,start,completed,quick,2025-04-13T20:59:00+09:00,2025-04-13T22:18:00+09:00,2025-04-13,79,1.1,,dummy_thinq_like_log,train,base_routine,2025-04-13T22:18:00+09:00
TRAIN_000800,U001,F001,DR001,dryer,건조기,usage,start,completed,normal_dry,2025-04-13T21:14:00+09:00,2025-04-13T22:31:00+09:00,2025-04-13,77,1.258,,dummy_thinq_like_log,train,base_routine,2025-04-13T22:31:00+09:00
TRAIN_000104,U001,F001,RC001,robot_cleaner,거실 로봇청소기,usage,start,completed,quiet_clean,2025-04-14T09:47:00+09:00,2025-04-14T10:39:00+09:00,2025-04-14,52,0.219,,dummy_thinq_like_log,train,base_routine,2025-04-14T10:39:00+09:00
TRAIN_000469,U001,F001,DW001,dishwasher,주방 식기세척기,usage,start,completed,standard,2025-04-14T21:21:00+09:00,2025-04-14T22:42:00+09:00,2025-04-14,81,0.84,,dummy_thinq_like_log,train,base_routine,2025-04-14T22:42:00+09:00
TRAIN_000105,U001,F001,RC001,robot_cleaner,거실 로봇청소기,usage,start,completed,quiet_clean,2025-04-15T10:07:00+09:00,2025-04-15T11:16:00+09:00,2025-04-15,69,0.215,,dummy_thinq_like_log,train,base_routine,2025-04-15T11:16:00+09:00
TRAIN_000470,U001,F001,DW001,dishwasher,주방 식기세척기,usage,start,completed,intensive,2025-04-15T20:54:00+09:00,2025-04-15T22:27:00+09:00,2025-04-15,93,0.885,,dummy_thinq_like_log,train,base_routine,2025-04-15T22:27:00+09:00
TRAIN_000106,U001,F001,RC001,robot_cleaner,거실 로봇청소기,usage,start,completed,edge_clean,2025-04-16T09:58:00+09:00,2025-04-16T11:07:00+09:00,2025-04-16,69,0.193,,dummy_thinq_like_log,train,base_routine,2025-04-16T11:07:00+09:00
TRAIN_000801,U001,F001,WM001,washer,세탁기,usage,start,completed,delicate,2025-04-16T18:45:00+09:00,2025-04-16T19:48:00+09:00,2025-04-16,63,0.613,,dummy_thinq_like_log,train,base_routine,2025-04-16T19:48:00+09:00
TRAIN_000802,U001,F001,DR001,dryer,건조기,usage,start,completed,speed_dry,2025-04-16T21:01:00+09:00,2025-04-16T22:20:00+09:00,2025-04-16,79,1.373,,dummy_thinq_like_log,train,base_routine,2025-04-16T22:20:00+09:00
TRAIN_000471,U001,F001,DW001,dishwasher,주방 식기세척기,usage,start,completed,standard,2025-04-16T21:01:00+09:00,2025-04-16T22:00:00+09:00,2025-04-16,59,1.173,,dummy_thinq_like_log,train,base_routine,2025-04-16T22:00:00+09:00
TRAIN_000107,U001,F001,RC001,robot_cleaner,거실 로봇청소기,usage,start,completed,quiet_clean,2025-04-17T09:48:00+09:00,2025-04-17T10:41:00+09:00,2025-04-17,53,0.182,,dummy_thinq_like_log,train,base_routine,2025-04-17T10:41:00+09:00
TRAIN_000472,U001,F001,DW001,dishwasher,주방 식기세척기,usage,start,completed,standard,2025-04-17T21:26:00+09:00,2025-04-17T22:42:00+09:00,2025-04-17,76,1.019,,dummy_thinq_like_log,train,base_routine,2025-04-17T22:42:00+09:00
TRAIN_000108,U001,F001,RC001,robot_cleaner,거실 로봇청소기,usage,start,completed,auto_clean,2025-04-18T09:42:00+09:00,2025-04-18T10:45:00+09:00,2025-04-18,63,0.145,,dummy_thinq_like_log,train,base_routine,2025-04-18T10:45:00+09:00
TRAIN_000473,U001,F001,DW001,dishwasher,주방 식기세척기,usage,start,completed,intensive,2025-04-18T21:29:00+09:00,2025-04-18T22:59:00+09:00,2025-04-18,90,0.911,,dummy_thinq_like_log,train,base_routine,2025-04-18T22:59:00+09:00
TRAIN_000109,U001,F001,RC001,robot_cleaner,거실 로봇청소기,usage,start,completed,quiet_clean,2025-04-19T10:04:00+09:00,2025-04-19T10:57:00+09:00,2025-04-19,53,0.215,,dummy_thinq_like_log,train,base_routine,2025-04-19T10:57:00+09:00
TRAIN_000803,U001,F001,WM001,washer,세탁기,usage,start,completed,delicate,2025-04-19T18:41:00+09:00,2025-04-19T19:32:00+09:00,2025-04-19,51,0.603,,dummy_thinq_like_log,train,base_routine,2025-04-19T19:32:00+09:00
TRAIN_000804,U001,F001,DR001,dryer,건조기,usage,start,completed,speed_dry,2025-04-19T20:43:00+09:00,2025-04-19T22:07:00+09:00,2025-04-19,84,0.897,,dummy_thinq_like_log,train,base_routine,2025-04-19T22:07:00+09:00
TRAIN_000474,U001,F001,DW001,dishwasher,주방 식기세척기,usage,start,completed,standard,2025-04-19T21:03:00+09:00,2025-04-19T22:16:00+09:00,2025-04-19,73,0.88,,dummy_thinq_like_log,train,base_routine,2025-04-19T22:16:00+09:00
TRAIN_000110,U001,F001,RC001,robot_cleaner,거실 로봇청소기,usage,start,completed,auto_clean,2025-04-20T10:06:00+09:00,2025-04-20T11:16:00+09:00,2025-04-20,70,0.202,,dummy_thinq_like_log,train,base_routine,2025-04-20T11:16:00+09:00
TRAIN_000475,U001,F001,DW001,dishwasher,주방 식기세척기,usage,start,completed,quick,2025-04-20T20:52:00+09:00,2025-04-20T22:13:00+09:00,2025-04-20,81,1.028,,dummy_thinq_like_log,train,base_routine,2025-04-20T22:13:00+09:00
TRAIN_000111,U001,F001,RC001,robot_cleaner,거실 로봇청소기,usage,start,completed,quiet_clean,2025-04-21T10:01:00+09:00,2025-04-21T10:55:00+09:00,2025-04-21,54,0.145,,dummy_thinq_like_log,train,base_routine,2025-04-21T10:55:00+09:00
TRAIN_000476,U001,F001,DW001,dishwasher,주방 식기세척기,usage,start,completed,quick,2025-04-21T21:18:00+09:00,2025-04-21T22:41:00+09:00,2025-04-21,83,0.9,,dummy_thinq_like_log,train,base_routine,2025-04-21T22:41:00+09:00
TRAIN_000112,U001,F001,RC001,robot_cleaner,거실 로봇청소기,usage,start,completed,quiet_clean,2025-04-22T09:46:00+09:00,2025-04-22T10:53:00+09:00,2025-04-22,67,0.199,,dummy_thinq_like_log,train,base_routine,2025-04-22T10:53:00+09:00
TRAIN_000805,U001,F001,WM001,washer,세탁기,usage,start,completed,cotton,2025-04-22T19:00:00+09:00,2025-04-22T19:50:00+09:00,2025-04-22,50,0.575,,dummy_thinq_like_log,train,base_routine,2025-04-22T19:50:00+09:00
TRAIN_000806,U001,F001,DR001,dryer,건조기,usage,start,completed,speed_dry,2025-04-22T21:00:00+09:00,2025-04-22T22:11:00+09:00,2025-04-22,71,1.17,,dummy_thinq_like_log,train,base_routine,2025-04-22T22:11:00+09:00
TRAIN_000477,U001,F001,DW001,dishwasher,주방 식기세척기,usage,start,completed,quick,2025-04-22T21:29:00+09:00,2025-04-22T22:31:00+09:00,2025-04-22,62,1.101,,dummy_thinq_like_log,train,base_routine,2025-04-22T22:31:00+09:00
TRAIN_000113,U001,F001,RC001,robot_cleaner,거실 로봇청소기,usage,start,completed,quiet_clean,2025-04-23T10:20:00+09:00,2025-04-23T11:07:00+09:00,2025-04-23,47,0.181,,dummy_thinq_like_log,train,base_routine,2025-04-23T11:07:00+09:00
TRAIN_000478,U001,F001,DW001,dishwasher,주방 식기세척기,usage,start,completed,quick,2025-04-23T20:51:00+09:00,2025-04-23T22:00:00+09:00,2025-04-23,69,1.218,,dummy_thinq_like_log,train,base_routine,2025-04-23T22:00:00+09:00
TRAIN_000114,U001,F001,RC001,robot_cleaner,거실 로봇청소기,usage,start,completed,edge_clean,2025-04-24T10:09:00+09:00,2025-04-24T10:59:00+09:00,2025-04-24,50,0.189,,dummy_thinq_like_log,train,base_routine,2025-04-24T10:59:00+09:00
TRAIN_000479,U001,F001,DW001,dishwasher,주방 식기세척기,usage,start,completed,quick,2025-04-24T21:05:00+09:00,2025-04-24T22:33:00+09:00,2025-04-24,88,0.953,,dummy_thinq_like_log,train,base_routine,2025-04-24T22:33:00+09:00
TRAIN_000115,U001,F001,RC001,robot_cleaner,거실 로봇청소기,usage,start,completed,edge_clean,2025-04-25T09:45:00+09:00,2025-04-25T10:45:00+09:00,2025-04-25,60,0.111,,dummy_thinq_like_log,train,base_routine,2025-04-25T10:45:00+09:00
TRAIN_000807,U001,F001,WM001,washer,세탁기,usage,start,completed,quick_wash,2025-04-25T18:59:00+09:00,2025-04-25T19:58:00+09:00,2025-04-25,59,0.597,,dummy_thinq_like_log,train,base_routine,2025-04-25T19:58:00+09:00
TRAIN_000808,U001,F001,DR001,dryer,건조기,usage,start,completed,speed_dry,2025-04-25T20:59:00+09:00,2025-04-25T22:36:00+09:00,2025-04-25,97,1.301,,dummy_thinq_like_log,train,base_routine,2025-04-25T22:36:00+09:00
TRAIN_000480,U001,F001,DW001,dishwasher,주방 식기세척기,usage,start,completed,intensive,2025-04-25T21:01:00+09:00,2025-04-25T22:17:00+09:00,2025-04-25,76,0.997,,dummy_thinq_like_log,train,base_routine,2025-04-25T22:17:00+09:00
TRAIN_000116,U001,F001,RC001,robot_cleaner,거실 로봇청소기,usage,start,completed,edge_clean,2025-04-26T10:07:00+09:00,2025-04-26T11:03:00+09:00,2025-04-26,56,0.192,,dummy_thinq_like_log,train,base_routine,2025-04-26T11:03:00+09:00
TRAIN_000481,U001,F001,DW001,dishwasher,주방 식기세척기,usage,start,completed,standard,2025-04-26T21:16:00+09:00,2025-04-26T22:36:00+09:00,2025-04-26,80,0.841,,dummy_thinq_like_log,train,base_routine,2025-04-26T22:36:00+09:00
TRAIN_000117,U001,F001,RC001,robot_cleaner,거실 로봇청소기,usage,start,completed,edge_clean,2025-04-27T10:01:00+09:00,2025-04-27T10:39:00+09:00,2025-04-27,38,0.162,,dummy_thinq_like_log,train,base_routine,2025-04-27T10:39:00+09:00
TRAIN_000482,U001,F001,DW001,dishwasher,주방 식기세척기,usage,start,completed,quick,2025-04-27T20:53:00+09:00,2025-04-27T22:20:00+09:00,2025-04-27,87,1.029,,dummy_thinq_like_log,train,base_routine,2025-04-27T22:20:00+09:00
TRAIN_000118,U001,F001,RC001,robot_cleaner,거실 로봇청소기,usage,start,completed,auto_clean,2025-04-28T10:14:00+09:00,2025-04-28T10:56:00+09:00,2025-04-28,42,0.224,,dummy_thinq_like_log,train,base_routine,2025-04-28T10:56:00+09:00
TRAIN_000809,U001,F001,WM001,washer,세탁기,usage,start,completed,delicate,2025-04-28T18:47:00+09:00,2025-04-28T19:44:00+09:00,2025-04-28,57,0.418,,dummy_thinq_like_log,train,base_routine,2025-04-28T19:44:00+09:00
TRAIN_000810,U001,F001,DR001,dryer,건조기,usage,start,completed,normal_dry,2025-04-28T20:40:00+09:00,2025-04-28T22:01:00+09:00,2025-04-28,81,0.823,,dummy_thinq_like_log,train,base_routine,2025-04-28T22:01:00+09:00
TRAIN_000483,U001,F001,DW001,dishwasher,주방 식기세척기,usage,start,completed,standard,2025-04-28T21:31:00+09:00,2025-04-28T22:46:00+09:00,2025-04-28,75,0.839,,dummy_thinq_like_log,train,base_routine,2025-04-28T22:46:00+09:00
TRAIN_000119,U001,F001,RC001,robot_cleaner,거실 로봇청소기,usage,start,completed,edge_clean,2025-04-29T10:00:00+09:00,2025-04-29T11:02:00+09:00,2025-04-29,62,0.163,,dummy_thinq_like_log,train,base_routine,2025-04-29T11:02:00+09:00
TRAIN_000484,U001,F001,DW001,dishwasher,주방 식기세척기,usage,start,completed,standard,2025-04-29T21:26:00+09:00,2025-04-29T22:28:00+09:00,2025-04-29,62,0.978,,dummy_thinq_like_log,train,base_routine,2025-04-29T22:28:00+09:00
TRAIN_000120,U001,F001,RC001,robot_cleaner,거실 로봇청소기,usage,start,completed,quiet_clean,2025-04-30T09:48:00+09:00,2025-04-30T10:52:00+09:00,2025-04-30,64,0.187,,dummy_thinq_like_log,train,base_routine,2025-04-30T10:52:00+09:00
TRAIN_000485,U001,F001,DW001,dishwasher,주방 식기세척기,usage,start,completed,quick,2025-04-30T20:46:00+09:00,2025-04-30T22:00:00+09:00,2025-04-30,74,0.595,,dummy_thinq_like_log,train,base_routine,2025-04-30T22:00:00+09:00
TRAIN_000121,U001,F001,RC001,robot_cleaner,거실 로봇청소기,usage,start,completed,quiet_clean,2025-05-01T10:13:00+09:00,2025-05-01T11:10:00+09:00,2025-05-01,57,0.154,,dummy_thinq_like_log,train,base_routine,2025-05-01T11:10:00+09:00
TRAIN_000811,U001,F001,WM001,washer,세탁기,usage,start,completed,bedding,2025-05-01T19:03:00+09:00,2025-05-01T20:00:00+09:00,2025-05-01,57,0.676,,dummy_thinq_like_log,train,base_routine,2025-05-01T20:00:00+09:00
TRAIN_000486,U001,F001,DW001,dishwasher,주방 식기세척기,usage,start,completed,quick,2025-05-01T20:50:00+09:00,2025-05-01T22:19:00+09:00,2025-05-01,89,0.87,,dummy_thinq_like_log,train,base_routine,2025-05-01T22:19:00+09:00
TRAIN_000812,U001,F001,DR001,dryer,건조기,usage,start,completed,normal_dry,2025-05-01T20:58:00+09:00,2025-05-01T22:06:00+09:00,2025-05-01,68,1.45,,dummy_thinq_like_log,train,base_routine,2025-05-01T22:06:00+09:00
TRAIN_000122,U001,F001,RC001,robot_cleaner,거실 로봇청소기,usage,start,completed,auto_clean,2025-05-02T10:01:00+09:00,2025-05-02T10:55:00+09:00,2025-05-02,54,0.192,,dummy_thinq_like_log,train,base_routine,2025-05-02T10:55:00+09:00
TRAIN_000487,U001,F001,DW001,dishwasher,주방 식기세척기,usage,start,completed,standard,2025-05-02T21:34:00+09:00,2025-05-02T22:38:00+09:00,2025-05-02,64,1.123,,dummy_thinq_like_log,train,base_routine,2025-05-02T22:38:00+09:00
TRAIN_000123,U001,F001,RC001,robot_cleaner,거실 로봇청소기,usage,start,completed,quiet_clean,2025-05-03T09:43:00+09:00,2025-05-03T10:30:00+09:00,2025-05-03,47,0.176,,dummy_thinq_like_log,train,base_routine,2025-05-03T10:30:00+09:00
TRAIN_000488,U001,F001,DW001,dishwasher,주방 식기세척기,usage,start,completed,quick,2025-05-03T21:21:00+09:00,2025-05-03T22:42:00+09:00,2025-05-03,81,1.229,,dummy_thinq_like_log,train,base_routine,2025-05-03T22:42:00+09:00
TRAIN_000124,U001,F001,RC001,robot_cleaner,거실 로봇청소기,usage,start,completed,quiet_clean,2025-05-04T09:45:00+09:00,2025-05-04T10:34:00+09:00,2025-05-04,49,0.155,,dummy_thinq_like_log,train,base_routine,2025-05-04T10:34:00+09:00
TRAIN_000813,U001,F001,WM001,washer,세탁기,usage,start,completed,bedding,2025-05-04T18:53:00+09:00,2025-05-04T19:51:00+09:00,2025-05-04,58,0.499,,dummy_thinq_like_log,train,base_routine,2025-05-04T19:51:00+09:00
TRAIN_000489,U001,F001,DW001,dishwasher,주방 식기세척기,usage,start,completed,quick,2025-05-04T20:45:00+09:00,2025-05-04T22:00:00+09:00,2025-05-04,75,0.879,,dummy_thinq_like_log,train,base_routine,2025-05-04T22:00:00+09:00
TRAIN_000814,U001,F001,DR001,dryer,건조기,usage,start,completed,speed_dry,2025-05-04T21:04:00+09:00,2025-05-04T22:01:00+09:00,2025-05-04,57,0.915,,dummy_thinq_like_log,train,base_routine,2025-05-04T22:01:00+09:00
TRAIN_000125,U001,F001,RC001,robot_cleaner,거실 로봇청소기,usage,start,completed,quiet_clean,2025-05-05T09:54:00+09:00,2025-05-05T10:56:00+09:00,2025-05-05,62,0.18,,dummy_thinq_like_log,train,base_routine,2025-05-05T10:56:00+09:00
TRAIN_000490,U001,F001,DW001,dishwasher,주방 식기세척기,usage,start,completed,standard,2025-05-05T21:21:00+09:00,2025-05-05T22:44:00+09:00,2025-05-05,83,0.937,,dummy_thinq_like_log,train,base_routine,2025-05-05T22:44:00+09:00
TRAIN_000126,U001,F001,RC001,robot_cleaner,거실 로봇청소기,usage,start,completed,quiet_clean,2025-05-06T10:06:00+09:00,2025-05-06T11:08:00+09:00,2025-05-06,62,0.205,,dummy_thinq_like_log,train,base_routine,2025-05-06T11:08:00+09:00
TRAIN_000491,U001,F001,DW001,dishwasher,주방 식기세척기,usage,start,completed,intensive,2025-05-06T21:23:00+09:00,2025-05-06T22:56:00+09:00,2025-05-06,93,0.936,,dummy_thinq_like_log,train,base_routine,2025-05-06T22:56:00+09:00
TRAIN_000127,U001,F001,RC001,robot_cleaner,거실 로봇청소기,usage,start,completed,auto_clean,2025-05-07T09:57:00+09:00,2025-05-07T11:11:00+09:00,2025-05-07,74,0.174,,dummy_thinq_like_log,train,base_routine,2025-05-07T11:11:00+09:00
TRAIN_000815,U001,F001,WM001,washer,세탁기,usage,start,completed,bedding,2025-05-07T18:52:00+09:00,2025-05-07T20:11:00+09:00,2025-05-07,79,0.515,,dummy_thinq_like_log,train,base_routine,2025-05-07T20:11:00+09:00
TRAIN_000492,U001,F001,DW001,dishwasher,주방 식기세척기,usage,start,completed,intensive,2025-05-07T20:54:00+09:00,2025-05-07T22:13:00+09:00,2025-05-07,79,1.164,,dummy_thinq_like_log,train,base_routine,2025-05-07T22:13:00+09:00
TRAIN_000816,U001,F001,DR001,dryer,건조기,usage,start,completed,normal_dry,2025-05-07T21:05:00+09:00,2025-05-07T22:44:00+09:00,2025-05-07,99,1.629,,dummy_thinq_like_log,train,base_routine,2025-05-07T22:44:00+09:00
TRAIN_000128,U001,F001,RC001,robot_cleaner,거실 로봇청소기,usage,start,completed,auto_clean,2025-05-08T09:45:00+09:00,2025-05-08T10:53:00+09:00,2025-05-08,68,0.166,,dummy_thinq_like_log,train,base_routine,2025-05-08T10:53:00+09:00
TRAIN_000493,U001,F001,DW001,dishwasher,주방 식기세척기,usage,start,completed,quick,2025-05-08T21:07:00+09:00,2025-05-08T22:35:00+09:00,2025-05-08,88,0.863,,dummy_thinq_like_log,train,base_routine,2025-05-08T22:35:00+09:00
TRAIN_000129,U001,F001,RC001,robot_cleaner,거실 로봇청소기,usage,start,completed,auto_clean,2025-05-09T10:02:00+09:00,2025-05-09T11:07:00+09:00,2025-05-09,65,0.132,,dummy_thinq_like_log,train,base_routine,2025-05-09T11:07:00+09:00
TRAIN_000494,U001,F001,DW001,dishwasher,주방 식기세척기,usage,start,completed,quick,2025-05-09T21:20:00+09:00,2025-05-09T22:43:00+09:00,2025-05-09,83,1.069,,dummy_thinq_like_log,train,base_routine,2025-05-09T22:43:00+09:00
TRAIN_000130,U001,F001,RC001,robot_cleaner,거실 로봇청소기,usage,start,completed,auto_clean,2025-05-10T09:57:00+09:00,2025-05-10T10:39:00+09:00,2025-05-10,42,0.156,,dummy_thinq_like_log,train,base_routine,2025-05-10T10:39:00+09:00
TRAIN_000817,U001,F001,WM001,washer,세탁기,usage,start,completed,delicate,2025-05-10T19:26:00+09:00,2025-05-10T20:31:00+09:00,2025-05-10,65,0.696,,dummy_thinq_like_log,train,base_routine,2025-05-10T20:31:00+09:00
TRAIN_000495,U001,F001,DW001,dishwasher,주방 식기세척기,usage,start,completed,quick,2025-05-10T21:03:00+09:00,2025-05-10T22:08:00+09:00,2025-05-10,65,0.787,,dummy_thinq_like_log,train,base_routine,2025-05-10T22:08:00+09:00
TRAIN_000818,U001,F001,DR001,dryer,건조기,usage,start,completed,normal_dry,2025-05-10T21:44:00+09:00,2025-05-10T23:21:00+09:00,2025-05-10,97,1.067,,dummy_thinq_like_log,train,base_routine,2025-05-10T23:21:00+09:00
TRAIN_000131,U001,F001,RC001,robot_cleaner,거실 로봇청소기,usage,start,completed,auto_clean,2025-05-11T09:40:00+09:00,2025-05-11T10:39:00+09:00,2025-05-11,59,0.188,,dummy_thinq_like_log,train,base_routine,2025-05-11T10:39:00+09:00
TRAIN_000496,U001,F001,DW001,dishwasher,주방 식기세척기,usage,start,completed,standard,2025-05-11T21:12:00+09:00,2025-05-11T22:12:00+09:00,2025-05-11,60,0.963,,dummy_thinq_like_log,train,base_routine,2025-05-11T22:12:00+09:00
TRAIN_000132,U001,F001,RC001,robot_cleaner,거실 로봇청소기,usage,start,completed,auto_clean,2025-05-12T10:02:00+09:00,2025-05-12T10:39:00+09:00,2025-05-12,37,0.182,,dummy_thinq_like_log,train,base_routine,2025-05-12T10:39:00+09:00
TRAIN_000497,U001,F001,DW001,dishwasher,주방 식기세척기,usage,start,completed,standard,2025-05-12T21:04:00+09:00,2025-05-12T22:22:00+09:00,2025-05-12,78,0.679,,dummy_thinq_like_log,train,base_routine,2025-05-12T22:22:00+09:00
TRAIN_000133,U001,F001,RC001,robot_cleaner,거실 로봇청소기,usage,start,completed,auto_clean,2025-05-13T10:08:00+09:00,2025-05-13T11:07:00+09:00,2025-05-13,59,0.201,,dummy_thinq_like_log,train,base_routine,2025-05-13T11:07:00+09:00
TRAIN_000819,U001,F001,WM001,washer,세탁기,usage,start,completed,quick_wash,2025-05-13T19:22:00+09:00,2025-05-13T20:25:00+09:00,2025-05-13,63,0.473,,dummy_thinq_like_log,train,base_routine,2025-05-13T20:25:00+09:00
TRAIN_000498,U001,F001,DW001,dishwasher,주방 식기세척기,usage,start,completed,intensive,2025-05-13T20:56:00+09:00,2025-05-13T22:12:00+09:00,2025-05-13,76,1.202,,dummy_thinq_like_log,train,base_routine,2025-05-13T22:12:00+09:00
TRAIN_000820,U001,F001,DR001,dryer,건조기,usage,start,completed,normal_dry,2025-05-13T21:29:00+09:00,2025-05-13T22:34:00+09:00,2025-05-13,65,1.073,,dummy_thinq_like_log,train,base_routine,2025-05-13T22:34:00+09:00
TRAIN_000134,U001,F001,RC001,robot_cleaner,거실 로봇청소기,usage,start,completed,quiet_clean,2025-05-14T10:07:00+09:00,2025-05-14T10:57:00+09:00,2025-05-14,50,0.184,,dummy_thinq_like_log,train,base_routine,2025-05-14T10:57:00+09:00
TRAIN_000499,U001,F001,DW001,dishwasher,주방 식기세척기,usage,start,completed,intensive,2025-05-14T20:50:00+09:00,2025-05-14T22:04:00+09:00,2025-05-14,74,1.155,,dummy_thinq_like_log,train,base_routine,2025-05-14T22:04:00+09:00
TRAIN_000135,U001,F001,RC001,robot_cleaner,거실 로봇청소기,usage,start,completed,auto_clean,2025-05-15T10:05:00+09:00,2025-05-15T11:02:00+09:00,2025-05-15,57,0.196,,dummy_thinq_like_log,train,base_routine,2025-05-15T11:02:00+09:00
TRAIN_000500,U001,F001,DW001,dishwasher,주방 식기세척기,usage,start,completed,standard,2025-05-15T21:05:00+09:00,2025-05-15T22:29:00+09:00,2025-05-15,84,0.964,,dummy_thinq_like_log,train,base_routine,2025-05-15T22:29:00+09:00
TRAIN_000136,U001,F001,RC001,robot_cleaner,거실 로봇청소기,usage,start,completed,auto_clean,2025-05-16T09:50:00+09:00,2025-05-16T10:44:00+09:00,2025-05-16,54,0.186,,dummy_thinq_like_log,train,base_routine,2025-05-16T10:44:00+09:00
TRAIN_000821,U001,F001,WM001,washer,세탁기,usage,start,completed,quick_wash,2025-05-16T18:41:00+09:00,2025-05-16T19:55:00+09:00,2025-05-16,74,0.54,,dummy_thinq_like_log,train,base_routine,2025-05-16T19:55:00+09:00
TRAIN_000822,U001,F001,DR001,dryer,건조기,usage,start,completed,bedding_dry,2025-05-16T20:58:00+09:00,2025-05-16T22:30:00+09:00,2025-05-16,92,1.075,,dummy_thinq_like_log,train,base_routine,2025-05-16T22:30:00+09:00
TRAIN_000501,U001,F001,DW001,dishwasher,주방 식기세척기,usage,start,completed,intensive,2025-05-16T21:22:00+09:00,2025-05-16T22:48:00+09:00,2025-05-16,86,0.853,,dummy_thinq_like_log,train,base_routine,2025-05-16T22:48:00+09:00
TRAIN_000137,U001,F001,RC001,robot_cleaner,거실 로봇청소기,usage,start,completed,auto_clean,2025-05-17T10:13:00+09:00,2025-05-17T11:05:00+09:00,2025-05-17,52,0.196,,dummy_thinq_like_log,train,base_routine,2025-05-17T11:05:00+09:00
TRAIN_000502,U001,F001,DW001,dishwasher,주방 식기세척기,usage,start,completed,quick,2025-05-17T21:23:00+09:00,2025-05-17T22:27:00+09:00,2025-05-17,64,0.989,,dummy_thinq_like_log,train,base_routine,2025-05-17T22:27:00+09:00
TRAIN_000138,U001,F001,RC001,robot_cleaner,거실 로봇청소기,usage,start,completed,auto_clean,2025-05-18T10:17:00+09:00,2025-05-18T11:11:00+09:00,2025-05-18,54,0.205,,dummy_thinq_like_log,train,base_routine,2025-05-18T11:11:00+09:00
TRAIN_000503,U001,F001,DW001,dishwasher,주방 식기세척기,usage,start,completed,standard,2025-05-18T21:04:00+09:00,2025-05-18T22:16:00+09:00,2025-05-18,72,0.947,,dummy_thinq_like_log,train,base_routine,2025-05-18T22:16:00+09:00
TRAIN_000139,U001,F001,RC001,robot_cleaner,거실 로봇청소기,usage,start,completed,edge_clean,2025-05-19T10:13:00+09:00,2025-05-19T10:58:00+09:00,2025-05-19,45,0.136,,dummy_thinq_like_log,train,base_routine,2025-05-19T10:58:00+09:00
TRAIN_000823,U001,F001,WM001,washer,세탁기,usage,start,completed,cotton,2025-05-19T19:09:00+09:00,2025-05-19T20:21:00+09:00,2025-05-19,72,0.758,,dummy_thinq_like_log,train,base_routine,2025-05-19T20:21:00+09:00
TRAIN_000824,U001,F001,DR001,dryer,건조기,usage,start,completed,normal_dry,2025-05-19T21:04:00+09:00,2025-05-19T22:24:00+09:00,2025-05-19,80,1.388,,dummy_thinq_like_log,train,base_routine,2025-05-19T22:24:00+09:00
TRAIN_000504,U001,F001,DW001,dishwasher,주방 식기세척기,usage,start,completed,quick,2025-05-19T21:21:00+09:00,2025-05-19T22:28:00+09:00,2025-05-19,67,0.908,,dummy_thinq_like_log,train,base_routine,2025-05-19T22:28:00+09:00
TRAIN_000140,U001,F001,RC001,robot_cleaner,거실 로봇청소기,usage,start,completed,quiet_clean,2025-05-20T09:51:00+09:00,2025-05-20T10:41:00+09:00,2025-05-20,50,0.202,,dummy_thinq_like_log,train,base_routine,2025-05-20T10:41:00+09:00
TRAIN_000505,U001,F001,DW001,dishwasher,주방 식기세척기,usage,start,completed,quick,2025-05-20T21:06:00+09:00,2025-05-20T22:27:00+09:00,2025-05-20,81,0.812,,dummy_thinq_like_log,train,base_routine,2025-05-20T22:27:00+09:00
TRAIN_000141,U001,F001,RC001,robot_cleaner,거실 로봇청소기,usage,start,completed,quiet_clean,2025-05-21T10:19:00+09:00,2025-05-21T11:16:00+09:00,2025-05-21,57,0.213,,dummy_thinq_like_log,train,base_routine,2025-05-21T11:16:00+09:00
TRAIN_000506,U001,F001,DW001,dishwasher,주방 식기세척기,usage,start,completed,intensive,2025-05-21T20:50:00+09:00,2025-05-21T21:56:00+09:00,2025-05-21,66,0.882,,dummy_thinq_like_log,train,base_routine,2025-05-21T21:56:00+09:00
TRAIN_000142,U001,F001,RC001,robot_cleaner,거실 로봇청소기,usage,start,completed,quiet_clean,2025-05-22T10:13:00+09:00,2025-05-22T11:07:00+09:00,2025-05-22,54,0.221,,dummy_thinq_like_log,train,base_routine,2025-05-22T11:07:00+09:00
TRAIN_000825,U001,F001,WM001,washer,세탁기,usage,start,completed,delicate,2025-05-22T19:00:00+09:00,2025-05-22T20:00:00+09:00,2025-05-22,60,0.518,,dummy_thinq_like_log,train,base_routine,2025-05-22T20:00:00+09:00
TRAIN_000507,U001,F001,DW001,dishwasher,주방 식기세척기,usage,start,completed,standard,2025-05-22T20:59:00+09:00,2025-05-22T22:30:00+09:00,2025-05-22,91,0.99,,dummy_thinq_like_log,train,base_routine,2025-05-22T22:30:00+09:00
TRAIN_000826,U001,F001,DR001,dryer,건조기,usage,start,completed,bedding_dry,2025-05-22T21:07:00+09:00,2025-05-22T22:22:00+09:00,2025-05-22,75,1.176,,dummy_thinq_like_log,train,base_routine,2025-05-22T22:22:00+09:00
TRAIN_000143,U001,F001,RC001,robot_cleaner,거실 로봇청소기,usage,start,completed,edge_clean,2025-05-23T10:02:00+09:00,2025-05-23T10:50:00+09:00,2025-05-23,48,0.162,,dummy_thinq_like_log,train,base_routine,2025-05-23T10:50:00+09:00
TRAIN_000508,U001,F001,DW001,dishwasher,주방 식기세척기,usage,start,completed,quick,2025-05-23T20:56:00+09:00,2025-05-23T22:19:00+09:00,2025-05-23,83,0.697,,dummy_thinq_like_log,train,base_routine,2025-05-23T22:19:00+09:00
TRAIN_000144,U001,F001,RC001,robot_cleaner,거실 로봇청소기,usage,start,completed,quiet_clean,2025-05-24T10:13:00+09:00,2025-05-24T11:01:00+09:00,2025-05-24,48,0.169,,dummy_thinq_like_log,train,base_routine,2025-05-24T11:01:00+09:00
TRAIN_000509,U001,F001,DW001,dishwasher,주방 식기세척기,usage,start,completed,intensive,2025-05-24T21:31:00+09:00,2025-05-24T23:09:00+09:00,2025-05-24,98,0.966,,dummy_thinq_like_log,train,base_routine,2025-05-24T23:09:00+09:00
TRAIN_000145,U001,F001,RC001,robot_cleaner,거실 로봇청소기,usage,start,completed,quiet_clean,2025-05-25T09:44:00+09:00,2025-05-25T10:53:00+09:00,2025-05-25,69,0.139,,dummy_thinq_like_log,train,base_routine,2025-05-25T10:53:00+09:00
TRAIN_000827,U001,F001,WM001,washer,세탁기,usage,start,completed,bedding,2025-05-25T19:17:00+09:00,2025-05-25T20:31:00+09:00,2025-05-25,74,0.502,,dummy_thinq_like_log,train,base_routine,2025-05-25T20:31:00+09:00
TRAIN_000510,U001,F001,DW001,dishwasher,주방 식기세척기,usage,start,completed,standard,2025-05-25T21:03:00+09:00,2025-05-25T22:26:00+09:00,2025-05-25,83,1.057,,dummy_thinq_like_log,train,base_routine,2025-05-25T22:26:00+09:00
TRAIN_000828,U001,F001,DR001,dryer,건조기,usage,start,completed,normal_dry,2025-05-25T21:33:00+09:00,2025-05-25T22:35:00+09:00,2025-05-25,62,1.023,,dummy_thinq_like_log,train,base_routine,2025-05-25T22:35:00+09:00
TRAIN_000146,U001,F001,RC001,robot_cleaner,거실 로봇청소기,usage,start,completed,auto_clean,2025-05-26T10:00:00+09:00,2025-05-26T10:47:00+09:00,2025-05-26,47,0.194,,dummy_thinq_like_log,train,base_routine,2025-05-26T10:47:00+09:00
TRAIN_000511,U001,F001,DW001,dishwasher,주방 식기세척기,usage,start,completed,quick,2025-05-26T21:28:00+09:00,2025-05-26T22:29:00+09:00,2025-05-26,61,0.975,,dummy_thinq_like_log,train,base_routine,2025-05-26T22:29:00+09:00
TRAIN_000147,U001,F001,RC001,robot_cleaner,거실 로봇청소기,usage,start,completed,quiet_clean,2025-05-27T09:48:00+09:00,2025-05-27T10:28:00+09:00,2025-05-27,40,0.208,,dummy_thinq_like_log,train,base_routine,2025-05-27T10:28:00+09:00
TRAIN_000512,U001,F001,DW001,dishwasher,주방 식기세척기,usage,start,completed,intensive,2025-05-27T20:48:00+09:00,2025-05-27T22:19:00+09:00,2025-05-27,91,0.912,,dummy_thinq_like_log,train,base_routine,2025-05-27T22:19:00+09:00
TRAIN_000148,U001,F001,RC001,robot_cleaner,거실 로봇청소기,usage,start,completed,auto_clean,2025-05-28T09:55:00+09:00,2025-05-28T10:46:00+09:00,2025-05-28,51,0.148,,dummy_thinq_like_log,train,base_routine,2025-05-28T10:46:00+09:00
TRAIN_000829,U001,F001,WM001,washer,세탁기,usage,start,completed,delicate,2025-05-28T18:49:00+09:00,2025-05-28T19:53:00+09:00,2025-05-28,64,0.455,,dummy_thinq_like_log,train,base_routine,2025-05-28T19:53:00+09:00
TRAIN_000513,U001,F001,DW001,dishwasher,주방 식기세척기,usage,start,completed,intensive,2025-05-28T20:46:00+09:00,2025-05-28T21:51:00+09:00,2025-05-28,65,0.62,,dummy_thinq_like_log,train,base_routine,2025-05-28T21:51:00+09:00
TRAIN_000830,U001,F001,DR001,dryer,건조기,usage,start,completed,speed_dry,2025-05-28T21:06:00+09:00,2025-05-28T22:22:00+09:00,2025-05-28,76,1.171,,dummy_thinq_like_log,train,base_routine,2025-05-28T22:22:00+09:00
TRAIN_000149,U001,F001,RC001,robot_cleaner,거실 로봇청소기,usage,start,completed,edge_clean,2025-05-29T10:04:00+09:00,2025-05-29T11:02:00+09:00,2025-05-29,58,0.174,,dummy_thinq_like_log,train,base_routine,2025-05-29T11:02:00+09:00
TRAIN_000514,U001,F001,DW001,dishwasher,주방 식기세척기,usage,start,completed,intensive,2025-05-29T21:07:00+09:00,2025-05-29T22:23:00+09:00,2025-05-29,76,0.899,,dummy_thinq_like_log,train,base_routine,2025-05-29T22:23:00+09:00
TRAIN_000150,U001,F001,RC001,robot_cleaner,거실 로봇청소기,usage,start,completed,edge_clean,2025-05-30T10:15:00+09:00,2025-05-30T11:13:00+09:00,2025-05-30,58,0.22,,dummy_thinq_like_log,train,base_routine,2025-05-30T11:13:00+09:00
TRAIN_000515,U001,F001,DW001,dishwasher,주방 식기세척기,usage,start,completed,quick,2025-05-30T21:03:00+09:00,2025-05-30T22:33:00+09:00,2025-05-30,90,0.93,,dummy_thinq_like_log,train,base_routine,2025-05-30T22:33:00+09:00
TRAIN_000151,U001,F001,RC001,robot_cleaner,거실 로봇청소기,usage,start,completed,auto_clean,2025-05-31T10:02:00+09:00,2025-05-31T10:45:00+09:00,2025-05-31,43,0.212,,dummy_thinq_like_log,train,base_routine,2025-05-31T10:45:00+09:00
TRAIN_000831,U001,F001,WM001,washer,세탁기,usage,start,completed,bedding,2025-05-31T18:54:00+09:00,2025-05-31T20:05:00+09:00,2025-05-31,71,0.551,,dummy_thinq_like_log,train,base_routine,2025-05-31T20:05:00+09:00
TRAIN_000832,U001,F001,DR001,dryer,건조기,usage,start,completed,bedding_dry,2025-05-31T20:52:00+09:00,2025-05-31T22:12:00+09:00,2025-05-31,80,1.309,,dummy_thinq_like_log,train,base_routine,2025-05-31T22:12:00+09:00
TRAIN_000516,U001,F001,DW001,dishwasher,주방 식기세척기,usage,start,completed,quick,2025-05-31T21:14:00+09:00,2025-05-31T22:38:00+09:00,2025-05-31,84,1.017,,dummy_thinq_like_log,train,base_routine,2025-05-31T22:38:00+09:00
TRAIN_000152,U001,F001,RC001,robot_cleaner,거실 로봇청소기,usage,start,completed,edge_clean,2025-06-01T09:50:00+09:00,2025-06-01T10:54:00+09:00,2025-06-01,64,0.192,,dummy_thinq_like_log,train,base_routine,2025-06-01T10:54:00+09:00
TRAIN_000517,U001,F001,DW001,dishwasher,주방 식기세척기,usage,start,completed,quick,2025-06-01T21:08:00+09:00,2025-06-01T22:36:00+09:00,2025-06-01,88,0.81,,dummy_thinq_like_log,train,base_routine,2025-06-01T22:36:00+09:00
TRAIN_000153,U001,F001,RC001,robot_cleaner,거실 로봇청소기,usage,start,completed,edge_clean,2025-06-02T09:58:00+09:00,2025-06-02T10:56:00+09:00,2025-06-02,58,0.239,,dummy_thinq_like_log,train,base_routine,2025-06-02T10:56:00+09:00
TRAIN_000518,U001,F001,DW001,dishwasher,주방 식기세척기,usage,start,completed,standard,2025-06-02T21:35:00+09:00,2025-06-02T22:43:00+09:00,2025-06-02,68,1.04,,dummy_thinq_like_log,train,base_routine,2025-06-02T22:43:00+09:00
TRAIN_000154,U001,F001,RC001,robot_cleaner,거실 로봇청소기,usage,start,completed,auto_clean,2025-06-03T09:45:00+09:00,2025-06-03T10:41:00+09:00,2025-06-03,56,0.185,,dummy_thinq_like_log,train,base_routine,2025-06-03T10:41:00+09:00
TRAIN_000833,U001,F001,WM001,washer,세탁기,usage,start,completed,delicate,2025-06-03T18:33:00+09:00,2025-06-03T19:30:00+09:00,2025-06-03,57,0.553,,dummy_thinq_like_log,train,base_routine,2025-06-03T19:30:00+09:00
TRAIN_000834,U001,F001,DR001,dryer,건조기,usage,start,completed,speed_dry,2025-06-03T20:39:00+09:00,2025-06-03T22:07:00+09:00,2025-06-03,88,1.387,,dummy_thinq_like_log,train,base_routine,2025-06-03T22:07:00+09:00
TRAIN_000519,U001,F001,DW001,dishwasher,주방 식기세척기,usage,start,completed,intensive,2025-06-03T20:48:00+09:00,2025-06-03T21:57:00+09:00,2025-06-03,69,1.132,,dummy_thinq_like_log,train,base_routine,2025-06-03T21:57:00+09:00
TRAIN_000155,U001,F001,RC001,robot_cleaner,거실 로봇청소기,usage,start,completed,auto_clean,2025-06-04T09:43:00+09:00,2025-06-04T10:31:00+09:00,2025-06-04,48,0.19,,dummy_thinq_like_log,train,base_routine,2025-06-04T10:31:00+09:00
TRAIN_000520,U001,F001,DW001,dishwasher,주방 식기세척기,usage,start,completed,intensive,2025-06-04T20:51:00+09:00,2025-06-04T22:17:00+09:00,2025-06-04,86,0.978,,dummy_thinq_like_log,train,base_routine,2025-06-04T22:17:00+09:00
TRAIN_000156,U001,F001,RC001,robot_cleaner,거실 로봇청소기,usage,start,completed,edge_clean,2025-06-05T09:56:00+09:00,2025-06-05T10:54:00+09:00,2025-06-05,58,0.155,,dummy_thinq_like_log,train,base_routine,2025-06-05T10:54:00+09:00
TRAIN_000521,U001,F001,DW001,dishwasher,주방 식기세척기,usage,start,completed,standard,2025-06-05T21:23:00+09:00,2025-06-05T22:55:00+09:00,2025-06-05,92,0.922,,dummy_thinq_like_log,train,base_routine,2025-06-05T22:55:00+09:00
TRAIN_000157,U001,F001,RC001,robot_cleaner,거실 로봇청소기,usage,start,completed,auto_clean,2025-06-06T10:14:00+09:00,2025-06-06T10:52:00+09:00,2025-06-06,38,0.146,,dummy_thinq_like_log,train,base_routine,2025-06-06T10:52:00+09:00
TRAIN_000835,U001,F001,WM001,washer,세탁기,usage,start,completed,cotton,2025-06-06T19:02:00+09:00,2025-06-06T20:23:00+09:00,2025-06-06,81,0.48,,dummy_thinq_like_log,train,base_routine,2025-06-06T20:23:00+09:00
TRAIN_000836,U001,F001,DR001,dryer,건조기,usage,start,completed,bedding_dry,2025-06-06T20:57:00+09:00,2025-06-06T22:22:00+09:00,2025-06-06,85,1.232,,dummy_thinq_like_log,train,base_routine,2025-06-06T22:22:00+09:00
TRAIN_000522,U001,F001,DW001,dishwasher,주방 식기세척기,usage,start,completed,quick,2025-06-06T21:07:00+09:00,2025-06-06T22:17:00+09:00,2025-06-06,70,1.016,,dummy_thinq_like_log,train,base_routine,2025-06-06T22:17:00+09:00
TRAIN_000158,U001,F001,RC001,robot_cleaner,거실 로봇청소기,usage,start,completed,auto_clean,2025-06-07T10:17:00+09:00,2025-06-07T11:10:00+09:00,2025-06-07,53,0.238,,dummy_thinq_like_log,train,base_routine,2025-06-07T11:10:00+09:00
TRAIN_000523,U001,F001,DW001,dishwasher,주방 식기세척기,usage,start,completed,standard,2025-06-07T20:55:00+09:00,2025-06-07T21:57:00+09:00,2025-06-07,62,0.863,,dummy_thinq_like_log,train,base_routine,2025-06-07T21:57:00+09:00
TRAIN_000159,U001,F001,RC001,robot_cleaner,거실 로봇청소기,usage,start,completed,auto_clean,2025-06-08T09:46:00+09:00,2025-06-08T10:33:00+09:00,2025-06-08,47,0.19,,dummy_thinq_like_log,train,base_routine,2025-06-08T10:33:00+09:00
TRAIN_000524,U001,F001,DW001,dishwasher,주방 식기세척기,usage,start,completed,intensive,2025-06-08T21:17:00+09:00,2025-06-08T22:31:00+09:00,2025-06-08,74,0.785,,dummy_thinq_like_log,train,base_routine,2025-06-08T22:31:00+09:00
TRAIN_000160,U001,F001,RC001,robot_cleaner,거실 로봇청소기,usage,start,completed,quiet_clean,2025-06-09T10:04:00+09:00,2025-06-09T10:57:00+09:00,2025-06-09,53,0.186,,dummy_thinq_like_log,train,base_routine,2025-06-09T10:57:00+09:00
TRAIN_000837,U001,F001,WM001,washer,세탁기,usage,start,completed,bedding,2025-06-09T19:19:00+09:00,2025-06-09T20:25:00+09:00,2025-06-09,66,0.618,,dummy_thinq_like_log,train,base_routine,2025-06-09T20:25:00+09:00
TRAIN_000525,U001,F001,DW001,dishwasher,주방 식기세척기,usage,start,completed,intensive,2025-06-09T20:45:00+09:00,2025-06-09T21:56:00+09:00,2025-06-09,71,1.043,,dummy_thinq_like_log,train,base_routine,2025-06-09T21:56:00+09:00
TRAIN_000838,U001,F001,DR001,dryer,건조기,usage,start,completed,speed_dry,2025-06-09T21:24:00+09:00,2025-06-09T22:49:00+09:00,2025-06-09,85,1.397,,dummy_thinq_like_log,train,base_routine,2025-06-09T22:49:00+09:00
TRAIN_000161,U001,F001,RC001,robot_cleaner,거실 로봇청소기,usage,start,completed,auto_clean,2025-06-10T10:05:00+09:00,2025-06-10T10:57:00+09:00,2025-06-10,52,0.212,,dummy_thinq_like_log,train,base_routine,2025-06-10T10:57:00+09:00
TRAIN_000526,U001,F001,DW001,dishwasher,주방 식기세척기,usage,start,completed,intensive,2025-06-10T20:56:00+09:00,2025-06-10T22:13:00+09:00,2025-06-10,77,0.903,,dummy_thinq_like_log,train,base_routine,2025-06-10T22:13:00+09:00
TRAIN_000162,U001,F001,RC001,robot_cleaner,거실 로봇청소기,usage,start,completed,edge_clean,2025-06-11T09:48:00+09:00,2025-06-11T10:43:00+09:00,2025-06-11,55,0.258,,dummy_thinq_like_log,train,base_routine,2025-06-11T10:43:00+09:00
TRAIN_000527,U001,F001,DW001,dishwasher,주방 식기세척기,usage,start,completed,standard,2025-06-11T21:24:00+09:00,2025-06-11T22:34:00+09:00,2025-06-11,70,0.812,,dummy_thinq_like_log,train,base_routine,2025-06-11T22:34:00+09:00
TRAIN_000163,U001,F001,RC001,robot_cleaner,거실 로봇청소기,usage,start,completed,edge_clean,2025-06-12T10:19:00+09:00,2025-06-12T11:25:00+09:00,2025-06-12,66,0.183,,dummy_thinq_like_log,train,base_routine,2025-06-12T11:25:00+09:00
TRAIN_000839,U001,F001,WM001,washer,세탁기,usage,start,completed,cotton,2025-06-12T18:57:00+09:00,2025-06-12T20:09:00+09:00,2025-06-12,72,0.489,,dummy_thinq_like_log,train,base_routine,2025-06-12T20:09:00+09:00
TRAIN_000840,U001,F001,DR001,dryer,건조기,usage,start,completed,speed_dry,2025-06-12T21:03:00+09:00,2025-06-12T22:55:00+09:00,2025-06-12,112,1.228,,dummy_thinq_like_log,train,base_routine,2025-06-12T22:55:00+09:00
TRAIN_000528,U001,F001,DW001,dishwasher,주방 식기세척기,usage,start,completed,standard,2025-06-12T21:06:00+09:00,2025-06-12T22:18:00+09:00,2025-06-12,72,0.81,,dummy_thinq_like_log,train,base_routine,2025-06-12T22:18:00+09:00
TRAIN_000164,U001,F001,RC001,robot_cleaner,거실 로봇청소기,usage,start,completed,quiet_clean,2025-06-13T09:45:00+09:00,2025-06-13T10:40:00+09:00,2025-06-13,55,0.175,,dummy_thinq_like_log,train,base_routine,2025-06-13T10:40:00+09:00
TRAIN_000529,U001,F001,DW001,dishwasher,주방 식기세척기,usage,start,completed,standard,2025-06-13T21:13:00+09:00,2025-06-13T22:38:00+09:00,2025-06-13,85,0.76,,dummy_thinq_like_log,train,base_routine,2025-06-13T22:38:00+09:00
TRAIN_000165,U001,F001,RC001,robot_cleaner,거실 로봇청소기,usage,start,completed,quiet_clean,2025-06-14T09:51:00+09:00,2025-06-14T10:49:00+09:00,2025-06-14,58,0.154,,dummy_thinq_like_log,train,base_routine,2025-06-14T10:49:00+09:00
TRAIN_000530,U001,F001,DW001,dishwasher,주방 식기세척기,usage,start,completed,standard,2025-06-14T21:20:00+09:00,2025-06-14T22:36:00+09:00,2025-06-14,76,0.991,,dummy_thinq_like_log,train,base_routine,2025-06-14T22:36:00+09:00
TRAIN_000166,U001,F001,RC001,robot_cleaner,거실 로봇청소기,usage,start,completed,edge_clean,2025-06-15T09:55:00+09:00,2025-06-15T10:55:00+09:00,2025-06-15,60,0.2,,dummy_thinq_like_log,train,base_routine,2025-06-15T10:55:00+09:00
TRAIN_000841,U001,F001,WM001,washer,세탁기,usage,start,completed,delicate,2025-06-15T19:16:00+09:00,2025-06-15T20:16:00+09:00,2025-06-15,60,0.649,,dummy_thinq_like_log,train,base_routine,2025-06-15T20:16:00+09:00
TRAIN_000531,U001,F001,DW001,dishwasher,주방 식기세척기,usage,start,completed,quick,2025-06-15T21:14:00+09:00,2025-06-15T22:17:00+09:00,2025-06-15,63,0.799,,dummy_thinq_like_log,train,base_routine,2025-06-15T22:17:00+09:00
TRAIN_000842,U001,F001,DR001,dryer,건조기,usage,start,completed,normal_dry,2025-06-15T21:35:00+09:00,2025-06-15T23:03:00+09:00,2025-06-15,88,1.432,,dummy_thinq_like_log,train,base_routine,2025-06-15T23:03:00+09:00
TRAIN_000167,U001,F001,RC001,robot_cleaner,거실 로봇청소기,usage,start,completed,quiet_clean,2025-06-16T10:15:00+09:00,2025-06-16T11:13:00+09:00,2025-06-16,58,0.171,,dummy_thinq_like_log,train,base_routine,2025-06-16T11:13:00+09:00
TRAIN_000532,U001,F001,DW001,dishwasher,주방 식기세척기,usage,start,completed,standard,2025-06-16T21:19:00+09:00,2025-06-16T22:47:00+09:00,2025-06-16,88,0.684,,dummy_thinq_like_log,train,base_routine,2025-06-16T22:47:00+09:00
TRAIN_000168,U001,F001,RC001,robot_cleaner,거실 로봇청소기,usage,start,completed,edge_clean,2025-06-17T10:03:00+09:00,2025-06-17T10:56:00+09:00,2025-06-17,53,0.208,,dummy_thinq_like_log,train,base_routine,2025-06-17T10:56:00+09:00
TRAIN_000533,U001,F001,DW001,dishwasher,주방 식기세척기,usage,start,completed,standard,2025-06-17T21:30:00+09:00,2025-06-17T23:00:00+09:00,2025-06-17,90,0.932,,dummy_thinq_like_log,train,base_routine,2025-06-17T23:00:00+09:00
TRAIN_000169,U001,F001,RC001,robot_cleaner,거실 로봇청소기,usage,start,completed,quiet_clean,2025-06-18T09:42:00+09:00,2025-06-18T10:34:00+09:00,2025-06-18,52,0.12,,dummy_thinq_like_log,train,base_routine,2025-06-18T10:34:00+09:00
TRAIN_000843,U001,F001,WM001,washer,세탁기,usage,start,completed,cotton,2025-06-18T19:23:00+09:00,2025-06-18T20:39:00+09:00,2025-06-18,76,0.624,,dummy_thinq_like_log,train,base_routine,2025-06-18T20:39:00+09:00
TRAIN_000844,U001,F001,DR001,dryer,건조기,usage,start,completed,bedding_dry,2025-06-18T21:16:00+09:00,2025-06-18T22:45:00+09:00,2025-06-18,89,1.413,,dummy_thinq_like_log,train,base_routine,2025-06-18T22:45:00+09:00
TRAIN_000534,U001,F001,DW001,dishwasher,주방 식기세척기,usage,start,completed,intensive,2025-06-18T21:22:00+09:00,2025-06-18T22:33:00+09:00,2025-06-18,71,0.936,,dummy_thinq_like_log,train,base_routine,2025-06-18T22:33:00+09:00
TRAIN_000170,U001,F001,RC001,robot_cleaner,거실 로봇청소기,usage,start,completed,quiet_clean,2025-06-19T10:08:00+09:00,2025-06-19T11:14:00+09:00,2025-06-19,66,0.207,,dummy_thinq_like_log,train,base_routine,2025-06-19T11:14:00+09:00
TRAIN_000535,U001,F001,DW001,dishwasher,주방 식기세척기,usage,start,completed,intensive,2025-06-19T21:02:00+09:00,2025-06-19T21:57:00+09:00,2025-06-19,55,1.063,,dummy_thinq_like_log,train,base_routine,2025-06-19T21:57:00+09:00
TRAIN_000171,U001,F001,RC001,robot_cleaner,거실 로봇청소기,usage,start,completed,edge_clean,2025-06-20T09:49:00+09:00,2025-06-20T10:32:00+09:00,2025-06-20,43,0.091,,dummy_thinq_like_log,train,base_routine,2025-06-20T10:32:00+09:00
TRAIN_000536,U001,F001,DW001,dishwasher,주방 식기세척기,usage,start,completed,standard,2025-06-20T20:53:00+09:00,2025-06-20T22:06:00+09:00,2025-06-20,73,0.784,,dummy_thinq_like_log,train,base_routine,2025-06-20T22:06:00+09:00
TRAIN_000172,U001,F001,RC001,robot_cleaner,거실 로봇청소기,usage,start,completed,quiet_clean,2025-06-21T10:00:00+09:00,2025-06-21T11:14:00+09:00,2025-06-21,74,0.193,,dummy_thinq_like_log,train,base_routine,2025-06-21T11:14:00+09:00
TRAIN_000845,U001,F001,WM001,washer,세탁기,usage,start,completed,quick_wash,2025-06-21T18:49:00+09:00,2025-06-21T19:49:00+09:00,2025-06-21,60,0.687,,dummy_thinq_like_log,train,base_routine,2025-06-21T19:49:00+09:00
TRAIN_000846,U001,F001,DR001,dryer,건조기,usage,start,completed,speed_dry,2025-06-21T20:52:00+09:00,2025-06-21T22:27:00+09:00,2025-06-21,95,1.272,,dummy_thinq_like_log,train,base_routine,2025-06-21T22:27:00+09:00
TRAIN_000537,U001,F001,DW001,dishwasher,주방 식기세척기,usage,start,completed,intensive,2025-06-21T21:22:00+09:00,2025-06-21T22:38:00+09:00,2025-06-21,76,0.862,,dummy_thinq_like_log,train,base_routine,2025-06-21T22:38:00+09:00
TRAIN_000173,U001,F001,RC001,robot_cleaner,거실 로봇청소기,usage,start,completed,auto_clean,2025-06-22T09:57:00+09:00,2025-06-22T10:56:00+09:00,2025-06-22,59,0.133,,dummy_thinq_like_log,train,base_routine,2025-06-22T10:56:00+09:00
TRAIN_000538,U001,F001,DW001,dishwasher,주방 식기세척기,usage,start,completed,intensive,2025-06-22T20:51:00+09:00,2025-06-22T22:14:00+09:00,2025-06-22,83,0.989,,dummy_thinq_like_log,train,base_routine,2025-06-22T22:14:00+09:00
TRAIN_000174,U001,F001,RC001,robot_cleaner,거실 로봇청소기,usage,start,completed,edge_clean,2025-06-23T10:10:00+09:00,2025-06-23T11:06:00+09:00,2025-06-23,56,0.177,,dummy_thinq_like_log,train,base_routine,2025-06-23T11:06:00+09:00
TRAIN_000539,U001,F001,DW001,dishwasher,주방 식기세척기,usage,start,completed,intensive,2025-06-23T20:57:00+09:00,2025-06-23T22:31:00+09:00,2025-06-23,94,0.822,,dummy_thinq_like_log,train,base_routine,2025-06-23T22:31:00+09:00
TRAIN_000175,U001,F001,RC001,robot_cleaner,거실 로봇청소기,usage,start,completed,auto_clean,2025-06-24T10:07:00+09:00,2025-06-24T11:05:00+09:00,2025-06-24,58,0.2,,dummy_thinq_like_log,train,base_routine,2025-06-24T11:05:00+09:00
TRAIN_000847,U001,F001,WM001,washer,세탁기,usage,start,completed,bedding,2025-06-24T19:10:00+09:00,2025-06-24T20:15:00+09:00,2025-06-24,65,0.665,,dummy_thinq_like_log,train,base_routine,2025-06-24T20:15:00+09:00
TRAIN_000540,U001,F001,DW001,dishwasher,주방 식기세척기,usage,start,completed,intensive,2025-06-24T20:49:00+09:00,2025-06-24T22:18:00+09:00,2025-06-24,89,1.102,,dummy_thinq_like_log,train,base_routine,2025-06-24T22:18:00+09:00
TRAIN_000848,U001,F001,DR001,dryer,건조기,usage,start,completed,speed_dry,2025-06-24T21:11:00+09:00,2025-06-24T22:15:00+09:00,2025-06-24,64,1.211,,dummy_thinq_like_log,train,base_routine,2025-06-24T22:15:00+09:00
TRAIN_000176,U001,F001,RC001,robot_cleaner,거실 로봇청소기,usage,start,completed,auto_clean,2025-06-25T10:09:00+09:00,2025-06-25T11:11:00+09:00,2025-06-25,62,0.229,,dummy_thinq_like_log,train,base_routine,2025-06-25T11:11:00+09:00
TRAIN_000541,U001,F001,DW001,dishwasher,주방 식기세척기,usage,start,completed,standard,2025-06-25T20:51:00+09:00,2025-06-25T22:06:00+09:00,2025-06-25,75,1.113,,dummy_thinq_like_log,train,base_routine,2025-06-25T22:06:00+09:00
TRAIN_000177,U001,F001,RC001,robot_cleaner,거실 로봇청소기,usage,start,completed,edge_clean,2025-06-26T10:19:00+09:00,2025-06-26T11:07:00+09:00,2025-06-26,48,0.22,,dummy_thinq_like_log,train,base_routine,2025-06-26T11:07:00+09:00
TRAIN_000542,U001,F001,DW001,dishwasher,주방 식기세척기,usage,start,completed,standard,2025-06-26T20:57:00+09:00,2025-06-26T22:17:00+09:00,2025-06-26,80,0.924,,dummy_thinq_like_log,train,base_routine,2025-06-26T22:17:00+09:00
TRAIN_000178,U001,F001,RC001,robot_cleaner,거실 로봇청소기,usage,start,completed,auto_clean,2025-06-27T10:06:00+09:00,2025-06-27T11:12:00+09:00,2025-06-27,66,0.167,,dummy_thinq_like_log,train,base_routine,2025-06-27T11:12:00+09:00
TRAIN_000849,U001,F001,WM001,washer,세탁기,usage,start,completed,delicate,2025-06-27T19:18:00+09:00,2025-06-27T20:21:00+09:00,2025-06-27,63,0.406,,dummy_thinq_like_log,train,base_routine,2025-06-27T20:21:00+09:00
TRAIN_000543,U001,F001,DW001,dishwasher,주방 식기세척기,usage,start,completed,intensive,2025-06-27T21:12:00+09:00,2025-06-27T22:33:00+09:00,2025-06-27,81,0.92,,dummy_thinq_like_log,train,base_routine,2025-06-27T22:33:00+09:00
TRAIN_000850,U001,F001,DR001,dryer,건조기,usage,start,completed,normal_dry,2025-06-27T21:18:00+09:00,2025-06-27T22:51:00+09:00,2025-06-27,93,1.237,,dummy_thinq_like_log,train,base_routine,2025-06-27T22:51:00+09:00
TRAIN_000179,U001,F001,RC001,robot_cleaner,거실 로봇청소기,usage,start,completed,auto_clean,2025-06-28T09:53:00+09:00,2025-06-28T10:49:00+09:00,2025-06-28,56,0.188,,dummy_thinq_like_log,train,base_routine,2025-06-28T10:49:00+09:00
TRAIN_000544,U001,F001,DW001,dishwasher,주방 식기세척기,usage,start,completed,standard,2025-06-28T20:51:00+09:00,2025-06-28T22:10:00+09:00,2025-06-28,79,0.869,,dummy_thinq_like_log,train,base_routine,2025-06-28T22:10:00+09:00
TRAIN_000180,U001,F001,RC001,robot_cleaner,거실 로봇청소기,usage,start,completed,edge_clean,2025-06-29T09:59:00+09:00,2025-06-29T10:51:00+09:00,2025-06-29,52,0.152,,dummy_thinq_like_log,train,base_routine,2025-06-29T10:51:00+09:00
TRAIN_000545,U001,F001,DW001,dishwasher,주방 식기세척기,usage,start,completed,quick,2025-06-29T21:11:00+09:00,2025-06-29T22:58:00+09:00,2025-06-29,107,0.737,,dummy_thinq_like_log,train,base_routine,2025-06-29T22:58:00+09:00
TRAIN_000181,U001,F001,RC001,robot_cleaner,거실 로봇청소기,usage,start,completed,quiet_clean,2025-06-30T09:50:00+09:00,2025-06-30T10:49:00+09:00,2025-06-30,59,0.133,,dummy_thinq_like_log,train,base_routine,2025-06-30T10:49:00+09:00
TRAIN_000851,U001,F001,WM001,washer,세탁기,usage,start,completed,quick_wash,2025-06-30T19:06:00+09:00,2025-06-30T20:21:00+09:00,2025-06-30,75,0.507,,dummy_thinq_like_log,train,base_routine,2025-06-30T20:21:00+09:00
TRAIN_000852,U001,F001,DR001,dryer,건조기,usage,start,completed,speed_dry,2025-06-30T21:02:00+09:00,2025-06-30T22:34:00+09:00,2025-06-30,92,1.294,,dummy_thinq_like_log,train,base_routine,2025-06-30T22:34:00+09:00
TRAIN_000546,U001,F001,DW001,dishwasher,주방 식기세척기,usage,start,completed,quick,2025-06-30T21:17:00+09:00,2025-06-30T22:27:00+09:00,2025-06-30,70,1.019,,dummy_thinq_like_log,train,base_routine,2025-06-30T22:27:00+09:00
TRAIN_000182,U001,F001,RC001,robot_cleaner,거실 로봇청소기,usage,start,completed,auto_clean,2025-07-01T09:47:00+09:00,2025-07-01T10:38:00+09:00,2025-07-01,51,0.214,,dummy_thinq_like_log,train,base_routine,2025-07-01T10:38:00+09:00
TRAIN_000547,U001,F001,DW001,dishwasher,주방 식기세척기,usage,start,completed,quick,2025-07-01T21:25:00+09:00,2025-07-01T22:51:00+09:00,2025-07-01,86,1.091,,dummy_thinq_like_log,train,base_routine,2025-07-01T22:51:00+09:00
TRAIN_000183,U001,F001,RC001,robot_cleaner,거실 로봇청소기,usage,start,completed,edge_clean,2025-07-02T10:09:00+09:00,2025-07-02T10:58:00+09:00,2025-07-02,49,0.129,,dummy_thinq_like_log,train,base_routine,2025-07-02T10:58:00+09:00
TRAIN_000548,U001,F001,DW001,dishwasher,주방 식기세척기,usage,start,completed,intensive,2025-07-02T21:05:00+09:00,2025-07-02T22:34:00+09:00,2025-07-02,89,0.669,,dummy_thinq_like_log,train,base_routine,2025-07-02T22:34:00+09:00
TRAIN_000184,U001,F001,RC001,robot_cleaner,거실 로봇청소기,usage,start,completed,quiet_clean,2025-07-03T10:14:00+09:00,2025-07-03T11:11:00+09:00,2025-07-03,57,0.175,,dummy_thinq_like_log,train,base_routine,2025-07-03T11:11:00+09:00
TRAIN_000853,U001,F001,WM001,washer,세탁기,usage,start,completed,delicate,2025-07-03T19:08:00+09:00,2025-07-03T20:11:00+09:00,2025-07-03,63,0.634,,dummy_thinq_like_log,train,base_routine,2025-07-03T20:11:00+09:00
TRAIN_000549,U001,F001,DW001,dishwasher,주방 식기세척기,usage,start,completed,standard,2025-07-03T20:48:00+09:00,2025-07-03T22:10:00+09:00,2025-07-03,82,1.079,,dummy_thinq_like_log,train,base_routine,2025-07-03T22:10:00+09:00
TRAIN_000854,U001,F001,DR001,dryer,건조기,usage,start,completed,bedding_dry,2025-07-03T21:19:00+09:00,2025-07-03T22:25:00+09:00,2025-07-03,66,1.361,,dummy_thinq_like_log,train,base_routine,2025-07-03T22:25:00+09:00
TRAIN_000185,U001,F001,RC001,robot_cleaner,거실 로봇청소기,usage,start,completed,quiet_clean,2025-07-04T09:56:00+09:00,2025-07-04T10:50:00+09:00,2025-07-04,54,0.186,,dummy_thinq_like_log,train,base_routine,2025-07-04T10:50:00+09:00
TRAIN_000550,U001,F001,DW001,dishwasher,주방 식기세척기,usage,start,completed,standard,2025-07-04T21:12:00+09:00,2025-07-04T22:22:00+09:00,2025-07-04,70,0.968,,dummy_thinq_like_log,train,base_routine,2025-07-04T22:22:00+09:00
TRAIN_000186,U001,F001,RC001,robot_cleaner,거실 로봇청소기,usage,start,completed,edge_clean,2025-07-05T10:09:00+09:00,2025-07-05T11:10:00+09:00,2025-07-05,61,0.2,,dummy_thinq_like_log,train,base_routine,2025-07-05T11:10:00+09:00
TRAIN_000551,U001,F001,DW001,dishwasher,주방 식기세척기,usage,start,completed,standard,2025-07-05T21:15:00+09:00,2025-07-05T22:36:00+09:00,2025-07-05,81,1.08,,dummy_thinq_like_log,train,base_routine,2025-07-05T22:36:00+09:00
TRAIN_000187,U001,F001,RC001,robot_cleaner,거실 로봇청소기,usage,start,completed,quiet_clean,2025-07-06T10:18:00+09:00,2025-07-06T11:17:00+09:00,2025-07-06,59,0.189,,dummy_thinq_like_log,train,base_routine,2025-07-06T11:17:00+09:00
TRAIN_000855,U001,F001,WM001,washer,세탁기,usage,start,completed,delicate,2025-07-06T19:27:00+09:00,2025-07-06T20:36:00+09:00,2025-07-06,69,0.583,,dummy_thinq_like_log,train,base_routine,2025-07-06T20:36:00+09:00
TRAIN_000552,U001,F001,DW001,dishwasher,주방 식기세척기,usage,start,completed,intensive,2025-07-06T20:50:00+09:00,2025-07-06T22:18:00+09:00,2025-07-06,88,0.951,,dummy_thinq_like_log,train,base_routine,2025-07-06T22:18:00+09:00
TRAIN_000856,U001,F001,DR001,dryer,건조기,usage,start,completed,bedding_dry,2025-07-06T21:42:00+09:00,2025-07-06T23:16:00+09:00,2025-07-06,94,1.242,,dummy_thinq_like_log,train,base_routine,2025-07-06T23:16:00+09:00
TRAIN_000188,U001,F001,RC001,robot_cleaner,거실 로봇청소기,usage,start,completed,quiet_clean,2025-07-07T10:08:00+09:00,2025-07-07T11:02:00+09:00,2025-07-07,54,0.171,,dummy_thinq_like_log,train,base_routine,2025-07-07T11:02:00+09:00
TRAIN_000553,U001,F001,DW001,dishwasher,주방 식기세척기,usage,start,completed,quick,2025-07-07T20:54:00+09:00,2025-07-07T21:57:00+09:00,2025-07-07,63,1.01,,dummy_thinq_like_log,train,base_routine,2025-07-07T21:57:00+09:00
TRAIN_000189,U001,F001,RC001,robot_cleaner,거실 로봇청소기,usage,start,completed,edge_clean,2025-07-08T09:52:00+09:00,2025-07-08T10:39:00+09:00,2025-07-08,47,0.143,,dummy_thinq_like_log,train,base_routine,2025-07-08T10:39:00+09:00
TRAIN_000554,U001,F001,DW001,dishwasher,주방 식기세척기,usage,start,completed,intensive,2025-07-08T20:53:00+09:00,2025-07-08T22:06:00+09:00,2025-07-08,73,1.028,,dummy_thinq_like_log,train,base_routine,2025-07-08T22:06:00+09:00
TRAIN_000190,U001,F001,RC001,robot_cleaner,거실 로봇청소기,usage,start,completed,edge_clean,2025-07-09T10:03:00+09:00,2025-07-09T10:54:00+09:00,2025-07-09,51,0.153,,dummy_thinq_like_log,train,base_routine,2025-07-09T10:54:00+09:00
TRAIN_000857,U001,F001,WM001,washer,세탁기,usage,start,completed,cotton,2025-07-09T18:59:00+09:00,2025-07-09T20:01:00+09:00,2025-07-09,62,0.712,,dummy_thinq_like_log,train,base_routine,2025-07-09T20:01:00+09:00
TRAIN_000858,U001,F001,DR001,dryer,건조기,usage,start,completed,normal_dry,2025-07-09T21:13:00+09:00,2025-07-09T22:44:00+09:00,2025-07-09,91,0.948,,dummy_thinq_like_log,train,base_routine,2025-07-09T22:44:00+09:00
TRAIN_000555,U001,F001,DW001,dishwasher,주방 식기세척기,usage,start,completed,standard,2025-07-09T21:35:00+09:00,2025-07-09T22:54:00+09:00,2025-07-09,79,0.936,,dummy_thinq_like_log,train,base_routine,2025-07-09T22:54:00+09:00
TRAIN_000191,U001,F001,RC001,robot_cleaner,거실 로봇청소기,usage,start,completed,edge_clean,2025-07-10T09:40:00+09:00,2025-07-10T10:38:00+09:00,2025-07-10,58,0.182,,dummy_thinq_like_log,train,base_routine,2025-07-10T10:38:00+09:00
TRAIN_000556,U001,F001,DW001,dishwasher,주방 식기세척기,usage,start,completed,quick,2025-07-10T21:10:00+09:00,2025-07-10T22:26:00+09:00,2025-07-10,76,0.867,,dummy_thinq_like_log,train,base_routine,2025-07-10T22:26:00+09:00
TRAIN_000192,U001,F001,RC001,robot_cleaner,거실 로봇청소기,usage,start,completed,auto_clean,2025-07-11T09:56:00+09:00,2025-07-11T10:58:00+09:00,2025-07-11,62,0.202,,dummy_thinq_like_log,train,base_routine,2025-07-11T10:58:00+09:00
TRAIN_000557,U001,F001,DW001,dishwasher,주방 식기세척기,usage,start,completed,intensive,2025-07-11T21:34:00+09:00,2025-07-11T23:05:00+09:00,2025-07-11,91,1.014,,dummy_thinq_like_log,train,base_routine,2025-07-11T23:05:00+09:00
TRAIN_000193,U001,F001,RC001,robot_cleaner,거실 로봇청소기,usage,start,completed,auto_clean,2025-07-12T09:50:00+09:00,2025-07-12T10:40:00+09:00,2025-07-12,50,0.196,,dummy_thinq_like_log,train,base_routine,2025-07-12T10:40:00+09:00
TRAIN_000859,U001,F001,WM001,washer,세탁기,usage,start,completed,delicate,2025-07-12T18:48:00+09:00,2025-07-12T19:49:00+09:00,2025-07-12,61,0.383,,dummy_thinq_like_log,train,base_routine,2025-07-12T19:49:00+09:00
TRAIN_000860,U001,F001,DR001,dryer,건조기,usage,start,completed,bedding_dry,2025-07-12T20:47:00+09:00,2025-07-12T22:07:00+09:00,2025-07-12,80,0.872,,dummy_thinq_like_log,train,base_routine,2025-07-12T22:07:00+09:00
TRAIN_000558,U001,F001,DW001,dishwasher,주방 식기세척기,usage,start,completed,intensive,2025-07-12T20:59:00+09:00,2025-07-12T22:15:00+09:00,2025-07-12,76,0.762,,dummy_thinq_like_log,train,base_routine,2025-07-12T22:15:00+09:00
TRAIN_000194,U001,F001,RC001,robot_cleaner,거실 로봇청소기,usage,start,completed,auto_clean,2025-07-13T09:57:00+09:00,2025-07-13T10:40:00+09:00,2025-07-13,43,0.178,,dummy_thinq_like_log,train,base_routine,2025-07-13T10:40:00+09:00
TRAIN_000559,U001,F001,DW001,dishwasher,주방 식기세척기,usage,start,completed,intensive,2025-07-13T21:02:00+09:00,2025-07-13T22:02:00+09:00,2025-07-13,60,1.04,,dummy_thinq_like_log,train,base_routine,2025-07-13T22:02:00+09:00
TRAIN_000195,U001,F001,RC001,robot_cleaner,거실 로봇청소기,usage,start,completed,auto_clean,2025-07-14T09:57:00+09:00,2025-07-14T10:45:00+09:00,2025-07-14,48,0.186,,dummy_thinq_like_log,train,base_routine,2025-07-14T10:45:00+09:00
TRAIN_000560,U001,F001,DW001,dishwasher,주방 식기세척기,usage,start,completed,intensive,2025-07-14T21:26:00+09:00,2025-07-14T23:08:00+09:00,2025-07-14,102,0.818,,dummy_thinq_like_log,train,base_routine,2025-07-14T23:08:00+09:00
TRAIN_000196,U001,F001,RC001,robot_cleaner,거실 로봇청소기,usage,start,completed,quiet_clean,2025-07-15T10:09:00+09:00,2025-07-15T11:15:00+09:00,2025-07-15,66,0.217,,dummy_thinq_like_log,train,base_routine,2025-07-15T11:15:00+09:00
TRAIN_000861,U001,F001,WM001,washer,세탁기,usage,start,completed,cotton,2025-07-15T18:48:00+09:00,2025-07-15T20:06:00+09:00,2025-07-15,78,0.669,,dummy_thinq_like_log,train,base_routine,2025-07-15T20:06:00+09:00
TRAIN_000561,U001,F001,DW001,dishwasher,주방 식기세척기,usage,start,completed,quick,2025-07-15T21:03:00+09:00,2025-07-15T22:39:00+09:00,2025-07-15,96,1.093,,dummy_thinq_like_log,train,base_routine,2025-07-15T22:39:00+09:00
TRAIN_000862,U001,F001,DR001,dryer,건조기,usage,start,completed,bedding_dry,2025-07-15T21:05:00+09:00,2025-07-15T22:31:00+09:00,2025-07-15,86,1.489,,dummy_thinq_like_log,train,base_routine,2025-07-15T22:31:00+09:00
TRAIN_000197,U001,F001,RC001,robot_cleaner,거실 로봇청소기,usage,start,completed,quiet_clean,2025-07-16T10:20:00+09:00,2025-07-16T11:18:00+09:00,2025-07-16,58,0.108,,dummy_thinq_like_log,train,base_routine,2025-07-16T11:18:00+09:00
TRAIN_000562,U001,F001,DW001,dishwasher,주방 식기세척기,usage,start,completed,standard,2025-07-16T20:56:00+09:00,2025-07-16T22:16:00+09:00,2025-07-16,80,0.95,,dummy_thinq_like_log,train,base_routine,2025-07-16T22:16:00+09:00
TRAIN_000198,U001,F001,RC001,robot_cleaner,거실 로봇청소기,usage,start,completed,quiet_clean,2025-07-17T09:51:00+09:00,2025-07-17T10:44:00+09:00,2025-07-17,53,0.148,,dummy_thinq_like_log,train,base_routine,2025-07-17T10:44:00+09:00
TRAIN_000563,U001,F001,DW001,dishwasher,주방 식기세척기,usage,start,completed,standard,2025-07-17T20:49:00+09:00,2025-07-17T22:00:00+09:00,2025-07-17,71,0.939,,dummy_thinq_like_log,train,base_routine,2025-07-17T22:00:00+09:00
TRAIN_000199,U001,F001,RC001,robot_cleaner,거실 로봇청소기,usage,start,completed,auto_clean,2025-07-18T09:43:00+09:00,2025-07-18T10:54:00+09:00,2025-07-18,71,0.145,,dummy_thinq_like_log,train,base_routine,2025-07-18T10:54:00+09:00
TRAIN_000863,U001,F001,WM001,washer,세탁기,usage,start,completed,cotton,2025-07-18T18:51:00+09:00,2025-07-18T20:06:00+09:00,2025-07-18,75,0.475,,dummy_thinq_like_log,train,base_routine,2025-07-18T20:06:00+09:00
TRAIN_000864,U001,F001,DR001,dryer,건조기,usage,start,completed,speed_dry,2025-07-18T20:45:00+09:00,2025-07-18T22:15:00+09:00,2025-07-18,90,0.924,,dummy_thinq_like_log,train,base_routine,2025-07-18T22:15:00+09:00
TRAIN_000564,U001,F001,DW001,dishwasher,주방 식기세척기,usage,start,completed,intensive,2025-07-18T21:16:00+09:00,2025-07-18T22:35:00+09:00,2025-07-18,79,1.004,,dummy_thinq_like_log,train,base_routine,2025-07-18T22:35:00+09:00
TRAIN_000200,U001,F001,RC001,robot_cleaner,거실 로봇청소기,usage,start,completed,edge_clean,2025-07-19T10:06:00+09:00,2025-07-19T11:03:00+09:00,2025-07-19,57,0.228,,dummy_thinq_like_log,train,base_routine,2025-07-19T11:03:00+09:00
TRAIN_000565,U001,F001,DW001,dishwasher,주방 식기세척기,usage,start,completed,intensive,2025-07-19T20:57:00+09:00,2025-07-19T21:59:00+09:00,2025-07-19,62,1.069,,dummy_thinq_like_log,train,base_routine,2025-07-19T21:59:00+09:00
TRAIN_000201,U001,F001,RC001,robot_cleaner,거실 로봇청소기,usage,start,completed,quiet_clean,2025-07-20T09:44:00+09:00,2025-07-20T10:41:00+09:00,2025-07-20,57,0.235,,dummy_thinq_like_log,train,base_routine,2025-07-20T10:41:00+09:00
TRAIN_000566,U001,F001,DW001,dishwasher,주방 식기세척기,usage,start,completed,quick,2025-07-20T21:00:00+09:00,2025-07-20T22:11:00+09:00,2025-07-20,71,0.916,,dummy_thinq_like_log,train,base_routine,2025-07-20T22:11:00+09:00
TRAIN_000202,U001,F001,RC001,robot_cleaner,거실 로봇청소기,usage,start,completed,quiet_clean,2025-07-21T10:19:00+09:00,2025-07-21T11:11:00+09:00,2025-07-21,52,0.13,,dummy_thinq_like_log,train,base_routine,2025-07-21T11:11:00+09:00
TRAIN_000865,U001,F001,WM001,washer,세탁기,usage,start,completed,quick_wash,2025-07-21T18:33:00+09:00,2025-07-21T19:58:00+09:00,2025-07-21,85,0.601,,dummy_thinq_like_log,train,base_routine,2025-07-21T19:58:00+09:00
TRAIN_000866,U001,F001,DR001,dryer,건조기,usage,start,completed,speed_dry,2025-07-21T20:40:00+09:00,2025-07-21T22:07:00+09:00,2025-07-21,87,1.237,,dummy_thinq_like_log,train,base_routine,2025-07-21T22:07:00+09:00
TRAIN_000567,U001,F001,DW001,dishwasher,주방 식기세척기,usage,start,completed,standard,2025-07-21T21:08:00+09:00,2025-07-21T22:16:00+09:00,2025-07-21,68,0.885,,dummy_thinq_like_log,train,base_routine,2025-07-21T22:16:00+09:00
TRAIN_000203,U001,F001,RC001,robot_cleaner,거실 로봇청소기,usage,start,completed,auto_clean,2025-07-22T09:52:00+09:00,2025-07-22T10:44:00+09:00,2025-07-22,52,0.164,,dummy_thinq_like_log,train,base_routine,2025-07-22T10:44:00+09:00
TRAIN_000568,U001,F001,DW001,dishwasher,주방 식기세척기,usage,start,completed,quick,2025-07-22T21:15:00+09:00,2025-07-22T22:27:00+09:00,2025-07-22,72,1.027,,dummy_thinq_like_log,train,base_routine,2025-07-22T22:27:00+09:00
TRAIN_000204,U001,F001,RC001,robot_cleaner,거실 로봇청소기,usage,start,completed,quiet_clean,2025-07-23T10:15:00+09:00,2025-07-23T11:12:00+09:00,2025-07-23,57,0.127,,dummy_thinq_like_log,train,base_routine,2025-07-23T11:12:00+09:00
TRAIN_000569,U001,F001,DW001,dishwasher,주방 식기세척기,usage,start,completed,intensive,2025-07-23T21:26:00+09:00,2025-07-23T22:46:00+09:00,2025-07-23,80,0.933,,dummy_thinq_like_log,train,base_routine,2025-07-23T22:46:00+09:00
TRAIN_000205,U001,F001,RC001,robot_cleaner,거실 로봇청소기,usage,start,completed,edge_clean,2025-07-24T09:49:00+09:00,2025-07-24T10:39:00+09:00,2025-07-24,50,0.218,,dummy_thinq_like_log,train,base_routine,2025-07-24T10:39:00+09:00
TRAIN_000867,U001,F001,WM001,washer,세탁기,usage,start,completed,bedding,2025-07-24T19:12:00+09:00,2025-07-24T20:10:00+09:00,2025-07-24,58,0.473,,dummy_thinq_like_log,train,base_routine,2025-07-24T20:10:00+09:00
TRAIN_000570,U001,F001,DW001,dishwasher,주방 식기세척기,usage,start,completed,intensive,2025-07-24T21:06:00+09:00,2025-07-24T22:19:00+09:00,2025-07-24,73,0.761,,dummy_thinq_like_log,train,base_routine,2025-07-24T22:19:00+09:00
TRAIN_000868,U001,F001,DR001,dryer,건조기,usage,start,completed,normal_dry,2025-07-24T21:20:00+09:00,2025-07-24T23:01:00+09:00,2025-07-24,101,1.072,,dummy_thinq_like_log,train,base_routine,2025-07-24T23:01:00+09:00
TRAIN_000206,U001,F001,RC001,robot_cleaner,거실 로봇청소기,usage,start,completed,edge_clean,2025-07-25T09:49:00+09:00,2025-07-25T10:39:00+09:00,2025-07-25,50,0.196,,dummy_thinq_like_log,train,base_routine,2025-07-25T10:39:00+09:00
TRAIN_000571,U001,F001,DW001,dishwasher,주방 식기세척기,usage,start,completed,intensive,2025-07-25T21:11:00+09:00,2025-07-25T22:24:00+09:00,2025-07-25,73,0.8,,dummy_thinq_like_log,train,base_routine,2025-07-25T22:24:00+09:00
TRAIN_000207,U001,F001,RC001,robot_cleaner,거실 로봇청소기,usage,start,completed,quiet_clean,2025-07-26T09:58:00+09:00,2025-07-26T10:57:00+09:00,2025-07-26,59,0.129,,dummy_thinq_like_log,train,base_routine,2025-07-26T10:57:00+09:00
TRAIN_000572,U001,F001,DW001,dishwasher,주방 식기세척기,usage,start,completed,quick,2025-07-26T21:12:00+09:00,2025-07-26T22:25:00+09:00,2025-07-26,73,1.235,,dummy_thinq_like_log,train,base_routine,2025-07-26T22:25:00+09:00
TRAIN_000208,U001,F001,RC001,robot_cleaner,거실 로봇청소기,usage,start,completed,auto_clean,2025-07-27T10:19:00+09:00,2025-07-27T11:06:00+09:00,2025-07-27,47,0.187,,dummy_thinq_like_log,train,base_routine,2025-07-27T11:06:00+09:00
TRAIN_000869,U001,F001,WM001,washer,세탁기,usage,start,completed,bedding,2025-07-27T19:13:00+09:00,2025-07-27T20:17:00+09:00,2025-07-27,64,0.577,,dummy_thinq_like_log,train,base_routine,2025-07-27T20:17:00+09:00
TRAIN_000870,U001,F001,DR001,dryer,건조기,usage,start,completed,bedding_dry,2025-07-27T21:11:00+09:00,2025-07-27T22:48:00+09:00,2025-07-27,97,1.265,,dummy_thinq_like_log,train,base_routine,2025-07-27T22:48:00+09:00
TRAIN_000573,U001,F001,DW001,dishwasher,주방 식기세척기,usage,start,completed,standard,2025-07-27T21:25:00+09:00,2025-07-27T22:45:00+09:00,2025-07-27,80,0.815,,dummy_thinq_like_log,train,base_routine,2025-07-27T22:45:00+09:00
TRAIN_000209,U001,F001,RC001,robot_cleaner,거실 로봇청소기,usage,start,completed,quiet_clean,2025-07-28T10:11:00+09:00,2025-07-28T11:10:00+09:00,2025-07-28,59,0.156,,dummy_thinq_like_log,train,base_routine,2025-07-28T11:10:00+09:00
TRAIN_000574,U001,F001,DW001,dishwasher,주방 식기세척기,usage,start,completed,intensive,2025-07-28T21:07:00+09:00,2025-07-28T22:26:00+09:00,2025-07-28,79,0.671,,dummy_thinq_like_log,train,base_routine,2025-07-28T22:26:00+09:00
TRAIN_000210,U001,F001,RC001,robot_cleaner,거실 로봇청소기,usage,start,completed,quiet_clean,2025-07-29T10:10:00+09:00,2025-07-29T11:11:00+09:00,2025-07-29,61,0.187,,dummy_thinq_like_log,train,base_routine,2025-07-29T11:11:00+09:00
TRAIN_000575,U001,F001,DW001,dishwasher,주방 식기세척기,usage,start,completed,quick,2025-07-29T21:32:00+09:00,2025-07-29T23:09:00+09:00,2025-07-29,97,0.896,,dummy_thinq_like_log,train,base_routine,2025-07-29T23:09:00+09:00
TRAIN_000211,U001,F001,RC001,robot_cleaner,거실 로봇청소기,usage,start,completed,auto_clean,2025-07-30T10:17:00+09:00,2025-07-30T11:24:00+09:00,2025-07-30,67,0.167,,dummy_thinq_like_log,train,base_routine,2025-07-30T11:24:00+09:00
TRAIN_000871,U001,F001,WM001,washer,세탁기,usage,start,completed,bedding,2025-07-30T18:50:00+09:00,2025-07-30T19:58:00+09:00,2025-07-30,68,0.6,,dummy_thinq_like_log,train,base_routine,2025-07-30T19:58:00+09:00
TRAIN_000872,U001,F001,DR001,dryer,건조기,usage,start,completed,bedding_dry,2025-07-30T20:45:00+09:00,2025-07-30T22:36:00+09:00,2025-07-30,111,1.335,,dummy_thinq_like_log,train,base_routine,2025-07-30T22:36:00+09:00
TRAIN_000576,U001,F001,DW001,dishwasher,주방 식기세척기,usage,start,completed,quick,2025-07-30T20:48:00+09:00,2025-07-30T22:16:00+09:00,2025-07-30,88,0.93,,dummy_thinq_like_log,train,base_routine,2025-07-30T22:16:00+09:00
TRAIN_000212,U001,F001,RC001,robot_cleaner,거실 로봇청소기,usage,start,completed,auto_clean,2025-07-31T09:58:00+09:00,2025-07-31T10:55:00+09:00,2025-07-31,57,0.161,,dummy_thinq_like_log,train,base_routine,2025-07-31T10:55:00+09:00
TRAIN_000577,U001,F001,DW001,dishwasher,주방 식기세척기,usage,start,completed,intensive,2025-07-31T21:27:00+09:00,2025-07-31T22:22:00+09:00,2025-07-31,55,1.027,,dummy_thinq_like_log,train,base_routine,2025-07-31T22:22:00+09:00
TRAIN_000213,U001,F001,RC001,robot_cleaner,거실 로봇청소기,usage,start,completed,auto_clean,2025-08-01T10:01:00+09:00,2025-08-01T10:52:00+09:00,2025-08-01,51,0.168,,dummy_thinq_like_log,train,base_routine,2025-08-01T10:52:00+09:00
TRAIN_000578,U001,F001,DW001,dishwasher,주방 식기세척기,usage,start,completed,standard,2025-08-01T20:51:00+09:00,2025-08-01T21:59:00+09:00,2025-08-01,68,0.965,,dummy_thinq_like_log,train,base_routine,2025-08-01T21:59:00+09:00
TRAIN_000214,U001,F001,RC001,robot_cleaner,거실 로봇청소기,usage,start,completed,quiet_clean,2025-08-02T10:05:00+09:00,2025-08-02T10:52:00+09:00,2025-08-02,47,0.108,,dummy_thinq_like_log,train,base_routine,2025-08-02T10:52:00+09:00
TRAIN_000873,U001,F001,WM001,washer,세탁기,usage,start,completed,delicate,2025-08-02T18:44:00+09:00,2025-08-02T19:35:00+09:00,2025-08-02,51,0.484,,dummy_thinq_like_log,train,base_routine,2025-08-02T19:35:00+09:00
TRAIN_000874,U001,F001,DR001,dryer,건조기,usage,start,completed,bedding_dry,2025-08-02T21:01:00+09:00,2025-08-02T22:29:00+09:00,2025-08-02,88,0.906,,dummy_thinq_like_log,train,base_routine,2025-08-02T22:29:00+09:00
TRAIN_000579,U001,F001,DW001,dishwasher,주방 식기세척기,usage,start,completed,intensive,2025-08-02T21:19:00+09:00,2025-08-02T22:32:00+09:00,2025-08-02,73,1.023,,dummy_thinq_like_log,train,base_routine,2025-08-02T22:32:00+09:00
TRAIN_000215,U001,F001,RC001,robot_cleaner,거실 로봇청소기,usage,start,completed,edge_clean,2025-08-03T10:01:00+09:00,2025-08-03T11:16:00+09:00,2025-08-03,75,0.168,,dummy_thinq_like_log,train,base_routine,2025-08-03T11:16:00+09:00
TRAIN_000580,U001,F001,DW001,dishwasher,주방 식기세척기,usage,start,completed,standard,2025-08-03T20:59:00+09:00,2025-08-03T22:27:00+09:00,2025-08-03,88,0.782,,dummy_thinq_like_log,train,base_routine,2025-08-03T22:27:00+09:00
TRAIN_000216,U001,F001,RC001,robot_cleaner,거실 로봇청소기,usage,start,completed,edge_clean,2025-08-04T10:09:00+09:00,2025-08-04T11:02:00+09:00,2025-08-04,53,0.171,,dummy_thinq_like_log,train,base_routine,2025-08-04T11:02:00+09:00
TRAIN_000581,U001,F001,DW001,dishwasher,주방 식기세척기,usage,start,completed,standard,2025-08-04T21:04:00+09:00,2025-08-04T22:41:00+09:00,2025-08-04,97,1.085,,dummy_thinq_like_log,train,base_routine,2025-08-04T22:41:00+09:00
TRAIN_000217,U001,F001,RC001,robot_cleaner,거실 로봇청소기,usage,start,completed,quiet_clean,2025-08-05T10:02:00+09:00,2025-08-05T10:48:00+09:00,2025-08-05,46,0.197,,dummy_thinq_like_log,train,base_routine,2025-08-05T10:48:00+09:00
TRAIN_000875,U001,F001,WM001,washer,세탁기,usage,start,completed,cotton,2025-08-05T19:02:00+09:00,2025-08-05T20:02:00+09:00,2025-08-05,60,0.663,,dummy_thinq_like_log,train,base_routine,2025-08-05T20:02:00+09:00
TRAIN_000582,U001,F001,DW001,dishwasher,주방 식기세척기,usage,start,completed,standard,2025-08-05T20:46:00+09:00,2025-08-05T21:55:00+09:00,2025-08-05,69,0.886,,dummy_thinq_like_log,train,base_routine,2025-08-05T21:55:00+09:00
TRAIN_000876,U001,F001,DR001,dryer,건조기,usage,start,completed,speed_dry,2025-08-05T21:12:00+09:00,2025-08-05T22:39:00+09:00,2025-08-05,87,1.462,,dummy_thinq_like_log,train,base_routine,2025-08-05T22:39:00+09:00
TRAIN_000218,U001,F001,RC001,robot_cleaner,거실 로봇청소기,usage,start,completed,edge_clean,2025-08-06T10:07:00+09:00,2025-08-06T10:50:00+09:00,2025-08-06,43,0.201,,dummy_thinq_like_log,train,base_routine,2025-08-06T10:50:00+09:00
TRAIN_000583,U001,F001,DW001,dishwasher,주방 식기세척기,usage,start,completed,intensive,2025-08-06T20:49:00+09:00,2025-08-06T22:07:00+09:00,2025-08-06,78,0.939,,dummy_thinq_like_log,train,base_routine,2025-08-06T22:07:00+09:00
TRAIN_000219,U001,F001,RC001,robot_cleaner,거실 로봇청소기,usage,start,completed,quiet_clean,2025-08-07T10:01:00+09:00,2025-08-07T10:57:00+09:00,2025-08-07,56,0.17,,dummy_thinq_like_log,train,base_routine,2025-08-07T10:57:00+09:00
TRAIN_000584,U001,F001,DW001,dishwasher,주방 식기세척기,usage,start,completed,quick,2025-08-07T21:00:00+09:00,2025-08-07T22:16:00+09:00,2025-08-07,76,0.777,,dummy_thinq_like_log,train,base_routine,2025-08-07T22:16:00+09:00
TRAIN_000220,U001,F001,RC001,robot_cleaner,거실 로봇청소기,usage,start,completed,auto_clean,2025-08-08T10:01:00+09:00,2025-08-08T11:01:00+09:00,2025-08-08,60,0.128,,dummy_thinq_like_log,train,base_routine,2025-08-08T11:01:00+09:00
TRAIN_000877,U001,F001,WM001,washer,세탁기,usage,start,completed,quick_wash,2025-08-08T18:41:00+09:00,2025-08-08T19:37:00+09:00,2025-08-08,56,0.534,,dummy_thinq_like_log,train,base_routine,2025-08-08T19:37:00+09:00
TRAIN_000878,U001,F001,DR001,dryer,건조기,usage,start,completed,normal_dry,2025-08-08T20:49:00+09:00,2025-08-08T21:58:00+09:00,2025-08-08,69,0.95,,dummy_thinq_like_log,train,base_routine,2025-08-08T21:58:00+09:00
TRAIN_000585,U001,F001,DW001,dishwasher,주방 식기세척기,usage,start,completed,quick,2025-08-08T21:06:00+09:00,2025-08-08T22:33:00+09:00,2025-08-08,87,0.786,,dummy_thinq_like_log,train,base_routine,2025-08-08T22:33:00+09:00
TRAIN_000221,U001,F001,RC001,robot_cleaner,거실 로봇청소기,usage,start,completed,edge_clean,2025-08-09T09:42:00+09:00,2025-08-09T10:34:00+09:00,2025-08-09,52,0.235,,dummy_thinq_like_log,train,base_routine,2025-08-09T10:34:00+09:00
TRAIN_000586,U001,F001,DW001,dishwasher,주방 식기세척기,usage,start,completed,standard,2025-08-09T20:48:00+09:00,2025-08-09T21:58:00+09:00,2025-08-09,70,0.963,,dummy_thinq_like_log,train,base_routine,2025-08-09T21:58:00+09:00
TRAIN_000222,U001,F001,RC001,robot_cleaner,거실 로봇청소기,usage,start,completed,auto_clean,2025-08-10T09:54:00+09:00,2025-08-10T11:02:00+09:00,2025-08-10,68,0.147,,dummy_thinq_like_log,train,base_routine,2025-08-10T11:02:00+09:00
TRAIN_000587,U001,F001,DW001,dishwasher,주방 식기세척기,usage,start,completed,standard,2025-08-10T21:06:00+09:00,2025-08-10T22:39:00+09:00,2025-08-10,93,1.011,,dummy_thinq_like_log,train,base_routine,2025-08-10T22:39:00+09:00
TRAIN_000223,U001,F001,RC001,robot_cleaner,거실 로봇청소기,usage,start,completed,auto_clean,2025-08-11T09:54:00+09:00,2025-08-11T10:52:00+09:00,2025-08-11,58,0.154,,dummy_thinq_like_log,train,base_routine,2025-08-11T10:52:00+09:00
TRAIN_000879,U001,F001,WM001,washer,세탁기,usage,start,completed,bedding,2025-08-11T18:48:00+09:00,2025-08-11T19:48:00+09:00,2025-08-11,60,0.519,,dummy_thinq_like_log,train,base_routine,2025-08-11T19:48:00+09:00
TRAIN_000880,U001,F001,DR001,dryer,건조기,usage,start,completed,speed_dry,2025-08-11T20:52:00+09:00,2025-08-11T22:09:00+09:00,2025-08-11,77,1.249,,dummy_thinq_like_log,train,base_routine,2025-08-11T22:09:00+09:00
TRAIN_000588,U001,F001,DW001,dishwasher,주방 식기세척기,usage,start,completed,standard,2025-08-11T21:20:00+09:00,2025-08-11T22:45:00+09:00,2025-08-11,85,0.857,,dummy_thinq_like_log,train,base_routine,2025-08-11T22:45:00+09:00
TRAIN_000224,U001,F001,RC001,robot_cleaner,거실 로봇청소기,usage,start,completed,edge_clean,2025-08-12T10:19:00+09:00,2025-08-12T11:24:00+09:00,2025-08-12,65,0.17,,dummy_thinq_like_log,train,base_routine,2025-08-12T11:24:00+09:00
TRAIN_000589,U001,F001,DW001,dishwasher,주방 식기세척기,usage,start,completed,standard,2025-08-12T21:29:00+09:00,2025-08-12T22:50:00+09:00,2025-08-12,81,0.891,,dummy_thinq_like_log,train,base_routine,2025-08-12T22:50:00+09:00
TRAIN_000225,U001,F001,RC001,robot_cleaner,거실 로봇청소기,usage,start,completed,quiet_clean,2025-08-13T10:16:00+09:00,2025-08-13T11:11:00+09:00,2025-08-13,55,0.153,,dummy_thinq_like_log,train,base_routine,2025-08-13T11:11:00+09:00
TRAIN_000590,U001,F001,DW001,dishwasher,주방 식기세척기,usage,start,completed,standard,2025-08-13T21:23:00+09:00,2025-08-13T22:33:00+09:00,2025-08-13,70,0.876,,dummy_thinq_like_log,train,base_routine,2025-08-13T22:33:00+09:00
TRAIN_000226,U001,F001,RC001,robot_cleaner,거실 로봇청소기,usage,start,completed,auto_clean,2025-08-14T10:20:00+09:00,2025-08-14T11:14:00+09:00,2025-08-14,54,0.129,,dummy_thinq_like_log,train,base_routine,2025-08-14T11:14:00+09:00
TRAIN_000881,U001,F001,WM001,washer,세탁기,usage,start,completed,quick_wash,2025-08-14T18:37:00+09:00,2025-08-14T19:35:00+09:00,2025-08-14,58,0.683,,dummy_thinq_like_log,train,base_routine,2025-08-14T19:35:00+09:00
TRAIN_000882,U001,F001,DR001,dryer,건조기,usage,start,completed,speed_dry,2025-08-14T20:28:00+09:00,2025-08-14T21:45:00+09:00,2025-08-14,77,1.527,,dummy_thinq_like_log,train,base_routine,2025-08-14T21:45:00+09:00
TRAIN_000591,U001,F001,DW001,dishwasher,주방 식기세척기,usage,start,completed,standard,2025-08-14T20:50:00+09:00,2025-08-14T22:02:00+09:00,2025-08-14,72,1.082,,dummy_thinq_like_log,train,base_routine,2025-08-14T22:02:00+09:00
TRAIN_000227,U001,F001,RC001,robot_cleaner,거실 로봇청소기,usage,start,completed,auto_clean,2025-08-15T10:02:00+09:00,2025-08-15T11:01:00+09:00,2025-08-15,59,0.164,,dummy_thinq_like_log,train,base_routine,2025-08-15T11:01:00+09:00
TRAIN_000592,U001,F001,DW001,dishwasher,주방 식기세척기,usage,start,completed,quick,2025-08-15T21:02:00+09:00,2025-08-15T22:37:00+09:00,2025-08-15,95,1.222,,dummy_thinq_like_log,train,base_routine,2025-08-15T22:37:00+09:00
TRAIN_000228,U001,F001,RC001,robot_cleaner,거실 로봇청소기,usage,start,completed,quiet_clean,2025-08-16T10:20:00+09:00,2025-08-16T11:21:00+09:00,2025-08-16,61,0.188,,dummy_thinq_like_log,train,base_routine,2025-08-16T11:21:00+09:00
TRAIN_000593,U001,F001,DW001,dishwasher,주방 식기세척기,usage,start,completed,quick,2025-08-16T20:52:00+09:00,2025-08-16T22:11:00+09:00,2025-08-16,79,0.809,,dummy_thinq_like_log,train,base_routine,2025-08-16T22:11:00+09:00
TRAIN_000229,U001,F001,RC001,robot_cleaner,거실 로봇청소기,usage,start,completed,auto_clean,2025-08-17T09:41:00+09:00,2025-08-17T10:25:00+09:00,2025-08-17,44,0.205,,dummy_thinq_like_log,train,base_routine,2025-08-17T10:25:00+09:00
TRAIN_000883,U001,F001,WM001,washer,세탁기,usage,start,completed,cotton,2025-08-17T18:46:00+09:00,2025-08-17T19:46:00+09:00,2025-08-17,60,0.538,,dummy_thinq_like_log,train,base_routine,2025-08-17T19:46:00+09:00
TRAIN_000884,U001,F001,DR001,dryer,건조기,usage,start,completed,bedding_dry,2025-08-17T20:59:00+09:00,2025-08-17T22:42:00+09:00,2025-08-17,103,1.103,,dummy_thinq_like_log,train,base_routine,2025-08-17T22:42:00+09:00
TRAIN_000594,U001,F001,DW001,dishwasher,주방 식기세척기,usage,start,completed,intensive,2025-08-17T21:16:00+09:00,2025-08-17T22:28:00+09:00,2025-08-17,72,0.823,,dummy_thinq_like_log,train,base_routine,2025-08-17T22:28:00+09:00
TRAIN_000230,U001,F001,RC001,robot_cleaner,거실 로봇청소기,usage,start,completed,auto_clean,2025-08-18T09:47:00+09:00,2025-08-18T11:01:00+09:00,2025-08-18,74,0.193,,dummy_thinq_like_log,train,base_routine,2025-08-18T11:01:00+09:00
TRAIN_000595,U001,F001,DW001,dishwasher,주방 식기세척기,usage,start,completed,quick,2025-08-18T21:23:00+09:00,2025-08-18T22:40:00+09:00,2025-08-18,77,0.804,,dummy_thinq_like_log,train,base_routine,2025-08-18T22:40:00+09:00
TRAIN_000231,U001,F001,RC001,robot_cleaner,거실 로봇청소기,usage,start,completed,quiet_clean,2025-08-19T09:50:00+09:00,2025-08-19T10:44:00+09:00,2025-08-19,54,0.205,,dummy_thinq_like_log,train,base_routine,2025-08-19T10:44:00+09:00
TRAIN_000596,U001,F001,DW001,dishwasher,주방 식기세척기,usage,start,completed,standard,2025-08-19T21:35:00+09:00,2025-08-19T22:44:00+09:00,2025-08-19,69,1.287,,dummy_thinq_like_log,train,base_routine,2025-08-19T22:44:00+09:00
TRAIN_000232,U001,F001,RC001,robot_cleaner,거실 로봇청소기,usage,start,completed,edge_clean,2025-08-20T10:15:00+09:00,2025-08-20T11:20:00+09:00,2025-08-20,65,0.164,,dummy_thinq_like_log,train,base_routine,2025-08-20T11:20:00+09:00
TRAIN_000885,U001,F001,WM001,washer,세탁기,usage,start,completed,quick_wash,2025-08-20T18:40:00+09:00,2025-08-20T19:46:00+09:00,2025-08-20,66,0.471,,dummy_thinq_like_log,train,base_routine,2025-08-20T19:46:00+09:00
TRAIN_000886,U001,F001,DR001,dryer,건조기,usage,start,completed,speed_dry,2025-08-20T20:41:00+09:00,2025-08-20T22:06:00+09:00,2025-08-20,85,1.455,,dummy_thinq_like_log,train,base_routine,2025-08-20T22:06:00+09:00
TRAIN_000597,U001,F001,DW001,dishwasher,주방 식기세척기,usage,start,completed,standard,2025-08-20T21:24:00+09:00,2025-08-20T22:39:00+09:00,2025-08-20,75,0.896,,dummy_thinq_like_log,train,base_routine,2025-08-20T22:39:00+09:00
TRAIN_000233,U001,F001,RC001,robot_cleaner,거실 로봇청소기,usage,start,completed,quiet_clean,2025-08-21T09:50:00+09:00,2025-08-21T10:41:00+09:00,2025-08-21,51,0.167,,dummy_thinq_like_log,train,base_routine,2025-08-21T10:41:00+09:00
TRAIN_000598,U001,F001,DW001,dishwasher,주방 식기세척기,usage,start,completed,intensive,2025-08-21T20:46:00+09:00,2025-08-21T21:51:00+09:00,2025-08-21,65,1.155,,dummy_thinq_like_log,train,base_routine,2025-08-21T21:51:00+09:00
TRAIN_000234,U001,F001,RC001,robot_cleaner,거실 로봇청소기,usage,start,completed,auto_clean,2025-08-22T09:59:00+09:00,2025-08-22T11:00:00+09:00,2025-08-22,61,0.225,,dummy_thinq_like_log,train,base_routine,2025-08-22T11:00:00+09:00
TRAIN_000599,U001,F001,DW001,dishwasher,주방 식기세척기,usage,start,completed,quick,2025-08-22T20:49:00+09:00,2025-08-22T22:10:00+09:00,2025-08-22,81,0.788,,dummy_thinq_like_log,train,base_routine,2025-08-22T22:10:00+09:00
TRAIN_000235,U001,F001,RC001,robot_cleaner,거실 로봇청소기,usage,start,completed,edge_clean,2025-08-23T09:57:00+09:00,2025-08-23T10:49:00+09:00,2025-08-23,52,0.189,,dummy_thinq_like_log,train,base_routine,2025-08-23T10:49:00+09:00
TRAIN_000887,U001,F001,WM001,washer,세탁기,usage,start,completed,delicate,2025-08-23T19:00:00+09:00,2025-08-23T20:11:00+09:00,2025-08-23,71,0.647,,dummy_thinq_like_log,train,base_routine,2025-08-23T20:11:00+09:00
TRAIN_000888,U001,F001,DR001,dryer,건조기,usage,start,completed,normal_dry,2025-08-23T21:06:00+09:00,2025-08-23T22:28:00+09:00,2025-08-23,82,1.37,,dummy_thinq_like_log,train,base_routine,2025-08-23T22:28:00+09:00
TRAIN_000600,U001,F001,DW001,dishwasher,주방 식기세척기,usage,start,completed,quick,2025-08-23T21:33:00+09:00,2025-08-23T22:40:00+09:00,2025-08-23,67,1.125,,dummy_thinq_like_log,train,base_routine,2025-08-23T22:40:00+09:00
TRAIN_000236,U001,F001,RC001,robot_cleaner,거실 로봇청소기,usage,start,completed,edge_clean,2025-08-24T10:18:00+09:00,2025-08-24T11:21:00+09:00,2025-08-24,63,0.112,,dummy_thinq_like_log,train,base_routine,2025-08-24T11:21:00+09:00
TRAIN_000601,U001,F001,DW001,dishwasher,주방 식기세척기,usage,start,completed,standard,2025-08-24T20:51:00+09:00,2025-08-24T22:10:00+09:00,2025-08-24,79,0.658,,dummy_thinq_like_log,train,base_routine,2025-08-24T22:10:00+09:00
TRAIN_000237,U001,F001,RC001,robot_cleaner,거실 로봇청소기,usage,start,completed,auto_clean,2025-08-25T10:10:00+09:00,2025-08-25T10:59:00+09:00,2025-08-25,49,0.11,,dummy_thinq_like_log,train,base_routine,2025-08-25T10:59:00+09:00
TRAIN_000602,U001,F001,DW001,dishwasher,주방 식기세척기,usage,start,completed,intensive,2025-08-25T21:11:00+09:00,2025-08-25T22:36:00+09:00,2025-08-25,85,1.096,,dummy_thinq_like_log,train,base_routine,2025-08-25T22:36:00+09:00
TRAIN_000238,U001,F001,RC001,robot_cleaner,거실 로봇청소기,usage,start,completed,auto_clean,2025-08-26T10:03:00+09:00,2025-08-26T10:51:00+09:00,2025-08-26,48,0.174,,dummy_thinq_like_log,train,base_routine,2025-08-26T10:51:00+09:00
TRAIN_000889,U001,F001,WM001,washer,세탁기,usage,start,completed,bedding,2025-08-26T19:21:00+09:00,2025-08-26T20:31:00+09:00,2025-08-26,70,0.543,,dummy_thinq_like_log,train,base_routine,2025-08-26T20:31:00+09:00
TRAIN_000890,U001,F001,DR001,dryer,건조기,usage,start,completed,bedding_dry,2025-08-26T21:32:00+09:00,2025-08-26T22:46:00+09:00,2025-08-26,74,1.51,,dummy_thinq_like_log,train,base_routine,2025-08-26T22:46:00+09:00
TRAIN_000603,U001,F001,DW001,dishwasher,주방 식기세척기,usage,start,completed,intensive,2025-08-26T21:34:00+09:00,2025-08-26T22:36:00+09:00,2025-08-26,62,0.986,,dummy_thinq_like_log,train,base_routine,2025-08-26T22:36:00+09:00
TRAIN_000239,U001,F001,RC001,robot_cleaner,거실 로봇청소기,usage,start,completed,auto_clean,2025-08-27T10:12:00+09:00,2025-08-27T11:05:00+09:00,2025-08-27,53,0.149,,dummy_thinq_like_log,train,base_routine,2025-08-27T11:05:00+09:00
TRAIN_000604,U001,F001,DW001,dishwasher,주방 식기세척기,usage,start,completed,standard,2025-08-27T21:06:00+09:00,2025-08-27T22:07:00+09:00,2025-08-27,61,0.949,,dummy_thinq_like_log,train,base_routine,2025-08-27T22:07:00+09:00
TRAIN_000240,U001,F001,RC001,robot_cleaner,거실 로봇청소기,usage,start,completed,edge_clean,2025-08-28T10:06:00+09:00,2025-08-28T11:09:00+09:00,2025-08-28,63,0.151,,dummy_thinq_like_log,train,base_routine,2025-08-28T11:09:00+09:00
TRAIN_000605,U001,F001,DW001,dishwasher,주방 식기세척기,usage,start,completed,quick,2025-08-28T21:17:00+09:00,2025-08-28T22:32:00+09:00,2025-08-28,75,0.728,,dummy_thinq_like_log,train,base_routine,2025-08-28T22:32:00+09:00
TRAIN_000241,U001,F001,RC001,robot_cleaner,거실 로봇청소기,usage,start,completed,auto_clean,2025-08-29T09:58:00+09:00,2025-08-29T10:57:00+09:00,2025-08-29,59,0.173,,dummy_thinq_like_log,train,base_routine,2025-08-29T10:57:00+09:00
TRAIN_000891,U001,F001,WM001,washer,세탁기,usage,start,completed,delicate,2025-08-29T19:00:00+09:00,2025-08-29T20:20:00+09:00,2025-08-29,80,0.509,,dummy_thinq_like_log,train,base_routine,2025-08-29T20:20:00+09:00
TRAIN_000892,U001,F001,DR001,dryer,건조기,usage,start,completed,speed_dry,2025-08-29T21:06:00+09:00,2025-08-29T23:00:00+09:00,2025-08-29,114,1.06,,dummy_thinq_like_log,train,base_routine,2025-08-29T23:00:00+09:00
TRAIN_000606,U001,F001,DW001,dishwasher,주방 식기세척기,usage,start,completed,standard,2025-08-29T21:21:00+09:00,2025-08-29T22:36:00+09:00,2025-08-29,75,0.932,,dummy_thinq_like_log,train,base_routine,2025-08-29T22:36:00+09:00
TRAIN_000242,U001,F001,RC001,robot_cleaner,거실 로봇청소기,usage,start,completed,edge_clean,2025-08-30T09:49:00+09:00,2025-08-30T10:44:00+09:00,2025-08-30,55,0.201,,dummy_thinq_like_log,train,base_routine,2025-08-30T10:44:00+09:00
TRAIN_000607,U001,F001,DW001,dishwasher,주방 식기세척기,usage,start,completed,intensive,2025-08-30T20:50:00+09:00,2025-08-30T22:04:00+09:00,2025-08-30,74,0.945,,dummy_thinq_like_log,train,base_routine,2025-08-30T22:04:00+09:00
TRAIN_000243,U001,F001,RC001,robot_cleaner,거실 로봇청소기,usage,start,completed,quiet_clean,2025-08-31T09:57:00+09:00,2025-08-31T10:52:00+09:00,2025-08-31,55,0.174,,dummy_thinq_like_log,train,base_routine,2025-08-31T10:52:00+09:00
TRAIN_000608,U001,F001,DW001,dishwasher,주방 식기세척기,usage,start,completed,standard,2025-08-31T20:54:00+09:00,2025-08-31T22:09:00+09:00,2025-08-31,75,0.901,,dummy_thinq_like_log,train,base_routine,2025-08-31T22:09:00+09:00
TRAIN_000244,U001,F001,RC001,robot_cleaner,거실 로봇청소기,usage,start,completed,edge_clean,2025-09-01T09:51:00+09:00,2025-09-01T10:33:00+09:00,2025-09-01,42,0.201,,dummy_thinq_like_log,train,base_routine,2025-09-01T10:33:00+09:00
TRAIN_000893,U001,F001,WM001,washer,세탁기,usage,start,completed,cotton,2025-09-01T18:48:00+09:00,2025-09-01T19:54:00+09:00,2025-09-01,66,0.653,,dummy_thinq_like_log,train,base_routine,2025-09-01T19:54:00+09:00
TRAIN_000609,U001,F001,DW001,dishwasher,주방 식기세척기,usage,start,completed,intensive,2025-09-01T20:59:00+09:00,2025-09-01T21:58:00+09:00,2025-09-01,59,1.007,,dummy_thinq_like_log,train,base_routine,2025-09-01T21:58:00+09:00
TRAIN_000894,U001,F001,DR001,dryer,건조기,usage,start,completed,normal_dry,2025-09-01T21:06:00+09:00,2025-09-01T22:31:00+09:00,2025-09-01,85,1.145,,dummy_thinq_like_log,train,base_routine,2025-09-01T22:31:00+09:00
TRAIN_000245,U001,F001,RC001,robot_cleaner,거실 로봇청소기,usage,start,completed,quiet_clean,2025-09-02T10:02:00+09:00,2025-09-02T10:49:00+09:00,2025-09-02,47,0.177,,dummy_thinq_like_log,train,base_routine,2025-09-02T10:49:00+09:00
TRAIN_000610,U001,F001,DW001,dishwasher,주방 식기세척기,usage,start,completed,quick,2025-09-02T21:33:00+09:00,2025-09-02T22:51:00+09:00,2025-09-02,78,1.065,,dummy_thinq_like_log,train,base_routine,2025-09-02T22:51:00+09:00
TRAIN_000246,U001,F001,RC001,robot_cleaner,거실 로봇청소기,usage,start,completed,auto_clean,2025-09-03T09:49:00+09:00,2025-09-03T10:26:00+09:00,2025-09-03,37,0.135,,dummy_thinq_like_log,train,base_routine,2025-09-03T10:26:00+09:00
TRAIN_000611,U001,F001,DW001,dishwasher,주방 식기세척기,usage,start,completed,intensive,2025-09-03T21:03:00+09:00,2025-09-03T22:01:00+09:00,2025-09-03,58,0.983,,dummy_thinq_like_log,train,base_routine,2025-09-03T22:01:00+09:00
TRAIN_000247,U001,F001,RC001,robot_cleaner,거실 로봇청소기,usage,start,completed,quiet_clean,2025-09-04T10:15:00+09:00,2025-09-04T11:22:00+09:00,2025-09-04,67,0.188,,dummy_thinq_like_log,train,base_routine,2025-09-04T11:22:00+09:00
TRAIN_000895,U001,F001,WM001,washer,세탁기,usage,start,completed,cotton,2025-09-04T18:54:00+09:00,2025-09-04T19:50:00+09:00,2025-09-04,56,0.536,,dummy_thinq_like_log,train,base_routine,2025-09-04T19:50:00+09:00
TRAIN_000612,U001,F001,DW001,dishwasher,주방 식기세척기,usage,start,completed,standard,2025-09-04T21:02:00+09:00,2025-09-04T22:22:00+09:00,2025-09-04,80,0.895,,dummy_thinq_like_log,train,base_routine,2025-09-04T22:22:00+09:00
TRAIN_000896,U001,F001,DR001,dryer,건조기,usage,start,completed,bedding_dry,2025-09-04T21:11:00+09:00,2025-09-04T22:24:00+09:00,2025-09-04,73,1.124,,dummy_thinq_like_log,train,base_routine,2025-09-04T22:24:00+09:00
TRAIN_000248,U001,F001,RC001,robot_cleaner,거실 로봇청소기,usage,start,completed,quiet_clean,2025-09-05T09:50:00+09:00,2025-09-05T10:36:00+09:00,2025-09-05,46,0.146,,dummy_thinq_like_log,train,base_routine,2025-09-05T10:36:00+09:00
TRAIN_000613,U001,F001,DW001,dishwasher,주방 식기세척기,usage,start,completed,intensive,2025-09-05T21:23:00+09:00,2025-09-05T22:50:00+09:00,2025-09-05,87,1.008,,dummy_thinq_like_log,train,base_routine,2025-09-05T22:50:00+09:00
TRAIN_000249,U001,F001,RC001,robot_cleaner,거실 로봇청소기,usage,start,completed,quiet_clean,2025-09-06T10:15:00+09:00,2025-09-06T11:10:00+09:00,2025-09-06,55,0.196,,dummy_thinq_like_log,train,base_routine,2025-09-06T11:10:00+09:00
TRAIN_000614,U001,F001,DW001,dishwasher,주방 식기세척기,usage,start,completed,quick,2025-09-06T21:02:00+09:00,2025-09-06T21:59:00+09:00,2025-09-06,57,1.042,,dummy_thinq_like_log,train,base_routine,2025-09-06T21:59:00+09:00
TRAIN_000250,U001,F001,RC001,robot_cleaner,거실 로봇청소기,usage,start,completed,auto_clean,2025-09-07T09:53:00+09:00,2025-09-07T10:50:00+09:00,2025-09-07,57,0.185,,dummy_thinq_like_log,train,base_routine,2025-09-07T10:50:00+09:00
TRAIN_000897,U001,F001,WM001,washer,세탁기,usage,start,completed,cotton,2025-09-07T18:56:00+09:00,2025-09-07T19:48:00+09:00,2025-09-07,52,0.516,,dummy_thinq_like_log,train,base_routine,2025-09-07T19:48:00+09:00
TRAIN_000898,U001,F001,DR001,dryer,건조기,usage,start,completed,normal_dry,2025-09-07T20:55:00+09:00,2025-09-07T22:15:00+09:00,2025-09-07,80,1.201,,dummy_thinq_like_log,train,base_routine,2025-09-07T22:15:00+09:00
TRAIN_000615,U001,F001,DW001,dishwasher,주방 식기세척기,usage,start,completed,standard,2025-09-07T21:01:00+09:00,2025-09-07T22:25:00+09:00,2025-09-07,84,0.844,,dummy_thinq_like_log,train,base_routine,2025-09-07T22:25:00+09:00
TRAIN_000251,U001,F001,RC001,robot_cleaner,거실 로봇청소기,usage,start,completed,auto_clean,2025-09-08T10:18:00+09:00,2025-09-08T11:19:00+09:00,2025-09-08,61,0.131,,dummy_thinq_like_log,train,base_routine,2025-09-08T11:19:00+09:00
TRAIN_000616,U001,F001,DW001,dishwasher,주방 식기세척기,usage,start,completed,standard,2025-09-08T20:56:00+09:00,2025-09-08T22:23:00+09:00,2025-09-08,87,1.137,,dummy_thinq_like_log,train,base_routine,2025-09-08T22:23:00+09:00
TRAIN_000252,U001,F001,RC001,robot_cleaner,거실 로봇청소기,usage,start,completed,edge_clean,2025-09-09T10:08:00+09:00,2025-09-09T11:11:00+09:00,2025-09-09,63,0.216,,dummy_thinq_like_log,train,base_routine,2025-09-09T11:11:00+09:00
TRAIN_000617,U001,F001,DW001,dishwasher,주방 식기세척기,usage,start,completed,intensive,2025-09-09T21:07:00+09:00,2025-09-09T22:23:00+09:00,2025-09-09,76,1.04,,dummy_thinq_like_log,train,base_routine,2025-09-09T22:23:00+09:00
TRAIN_000253,U001,F001,RC001,robot_cleaner,거실 로봇청소기,usage,start,completed,edge_clean,2025-09-10T09:49:00+09:00,2025-09-10T10:29:00+09:00,2025-09-10,40,0.183,,dummy_thinq_like_log,train,base_routine,2025-09-10T10:29:00+09:00
TRAIN_000899,U001,F001,WM001,washer,세탁기,usage,start,completed,cotton,2025-09-10T19:24:00+09:00,2025-09-10T20:23:00+09:00,2025-09-10,59,0.605,,dummy_thinq_like_log,train,base_routine,2025-09-10T20:23:00+09:00
TRAIN_000900,U001,F001,DR001,dryer,건조기,usage,start,completed,speed_dry,2025-09-10T21:15:00+09:00,2025-09-10T22:34:00+09:00,2025-09-10,79,1.337,,dummy_thinq_like_log,train,base_routine,2025-09-10T22:34:00+09:00
TRAIN_000618,U001,F001,DW001,dishwasher,주방 식기세척기,usage,start,completed,standard,2025-09-10T21:33:00+09:00,2025-09-10T22:40:00+09:00,2025-09-10,67,1.0,,dummy_thinq_like_log,train,base_routine,2025-09-10T22:40:00+09:00
TRAIN_000254,U001,F001,RC001,robot_cleaner,거실 로봇청소기,usage,start,completed,quiet_clean,2025-09-11T09:51:00+09:00,2025-09-11T11:00:00+09:00,2025-09-11,69,0.195,,dummy_thinq_like_log,train,base_routine,2025-09-11T11:00:00+09:00
TRAIN_000619,U001,F001,DW001,dishwasher,주방 식기세척기,usage,start,completed,quick,2025-09-11T20:49:00+09:00,2025-09-11T22:08:00+09:00,2025-09-11,79,0.976,,dummy_thinq_like_log,train,base_routine,2025-09-11T22:08:00+09:00
TRAIN_000255,U001,F001,RC001,robot_cleaner,거실 로봇청소기,usage,start,completed,quiet_clean,2025-09-12T10:16:00+09:00,2025-09-12T11:04:00+09:00,2025-09-12,48,0.18,,dummy_thinq_like_log,train,base_routine,2025-09-12T11:04:00+09:00
TRAIN_000620,U001,F001,DW001,dishwasher,주방 식기세척기,usage,start,completed,quick,2025-09-12T21:06:00+09:00,2025-09-12T22:39:00+09:00,2025-09-12,93,0.842,,dummy_thinq_like_log,train,base_routine,2025-09-12T22:39:00+09:00
TRAIN_000256,U001,F001,RC001,robot_cleaner,거실 로봇청소기,usage,start,completed,quiet_clean,2025-09-13T09:50:00+09:00,2025-09-13T10:37:00+09:00,2025-09-13,47,0.241,,dummy_thinq_like_log,train,base_routine,2025-09-13T10:37:00+09:00
TRAIN_000901,U001,F001,WM001,washer,세탁기,usage,start,completed,cotton,2025-09-13T19:18:00+09:00,2025-09-13T20:26:00+09:00,2025-09-13,68,0.675,,dummy_thinq_like_log,train,base_routine,2025-09-13T20:26:00+09:00
TRAIN_000621,U001,F001,DW001,dishwasher,주방 식기세척기,usage,start,completed,standard,2025-09-13T21:06:00+09:00,2025-09-13T22:24:00+09:00,2025-09-13,78,1.055,,dummy_thinq_like_log,train,base_routine,2025-09-13T22:24:00+09:00
TRAIN_000902,U001,F001,DR001,dryer,건조기,usage,start,completed,speed_dry,2025-09-13T21:10:00+09:00,2025-09-13T22:14:00+09:00,2025-09-13,64,1.332,,dummy_thinq_like_log,train,base_routine,2025-09-13T22:14:00+09:00
TRAIN_000257,U001,F001,RC001,robot_cleaner,거실 로봇청소기,usage,start,completed,quiet_clean,2025-09-14T10:17:00+09:00,2025-09-14T11:21:00+09:00,2025-09-14,64,0.152,,dummy_thinq_like_log,train,base_routine,2025-09-14T11:21:00+09:00
TRAIN_000622,U001,F001,DW001,dishwasher,주방 식기세척기,usage,start,completed,intensive,2025-09-14T21:12:00+09:00,2025-09-14T22:17:00+09:00,2025-09-14,65,0.705,,dummy_thinq_like_log,train,base_routine,2025-09-14T22:17:00+09:00
TRAIN_000258,U001,F001,RC001,robot_cleaner,거실 로봇청소기,usage,start,completed,auto_clean,2025-09-15T09:46:00+09:00,2025-09-15T10:46:00+09:00,2025-09-15,60,0.193,,dummy_thinq_like_log,train,base_routine,2025-09-15T10:46:00+09:00
TRAIN_000623,U001,F001,DW001,dishwasher,주방 식기세척기,usage,start,completed,intensive,2025-09-15T20:50:00+09:00,2025-09-15T21:57:00+09:00,2025-09-15,67,0.904,,dummy_thinq_like_log,train,base_routine,2025-09-15T21:57:00+09:00
TRAIN_000259,U001,F001,RC001,robot_cleaner,거실 로봇청소기,usage,start,completed,auto_clean,2025-09-16T09:52:00+09:00,2025-09-16T10:52:00+09:00,2025-09-16,60,0.202,,dummy_thinq_like_log,train,base_routine,2025-09-16T10:52:00+09:00
TRAIN_000903,U001,F001,WM001,washer,세탁기,usage,start,completed,cotton,2025-09-16T19:02:00+09:00,2025-09-16T20:05:00+09:00,2025-09-16,63,0.63,,dummy_thinq_like_log,train,base_routine,2025-09-16T20:05:00+09:00
TRAIN_000904,U001,F001,DR001,dryer,건조기,usage,start,completed,bedding_dry,2025-09-16T21:06:00+09:00,2025-09-16T22:13:00+09:00,2025-09-16,67,1.275,,dummy_thinq_like_log,train,base_routine,2025-09-16T22:13:00+09:00
TRAIN_000624,U001,F001,DW001,dishwasher,주방 식기세척기,usage,start,completed,standard,2025-09-16T21:34:00+09:00,2025-09-16T22:46:00+09:00,2025-09-16,72,0.978,,dummy_thinq_like_log,train,base_routine,2025-09-16T22:46:00+09:00
TRAIN_000260,U001,F001,RC001,robot_cleaner,거실 로봇청소기,usage,start,completed,auto_clean,2025-09-17T10:13:00+09:00,2025-09-17T11:11:00+09:00,2025-09-17,58,0.126,,dummy_thinq_like_log,train,base_routine,2025-09-17T11:11:00+09:00
TRAIN_000625,U001,F001,DW001,dishwasher,주방 식기세척기,usage,start,completed,standard,2025-09-17T21:30:00+09:00,2025-09-17T22:55:00+09:00,2025-09-17,85,1.007,,dummy_thinq_like_log,train,base_routine,2025-09-17T22:55:00+09:00
TRAIN_000261,U001,F001,RC001,robot_cleaner,거실 로봇청소기,usage,start,completed,auto_clean,2025-09-18T09:55:00+09:00,2025-09-18T10:46:00+09:00,2025-09-18,51,0.142,,dummy_thinq_like_log,train,base_routine,2025-09-18T10:46:00+09:00
TRAIN_000626,U001,F001,DW001,dishwasher,주방 식기세척기,usage,start,completed,quick,2025-09-18T21:32:00+09:00,2025-09-18T22:48:00+09:00,2025-09-18,76,1.075,,dummy_thinq_like_log,train,base_routine,2025-09-18T22:48:00+09:00
TRAIN_000262,U001,F001,RC001,robot_cleaner,거실 로봇청소기,usage,start,completed,quiet_clean,2025-09-19T10:14:00+09:00,2025-09-19T11:23:00+09:00,2025-09-19,69,0.221,,dummy_thinq_like_log,train,base_routine,2025-09-19T11:23:00+09:00
TRAIN_000905,U001,F001,WM001,washer,세탁기,usage,start,completed,quick_wash,2025-09-19T19:17:00+09:00,2025-09-19T20:20:00+09:00,2025-09-19,63,0.653,,dummy_thinq_like_log,train,base_routine,2025-09-19T20:20:00+09:00
TRAIN_000627,U001,F001,DW001,dishwasher,주방 식기세척기,usage,start,completed,standard,2025-09-19T20:50:00+09:00,2025-09-19T21:54:00+09:00,2025-09-19,64,1.029,,dummy_thinq_like_log,train,base_routine,2025-09-19T21:54:00+09:00
TRAIN_000906,U001,F001,DR001,dryer,건조기,usage,start,completed,bedding_dry,2025-09-19T21:08:00+09:00,2025-09-19T22:18:00+09:00,2025-09-19,70,1.064,,dummy_thinq_like_log,train,base_routine,2025-09-19T22:18:00+09:00
TRAIN_000263,U001,F001,RC001,robot_cleaner,거실 로봇청소기,usage,start,completed,quiet_clean,2025-09-20T09:45:00+09:00,2025-09-20T10:51:00+09:00,2025-09-20,66,0.18,,dummy_thinq_like_log,train,base_routine,2025-09-20T10:51:00+09:00
TRAIN_000628,U001,F001,DW001,dishwasher,주방 식기세척기,usage,start,completed,quick,2025-09-20T21:19:00+09:00,2025-09-20T22:51:00+09:00,2025-09-20,92,1.073,,dummy_thinq_like_log,train,base_routine,2025-09-20T22:51:00+09:00
TRAIN_000264,U001,F001,RC001,robot_cleaner,거실 로봇청소기,usage,start,completed,auto_clean,2025-09-21T10:11:00+09:00,2025-09-21T10:57:00+09:00,2025-09-21,46,0.192,,dummy_thinq_like_log,train,base_routine,2025-09-21T10:57:00+09:00
TRAIN_000629,U001,F001,DW001,dishwasher,주방 식기세척기,usage,start,completed,intensive,2025-09-21T21:16:00+09:00,2025-09-21T22:36:00+09:00,2025-09-21,80,0.925,,dummy_thinq_like_log,train,base_routine,2025-09-21T22:36:00+09:00
TRAIN_000265,U001,F001,RC001,robot_cleaner,거실 로봇청소기,usage,start,completed,edge_clean,2025-09-22T10:12:00+09:00,2025-09-22T10:57:00+09:00,2025-09-22,45,0.178,,dummy_thinq_like_log,train,base_routine,2025-09-22T10:57:00+09:00
TRAIN_000907,U001,F001,WM001,washer,세탁기,usage,start,completed,delicate,2025-09-22T19:04:00+09:00,2025-09-22T20:06:00+09:00,2025-09-22,62,0.662,,dummy_thinq_like_log,train,base_routine,2025-09-22T20:06:00+09:00
TRAIN_000908,U001,F001,DR001,dryer,건조기,usage,start,completed,bedding_dry,2025-09-22T21:09:00+09:00,2025-09-22T22:40:00+09:00,2025-09-22,91,1.276,,dummy_thinq_like_log,train,base_routine,2025-09-22T22:40:00+09:00
TRAIN_000630,U001,F001,DW001,dishwasher,주방 식기세척기,usage,start,completed,intensive,2025-09-22T21:15:00+09:00,2025-09-22T22:29:00+09:00,2025-09-22,74,0.978,,dummy_thinq_like_log,train,base_routine,2025-09-22T22:29:00+09:00
TRAIN_000266,U001,F001,RC001,robot_cleaner,거실 로봇청소기,usage,start,completed,auto_clean,2025-09-23T10:17:00+09:00,2025-09-23T11:26:00+09:00,2025-09-23,69,0.207,,dummy_thinq_like_log,train,base_routine,2025-09-23T11:26:00+09:00
TRAIN_000631,U001,F001,DW001,dishwasher,주방 식기세척기,usage,start,completed,standard,2025-09-23T21:30:00+09:00,2025-09-23T22:42:00+09:00,2025-09-23,72,0.876,,dummy_thinq_like_log,train,base_routine,2025-09-23T22:42:00+09:00
TRAIN_000267,U001,F001,RC001,robot_cleaner,거실 로봇청소기,usage,start,completed,auto_clean,2025-09-24T09:55:00+09:00,2025-09-24T10:52:00+09:00,2025-09-24,57,0.181,,dummy_thinq_like_log,train,base_routine,2025-09-24T10:52:00+09:00
TRAIN_000632,U001,F001,DW001,dishwasher,주방 식기세척기,usage,start,completed,quick,2025-09-24T20:55:00+09:00,2025-09-24T22:02:00+09:00,2025-09-24,67,0.731,,dummy_thinq_like_log,train,base_routine,2025-09-24T22:02:00+09:00
TRAIN_000268,U001,F001,RC001,robot_cleaner,거실 로봇청소기,usage,start,completed,edge_clean,2025-09-25T09:57:00+09:00,2025-09-25T10:43:00+09:00,2025-09-25,46,0.175,,dummy_thinq_like_log,train,base_routine,2025-09-25T10:43:00+09:00
TRAIN_000909,U001,F001,WM001,washer,세탁기,usage,start,completed,bedding,2025-09-25T18:56:00+09:00,2025-09-25T19:53:00+09:00,2025-09-25,57,0.619,,dummy_thinq_like_log,train,base_routine,2025-09-25T19:53:00+09:00
TRAIN_000910,U001,F001,DR001,dryer,건조기,usage,start,completed,normal_dry,2025-09-25T21:03:00+09:00,2025-09-25T22:38:00+09:00,2025-09-25,95,1.464,,dummy_thinq_like_log,train,base_routine,2025-09-25T22:38:00+09:00
TRAIN_000633,U001,F001,DW001,dishwasher,주방 식기세척기,usage,start,completed,standard,2025-09-25T21:13:00+09:00,2025-09-25T22:49:00+09:00,2025-09-25,96,1.121,,dummy_thinq_like_log,train,base_routine,2025-09-25T22:49:00+09:00
TRAIN_000269,U001,F001,RC001,robot_cleaner,거실 로봇청소기,usage,start,completed,auto_clean,2025-09-26T10:09:00+09:00,2025-09-26T10:54:00+09:00,2025-09-26,45,0.195,,dummy_thinq_like_log,train,base_routine,2025-09-26T10:54:00+09:00
TRAIN_000634,U001,F001,DW001,dishwasher,주방 식기세척기,usage,start,completed,standard,2025-09-26T21:22:00+09:00,2025-09-26T22:47:00+09:00,2025-09-26,85,1.121,,dummy_thinq_like_log,train,base_routine,2025-09-26T22:47:00+09:00
TRAIN_000270,U001,F001,RC001,robot_cleaner,거실 로봇청소기,usage,start,completed,edge_clean,2025-09-27T09:54:00+09:00,2025-09-27T10:35:00+09:00,2025-09-27,41,0.176,,dummy_thinq_like_log,train,base_routine,2025-09-27T10:35:00+09:00
TRAIN_000635,U001,F001,DW001,dishwasher,주방 식기세척기,usage,start,completed,intensive,2025-09-27T21:09:00+09:00,2025-09-27T22:28:00+09:00,2025-09-27,79,0.709,,dummy_thinq_like_log,train,base_routine,2025-09-27T22:28:00+09:00
TRAIN_000271,U001,F001,RC001,robot_cleaner,거실 로봇청소기,usage,start,completed,edge_clean,2025-09-28T09:42:00+09:00,2025-09-28T10:45:00+09:00,2025-09-28,63,0.211,,dummy_thinq_like_log,train,base_routine,2025-09-28T10:45:00+09:00
TRAIN_000911,U001,F001,WM001,washer,세탁기,usage,start,completed,quick_wash,2025-09-28T19:00:00+09:00,2025-09-28T20:03:00+09:00,2025-09-28,63,0.582,,dummy_thinq_like_log,train,base_routine,2025-09-28T20:03:00+09:00
TRAIN_000636,U001,F001,DW001,dishwasher,주방 식기세척기,usage,start,completed,quick,2025-09-28T21:12:00+09:00,2025-09-28T22:19:00+09:00,2025-09-28,67,0.974,,dummy_thinq_like_log,train,base_routine,2025-09-28T22:19:00+09:00
TRAIN_000912,U001,F001,DR001,dryer,건조기,usage,start,completed,bedding_dry,2025-09-28T21:14:00+09:00,2025-09-28T22:43:00+09:00,2025-09-28,89,1.23,,dummy_thinq_like_log,train,base_routine,2025-09-28T22:43:00+09:00
TRAIN_000272,U001,F001,RC001,robot_cleaner,거실 로봇청소기,usage,start,completed,auto_clean,2025-09-29T10:14:00+09:00,2025-09-29T11:02:00+09:00,2025-09-29,48,0.147,,dummy_thinq_like_log,train,base_routine,2025-09-29T11:02:00+09:00
TRAIN_000637,U001,F001,DW001,dishwasher,주방 식기세척기,usage,start,completed,intensive,2025-09-29T21:11:00+09:00,2025-09-29T22:34:00+09:00,2025-09-29,83,1.073,,dummy_thinq_like_log,train,base_routine,2025-09-29T22:34:00+09:00
TRAIN_000273,U001,F001,RC001,robot_cleaner,거실 로봇청소기,usage,start,completed,edge_clean,2025-09-30T10:01:00+09:00,2025-09-30T10:59:00+09:00,2025-09-30,58,0.219,,dummy_thinq_like_log,train,base_routine,2025-09-30T10:59:00+09:00
TRAIN_000638,U001,F001,DW001,dishwasher,주방 식기세척기,usage,start,completed,quick,2025-09-30T21:29:00+09:00,2025-09-30T22:36:00+09:00,2025-09-30,67,0.691,,dummy_thinq_like_log,train,base_routine,2025-09-30T22:36:00+09:00
TRAIN_000274,U001,F001,RC001,robot_cleaner,거실 로봇청소기,usage,start,completed,edge_clean,2025-10-01T10:11:00+09:00,2025-10-01T11:05:00+09:00,2025-10-01,54,0.143,,dummy_thinq_like_log,train,base_routine,2025-10-01T11:05:00+09:00
TRAIN_000913,U001,F001,WM001,washer,세탁기,usage,start,completed,delicate,2025-10-01T18:43:00+09:00,2025-10-01T19:54:00+09:00,2025-10-01,71,0.544,,dummy_thinq_like_log,train,base_routine,2025-10-01T19:54:00+09:00
TRAIN_000914,U001,F001,DR001,dryer,건조기,usage,start,completed,speed_dry,2025-10-01T20:51:00+09:00,2025-10-01T22:14:00+09:00,2025-10-01,83,1.262,,dummy_thinq_like_log,train,base_routine,2025-10-01T22:14:00+09:00
TRAIN_000639,U001,F001,DW001,dishwasher,주방 식기세척기,usage,start,completed,standard,2025-10-01T20:54:00+09:00,2025-10-01T22:06:00+09:00,2025-10-01,72,0.764,,dummy_thinq_like_log,train,base_routine,2025-10-01T22:06:00+09:00
TRAIN_000275,U001,F001,RC001,robot_cleaner,거실 로봇청소기,usage,start,completed,edge_clean,2025-10-02T09:46:00+09:00,2025-10-02T10:43:00+09:00,2025-10-02,57,0.174,,dummy_thinq_like_log,train,base_routine,2025-10-02T10:43:00+09:00
TRAIN_000640,U001,F001,DW001,dishwasher,주방 식기세척기,usage,start,completed,quick,2025-10-02T20:53:00+09:00,2025-10-02T22:07:00+09:00,2025-10-02,74,0.821,,dummy_thinq_like_log,train,base_routine,2025-10-02T22:07:00+09:00
TRAIN_000276,U001,F001,RC001,robot_cleaner,거실 로봇청소기,usage,start,completed,quiet_clean,2025-10-03T09:41:00+09:00,2025-10-03T10:38:00+09:00,2025-10-03,57,0.165,,dummy_thinq_like_log,train,base_routine,2025-10-03T10:38:00+09:00
TRAIN_000641,U001,F001,DW001,dishwasher,주방 식기세척기,usage,start,completed,intensive,2025-10-03T21:13:00+09:00,2025-10-03T22:42:00+09:00,2025-10-03,89,1.022,,dummy_thinq_like_log,train,base_routine,2025-10-03T22:42:00+09:00
TRAIN_000277,U001,F001,RC001,robot_cleaner,거실 로봇청소기,usage,start,completed,auto_clean,2025-10-04T10:18:00+09:00,2025-10-04T11:15:00+09:00,2025-10-04,57,0.168,,dummy_thinq_like_log,train,base_routine,2025-10-04T11:15:00+09:00
TRAIN_000915,U001,F001,WM001,washer,세탁기,usage,start,completed,quick_wash,2025-10-04T18:36:00+09:00,2025-10-04T19:42:00+09:00,2025-10-04,66,0.633,,dummy_thinq_like_log,train,base_routine,2025-10-04T19:42:00+09:00
TRAIN_000916,U001,F001,DR001,dryer,건조기,usage,start,completed,normal_dry,2025-10-04T20:49:00+09:00,2025-10-04T22:16:00+09:00,2025-10-04,87,1.482,,dummy_thinq_like_log,train,base_routine,2025-10-04T22:16:00+09:00
TRAIN_000642,U001,F001,DW001,dishwasher,주방 식기세척기,usage,start,completed,standard,2025-10-04T21:12:00+09:00,2025-10-04T22:36:00+09:00,2025-10-04,84,0.811,,dummy_thinq_like_log,train,base_routine,2025-10-04T22:36:00+09:00
TRAIN_000278,U001,F001,RC001,robot_cleaner,거실 로봇청소기,usage,start,completed,quiet_clean,2025-10-05T09:46:00+09:00,2025-10-05T10:43:00+09:00,2025-10-05,57,0.146,,dummy_thinq_like_log,train,base_routine,2025-10-05T10:43:00+09:00
TRAIN_000643,U001,F001,DW001,dishwasher,주방 식기세척기,usage,start,completed,standard,2025-10-05T21:10:00+09:00,2025-10-05T22:29:00+09:00,2025-10-05,79,0.894,,dummy_thinq_like_log,train,base_routine,2025-10-05T22:29:00+09:00
TRAIN_000279,U001,F001,RC001,robot_cleaner,거실 로봇청소기,usage,start,completed,auto_clean,2025-10-06T09:50:00+09:00,2025-10-06T10:57:00+09:00,2025-10-06,67,0.145,,dummy_thinq_like_log,train,base_routine,2025-10-06T10:57:00+09:00
TRAIN_000644,U001,F001,DW001,dishwasher,주방 식기세척기,usage,start,completed,intensive,2025-10-06T20:55:00+09:00,2025-10-06T22:05:00+09:00,2025-10-06,70,1.011,,dummy_thinq_like_log,train,base_routine,2025-10-06T22:05:00+09:00
TRAIN_000280,U001,F001,RC001,robot_cleaner,거실 로봇청소기,usage,start,completed,edge_clean,2025-10-07T09:54:00+09:00,2025-10-07T10:34:00+09:00,2025-10-07,40,0.181,,dummy_thinq_like_log,train,base_routine,2025-10-07T10:34:00+09:00
TRAIN_000917,U001,F001,WM001,washer,세탁기,usage,start,completed,cotton,2025-10-07T18:49:00+09:00,2025-10-07T19:56:00+09:00,2025-10-07,67,0.503,,dummy_thinq_like_log,train,base_routine,2025-10-07T19:56:00+09:00
TRAIN_000918,U001,F001,DR001,dryer,건조기,usage,start,completed,speed_dry,2025-10-07T21:00:00+09:00,2025-10-07T22:14:00+09:00,2025-10-07,74,1.219,,dummy_thinq_like_log,train,base_routine,2025-10-07T22:14:00+09:00
TRAIN_000645,U001,F001,DW001,dishwasher,주방 식기세척기,usage,start,completed,standard,2025-10-07T21:25:00+09:00,2025-10-07T22:14:00+09:00,2025-10-07,49,1.093,,dummy_thinq_like_log,train,base_routine,2025-10-07T22:14:00+09:00
TRAIN_000281,U001,F001,RC001,robot_cleaner,거실 로봇청소기,usage,start,completed,edge_clean,2025-10-08T10:06:00+09:00,2025-10-08T11:00:00+09:00,2025-10-08,54,0.216,,dummy_thinq_like_log,train,base_routine,2025-10-08T11:00:00+09:00
TRAIN_000646,U001,F001,DW001,dishwasher,주방 식기세척기,usage,start,completed,quick,2025-10-08T21:32:00+09:00,2025-10-08T22:44:00+09:00,2025-10-08,72,1.073,,dummy_thinq_like_log,train,base_routine,2025-10-08T22:44:00+09:00
TRAIN_000282,U001,F001,RC001,robot_cleaner,거실 로봇청소기,usage,start,completed,quiet_clean,2025-10-09T10:06:00+09:00,2025-10-09T11:04:00+09:00,2025-10-09,58,0.227,,dummy_thinq_like_log,train,base_routine,2025-10-09T11:04:00+09:00
TRAIN_000647,U001,F001,DW001,dishwasher,주방 식기세척기,usage,start,completed,standard,2025-10-09T21:10:00+09:00,2025-10-09T22:13:00+09:00,2025-10-09,63,0.819,,dummy_thinq_like_log,train,base_routine,2025-10-09T22:13:00+09:00
TRAIN_000283,U001,F001,RC001,robot_cleaner,거실 로봇청소기,usage,start,completed,auto_clean,2025-10-10T09:58:00+09:00,2025-10-10T10:50:00+09:00,2025-10-10,52,0.157,,dummy_thinq_like_log,train,base_routine,2025-10-10T10:50:00+09:00
TRAIN_000919,U001,F001,WM001,washer,세탁기,usage,start,completed,delicate,2025-10-10T19:02:00+09:00,2025-10-10T19:56:00+09:00,2025-10-10,54,0.456,,dummy_thinq_like_log,train,base_routine,2025-10-10T19:56:00+09:00
TRAIN_000920,U001,F001,DR001,dryer,건조기,usage,start,completed,bedding_dry,2025-10-10T20:58:00+09:00,2025-10-10T22:44:00+09:00,2025-10-10,106,1.167,,dummy_thinq_like_log,train,base_routine,2025-10-10T22:44:00+09:00
TRAIN_000648,U001,F001,DW001,dishwasher,주방 식기세척기,usage,start,completed,intensive,2025-10-10T21:20:00+09:00,2025-10-10T22:19:00+09:00,2025-10-10,59,1.085,,dummy_thinq_like_log,train,base_routine,2025-10-10T22:19:00+09:00
TRAIN_000284,U001,F001,RC001,robot_cleaner,거실 로봇청소기,usage,start,completed,quiet_clean,2025-10-11T10:15:00+09:00,2025-10-11T11:07:00+09:00,2025-10-11,52,0.223,,dummy_thinq_like_log,train,base_routine,2025-10-11T11:07:00+09:00
TRAIN_000649,U001,F001,DW001,dishwasher,주방 식기세척기,usage,start,completed,quick,2025-10-11T21:21:00+09:00,2025-10-11T22:27:00+09:00,2025-10-11,66,0.88,,dummy_thinq_like_log,train,base_routine,2025-10-11T22:27:00+09:00
TRAIN_000285,U001,F001,RC001,robot_cleaner,거실 로봇청소기,usage,start,completed,quiet_clean,2025-10-12T09:57:00+09:00,2025-10-12T10:49:00+09:00,2025-10-12,52,0.237,,dummy_thinq_like_log,train,base_routine,2025-10-12T10:49:00+09:00
TRAIN_000650,U001,F001,DW001,dishwasher,주방 식기세척기,usage,start,completed,intensive,2025-10-12T20:51:00+09:00,2025-10-12T22:18:00+09:00,2025-10-12,87,1.038,,dummy_thinq_like_log,train,base_routine,2025-10-12T22:18:00+09:00
TRAIN_000286,U001,F001,RC001,robot_cleaner,거실 로봇청소기,usage,start,completed,edge_clean,2025-10-13T10:20:00+09:00,2025-10-13T11:29:00+09:00,2025-10-13,69,0.177,,dummy_thinq_like_log,train,base_routine,2025-10-13T11:29:00+09:00
TRAIN_000921,U001,F001,WM001,washer,세탁기,usage,start,completed,bedding,2025-10-13T19:02:00+09:00,2025-10-13T20:03:00+09:00,2025-10-13,61,0.474,,dummy_thinq_like_log,train,base_routine,2025-10-13T20:03:00+09:00
TRAIN_000651,U001,F001,DW001,dishwasher,주방 식기세척기,usage,start,completed,standard,2025-10-13T21:04:00+09:00,2025-10-13T22:18:00+09:00,2025-10-13,74,0.846,,dummy_thinq_like_log,train,base_routine,2025-10-13T22:18:00+09:00
TRAIN_000922,U001,F001,DR001,dryer,건조기,usage,start,completed,bedding_dry,2025-10-13T21:14:00+09:00,2025-10-13T23:08:00+09:00,2025-10-13,114,1.501,,dummy_thinq_like_log,train,base_routine,2025-10-13T23:08:00+09:00
TRAIN_000287,U001,F001,RC001,robot_cleaner,거실 로봇청소기,usage,start,completed,edge_clean,2025-10-14T10:05:00+09:00,2025-10-14T11:03:00+09:00,2025-10-14,58,0.275,,dummy_thinq_like_log,train,base_routine,2025-10-14T11:03:00+09:00
TRAIN_000652,U001,F001,DW001,dishwasher,주방 식기세척기,usage,start,completed,intensive,2025-10-14T21:11:00+09:00,2025-10-14T22:15:00+09:00,2025-10-14,64,1.143,,dummy_thinq_like_log,train,base_routine,2025-10-14T22:15:00+09:00
TRAIN_000288,U001,F001,RC001,robot_cleaner,거실 로봇청소기,usage,start,completed,edge_clean,2025-10-15T10:03:00+09:00,2025-10-15T10:52:00+09:00,2025-10-15,49,0.209,,dummy_thinq_like_log,train,base_routine,2025-10-15T10:52:00+09:00
TRAIN_000653,U001,F001,DW001,dishwasher,주방 식기세척기,usage,start,completed,quick,2025-10-15T21:18:00+09:00,2025-10-15T22:24:00+09:00,2025-10-15,66,0.869,,dummy_thinq_like_log,train,base_routine,2025-10-15T22:24:00+09:00
TRAIN_000289,U001,F001,RC001,robot_cleaner,거실 로봇청소기,usage,start,completed,quiet_clean,2025-10-16T10:03:00+09:00,2025-10-16T10:54:00+09:00,2025-10-16,51,0.207,,dummy_thinq_like_log,train,base_routine,2025-10-16T10:54:00+09:00
TRAIN_000923,U001,F001,WM001,washer,세탁기,usage,start,completed,cotton,2025-10-16T19:07:00+09:00,2025-10-16T20:18:00+09:00,2025-10-16,71,0.483,,dummy_thinq_like_log,train,base_routine,2025-10-16T20:18:00+09:00
TRAIN_000924,U001,F001,DR001,dryer,건조기,usage,start,completed,normal_dry,2025-10-16T21:05:00+09:00,2025-10-16T22:42:00+09:00,2025-10-16,97,1.459,,dummy_thinq_like_log,train,base_routine,2025-10-16T22:42:00+09:00
TRAIN_000654,U001,F001,DW001,dishwasher,주방 식기세척기,usage,start,completed,quick,2025-10-16T21:15:00+09:00,2025-10-16T22:20:00+09:00,2025-10-16,65,0.961,,dummy_thinq_like_log,train,base_routine,2025-10-16T22:20:00+09:00
TRAIN_000290,U001,F001,RC001,robot_cleaner,거실 로봇청소기,usage,start,completed,edge_clean,2025-10-17T09:53:00+09:00,2025-10-17T10:50:00+09:00,2025-10-17,57,0.18,,dummy_thinq_like_log,train,base_routine,2025-10-17T10:50:00+09:00
TRAIN_000655,U001,F001,DW001,dishwasher,주방 식기세척기,usage,start,completed,intensive,2025-10-17T20:49:00+09:00,2025-10-17T21:45:00+09:00,2025-10-17,56,0.904,,dummy_thinq_like_log,train,base_routine,2025-10-17T21:45:00+09:00
TRAIN_000291,U001,F001,RC001,robot_cleaner,거실 로봇청소기,usage,start,completed,auto_clean,2025-10-18T09:53:00+09:00,2025-10-18T10:51:00+09:00,2025-10-18,58,0.122,,dummy_thinq_like_log,train,base_routine,2025-10-18T10:51:00+09:00
TRAIN_000656,U001,F001,DW001,dishwasher,주방 식기세척기,usage,start,completed,standard,2025-10-18T21:07:00+09:00,2025-10-18T22:17:00+09:00,2025-10-18,70,0.841,,dummy_thinq_like_log,train,base_routine,2025-10-18T22:17:00+09:00
TRAIN_000292,U001,F001,RC001,robot_cleaner,거실 로봇청소기,usage,start,completed,quiet_clean,2025-10-19T09:40:00+09:00,2025-10-19T10:27:00+09:00,2025-10-19,47,0.137,,dummy_thinq_like_log,train,base_routine,2025-10-19T10:27:00+09:00
TRAIN_000925,U001,F001,WM001,washer,세탁기,usage,start,completed,cotton,2025-10-19T19:18:00+09:00,2025-10-19T20:19:00+09:00,2025-10-19,61,0.537,,dummy_thinq_like_log,train,base_routine,2025-10-19T20:19:00+09:00
TRAIN_000657,U001,F001,DW001,dishwasher,주방 식기세척기,usage,start,completed,standard,2025-10-19T21:00:00+09:00,2025-10-19T22:38:00+09:00,2025-10-19,98,0.957,,dummy_thinq_like_log,train,base_routine,2025-10-19T22:38:00+09:00
TRAIN_000926,U001,F001,DR001,dryer,건조기,usage,start,completed,bedding_dry,2025-10-19T21:14:00+09:00,2025-10-19T22:26:00+09:00,2025-10-19,72,1.32,,dummy_thinq_like_log,train,base_routine,2025-10-19T22:26:00+09:00
TRAIN_000293,U001,F001,RC001,robot_cleaner,거실 로봇청소기,usage,start,completed,quiet_clean,2025-10-20T09:59:00+09:00,2025-10-20T10:55:00+09:00,2025-10-20,56,0.159,,dummy_thinq_like_log,train,base_routine,2025-10-20T10:55:00+09:00
TRAIN_000658,U001,F001,DW001,dishwasher,주방 식기세척기,usage,start,completed,standard,2025-10-20T20:52:00+09:00,2025-10-20T21:52:00+09:00,2025-10-20,60,0.872,,dummy_thinq_like_log,train,base_routine,2025-10-20T21:52:00+09:00
TRAIN_000294,U001,F001,RC001,robot_cleaner,거실 로봇청소기,usage,start,completed,auto_clean,2025-10-21T09:59:00+09:00,2025-10-21T10:43:00+09:00,2025-10-21,44,0.168,,dummy_thinq_like_log,train,base_routine,2025-10-21T10:43:00+09:00
TRAIN_000659,U001,F001,DW001,dishwasher,주방 식기세척기,usage,start,completed,quick,2025-10-21T21:22:00+09:00,2025-10-21T22:30:00+09:00,2025-10-21,68,1.059,,dummy_thinq_like_log,train,base_routine,2025-10-21T22:30:00+09:00
TRAIN_000295,U001,F001,RC001,robot_cleaner,거실 로봇청소기,usage,start,completed,edge_clean,2025-10-22T09:42:00+09:00,2025-10-22T10:37:00+09:00,2025-10-22,55,0.188,,dummy_thinq_like_log,train,base_routine,2025-10-22T10:37:00+09:00
TRAIN_000927,U001,F001,WM001,washer,세탁기,usage,start,completed,cotton,2025-10-22T18:57:00+09:00,2025-10-22T19:47:00+09:00,2025-10-22,50,0.559,,dummy_thinq_like_log,train,base_routine,2025-10-22T19:47:00+09:00
TRAIN_000928,U001,F001,DR001,dryer,건조기,usage,start,completed,speed_dry,2025-10-22T21:09:00+09:00,2025-10-22T22:20:00+09:00,2025-10-22,71,1.365,,dummy_thinq_like_log,train,base_routine,2025-10-22T22:20:00+09:00
TRAIN_000660,U001,F001,DW001,dishwasher,주방 식기세척기,usage,start,completed,intensive,2025-10-22T21:25:00+09:00,2025-10-22T22:40:00+09:00,2025-10-22,75,0.88,,dummy_thinq_like_log,train,base_routine,2025-10-22T22:40:00+09:00
TRAIN_000296,U001,F001,RC001,robot_cleaner,거실 로봇청소기,usage,start,completed,edge_clean,2025-10-23T09:40:00+09:00,2025-10-23T10:41:00+09:00,2025-10-23,61,0.182,,dummy_thinq_like_log,train,base_routine,2025-10-23T10:41:00+09:00
TRAIN_000661,U001,F001,DW001,dishwasher,주방 식기세척기,usage,start,completed,intensive,2025-10-23T21:03:00+09:00,2025-10-23T22:15:00+09:00,2025-10-23,72,0.917,,dummy_thinq_like_log,train,base_routine,2025-10-23T22:15:00+09:00
TRAIN_000297,U001,F001,RC001,robot_cleaner,거실 로봇청소기,usage,start,completed,edge_clean,2025-10-24T10:07:00+09:00,2025-10-24T10:46:00+09:00,2025-10-24,39,0.18,,dummy_thinq_like_log,train,base_routine,2025-10-24T10:46:00+09:00
TRAIN_000662,U001,F001,DW001,dishwasher,주방 식기세척기,usage,start,completed,standard,2025-10-24T20:58:00+09:00,2025-10-24T22:09:00+09:00,2025-10-24,71,1.008,,dummy_thinq_like_log,train,base_routine,2025-10-24T22:09:00+09:00
TRAIN_000298,U001,F001,RC001,robot_cleaner,거실 로봇청소기,usage,start,completed,auto_clean,2025-10-25T09:45:00+09:00,2025-10-25T10:39:00+09:00,2025-10-25,54,0.179,,dummy_thinq_like_log,train,base_routine,2025-10-25T10:39:00+09:00
TRAIN_000929,U001,F001,WM001,washer,세탁기,usage,start,completed,quick_wash,2025-10-25T19:15:00+09:00,2025-10-25T20:27:00+09:00,2025-10-25,72,0.62,,dummy_thinq_like_log,train,base_routine,2025-10-25T20:27:00+09:00
TRAIN_000663,U001,F001,DW001,dishwasher,주방 식기세척기,usage,start,completed,standard,2025-10-25T21:12:00+09:00,2025-10-25T22:29:00+09:00,2025-10-25,77,0.898,,dummy_thinq_like_log,train,base_routine,2025-10-25T22:29:00+09:00
TRAIN_000930,U001,F001,DR001,dryer,건조기,usage,start,completed,bedding_dry,2025-10-25T21:31:00+09:00,2025-10-25T22:37:00+09:00,2025-10-25,66,1.154,,dummy_thinq_like_log,train,base_routine,2025-10-25T22:37:00+09:00
TRAIN_000299,U001,F001,RC001,robot_cleaner,거실 로봇청소기,usage,start,completed,quiet_clean,2025-10-26T10:11:00+09:00,2025-10-26T11:14:00+09:00,2025-10-26,63,0.147,,dummy_thinq_like_log,train,base_routine,2025-10-26T11:14:00+09:00
TRAIN_000664,U001,F001,DW001,dishwasher,주방 식기세척기,usage,start,completed,quick,2025-10-26T21:20:00+09:00,2025-10-26T22:36:00+09:00,2025-10-26,76,0.913,,dummy_thinq_like_log,train,base_routine,2025-10-26T22:36:00+09:00
TRAIN_000300,U001,F001,RC001,robot_cleaner,거실 로봇청소기,usage,start,completed,quiet_clean,2025-10-27T09:54:00+09:00,2025-10-27T10:40:00+09:00,2025-10-27,46,0.189,,dummy_thinq_like_log,train,base_routine,2025-10-27T10:40:00+09:00
TRAIN_000665,U001,F001,DW001,dishwasher,주방 식기세척기,usage,start,completed,standard,2025-10-27T21:06:00+09:00,2025-10-27T22:41:00+09:00,2025-10-27,95,0.789,,dummy_thinq_like_log,train,base_routine,2025-10-27T22:41:00+09:00
TRAIN_000301,U001,F001,RC001,robot_cleaner,거실 로봇청소기,usage,start,completed,auto_clean,2025-10-28T10:18:00+09:00,2025-10-28T11:10:00+09:00,2025-10-28,52,0.105,,dummy_thinq_like_log,train,base_routine,2025-10-28T11:10:00+09:00
TRAIN_000931,U001,F001,WM001,washer,세탁기,usage,start,completed,quick_wash,2025-10-28T18:33:00+09:00,2025-10-28T19:33:00+09:00,2025-10-28,60,0.494,,dummy_thinq_like_log,train,base_routine,2025-10-28T19:33:00+09:00
TRAIN_000932,U001,F001,DR001,dryer,건조기,usage,start,completed,bedding_dry,2025-10-28T20:38:00+09:00,2025-10-28T22:24:00+09:00,2025-10-28,106,1.399,,dummy_thinq_like_log,train,base_routine,2025-10-28T22:24:00+09:00
TRAIN_000666,U001,F001,DW001,dishwasher,주방 식기세척기,usage,start,completed,quick,2025-10-28T21:01:00+09:00,2025-10-28T22:00:00+09:00,2025-10-28,59,0.976,,dummy_thinq_like_log,train,base_routine,2025-10-28T22:00:00+09:00
TRAIN_000302,U001,F001,RC001,robot_cleaner,거실 로봇청소기,usage,start,completed,quiet_clean,2025-10-29T10:13:00+09:00,2025-10-29T11:01:00+09:00,2025-10-29,48,0.163,,dummy_thinq_like_log,train,base_routine,2025-10-29T11:01:00+09:00
TRAIN_000667,U001,F001,DW001,dishwasher,주방 식기세척기,usage,start,completed,standard,2025-10-29T21:08:00+09:00,2025-10-29T22:31:00+09:00,2025-10-29,83,0.97,,dummy_thinq_like_log,train,base_routine,2025-10-29T22:31:00+09:00
TRAIN_000303,U001,F001,RC001,robot_cleaner,거실 로봇청소기,usage,start,completed,auto_clean,2025-10-30T10:01:00+09:00,2025-10-30T10:56:00+09:00,2025-10-30,55,0.171,,dummy_thinq_like_log,train,base_routine,2025-10-30T10:56:00+09:00
TRAIN_000668,U001,F001,DW001,dishwasher,주방 식기세척기,usage,start,completed,intensive,2025-10-30T21:24:00+09:00,2025-10-30T22:42:00+09:00,2025-10-30,78,0.92,,dummy_thinq_like_log,train,base_routine,2025-10-30T22:42:00+09:00
TRAIN_000304,U001,F001,RC001,robot_cleaner,거실 로봇청소기,usage,start,completed,quiet_clean,2025-10-31T09:44:00+09:00,2025-10-31T10:34:00+09:00,2025-10-31,50,0.154,,dummy_thinq_like_log,train,base_routine,2025-10-31T10:34:00+09:00
TRAIN_000933,U001,F001,WM001,washer,세탁기,usage,start,completed,quick_wash,2025-10-31T19:03:00+09:00,2025-10-31T20:17:00+09:00,2025-10-31,74,0.596,,dummy_thinq_like_log,train,base_routine,2025-10-31T20:17:00+09:00
TRAIN_000669,U001,F001,DW001,dishwasher,주방 식기세척기,usage,start,completed,quick,2025-10-31T20:55:00+09:00,2025-10-31T22:10:00+09:00,2025-10-31,75,0.974,,dummy_thinq_like_log,train,base_routine,2025-10-31T22:10:00+09:00
TRAIN_000934,U001,F001,DR001,dryer,건조기,usage,start,completed,speed_dry,2025-10-31T21:03:00+09:00,2025-10-31T22:26:00+09:00,2025-10-31,83,1.173,,dummy_thinq_like_log,train,base_routine,2025-10-31T22:26:00+09:00
TRAIN_000305,U001,F001,RC001,robot_cleaner,거실 로봇청소기,usage,start,completed,auto_clean,2025-11-01T10:10:00+09:00,2025-11-01T10:53:00+09:00,2025-11-01,43,0.192,,dummy_thinq_like_log,train,base_routine,2025-11-01T10:53:00+09:00
TRAIN_000670,U001,F001,DW001,dishwasher,주방 식기세척기,usage,start,completed,quick,2025-11-01T21:23:00+09:00,2025-11-01T22:33:00+09:00,2025-11-01,70,0.787,,dummy_thinq_like_log,train,base_routine,2025-11-01T22:33:00+09:00
TRAIN_000306,U001,F001,RC001,robot_cleaner,거실 로봇청소기,usage,start,completed,quiet_clean,2025-11-02T09:44:00+09:00,2025-11-02T10:38:00+09:00,2025-11-02,54,0.228,,dummy_thinq_like_log,train,base_routine,2025-11-02T10:38:00+09:00
TRAIN_000671,U001,F001,DW001,dishwasher,주방 식기세척기,usage,start,completed,intensive,2025-11-02T20:49:00+09:00,2025-11-02T22:12:00+09:00,2025-11-02,83,0.978,,dummy_thinq_like_log,train,base_routine,2025-11-02T22:12:00+09:00
TRAIN_000307,U001,F001,RC001,robot_cleaner,거실 로봇청소기,usage,start,completed,quiet_clean,2025-11-03T10:04:00+09:00,2025-11-03T11:15:00+09:00,2025-11-03,71,0.173,,dummy_thinq_like_log,train,base_routine,2025-11-03T11:15:00+09:00
TRAIN_000935,U001,F001,WM001,washer,세탁기,usage,start,completed,quick_wash,2025-11-03T19:01:00+09:00,2025-11-03T20:11:00+09:00,2025-11-03,70,0.513,,dummy_thinq_like_log,train,base_routine,2025-11-03T20:11:00+09:00
TRAIN_000936,U001,F001,DR001,dryer,건조기,usage,start,completed,speed_dry,2025-11-03T21:02:00+09:00,2025-11-03T22:15:00+09:00,2025-11-03,73,1.521,,dummy_thinq_like_log,train,base_routine,2025-11-03T22:15:00+09:00
TRAIN_000672,U001,F001,DW001,dishwasher,주방 식기세척기,usage,start,completed,quick,2025-11-03T21:34:00+09:00,2025-11-03T22:53:00+09:00,2025-11-03,79,0.997,,dummy_thinq_like_log,train,base_routine,2025-11-03T22:53:00+09:00
TRAIN_000308,U001,F001,RC001,robot_cleaner,거실 로봇청소기,usage,start,completed,auto_clean,2025-11-04T10:09:00+09:00,2025-11-04T11:05:00+09:00,2025-11-04,56,0.148,,dummy_thinq_like_log,train,base_routine,2025-11-04T11:05:00+09:00
TRAIN_000673,U001,F001,DW001,dishwasher,주방 식기세척기,usage,start,completed,intensive,2025-11-04T21:24:00+09:00,2025-11-04T22:41:00+09:00,2025-11-04,77,0.886,,dummy_thinq_like_log,train,base_routine,2025-11-04T22:41:00+09:00
TRAIN_000309,U001,F001,RC001,robot_cleaner,거실 로봇청소기,usage,start,completed,auto_clean,2025-11-05T10:05:00+09:00,2025-11-05T11:03:00+09:00,2025-11-05,58,0.197,,dummy_thinq_like_log,train,base_routine,2025-11-05T11:03:00+09:00
TRAIN_000674,U001,F001,DW001,dishwasher,주방 식기세척기,usage,start,completed,intensive,2025-11-05T21:35:00+09:00,2025-11-05T22:48:00+09:00,2025-11-05,73,0.87,,dummy_thinq_like_log,train,base_routine,2025-11-05T22:48:00+09:00
TRAIN_000310,U001,F001,RC001,robot_cleaner,거실 로봇청소기,usage,start,completed,auto_clean,2025-11-06T09:47:00+09:00,2025-11-06T10:50:00+09:00,2025-11-06,63,0.215,,dummy_thinq_like_log,train,base_routine,2025-11-06T10:50:00+09:00
TRAIN_000937,U001,F001,WM001,washer,세탁기,usage,start,completed,cotton,2025-11-06T19:16:00+09:00,2025-11-06T20:26:00+09:00,2025-11-06,70,0.635,,dummy_thinq_like_log,train,base_routine,2025-11-06T20:26:00+09:00
TRAIN_000938,U001,F001,DR001,dryer,건조기,usage,start,completed,normal_dry,2025-11-06T21:23:00+09:00,2025-11-06T22:49:00+09:00,2025-11-06,86,1.252,,dummy_thinq_like_log,train,base_routine,2025-11-06T22:49:00+09:00
TRAIN_000675,U001,F001,DW001,dishwasher,주방 식기세척기,usage,start,completed,quick,2025-11-06T21:33:00+09:00,2025-11-06T22:54:00+09:00,2025-11-06,81,0.781,,dummy_thinq_like_log,train,base_routine,2025-11-06T22:54:00+09:00
TRAIN_000311,U001,F001,RC001,robot_cleaner,거실 로봇청소기,usage,start,completed,quiet_clean,2025-11-07T10:03:00+09:00,2025-11-07T10:50:00+09:00,2025-11-07,47,0.196,,dummy_thinq_like_log,train,base_routine,2025-11-07T10:50:00+09:00
TRAIN_000676,U001,F001,DW001,dishwasher,주방 식기세척기,usage,start,completed,intensive,2025-11-07T20:49:00+09:00,2025-11-07T22:06:00+09:00,2025-11-07,77,0.817,,dummy_thinq_like_log,train,base_routine,2025-11-07T22:06:00+09:00
TRAIN_000312,U001,F001,RC001,robot_cleaner,거실 로봇청소기,usage,start,completed,auto_clean,2025-11-08T10:09:00+09:00,2025-11-08T10:49:00+09:00,2025-11-08,40,0.17,,dummy_thinq_like_log,train,base_routine,2025-11-08T10:49:00+09:00
TRAIN_000677,U001,F001,DW001,dishwasher,주방 식기세척기,usage,start,completed,intensive,2025-11-08T20:50:00+09:00,2025-11-08T22:14:00+09:00,2025-11-08,84,0.798,,dummy_thinq_like_log,train,base_routine,2025-11-08T22:14:00+09:00
TRAIN_000313,U001,F001,RC001,robot_cleaner,거실 로봇청소기,usage,start,completed,quiet_clean,2025-11-09T09:41:00+09:00,2025-11-09T10:37:00+09:00,2025-11-09,56,0.163,,dummy_thinq_like_log,train,base_routine,2025-11-09T10:37:00+09:00
TRAIN_000939,U001,F001,WM001,washer,세탁기,usage,start,completed,quick_wash,2025-11-09T19:08:00+09:00,2025-11-09T20:08:00+09:00,2025-11-09,60,0.514,,dummy_thinq_like_log,train,base_routine,2025-11-09T20:08:00+09:00
TRAIN_000678,U001,F001,DW001,dishwasher,주방 식기세척기,usage,start,completed,intensive,2025-11-09T20:52:00+09:00,2025-11-09T22:17:00+09:00,2025-11-09,85,0.949,,dummy_thinq_like_log,train,base_routine,2025-11-09T22:17:00+09:00
TRAIN_000940,U001,F001,DR001,dryer,건조기,usage,start,completed,normal_dry,2025-11-09T21:10:00+09:00,2025-11-09T22:34:00+09:00,2025-11-09,84,1.109,,dummy_thinq_like_log,train,base_routine,2025-11-09T22:34:00+09:00
TRAIN_000314,U001,F001,RC001,robot_cleaner,거실 로봇청소기,usage,start,completed,edge_clean,2025-11-10T09:53:00+09:00,2025-11-10T11:03:00+09:00,2025-11-10,70,0.175,,dummy_thinq_like_log,train,base_routine,2025-11-10T11:03:00+09:00
TRAIN_000679,U001,F001,DW001,dishwasher,주방 식기세척기,usage,start,completed,intensive,2025-11-10T21:22:00+09:00,2025-11-10T22:42:00+09:00,2025-11-10,80,0.947,,dummy_thinq_like_log,train,base_routine,2025-11-10T22:42:00+09:00
TRAIN_000315,U001,F001,RC001,robot_cleaner,거실 로봇청소기,usage,start,completed,edge_clean,2025-11-11T09:56:00+09:00,2025-11-11T10:49:00+09:00,2025-11-11,53,0.182,,dummy_thinq_like_log,train,base_routine,2025-11-11T10:49:00+09:00
TRAIN_000680,U001,F001,DW001,dishwasher,주방 식기세척기,usage,start,completed,standard,2025-11-11T20:47:00+09:00,2025-11-11T22:11:00+09:00,2025-11-11,84,1.007,,dummy_thinq_like_log,train,base_routine,2025-11-11T22:11:00+09:00
TRAIN_000316,U001,F001,RC001,robot_cleaner,거실 로봇청소기,usage,start,completed,auto_clean,2025-11-12T09:54:00+09:00,2025-11-12T10:53:00+09:00,2025-11-12,59,0.215,,dummy_thinq_like_log,train,base_routine,2025-11-12T10:53:00+09:00
TRAIN_000941,U001,F001,WM001,washer,세탁기,usage,start,completed,bedding,2025-11-12T18:58:00+09:00,2025-11-12T20:13:00+09:00,2025-11-12,75,0.604,,dummy_thinq_like_log,train,base_routine,2025-11-12T20:13:00+09:00
TRAIN_000942,U001,F001,DR001,dryer,건조기,usage,start,completed,speed_dry,2025-11-12T21:17:00+09:00,2025-11-12T22:39:00+09:00,2025-11-12,82,1.353,,dummy_thinq_like_log,train,base_routine,2025-11-12T22:39:00+09:00
TRAIN_000681,U001,F001,DW001,dishwasher,주방 식기세척기,usage,start,completed,quick,2025-11-12T21:22:00+09:00,2025-11-12T22:32:00+09:00,2025-11-12,70,0.966,,dummy_thinq_like_log,train,base_routine,2025-11-12T22:32:00+09:00
TRAIN_000317,U001,F001,RC001,robot_cleaner,거실 로봇청소기,usage,start,completed,quiet_clean,2025-11-13T10:14:00+09:00,2025-11-13T11:11:00+09:00,2025-11-13,57,0.198,,dummy_thinq_like_log,train,base_routine,2025-11-13T11:11:00+09:00
TRAIN_000682,U001,F001,DW001,dishwasher,주방 식기세척기,usage,start,completed,quick,2025-11-13T21:29:00+09:00,2025-11-13T22:34:00+09:00,2025-11-13,65,0.773,,dummy_thinq_like_log,train,base_routine,2025-11-13T22:34:00+09:00
TRAIN_000318,U001,F001,RC001,robot_cleaner,거실 로봇청소기,usage,start,completed,auto_clean,2025-11-14T10:19:00+09:00,2025-11-14T11:13:00+09:00,2025-11-14,54,0.208,,dummy_thinq_like_log,train,base_routine,2025-11-14T11:13:00+09:00
TRAIN_000683,U001,F001,DW001,dishwasher,주방 식기세척기,usage,start,completed,standard,2025-11-14T20:51:00+09:00,2025-11-14T21:43:00+09:00,2025-11-14,52,0.975,,dummy_thinq_like_log,train,base_routine,2025-11-14T21:43:00+09:00
TRAIN_000319,U001,F001,RC001,robot_cleaner,거실 로봇청소기,usage,start,completed,auto_clean,2025-11-15T09:55:00+09:00,2025-11-15T10:52:00+09:00,2025-11-15,57,0.207,,dummy_thinq_like_log,train,base_routine,2025-11-15T10:52:00+09:00
TRAIN_000943,U001,F001,WM001,washer,세탁기,usage,start,completed,cotton,2025-11-15T19:01:00+09:00,2025-11-15T20:04:00+09:00,2025-11-15,63,0.628,,dummy_thinq_like_log,train,base_routine,2025-11-15T20:04:00+09:00
TRAIN_000684,U001,F001,DW001,dishwasher,주방 식기세척기,usage,start,completed,quick,2025-11-15T21:01:00+09:00,2025-11-15T22:32:00+09:00,2025-11-15,91,0.891,,dummy_thinq_like_log,train,base_routine,2025-11-15T22:32:00+09:00
TRAIN_000944,U001,F001,DR001,dryer,건조기,usage,start,completed,speed_dry,2025-11-15T21:16:00+09:00,2025-11-15T22:29:00+09:00,2025-11-15,73,1.096,,dummy_thinq_like_log,train,base_routine,2025-11-15T22:29:00+09:00
TRAIN_000320,U001,F001,RC001,robot_cleaner,거실 로봇청소기,usage,start,completed,edge_clean,2025-11-16T10:17:00+09:00,2025-11-16T11:22:00+09:00,2025-11-16,65,0.189,,dummy_thinq_like_log,train,base_routine,2025-11-16T11:22:00+09:00
TRAIN_000685,U001,F001,DW001,dishwasher,주방 식기세척기,usage,start,completed,standard,2025-11-16T21:21:00+09:00,2025-11-16T22:35:00+09:00,2025-11-16,74,0.964,,dummy_thinq_like_log,train,base_routine,2025-11-16T22:35:00+09:00
TRAIN_000321,U001,F001,RC001,robot_cleaner,거실 로봇청소기,usage,start,completed,edge_clean,2025-11-17T10:01:00+09:00,2025-11-17T10:59:00+09:00,2025-11-17,58,0.092,,dummy_thinq_like_log,train,base_routine,2025-11-17T10:59:00+09:00
TRAIN_000686,U001,F001,DW001,dishwasher,주방 식기세척기,usage,start,completed,standard,2025-11-17T21:13:00+09:00,2025-11-17T22:26:00+09:00,2025-11-17,73,1.07,,dummy_thinq_like_log,train,base_routine,2025-11-17T22:26:00+09:00
TRAIN_000322,U001,F001,RC001,robot_cleaner,거실 로봇청소기,usage,start,completed,quiet_clean,2025-11-18T09:45:00+09:00,2025-11-18T10:11:00+09:00,2025-11-18,26,0.128,,dummy_thinq_like_log,train,base_routine,2025-11-18T10:11:00+09:00
TRAIN_000945,U001,F001,WM001,washer,세탁기,usage,start,completed,cotton,2025-11-18T18:43:00+09:00,2025-11-18T20:04:00+09:00,2025-11-18,81,0.397,,dummy_thinq_like_log,train,base_routine,2025-11-18T20:04:00+09:00
TRAIN_000946,U001,F001,DR001,dryer,건조기,usage,start,completed,normal_dry,2025-11-18T20:33:00+09:00,2025-11-18T21:41:00+09:00,2025-11-18,68,1.136,,dummy_thinq_like_log,train,base_routine,2025-11-18T21:41:00+09:00
TRAIN_000687,U001,F001,DW001,dishwasher,주방 식기세척기,usage,start,completed,intensive,2025-11-18T21:10:00+09:00,2025-11-18T22:31:00+09:00,2025-11-18,81,1.061,,dummy_thinq_like_log,train,base_routine,2025-11-18T22:31:00+09:00
TRAIN_000323,U001,F001,RC001,robot_cleaner,거실 로봇청소기,usage,start,completed,auto_clean,2025-11-19T10:14:00+09:00,2025-11-19T11:13:00+09:00,2025-11-19,59,0.145,,dummy_thinq_like_log,train,base_routine,2025-11-19T11:13:00+09:00
TRAIN_000688,U001,F001,DW001,dishwasher,주방 식기세척기,usage,start,completed,quick,2025-11-19T21:05:00+09:00,2025-11-19T22:42:00+09:00,2025-11-19,97,0.858,,dummy_thinq_like_log,train,base_routine,2025-11-19T22:42:00+09:00
TRAIN_000324,U001,F001,RC001,robot_cleaner,거실 로봇청소기,usage,start,completed,auto_clean,2025-11-20T10:02:00+09:00,2025-11-20T11:08:00+09:00,2025-11-20,66,0.165,,dummy_thinq_like_log,train,base_routine,2025-11-20T11:08:00+09:00
TRAIN_000689,U001,F001,DW001,dishwasher,주방 식기세척기,usage,start,completed,quick,2025-11-20T21:18:00+09:00,2025-11-20T22:26:00+09:00,2025-11-20,68,1.029,,dummy_thinq_like_log,train,base_routine,2025-11-20T22:26:00+09:00
TRAIN_000325,U001,F001,RC001,robot_cleaner,거실 로봇청소기,usage,start,completed,edge_clean,2025-11-21T10:06:00+09:00,2025-11-21T11:01:00+09:00,2025-11-21,55,0.192,,dummy_thinq_like_log,train,base_routine,2025-11-21T11:01:00+09:00
TRAIN_000947,U001,F001,WM001,washer,세탁기,usage,start,completed,quick_wash,2025-11-21T18:37:00+09:00,2025-11-21T19:38:00+09:00,2025-11-21,61,0.507,,dummy_thinq_like_log,train,base_routine,2025-11-21T19:38:00+09:00
TRAIN_000948,U001,F001,DR001,dryer,건조기,usage,start,completed,normal_dry,2025-11-21T20:43:00+09:00,2025-11-21T22:02:00+09:00,2025-11-21,79,0.987,,dummy_thinq_like_log,train,base_routine,2025-11-21T22:02:00+09:00
TRAIN_000690,U001,F001,DW001,dishwasher,주방 식기세척기,usage,start,completed,standard,2025-11-21T20:58:00+09:00,2025-11-21T22:17:00+09:00,2025-11-21,79,0.815,,dummy_thinq_like_log,train,base_routine,2025-11-21T22:17:00+09:00
TRAIN_000326,U001,F001,RC001,robot_cleaner,거실 로봇청소기,usage,start,completed,auto_clean,2025-11-22T10:13:00+09:00,2025-11-22T11:09:00+09:00,2025-11-22,56,0.15,,dummy_thinq_like_log,train,base_routine,2025-11-22T11:09:00+09:00
TRAIN_000691,U001,F001,DW001,dishwasher,주방 식기세척기,usage,start,completed,standard,2025-11-22T21:22:00+09:00,2025-11-22T22:28:00+09:00,2025-11-22,66,1.089,,dummy_thinq_like_log,train,base_routine,2025-11-22T22:28:00+09:00
TRAIN_000327,U001,F001,RC001,robot_cleaner,거실 로봇청소기,usage,start,completed,edge_clean,2025-11-23T09:51:00+09:00,2025-11-23T10:46:00+09:00,2025-11-23,55,0.139,,dummy_thinq_like_log,train,base_routine,2025-11-23T10:46:00+09:00
TRAIN_000692,U001,F001,DW001,dishwasher,주방 식기세척기,usage,start,completed,standard,2025-11-23T21:33:00+09:00,2025-11-23T22:55:00+09:00,2025-11-23,82,1.02,,dummy_thinq_like_log,train,base_routine,2025-11-23T22:55:00+09:00
TRAIN_000328,U001,F001,RC001,robot_cleaner,거실 로봇청소기,usage,start,completed,auto_clean,2025-11-24T09:51:00+09:00,2025-11-24T10:40:00+09:00,2025-11-24,49,0.208,,dummy_thinq_like_log,train,base_routine,2025-11-24T10:40:00+09:00
TRAIN_000949,U001,F001,WM001,washer,세탁기,usage,start,completed,bedding,2025-11-24T18:49:00+09:00,2025-11-24T20:01:00+09:00,2025-11-24,72,0.617,,dummy_thinq_like_log,train,base_routine,2025-11-24T20:01:00+09:00
TRAIN_000950,U001,F001,DR001,dryer,건조기,usage,start,completed,normal_dry,2025-11-24T20:48:00+09:00,2025-11-24T22:17:00+09:00,2025-11-24,89,1.372,,dummy_thinq_like_log,train,base_routine,2025-11-24T22:17:00+09:00
TRAIN_000693,U001,F001,DW001,dishwasher,주방 식기세척기,usage,start,completed,intensive,2025-11-24T21:31:00+09:00,2025-11-24T22:31:00+09:00,2025-11-24,60,0.878,,dummy_thinq_like_log,train,base_routine,2025-11-24T22:31:00+09:00
TRAIN_000329,U001,F001,RC001,robot_cleaner,거실 로봇청소기,usage,start,completed,auto_clean,2025-11-25T10:12:00+09:00,2025-11-25T11:05:00+09:00,2025-11-25,53,0.177,,dummy_thinq_like_log,train,base_routine,2025-11-25T11:05:00+09:00
TRAIN_000694,U001,F001,DW001,dishwasher,주방 식기세척기,usage,start,completed,intensive,2025-11-25T21:06:00+09:00,2025-11-25T22:10:00+09:00,2025-11-25,64,1.157,,dummy_thinq_like_log,train,base_routine,2025-11-25T22:10:00+09:00
TRAIN_000330,U001,F001,RC001,robot_cleaner,거실 로봇청소기,usage,start,completed,edge_clean,2025-11-26T10:00:00+09:00,2025-11-26T11:00:00+09:00,2025-11-26,60,0.15,,dummy_thinq_like_log,train,base_routine,2025-11-26T11:00:00+09:00
TRAIN_000695,U001,F001,DW001,dishwasher,주방 식기세척기,usage,start,completed,standard,2025-11-26T21:11:00+09:00,2025-11-26T22:33:00+09:00,2025-11-26,82,0.913,,dummy_thinq_like_log,train,base_routine,2025-11-26T22:33:00+09:00
TRAIN_000331,U001,F001,RC001,robot_cleaner,거실 로봇청소기,usage,start,completed,quiet_clean,2025-11-27T09:56:00+09:00,2025-11-27T11:00:00+09:00,2025-11-27,64,0.168,,dummy_thinq_like_log,train,base_routine,2025-11-27T11:00:00+09:00
TRAIN_000951,U001,F001,WM001,washer,세탁기,usage,start,completed,cotton,2025-11-27T18:54:00+09:00,2025-11-27T19:59:00+09:00,2025-11-27,65,0.541,,dummy_thinq_like_log,train,base_routine,2025-11-27T19:59:00+09:00
TRAIN_000952,U001,F001,DR001,dryer,건조기,usage,start,completed,bedding_dry,2025-11-27T21:10:00+09:00,2025-11-27T22:58:00+09:00,2025-11-27,108,0.95,,dummy_thinq_like_log,train,base_routine,2025-11-27T22:58:00+09:00
TRAIN_000696,U001,F001,DW001,dishwasher,주방 식기세척기,usage,start,completed,standard,2025-11-27T21:24:00+09:00,2025-11-27T22:52:00+09:00,2025-11-27,88,0.946,,dummy_thinq_like_log,train,base_routine,2025-11-27T22:52:00+09:00
TRAIN_000332,U001,F001,RC001,robot_cleaner,거실 로봇청소기,usage,start,completed,edge_clean,2025-11-28T10:06:00+09:00,2025-11-28T11:05:00+09:00,2025-11-28,59,0.194,,dummy_thinq_like_log,train,base_routine,2025-11-28T11:05:00+09:00
TRAIN_000697,U001,F001,DW001,dishwasher,주방 식기세척기,usage,start,completed,intensive,2025-11-28T20:48:00+09:00,2025-11-28T22:04:00+09:00,2025-11-28,76,0.909,,dummy_thinq_like_log,train,base_routine,2025-11-28T22:04:00+09:00
TRAIN_000333,U001,F001,RC001,robot_cleaner,거실 로봇청소기,usage,start,completed,edge_clean,2025-11-29T10:01:00+09:00,2025-11-29T10:58:00+09:00,2025-11-29,57,0.202,,dummy_thinq_like_log,train,base_routine,2025-11-29T10:58:00+09:00
TRAIN_000698,U001,F001,DW001,dishwasher,주방 식기세척기,usage,start,completed,standard,2025-11-29T21:33:00+09:00,2025-11-29T22:31:00+09:00,2025-11-29,58,0.919,,dummy_thinq_like_log,train,base_routine,2025-11-29T22:31:00+09:00
TRAIN_000334,U001,F001,RC001,robot_cleaner,거실 로봇청소기,usage,start,completed,quiet_clean,2025-11-30T10:20:00+09:00,2025-11-30T11:20:00+09:00,2025-11-30,60,0.138,,dummy_thinq_like_log,train,base_routine,2025-11-30T11:20:00+09:00
TRAIN_000953,U001,F001,WM001,washer,세탁기,usage,start,completed,delicate,2025-11-30T19:03:00+09:00,2025-11-30T20:00:00+09:00,2025-11-30,57,0.628,,dummy_thinq_like_log,train,base_routine,2025-11-30T20:00:00+09:00
TRAIN_000954,U001,F001,DR001,dryer,건조기,usage,start,completed,normal_dry,2025-11-30T21:05:00+09:00,2025-11-30T22:18:00+09:00,2025-11-30,73,1.339,,dummy_thinq_like_log,train,base_routine,2025-11-30T22:18:00+09:00
TRAIN_000699,U001,F001,DW001,dishwasher,주방 식기세척기,usage,start,completed,standard,2025-11-30T21:27:00+09:00,2025-11-30T22:39:00+09:00,2025-11-30,72,0.796,,dummy_thinq_like_log,train,base_routine,2025-11-30T22:39:00+09:00
TRAIN_000335,U001,F001,RC001,robot_cleaner,거실 로봇청소기,usage,start,completed,quiet_clean,2025-12-01T09:51:00+09:00,2025-12-01T10:44:00+09:00,2025-12-01,53,0.166,,dummy_thinq_like_log,train,base_routine,2025-12-01T10:44:00+09:00
TRAIN_000700,U001,F001,DW001,dishwasher,주방 식기세척기,usage,start,completed,quick,2025-12-01T21:31:00+09:00,2025-12-01T22:50:00+09:00,2025-12-01,79,0.691,,dummy_thinq_like_log,train,base_routine,2025-12-01T22:50:00+09:00
TRAIN_000336,U001,F001,RC001,robot_cleaner,거실 로봇청소기,usage,start,completed,auto_clean,2025-12-02T09:47:00+09:00,2025-12-02T10:54:00+09:00,2025-12-02,67,0.234,,dummy_thinq_like_log,train,base_routine,2025-12-02T10:54:00+09:00
TRAIN_000701,U001,F001,DW001,dishwasher,주방 식기세척기,usage,start,completed,standard,2025-12-02T21:02:00+09:00,2025-12-02T22:24:00+09:00,2025-12-02,82,0.996,,dummy_thinq_like_log,train,base_routine,2025-12-02T22:24:00+09:00
TRAIN_000337,U001,F001,RC001,robot_cleaner,거실 로봇청소기,usage,start,completed,quiet_clean,2025-12-03T10:10:00+09:00,2025-12-03T11:04:00+09:00,2025-12-03,54,0.191,,dummy_thinq_like_log,train,base_routine,2025-12-03T11:04:00+09:00
TRAIN_000955,U001,F001,WM001,washer,세탁기,usage,start,completed,quick_wash,2025-12-03T18:37:00+09:00,2025-12-03T19:47:00+09:00,2025-12-03,70,0.568,,dummy_thinq_like_log,train,base_routine,2025-12-03T19:47:00+09:00
TRAIN_000956,U001,F001,DR001,dryer,건조기,usage,start,completed,bedding_dry,2025-12-03T20:39:00+09:00,2025-12-03T22:05:00+09:00,2025-12-03,86,1.22,,dummy_thinq_like_log,train,base_routine,2025-12-03T22:05:00+09:00
TRAIN_000702,U001,F001,DW001,dishwasher,주방 식기세척기,usage,start,completed,standard,2025-12-03T20:56:00+09:00,2025-12-03T22:16:00+09:00,2025-12-03,80,1.073,,dummy_thinq_like_log,train,base_routine,2025-12-03T22:16:00+09:00
TRAIN_000338,U001,F001,RC001,robot_cleaner,거실 로봇청소기,usage,start,completed,quiet_clean,2025-12-04T09:46:00+09:00,2025-12-04T10:42:00+09:00,2025-12-04,56,0.184,,dummy_thinq_like_log,train,base_routine,2025-12-04T10:42:00+09:00
TRAIN_000703,U001,F001,DW001,dishwasher,주방 식기세척기,usage,start,completed,intensive,2025-12-04T21:02:00+09:00,2025-12-04T22:19:00+09:00,2025-12-04,77,0.894,,dummy_thinq_like_log,train,base_routine,2025-12-04T22:19:00+09:00
TRAIN_000339,U001,F001,RC001,robot_cleaner,거실 로봇청소기,usage,start,completed,edge_clean,2025-12-05T09:53:00+09:00,2025-12-05T10:48:00+09:00,2025-12-05,55,0.158,,dummy_thinq_like_log,train,base_routine,2025-12-05T10:48:00+09:00
TRAIN_000704,U001,F001,DW001,dishwasher,주방 식기세척기,usage,start,completed,standard,2025-12-05T21:32:00+09:00,2025-12-05T22:55:00+09:00,2025-12-05,83,0.973,,dummy_thinq_like_log,train,base_routine,2025-12-05T22:55:00+09:00
TRAIN_000340,U001,F001,RC001,robot_cleaner,거실 로봇청소기,usage,start,completed,edge_clean,2025-12-06T10:08:00+09:00,2025-12-06T11:08:00+09:00,2025-12-06,60,0.18,,dummy_thinq_like_log,train,base_routine,2025-12-06T11:08:00+09:00
TRAIN_000957,U001,F001,WM001,washer,세탁기,usage,start,completed,delicate,2025-12-06T18:48:00+09:00,2025-12-06T19:58:00+09:00,2025-12-06,70,0.609,,dummy_thinq_like_log,train,base_routine,2025-12-06T19:58:00+09:00
TRAIN_000958,U001,F001,DR001,dryer,건조기,usage,start,completed,speed_dry,2025-12-06T20:49:00+09:00,2025-12-06T22:01:00+09:00,2025-12-06,72,1.148,,dummy_thinq_like_log,train,base_routine,2025-12-06T22:01:00+09:00
TRAIN_000705,U001,F001,DW001,dishwasher,주방 식기세척기,usage,start,completed,intensive,2025-12-06T21:22:00+09:00,2025-12-06T22:41:00+09:00,2025-12-06,79,1.048,,dummy_thinq_like_log,train,base_routine,2025-12-06T22:41:00+09:00
TRAIN_000341,U001,F001,RC001,robot_cleaner,거실 로봇청소기,usage,start,completed,auto_clean,2025-12-07T10:13:00+09:00,2025-12-07T11:13:00+09:00,2025-12-07,60,0.169,,dummy_thinq_like_log,train,base_routine,2025-12-07T11:13:00+09:00
TRAIN_000706,U001,F001,DW001,dishwasher,주방 식기세척기,usage,start,completed,intensive,2025-12-07T20:51:00+09:00,2025-12-07T22:17:00+09:00,2025-12-07,86,1.054,,dummy_thinq_like_log,train,base_routine,2025-12-07T22:17:00+09:00
TRAIN_000342,U001,F001,RC001,robot_cleaner,거실 로봇청소기,usage,start,completed,edge_clean,2025-12-08T10:10:00+09:00,2025-12-08T11:08:00+09:00,2025-12-08,58,0.143,,dummy_thinq_like_log,train,base_routine,2025-12-08T11:08:00+09:00
TRAIN_000707,U001,F001,DW001,dishwasher,주방 식기세척기,usage,start,completed,intensive,2025-12-08T20:48:00+09:00,2025-12-08T21:48:00+09:00,2025-12-08,60,1.135,,dummy_thinq_like_log,train,base_routine,2025-12-08T21:48:00+09:00
TRAIN_000343,U001,F001,RC001,robot_cleaner,거실 로봇청소기,usage,start,completed,auto_clean,2025-12-09T10:13:00+09:00,2025-12-09T11:04:00+09:00,2025-12-09,51,0.13,,dummy_thinq_like_log,train,base_routine,2025-12-09T11:04:00+09:00
TRAIN_000959,U001,F001,WM001,washer,세탁기,usage,start,completed,bedding,2025-12-09T19:01:00+09:00,2025-12-09T20:13:00+09:00,2025-12-09,72,0.628,,dummy_thinq_like_log,train,base_routine,2025-12-09T20:13:00+09:00
TRAIN_000960,U001,F001,DR001,dryer,건조기,usage,start,completed,normal_dry,2025-12-09T21:00:00+09:00,2025-12-09T22:42:00+09:00,2025-12-09,102,1.496,,dummy_thinq_like_log,train,base_routine,2025-12-09T22:42:00+09:00
TRAIN_000708,U001,F001,DW001,dishwasher,주방 식기세척기,usage,start,completed,intensive,2025-12-09T21:07:00+09:00,2025-12-09T22:08:00+09:00,2025-12-09,61,0.864,,dummy_thinq_like_log,train,base_routine,2025-12-09T22:08:00+09:00
TRAIN_000344,U001,F001,RC001,robot_cleaner,거실 로봇청소기,usage,start,completed,auto_clean,2025-12-10T10:10:00+09:00,2025-12-10T10:57:00+09:00,2025-12-10,47,0.182,,dummy_thinq_like_log,train,base_routine,2025-12-10T10:57:00+09:00
TRAIN_000709,U001,F001,DW001,dishwasher,주방 식기세척기,usage,start,completed,standard,2025-12-10T20:51:00+09:00,2025-12-10T22:06:00+09:00,2025-12-10,75,0.889,,dummy_thinq_like_log,train,base_routine,2025-12-10T22:06:00+09:00
TRAIN_000345,U001,F001,RC001,robot_cleaner,거실 로봇청소기,usage,start,completed,auto_clean,2025-12-11T10:15:00+09:00,2025-12-11T11:07:00+09:00,2025-12-11,52,0.199,,dummy_thinq_like_log,train,base_routine,2025-12-11T11:07:00+09:00
TRAIN_000710,U001,F001,DW001,dishwasher,주방 식기세척기,usage,start,completed,quick,2025-12-11T21:25:00+09:00,2025-12-11T22:33:00+09:00,2025-12-11,68,0.854,,dummy_thinq_like_log,train,base_routine,2025-12-11T22:33:00+09:00
TRAIN_000346,U001,F001,RC001,robot_cleaner,거실 로봇청소기,usage,start,completed,quiet_clean,2025-12-12T09:51:00+09:00,2025-12-12T10:49:00+09:00,2025-12-12,58,0.192,,dummy_thinq_like_log,train,base_routine,2025-12-12T10:49:00+09:00
TRAIN_000961,U001,F001,WM001,washer,세탁기,usage,start,completed,cotton,2025-12-12T19:23:00+09:00,2025-12-12T20:21:00+09:00,2025-12-12,58,0.676,,dummy_thinq_like_log,train,base_routine,2025-12-12T20:21:00+09:00
TRAIN_000711,U001,F001,DW001,dishwasher,주방 식기세척기,usage,start,completed,standard,2025-12-12T21:23:00+09:00,2025-12-12T22:45:00+09:00,2025-12-12,82,1.01,,dummy_thinq_like_log,train,base_routine,2025-12-12T22:45:00+09:00
TRAIN_000962,U001,F001,DR001,dryer,건조기,usage,start,completed,normal_dry,2025-12-12T21:29:00+09:00,2025-12-12T22:56:00+09:00,2025-12-12,87,1.189,,dummy_thinq_like_log,train,base_routine,2025-12-12T22:56:00+09:00
TRAIN_000347,U001,F001,RC001,robot_cleaner,거실 로봇청소기,usage,start,completed,edge_clean,2025-12-13T10:19:00+09:00,2025-12-13T10:57:00+09:00,2025-12-13,38,0.169,,dummy_thinq_like_log,train,base_routine,2025-12-13T10:57:00+09:00
TRAIN_000712,U001,F001,DW001,dishwasher,주방 식기세척기,usage,start,completed,quick,2025-12-13T21:18:00+09:00,2025-12-13T22:38:00+09:00,2025-12-13,80,1.009,,dummy_thinq_like_log,train,base_routine,2025-12-13T22:38:00+09:00
TRAIN_000348,U001,F001,RC001,robot_cleaner,거실 로봇청소기,usage,start,completed,edge_clean,2025-12-14T10:03:00+09:00,2025-12-14T10:58:00+09:00,2025-12-14,55,0.18,,dummy_thinq_like_log,train,base_routine,2025-12-14T10:58:00+09:00
TRAIN_000713,U001,F001,DW001,dishwasher,주방 식기세척기,usage,start,completed,quick,2025-12-14T21:28:00+09:00,2025-12-14T22:47:00+09:00,2025-12-14,79,0.963,,dummy_thinq_like_log,train,base_routine,2025-12-14T22:47:00+09:00
TRAIN_000349,U001,F001,RC001,robot_cleaner,거실 로봇청소기,usage,start,completed,auto_clean,2025-12-15T09:42:00+09:00,2025-12-15T10:47:00+09:00,2025-12-15,65,0.186,,dummy_thinq_like_log,train,base_routine,2025-12-15T10:47:00+09:00
TRAIN_000963,U001,F001,WM001,washer,세탁기,usage,start,completed,cotton,2025-12-15T19:06:00+09:00,2025-12-15T19:58:00+09:00,2025-12-15,52,0.601,,dummy_thinq_like_log,train,base_routine,2025-12-15T19:58:00+09:00
TRAIN_000964,U001,F001,DR001,dryer,건조기,usage,start,completed,speed_dry,2025-12-15T21:08:00+09:00,2025-12-15T23:10:00+09:00,2025-12-15,122,1.055,,dummy_thinq_like_log,train,base_routine,2025-12-15T23:10:00+09:00
TRAIN_000714,U001,F001,DW001,dishwasher,주방 식기세척기,usage,start,completed,intensive,2025-12-15T21:28:00+09:00,2025-12-15T22:54:00+09:00,2025-12-15,86,1.017,,dummy_thinq_like_log,train,base_routine,2025-12-15T22:54:00+09:00
TRAIN_000350,U001,F001,RC001,robot_cleaner,거실 로봇청소기,usage,start,completed,quiet_clean,2025-12-16T09:58:00+09:00,2025-12-16T10:57:00+09:00,2025-12-16,59,0.164,,dummy_thinq_like_log,train,base_routine,2025-12-16T10:57:00+09:00
TRAIN_000715,U001,F001,DW001,dishwasher,주방 식기세척기,usage,start,completed,quick,2025-12-16T21:22:00+09:00,2025-12-16T22:32:00+09:00,2025-12-16,70,0.958,,dummy_thinq_like_log,train,base_routine,2025-12-16T22:32:00+09:00
TRAIN_000351,U001,F001,RC001,robot_cleaner,거실 로봇청소기,usage,start,completed,quiet_clean,2025-12-17T10:08:00+09:00,2025-12-17T11:11:00+09:00,2025-12-17,63,0.163,,dummy_thinq_like_log,train,base_routine,2025-12-17T11:11:00+09:00
TRAIN_000716,U001,F001,DW001,dishwasher,주방 식기세척기,usage,start,completed,quick,2025-12-17T21:04:00+09:00,2025-12-17T22:24:00+09:00,2025-12-17,80,1.215,,dummy_thinq_like_log,train,base_routine,2025-12-17T22:24:00+09:00
TRAIN_000352,U001,F001,RC001,robot_cleaner,거실 로봇청소기,usage,start,completed,quiet_clean,2025-12-18T09:47:00+09:00,2025-12-18T10:47:00+09:00,2025-12-18,60,0.151,,dummy_thinq_like_log,train,base_routine,2025-12-18T10:47:00+09:00
TRAIN_000965,U001,F001,WM001,washer,세탁기,usage,start,completed,bedding,2025-12-18T19:01:00+09:00,2025-12-18T20:11:00+09:00,2025-12-18,70,0.672,,dummy_thinq_like_log,train,base_routine,2025-12-18T20:11:00+09:00
TRAIN_000966,U001,F001,DR001,dryer,건조기,usage,start,completed,bedding_dry,2025-12-18T21:12:00+09:00,2025-12-18T22:44:00+09:00,2025-12-18,92,0.918,,dummy_thinq_like_log,train,base_routine,2025-12-18T22:44:00+09:00
TRAIN_000717,U001,F001,DW001,dishwasher,주방 식기세척기,usage,start,completed,quick,2025-12-18T21:16:00+09:00,2025-12-18T22:38:00+09:00,2025-12-18,82,1.078,,dummy_thinq_like_log,train,base_routine,2025-12-18T22:38:00+09:00
TRAIN_000353,U001,F001,RC001,robot_cleaner,거실 로봇청소기,usage,start,completed,edge_clean,2025-12-19T10:15:00+09:00,2025-12-19T11:16:00+09:00,2025-12-19,61,0.183,,dummy_thinq_like_log,train,base_routine,2025-12-19T11:16:00+09:00
TRAIN_000718,U001,F001,DW001,dishwasher,주방 식기세척기,usage,start,completed,standard,2025-12-19T21:34:00+09:00,2025-12-19T23:15:00+09:00,2025-12-19,101,0.905,,dummy_thinq_like_log,train,base_routine,2025-12-19T23:15:00+09:00
TRAIN_000354,U001,F001,RC001,robot_cleaner,거실 로봇청소기,usage,start,completed,edge_clean,2025-12-20T10:13:00+09:00,2025-12-20T11:01:00+09:00,2025-12-20,48,0.164,,dummy_thinq_like_log,train,base_routine,2025-12-20T11:01:00+09:00
TRAIN_000719,U001,F001,DW001,dishwasher,주방 식기세척기,usage,start,completed,intensive,2025-12-20T21:10:00+09:00,2025-12-20T22:20:00+09:00,2025-12-20,70,0.908,,dummy_thinq_like_log,train,base_routine,2025-12-20T22:20:00+09:00
TRAIN_000355,U001,F001,RC001,robot_cleaner,거실 로봇청소기,usage,start,completed,quiet_clean,2025-12-21T10:19:00+09:00,2025-12-21T11:06:00+09:00,2025-12-21,47,0.193,,dummy_thinq_like_log,train,base_routine,2025-12-21T11:06:00+09:00
TRAIN_000967,U001,F001,WM001,washer,세탁기,usage,start,completed,quick_wash,2025-12-21T19:15:00+09:00,2025-12-21T20:10:00+09:00,2025-12-21,55,0.398,,dummy_thinq_like_log,train,base_routine,2025-12-21T20:10:00+09:00
TRAIN_000968,U001,F001,DR001,dryer,건조기,usage,start,completed,normal_dry,2025-12-21T21:24:00+09:00,2025-12-21T22:22:00+09:00,2025-12-21,58,1.012,,dummy_thinq_like_log,train,base_routine,2025-12-21T22:22:00+09:00
TRAIN_000720,U001,F001,DW001,dishwasher,주방 식기세척기,usage,start,completed,quick,2025-12-21T21:32:00+09:00,2025-12-21T22:58:00+09:00,2025-12-21,86,0.988,,dummy_thinq_like_log,train,base_routine,2025-12-21T22:58:00+09:00
TRAIN_000356,U001,F001,RC001,robot_cleaner,거실 로봇청소기,usage,start,completed,quiet_clean,2025-12-22T09:40:00+09:00,2025-12-22T10:33:00+09:00,2025-12-22,53,0.183,,dummy_thinq_like_log,train,base_routine,2025-12-22T10:33:00+09:00
TRAIN_000721,U001,F001,DW001,dishwasher,주방 식기세척기,usage,start,completed,quick,2025-12-22T21:00:00+09:00,2025-12-22T22:17:00+09:00,2025-12-22,77,0.91,,dummy_thinq_like_log,train,base_routine,2025-12-22T22:17:00+09:00
TRAIN_000357,U001,F001,RC001,robot_cleaner,거실 로봇청소기,usage,start,completed,edge_clean,2025-12-23T09:44:00+09:00,2025-12-23T10:28:00+09:00,2025-12-23,44,0.224,,dummy_thinq_like_log,train,base_routine,2025-12-23T10:28:00+09:00
TRAIN_000722,U001,F001,DW001,dishwasher,주방 식기세척기,usage,start,completed,standard,2025-12-23T21:32:00+09:00,2025-12-23T22:54:00+09:00,2025-12-23,82,0.864,,dummy_thinq_like_log,train,base_routine,2025-12-23T22:54:00+09:00
TRAIN_000358,U001,F001,RC001,robot_cleaner,거실 로봇청소기,usage,start,completed,edge_clean,2025-12-24T10:04:00+09:00,2025-12-24T11:02:00+09:00,2025-12-24,58,0.184,,dummy_thinq_like_log,train,base_routine,2025-12-24T11:02:00+09:00
TRAIN_000969,U001,F001,WM001,washer,세탁기,usage,start,completed,delicate,2025-12-24T18:37:00+09:00,2025-12-24T19:35:00+09:00,2025-12-24,58,0.582,,dummy_thinq_like_log,train,base_routine,2025-12-24T19:35:00+09:00
TRAIN_000970,U001,F001,DR001,dryer,건조기,usage,start,completed,speed_dry,2025-12-24T20:49:00+09:00,2025-12-24T22:25:00+09:00,2025-12-24,96,1.385,,dummy_thinq_like_log,train,base_routine,2025-12-24T22:25:00+09:00
TRAIN_000723,U001,F001,DW001,dishwasher,주방 식기세척기,usage,start,completed,standard,2025-12-24T20:58:00+09:00,2025-12-24T22:07:00+09:00,2025-12-24,69,1.062,,dummy_thinq_like_log,train,base_routine,2025-12-24T22:07:00+09:00
TRAIN_000359,U001,F001,RC001,robot_cleaner,거실 로봇청소기,usage,start,completed,edge_clean,2025-12-25T09:58:00+09:00,2025-12-25T10:52:00+09:00,2025-12-25,54,0.224,,dummy_thinq_like_log,train,base_routine,2025-12-25T10:52:00+09:00
TRAIN_000724,U001,F001,DW001,dishwasher,주방 식기세척기,usage,start,completed,standard,2025-12-25T20:45:00+09:00,2025-12-25T22:04:00+09:00,2025-12-25,79,0.942,,dummy_thinq_like_log,train,base_routine,2025-12-25T22:04:00+09:00
TRAIN_000360,U001,F001,RC001,robot_cleaner,거실 로봇청소기,usage,start,completed,quiet_clean,2025-12-26T10:06:00+09:00,2025-12-26T11:10:00+09:00,2025-12-26,64,0.161,,dummy_thinq_like_log,train,base_routine,2025-12-26T11:10:00+09:00
TRAIN_000725,U001,F001,DW001,dishwasher,주방 식기세척기,usage,start,completed,quick,2025-12-26T20:48:00+09:00,2025-12-26T21:58:00+09:00,2025-12-26,70,0.821,,dummy_thinq_like_log,train,base_routine,2025-12-26T21:58:00+09:00
TRAIN_000361,U001,F001,RC001,robot_cleaner,거실 로봇청소기,usage,start,completed,auto_clean,2025-12-27T09:55:00+09:00,2025-12-27T10:41:00+09:00,2025-12-27,46,0.194,,dummy_thinq_like_log,train,base_routine,2025-12-27T10:41:00+09:00
TRAIN_000971,U001,F001,WM001,washer,세탁기,usage,start,completed,delicate,2025-12-27T18:31:00+09:00,2025-12-27T19:36:00+09:00,2025-12-27,65,0.574,,dummy_thinq_like_log,train,base_routine,2025-12-27T19:36:00+09:00
TRAIN_000972,U001,F001,DR001,dryer,건조기,usage,start,completed,bedding_dry,2025-12-27T20:23:00+09:00,2025-12-27T21:50:00+09:00,2025-12-27,87,1.179,,dummy_thinq_like_log,train,base_routine,2025-12-27T21:50:00+09:00
TRAIN_000726,U001,F001,DW001,dishwasher,주방 식기세척기,usage,start,completed,intensive,2025-12-27T20:58:00+09:00,2025-12-27T22:22:00+09:00,2025-12-27,84,0.99,,dummy_thinq_like_log,train,base_routine,2025-12-27T22:22:00+09:00
TRAIN_000362,U001,F001,RC001,robot_cleaner,거실 로봇청소기,usage,start,completed,quiet_clean,2025-12-28T09:45:00+09:00,2025-12-28T10:39:00+09:00,2025-12-28,54,0.174,,dummy_thinq_like_log,train,base_routine,2025-12-28T10:39:00+09:00
TRAIN_000727,U001,F001,DW001,dishwasher,주방 식기세척기,usage,start,completed,quick,2025-12-28T20:51:00+09:00,2025-12-28T22:16:00+09:00,2025-12-28,85,0.861,,dummy_thinq_like_log,train,base_routine,2025-12-28T22:16:00+09:00
TRAIN_000363,U001,F001,RC001,robot_cleaner,거실 로봇청소기,usage,start,completed,auto_clean,2025-12-29T10:04:00+09:00,2025-12-29T10:57:00+09:00,2025-12-29,53,0.132,,dummy_thinq_like_log,train,base_routine,2025-12-29T10:57:00+09:00
TRAIN_000728,U001,F001,DW001,dishwasher,주방 식기세척기,usage,start,completed,standard,2025-12-29T21:09:00+09:00,2025-12-29T22:18:00+09:00,2025-12-29,69,1.106,,dummy_thinq_like_log,train,base_routine,2025-12-29T22:18:00+09:00
TRAIN_000364,U001,F001,RC001,robot_cleaner,거실 로봇청소기,usage,start,completed,auto_clean,2025-12-30T09:51:00+09:00,2025-12-30T10:48:00+09:00,2025-12-30,57,0.22,,dummy_thinq_like_log,train,base_routine,2025-12-30T10:48:00+09:00
TRAIN_000973,U001,F001,WM001,washer,세탁기,usage,start,completed,bedding,2025-12-30T19:18:00+09:00,2025-12-30T20:16:00+09:00,2025-12-30,58,0.584,,dummy_thinq_like_log,train,base_routine,2025-12-30T20:16:00+09:00
TRAIN_000729,U001,F001,DW001,dishwasher,주방 식기세척기,usage,start,completed,quick,2025-12-30T20:58:00+09:00,2025-12-30T22:22:00+09:00,2025-12-30,84,1.1,,dummy_thinq_like_log,train,base_routine,2025-12-30T22:22:00+09:00
TRAIN_000974,U001,F001,DR001,dryer,건조기,usage,start,completed,normal_dry,2025-12-30T21:23:00+09:00,2025-12-30T22:40:00+09:00,2025-12-30,77,1.131,,dummy_thinq_like_log,train,base_routine,2025-12-30T22:40:00+09:00
TRAIN_000365,U001,F001,RC001,robot_cleaner,거실 로봇청소기,usage,start,completed,edge_clean,2025-12-31T09:56:00+09:00,2025-12-31T10:46:00+09:00,2025-12-31,50,0.223,,dummy_thinq_like_log,train,base_routine,2025-12-31T10:46:00+09:00
TRAIN_000730,U001,F001,DW001,dishwasher,주방 식기세척기,usage,start,completed,standard,2025-12-31T21:30:00+09:00,2025-12-31T22:31:00+09:00,2025-12-31,61,0.861,,dummy_thinq_like_log,train,base_routine,2025-12-31T22:31:00+09:00
